cycle,Eall,EvdW,Emag,Ez,Edd,Ea,Mz,twist_deg,twist_rate,width_nm,coil_nm,acc_mech,acc_mag,delta_s,delta_a,delta_tw
0,-21.98474,-14.11463,-7.87011,-1.18778,-5.89937,-0.78296,0.1729,-0.16,-0.0002,30.74,1.13,0.307,0.657,1.337,0.1500,0.0500
25,-36.60052,-17.22083,-19.37969,-6.30152,-12.75350,-0.32467,0.9175,15.27,0.0158,29.69,4.81,0.183,0.625,1.207,0.1354,0.0500
50,-38.20633,-18.66290,-19.54342,-6.41695,-12.79552,-0.33094,0.9343,6.37,0.0066,30.98,3.60,0.158,0.608,1.035,0.1161,0.0500
75,-39.18441,-19.64302,-19.54139,-6.48295,-12.71332,-0.34513,0.9439,13.22,0.0137,30.36,1.94,0.144,0.591,0.934,0.1048,0.0500
100,-39.88968,-20.30048,-19.58920,-6.54453,-12.68732,-0.35735,0.9529,13.38,0.0139,30.62,2.42,0.136,0.574,0.801,0.0898,0.0500
125,-40.51230,-20.94764,-19.56466,-6.55476,-12.65466,-0.35523,0.9544,13.38,0.0139,30.25,2.58,0.132,0.558,0.722,0.0811,0.0500
150,-41.06056,-21.48446,-19.57610,-6.56562,-12.65534,-0.35514,0.9560,14.17,0.0147,30.49,1.89,0.129,0.548,0.619,0.0695,0.0500
175,-41.49520,-22.00268,-19.49253,-6.52086,-12.58950,-0.38217,0.9495,14.32,0.0148,29.87,1.23,0.129,0.540,0.559,0.0627,0.0500
200,-41.90415,-22.32299,-19.58117,-6.53725,-12.66913,-0.37479,0.9518,14.07,0.0146,29.65,1.52,0.131,0.534,0.479,0.0538,0.0500
225,-42.10317,-22.57834,-19.52483,-6.53654,-12.60893,-0.37935,0.9517,14.40,0.0149,29.45,2.06,0.135,0.530,0.433,0.0485,0.0500
250,-42.47902,-22.94480,-19.53422,-6.51603,-12.60377,-0.41442,0.9488,14.51,0.0150,29.75,1.29,0.139,0.526,0.371,0.0416,0.0500
275,-42.70048,-23.16357,-19.53691,-6.53135,-12.61904,-0.38652,0.9510,14.76,0.0153,29.91,0.88,0.146,0.524,0.335,0.0376,0.0500
300,-42.83309,-23.35414,-19.47895,-6.50326,-12.56024,-0.41545,0.9469,14.41,0.0149,29.84,1.22,0.152,0.522,0.287,0.0322,0.0500
325,-43.14722,-23.64571,-19.50151,-6.53733,-12.56332,-0.40087,0.9519,14.26,0.0148,30.03,1.15,0.160,0.520,0.259,0.0291,0.0500
350,-43.29487,-23.77332,-19.52154,-6.51421,-12.58993,-0.41741,0.9485,14.30,0.0148,29.98,4.13,0.169,0.519,0.222,0.0249,0.0500
375,-43.47241,-23.93045,-19.54196,-6.52783,-12.60817,-0.40596,0.9505,14.38,0.0149,30.05,4.06,0.178,0.518,0.200,0.0225,0.0500
400,-43.58717,-24.02411,-19.56305,-6.53919,-12.61910,-0.40477,0.9521,14.45,0.0150,30.49,4.10,0.188,0.516,0.172,0.0193,0.0500
425,-43.59158,-24.08799,-19.50359,-6.49991,-12.56730,-0.43639,0.9464,14.40,0.0149,30.84,4.27,0.199,0.516,0.155,0.0174,0.0500
450,-43.77687,-24.23939,-19.53747,-6.55617,-12.57856,-0.40274,0.9546,14.41,0.0149,30.67,3.77,0.211,0.515,0.133,0.0149,0.0500
475,-43.89467,-24.30878,-19.58589,-6.54068,-12.64790,-0.39731,0.9523,104.34,0.1082,30.52,4.27,0.223,0.514,0.120,0.0135,0.0500
500,-43.95570,-24.37793,-19.57777,-6.53368,-12.64564,-0.39844,0.9513,14.23,0.0147,30.66,4.40,0.237,0.514,0.114,0.0128,0.0500
525,-43.96927,-24.44784,-19.52143,-6.51227,-12.59603,-0.41312,0.9482,14.23,0.0147,30.74,3.92,0.249,0.513,0.113,0.0127,0.0500
550,-44.07407,-24.52626,-19.54781,-6.51528,-12.61742,-0.41511,0.9486,14.22,0.0147,30.20,3.94,0.260,0.513,0.107,0.0121,0.0500
575,-44.12741,-24.57974,-19.54766,-6.53360,-12.61950,-0.39456,0.9513,14.29,0.0148,30.09,2.25,0.271,0.512,0.107,0.0120,0.0500
600,-44.20062,-24.64455,-19.55607,-6.50049,-12.63095,-0.42464,0.9465,14.26,0.0148,29.81,2.64,0.280,0.512,0.102,0.0114,0.0500
625,-44.25784,-24.68609,-19.57175,-6.54014,-12.62029,-0.41132,0.9523,14.28,0.0148,29.99,2.82,0.289,0.512,0.101,0.0114,0.0500
650,-44.23380,-24.71621,-19.51758,-6.53162,-12.57342,-0.41254,0.9510,14.31,0.0148,30.13,2.63,0.297,0.512,0.106,0.0119,0.0500
675,-44.29257,-24.73153,-19.56104,-6.49621,-12.65166,-0.41317,0.9459,14.31,0.0148,30.18,4.16,0.304,0.511,0.106,0.0119,0.0500
700,-44.27773,-24.73355,-19.54417,-6.52739,-12.60801,-0.40877,0.9504,14.11,0.0146,30.26,3.88,0.312,0.511,0.111,0.0124,0.0500
725,-44.35444,-24.82787,-19.52657,-6.50047,-12.60231,-0.42378,0.9465,103.97,0.1078,30.14,3.97,0.318,0.510,0.100,0.0112,0.0500
750,-44.38258,-24.82694,-19.55564,-6.53075,-12.62543,-0.39946,0.9509,14.02,0.0145,30.56,1.15,0.324,0.510,0.095,0.0106,0.0500
775,-44.46087,-24.93639,-19.52448,-6.52506,-12.58015,-0.41927,0.9501,13.92,0.0144,29.68,0.78,0.330,0.509,0.105,0.0117,0.0500
800,-44.47484,-24.94611,-19.52873,-6.51746,-12.59656,-0.41471,0.9490,13.97,0.0145,29.52,1.19,0.335,0.509,0.099,0.0111,0.0500
825,-44.49869,-24.97982,-19.51886,-6.53010,-12.56423,-0.42454,0.9508,14.11,0.0146,30.30,1.66,0.340,0.509,0.099,0.0111,0.0500
850,-44.59528,-25.02649,-19.56878,-6.52316,-12.62044,-0.42519,0.9498,19.23,0.0199,30.05,1.30,0.344,0.509,0.094,0.0105,0.0500
875,-44.75033,-25.18069,-19.56964,-6.53879,-12.61799,-0.41286,0.9521,19.34,0.0201,29.58,0.69,0.349,0.509,0.103,0.0116,0.0500
900,-44.66165,-25.13479,-19.52687,-6.52718,-12.58277,-0.41692,0.9504,19.33,0.0200,29.55,0.63,0.353,0.509,0.098,0.0110,0.0500
925,-44.76313,-25.18216,-19.58097,-6.52589,-12.63908,-0.41600,0.9502,19.19,0.0199,29.51,0.54,0.357,0.508,0.098,0.0110,0.0500
950,-44.80303,-25.23715,-19.56588,-6.53891,-12.62182,-0.40515,0.9521,19.13,0.0198,29.50,0.54,0.361,0.508,0.092,0.0104,0.0500
975,-44.85862,-25.30067,-19.55795,-6.53694,-12.59582,-0.42520,0.9518,19.30,0.0200,29.53,0.59,0.365,0.508,0.092,0.0104,0.0500
1000,-44.89495,-25.33782,-19.55713,-6.52543,-12.60679,-0.42491,0.9501,19.23,0.0199,29.52,0.54,0.368,0.508,0.097,0.0108,0.0500
1025,-44.88855,-25.35823,-19.53032,-6.53462,-12.57822,-0.41749,0.9515,18.95,0.0196,29.49,0.54,0.371,0.508,0.096,0.0108,0.0500
1050,-44.89949,-25.33664,-19.56285,-6.50956,-12.62790,-0.42539,0.9478,19.00,0.0197,29.49,0.49,0.374,0.508,0.091,0.0102,0.0500
1075,-44.96024,-25.41267,-19.54757,-6.50387,-12.59992,-0.44378,0.9470,18.77,0.0195,29.49,0.54,0.377,0.508,0.091,0.0102,0.0500
1100,-44.93621,-25.37423,-19.56198,-6.53502,-12.61287,-0.41409,0.9515,18.82,0.0195,29.49,0.54,0.380,0.507,0.095,0.0107,0.0500
1125,-45.02064,-25.47000,-19.55064,-6.51063,-12.59900,-0.44102,0.9480,17.95,0.0186,29.49,0.53,0.383,0.507,0.095,0.0107,0.0500
1150,-45.07297,-25.50271,-19.57026,-6.53619,-12.60309,-0.43098,0.9517,17.96,0.0186,29.46,0.54,0.385,0.507,0.100,0.0112,0.0500
1175,-45.10581,-25.53326,-19.57255,-6.50546,-12.62498,-0.44212,0.9472,17.92,0.0186,29.46,0.54,0.388,0.507,0.090,0.0101,0.0500
1200,-45.22090,-25.66172,-19.55918,-6.53758,-12.60811,-0.41348,0.9519,17.82,0.0185,29.45,0.50,0.390,0.507,0.094,0.0106,0.0500
1225,-45.24783,-25.69888,-19.54895,-6.49352,-12.61770,-0.43773,0.9455,17.93,0.0186,29.43,0.49,0.393,0.506,0.094,0.0105,0.0500
1250,-45.36432,-25.74521,-19.61910,-6.51364,-12.67789,-0.42757,0.9484,17.86,0.0185,29.42,0.48,0.395,0.506,0.089,0.0100,0.0500
1275,-45.25861,-25.72466,-19.53395,-6.51457,-12.58170,-0.43768,0.9485,18.13,0.0188,29.41,0.49,0.397,0.506,0.089,0.0100,0.0500
1300,-45.34187,-25.72959,-19.61229,-6.54266,-12.63551,-0.43412,0.9526,18.04,0.0187,29.41,0.49,0.399,0.506,0.093,0.0104,0.0500
1325,-45.32842,-25.76047,-19.56795,-6.53431,-12.61697,-0.41667,0.9514,18.11,0.0188,29.41,0.49,0.401,0.506,0.093,0.0104,0.0500
1350,-45.30789,-25.77015,-19.53773,-6.51467,-12.59231,-0.43076,0.9486,18.26,0.0189,29.40,0.49,0.403,0.506,0.088,0.0099,0.0500
1375,-45.32045,-25.72088,-19.59956,-6.54008,-12.63071,-0.42878,0.9523,18.37,0.0190,29.41,0.49,0.404,0.506,0.088,0.0098,0.0500
1400,-45.32763,-25.77824,-19.54939,-6.52331,-12.58937,-0.43671,0.9498,18.54,0.0192,29.41,0.50,0.406,0.506,0.083,0.0093,0.0500
1425,-45.40691,-25.89364,-19.51327,-6.49303,-12.58537,-0.43486,0.9454,18.59,0.0193,29.41,0.49,0.408,0.506,0.092,0.0103,0.0500
1450,-45.41603,-25.85888,-19.55715,-6.49671,-12.62017,-0.44027,0.9459,18.72,0.0194,29.41,0.49,0.410,0.505,0.087,0.0097,0.0500
1475,-45.40973,-25.88337,-19.52637,-6.50293,-12.58579,-0.43765,0.9468,18.80,0.0195,29.40,0.50,0.411,0.505,0.087,0.0097,0.0500
1500,-45.48016,-25.92036,-19.55980,-6.45833,-12.63537,-0.46610,0.9404,18.96,0.0197,29.41,0.50,0.413,0.505,0.091,0.0102,0.0500
1525,-45.51809,-25.94513,-19.57297,-6.51233,-12.62183,-0.43881,0.9482,19.11,0.0198,29.40,0.50,0.414,0.505,0.091,0.0102,0.0500
1550,-45.59305,-26.00927,-19.58377,-6.51984,-12.63804,-0.42589,0.9493,19.07,0.0198,29.40,0.50,0.416,0.505,0.086,0.0096,0.0500
1575,-45.57171,-25.99712,-19.57459,-6.52844,-12.60880,-0.43735,0.9506,18.72,0.0194,29.39,0.50,0.417,0.505,0.086,0.0096,0.0500
1600,-45.59320,-26.05084,-19.54236,-6.51397,-12.58658,-0.44182,0.9485,18.73,0.0194,29.40,0.50,0.418,0.505,0.090,0.0101,0.0500
1625,-45.65961,-26.06004,-19.59958,-6.50397,-12.66427,-0.43133,0.9470,18.91,0.0196,29.40,0.50,0.420,0.504,0.089,0.0100,0.0500
1650,-45.63422,-26.07407,-19.56014,-6.51244,-12.60243,-0.44527,0.9482,19.00,0.0197,29.42,0.54,0.421,0.504,0.094,0.0105,0.0500
1675,-45.61716,-26.06092,-19.55623,-6.51940,-12.59832,-0.43851,0.9492,18.97,0.0197,29.43,0.59,0.422,0.504,0.085,0.0095,0.0500
1700,-45.74540,-26.19119,-19.55420,-6.49953,-12.60473,-0.44995,0.9464,18.83,0.0195,29.43,0.70,0.423,0.504,0.080,0.0090,0.0500
1725,-45.68723,-26.16318,-19.52405,-6.49460,-12.58677,-0.44268,0.9456,18.65,0.0193,29.40,0.59,0.424,0.504,0.088,0.0099,0.0500
1750,-45.76001,-26.21387,-19.54613,-6.50535,-12.59509,-0.44570,0.9472,18.74,0.0194,29.45,0.81,0.425,0.504,0.084,0.0094,0.0500
1775,-45.71108,-26.14136,-19.56971,-6.54823,-12.59629,-0.42520,0.9534,18.61,0.0193,30.02,0.88,0.426,0.504,0.092,0.0104,0.0500
1800,-45.77151,-26.19240,-19.57911,-6.50403,-12.61850,-0.45658,0.9470,18.60,0.0193,29.60,0.91,0.427,0.504,0.087,0.0098,0.0500
1825,-45.89970,-26.32371,-19.57599,-6.50706,-12.62768,-0.44125,0.9474,18.65,0.0193,29.41,0.71,0.429,0.504,0.079,0.0089,0.0500
1850,-45.90878,-26.29749,-19.61129,-6.50439,-12.66244,-0.44446,0.9471,18.51,0.0192,29.40,0.65,0.430,0.504,0.091,0.0102,0.0500
1875,-45.81982,-26.27521,-19.54460,-6.48381,-12.60055,-0.46024,0.9441,18.55,0.0192,29.40,0.65,0.430,0.504,0.082,0.0092,0.0500
1900,-45.87377,-26.29497,-19.57880,-6.53540,-12.61087,-0.43253,0.9516,18.41,0.0191,29.41,0.60,0.431,0.504,0.086,0.0097,0.0500
1925,-45.85314,-26.28797,-19.56517,-6.51524,-12.59501,-0.45492,0.9486,18.43,0.0191,29.43,0.66,0.432,0.504,0.086,0.0097,0.0500
1950,-45.85647,-26.33417,-19.52230,-6.49435,-12.56383,-0.46412,0.9456,18.35,0.0190,29.46,0.68,0.433,0.504,0.082,0.0092,0.0500
1975,-45.90489,-26.32221,-19.58268,-6.51373,-12.62322,-0.44574,0.9484,18.40,0.0191,29.46,0.65,0.434,0.504,0.081,0.0091,0.0500
2000,-45.92237,-26.31483,-19.60754,-6.52457,-12.65203,-0.43094,0.9500,18.25,0.0189,29.43,0.61,0.435,0.504,0.077,0.0087,0.0500
2025,-45.96750,-26.37410,-19.59339,-6.52628,-12.62776,-0.43935,0.9502,17.98,0.0186,29.48,0.77,0.436,0.504,0.077,0.0087,0.0500
2050,-45.92302,-26.38177,-19.54124,-6.48992,-12.58684,-0.46448,0.9450,18.07,0.0187,29.68,1.04,0.437,0.504,0.077,0.0087,0.0500
2075,-45.97298,-26.39120,-19.58179,-6.51162,-12.63683,-0.43333,0.9481,18.23,0.0189,29.48,0.82,0.438,0.504,0.077,0.0087,0.0500
2100,-46.00196,-26.41925,-19.58271,-6.49291,-12.64658,-0.44321,0.9454,18.31,0.0190,29.66,0.99,0.439,0.504,0.077,0.0087,0.0500
2125,-46.02145,-26.44644,-19.57502,-6.47727,-12.64328,-0.45446,0.9431,18.39,0.0191,29.61,0.89,0.440,0.504,0.077,0.0087,0.0500
2150,-46.05077,-26.47151,-19.57926,-6.48733,-12.63169,-0.46024,0.9446,18.24,0.0189,29.67,0.99,0.441,0.504,0.077,0.0087,0.0500
2175,-46.06891,-26.48924,-19.57967,-6.51277,-12.62399,-0.44291,0.9483,18.27,0.0189,29.67,0.99,0.442,0.504,0.077,0.0087,0.0500
2200,-46.07051,-26.49144,-19.57907,-6.52771,-12.61722,-0.43415,0.9505,18.13,0.0188,29.51,0.77,0.443,0.504,0.077,0.0087,0.0500
2225,-46.23762,-26.65390,-19.58372,-6.52029,-12.60813,-0.45530,0.9494,18.17,0.0188,29.68,1.00,0.444,0.504,0.077,0.0087,0.0500
2250,-46.21639,-26.65843,-19.55795,-6.50834,-12.59237,-0.45725,0.9476,108.30,0.1122,29.89,1.35,0.444,0.504,0.077,0.0087,0.0500
2275,-46.20729,-26.61366,-19.59363,-6.48422,-12.65418,-0.45524,0.9441,108.48,0.1124,29.92,1.39,0.445,0.504,0.077,0.0087,0.0500
2300,-46.29875,-26.68852,-19.61023,-6.52721,-12.64089,-0.44213,0.9504,18.35,0.0190,29.73,1.74,0.446,0.504,0.077,0.0087,0.0500
2325,-46.20086,-26.64371,-19.55715,-6.50237,-12.58374,-0.47104,0.9468,18.55,0.0192,29.66,1.02,0.447,0.504,0.077,0.0087,0.0500
2350,-46.24653,-26.64007,-19.60646,-6.52456,-12.63710,-0.44480,0.9500,18.70,0.0194,29.66,1.02,0.447,0.504,0.077,0.0087,0.0500
2375,-46.24486,-26.61159,-19.63327,-6.52938,-12.66683,-0.43705,0.9507,18.59,0.0193,29.47,0.80,0.448,0.504,0.077,0.0087,0.0500
2400,-46.24924,-26.69733,-19.55190,-6.50819,-12.58824,-0.45547,0.9476,18.55,0.0192,29.48,0.86,0.448,0.504,0.077,0.0087,0.0500
2425,-46.34807,-26.76013,-19.58794,-6.51233,-12.62768,-0.44793,0.9482,108.39,0.1123,29.87,0.81,0.449,0.504,0.077,0.0087,0.0500
2450,-46.33238,-26.78390,-19.54848,-6.52203,-12.59022,-0.43623,0.9496,18.32,0.0190,29.84,0.76,0.450,0.504,0.077,0.0087,0.0500
2475,-46.28561,-26.71684,-19.56877,-6.49777,-12.61597,-0.45502,0.9461,18.47,0.0191,29.48,0.85,0.450,0.504,0.077,0.0087,0.0500
2500,-46.33264,-26.74819,-19.58445,-6.51568,-12.61809,-0.45068,0.9487,18.67,0.0193,29.47,0.80,0.451,0.504,0.077,0.0087,0.0500
2525,-46.32040,-26.75402,-19.56638,-6.49970,-12.60956,-0.45712,0.9464,18.54,0.0192,29.47,0.81,0.451,0.504,0.077,0.0087,0.0500
2550,-46.40755,-26.82000,-19.58755,-6.54098,-12.60519,-0.44139,0.9524,18.48,0.0192,29.46,0.80,0.452,0.504,0.077,0.0087,0.0500
2575,-46.38100,-26.81269,-19.56831,-6.48860,-12.62392,-0.45578,0.9448,18.38,0.0190,29.88,0.77,0.453,0.504,0.077,0.0087,0.0500
2600,-46.53493,-26.89229,-19.64264,-6.55184,-12.66427,-0.42653,0.9540,108.45,0.1124,29.87,0.78,0.453,0.505,0.077,0.0087,0.0500
2625,-46.48768,-26.87053,-19.61715,-6.51460,-12.64241,-0.46013,0.9485,18.60,0.0193,29.47,0.85,0.454,0.505,0.077,0.0087,0.0500
2650,-46.51382,-26.92486,-19.58896,-6.50861,-12.62850,-0.45185,0.9477,108.41,0.1124,29.88,0.83,0.454,0.505,0.077,0.0087,0.0500
2675,-46.55133,-26.97029,-19.58104,-6.51808,-12.60701,-0.45594,0.9491,108.44,0.1124,29.88,0.82,0.455,0.505,0.077,0.0087,0.0500
2700,-46.54493,-26.99085,-19.55407,-6.54249,-12.56194,-0.44964,0.9526,108.45,0.1124,30.04,1.02,0.455,0.505,0.077,0.0087,0.0500
2725,-46.53461,-26.93714,-19.59748,-6.52364,-12.61707,-0.45677,0.9499,108.37,0.1123,29.88,0.83,0.455,0.505,0.077,0.0087,0.0500
2750,-46.51326,-26.94348,-19.56978,-6.49355,-12.62239,-0.45385,0.9455,108.35,0.1123,29.79,0.68,0.456,0.505,0.077,0.0087,0.0500
2775,-46.51894,-26.93007,-19.58888,-6.52244,-12.60848,-0.45796,0.9497,108.32,0.1123,29.87,0.85,0.456,0.505,0.077,0.0087,0.0500
2800,-46.48166,-26.93065,-19.55100,-6.50971,-12.56684,-0.47446,0.9478,108.38,0.1123,29.84,0.84,0.457,0.505,0.077,0.0087,0.0500
2825,-46.55878,-26.96612,-19.59265,-6.50673,-12.63226,-0.45365,0.9474,18.51,0.0192,29.40,0.78,0.457,0.505,0.077,0.0087,0.0500
2850,-46.67373,-27.05868,-19.61506,-6.54332,-12.63132,-0.44042,0.9527,108.37,0.1123,29.86,0.85,0.458,0.505,0.077,0.0087,0.0500
2875,-46.66482,-27.03090,-19.63392,-6.55933,-12.64443,-0.43016,0.9551,108.48,0.1124,30.42,1.01,0.458,0.505,0.077,0.0087,0.0500
2900,-46.67465,-27.04675,-19.62789,-6.49397,-12.66210,-0.47182,0.9455,108.48,0.1125,29.89,0.85,0.458,0.505,0.077,0.0087,0.0500
2925,-46.55954,-26.97290,-19.58664,-6.51072,-12.63520,-0.44072,0.9480,108.41,0.1124,29.83,0.82,0.459,0.505,0.077,0.0087,0.0500
2950,-46.52061,-26.94899,-19.57162,-6.54160,-12.58305,-0.44696,0.9525,108.38,0.1123,29.79,0.70,0.459,0.505,0.077,0.0087,0.0500
2975,-46.55859,-26.97410,-19.58449,-6.51667,-12.61620,-0.45161,0.9488,108.39,0.1123,29.79,0.70,0.460,0.505,0.077,0.0087,0.0500
3000,-46.64986,-27.00697,-19.64289,-6.57416,-12.62748,-0.44125,0.9572,18.45,0.0191,29.78,0.71,0.460,0.505,0.081,0.0091,0.0500
3025,-46.62388,-27.06494,-19.55893,-6.52951,-12.59059,-0.43883,0.9507,108.44,0.1124,29.75,0.60,0.460,0.505,0.081,0.0091,0.0500
3050,-46.68485,-27.09703,-19.58782,-6.51471,-12.60962,-0.46349,0.9486,108.43,0.1124,29.75,0.60,0.460,0.504,0.081,0.0091,0.0500
3075,-46.72643,-27.12156,-19.60487,-6.53483,-12.63160,-0.43844,0.9515,18.41,0.0191,29.35,0.64,0.461,0.504,0.081,0.0091,0.0500
3100,-46.67455,-27.07431,-19.60024,-6.51978,-12.62908,-0.45137,0.9493,18.30,0.0190,29.37,0.64,0.461,0.504,0.081,0.0091,0.0500
3125,-46.70624,-27.10536,-19.60087,-6.52416,-12.64088,-0.43583,0.9499,18.25,0.0189,29.76,0.60,0.461,0.504,0.081,0.0091,0.0500
3150,-46.67262,-27.09024,-19.58237,-6.52322,-12.61016,-0.44900,0.9498,18.21,0.0189,29.36,0.65,0.461,0.504,0.081,0.0091,0.0500
3175,-46.79882,-27.17365,-19.62517,-6.53548,-12.65044,-0.43925,0.9516,17.92,0.0186,29.37,0.60,0.461,0.504,0.081,0.0091,0.0500
3200,-46.73485,-27.14972,-19.58513,-6.52932,-12.60783,-0.44797,0.9507,17.94,0.0186,29.37,0.70,0.462,0.504,0.081,0.0091,0.0500
3225,-46.70699,-27.13102,-19.57597,-6.51083,-12.62020,-0.44495,0.9480,107.89,0.1118,29.78,0.66,0.462,0.504,0.081,0.0091,0.0500
3250,-46.71365,-27.14442,-19.56923,-6.50421,-12.59827,-0.46675,0.9470,18.02,0.0187,29.80,0.71,0.462,0.504,0.081,0.0091,0.0500
3275,-46.73433,-27.15173,-19.58259,-6.51154,-12.61564,-0.45541,0.9481,17.92,0.0186,29.80,0.71,0.462,0.504,0.081,0.0091,0.0500
3300,-46.80370,-27.23320,-19.57049,-6.50375,-12.59200,-0.47474,0.9470,107.92,0.1119,29.78,0.66,0.462,0.503,0.081,0.0091,0.0500
3325,-46.76414,-27.17823,-19.58591,-6.50752,-12.60649,-0.47190,0.9475,107.95,0.1119,30.14,0.61,0.462,0.503,0.081,0.0091,0.0500
3350,-46.81455,-27.22324,-19.59130,-6.50718,-12.63193,-0.45219,0.9475,108.06,0.1120,29.78,0.66,0.463,0.503,0.081,0.0091,0.0500
3375,-46.80906,-27.18471,-19.62435,-6.53339,-12.64851,-0.44245,0.9513,108.17,0.1121,29.77,0.66,0.463,0.503,0.081,0.0091,0.0500
3400,-46.82995,-27.23599,-19.59395,-6.54219,-12.59179,-0.45998,0.9526,17.96,0.0186,29.40,0.73,0.463,0.503,0.081,0.0091,0.0500
3425,-46.79982,-27.23687,-19.56294,-6.48088,-12.61769,-0.46437,0.9436,17.74,0.0184,29.40,0.76,0.463,0.503,0.081,0.0091,0.0500
3450,-46.87211,-27.27223,-19.59989,-6.51370,-12.63592,-0.45027,0.9484,17.86,0.0185,29.38,0.71,0.463,0.503,0.081,0.0091,0.0500
3475,-46.85527,-27.26241,-19.59285,-6.53840,-12.61941,-0.43504,0.9520,17.66,0.0183,29.37,0.71,0.463,0.503,0.081,0.0091,0.0500
3500,-46.95230,-27.31527,-19.63703,-6.54131,-12.65027,-0.44545,0.9524,17.82,0.0185,29.37,0.66,0.463,0.503,0.081,0.0091,0.0500
3525,-46.82857,-27.24546,-19.58311,-6.52914,-12.60294,-0.45102,0.9507,17.83,0.0185,29.37,0.66,0.464,0.503,0.081,0.0091,0.0500
3550,-46.93461,-27.32726,-19.60735,-6.53768,-12.62156,-0.44811,0.9519,17.93,0.0186,29.37,0.66,0.464,0.503,0.081,0.0091,0.0500
3575,-46.86143,-27.32456,-19.53687,-6.50619,-12.55382,-0.47686,0.9473,17.94,0.0186,29.36,0.70,0.464,0.503,0.081,0.0091,0.0500
3600,-46.94894,-27.37944,-19.56950,-6.48951,-12.60249,-0.47750,0.9449,17.99,0.0186,29.39,0.69,0.464,0.502,0.081,0.0091,0.0500
3625,-46.97372,-27.35175,-19.62197,-6.49688,-12.65481,-0.47028,0.9460,17.81,0.0185,29.36,0.69,0.464,0.502,0.081,0.0091,0.0500
3650,-46.91038,-27.31408,-19.59630,-6.47370,-12.63825,-0.48434,0.9426,17.77,0.0184,29.36,0.65,0.464,0.502,0.081,0.0091,0.0500
3675,-47.04226,-27.40452,-19.63774,-6.53842,-12.67249,-0.42682,0.9520,17.68,0.0183,29.37,0.66,0.464,0.502,0.081,0.0091,0.0500
3700,-47.05786,-27.40921,-19.64865,-6.51185,-12.66674,-0.47005,0.9481,17.61,0.0182,29.36,0.66,0.464,0.502,0.081,0.0091,0.0500
3725,-47.01717,-27.40599,-19.61118,-6.53145,-12.62451,-0.45521,0.9510,17.73,0.0184,29.38,0.72,0.464,0.502,0.081,0.0091,0.0500
3750,-47.02105,-27.39389,-19.62716,-6.54018,-12.63483,-0.45215,0.9523,17.66,0.0183,29.43,0.84,0.464,0.502,0.081,0.0091,0.0500
3775,-47.01417,-27.39796,-19.61621,-6.53369,-12.62221,-0.46032,0.9513,17.62,0.0183,29.43,0.84,0.465,0.502,0.081,0.0091,0.0500
3800,-47.05171,-27.44772,-19.60399,-6.51199,-12.63664,-0.45536,0.9482,17.59,0.0182,29.42,0.84,0.465,0.502,0.081,0.0091,0.0500
3825,-47.05916,-27.47522,-19.58393,-6.49959,-12.62583,-0.45851,0.9464,17.58,0.0182,29.38,0.78,0.465,0.502,0.081,0.0091,0.0500
3850,-47.08513,-27.44729,-19.63784,-6.51685,-12.65806,-0.46292,0.9489,17.56,0.0182,29.35,0.70,0.465,0.502,0.081,0.0091,0.0500
3875,-47.06004,-27.41607,-19.64397,-6.52392,-12.64167,-0.47838,0.9499,17.67,0.0183,29.34,0.66,0.465,0.502,0.081,0.0091,0.0500
3900,-47.06546,-27.44398,-19.62148,-6.50932,-12.65755,-0.45461,0.9478,17.72,0.0184,29.36,0.71,0.465,0.502,0.081,0.0091,0.0500
3925,-47.05138,-27.42930,-19.62209,-6.50931,-12.63815,-0.47463,0.9478,17.82,0.0185,29.35,0.66,0.465,0.501,0.081,0.0091,0.0500
3950,-47.02804,-27.41686,-19.61118,-6.51312,-12.62070,-0.47736,0.9483,17.76,0.0184,29.36,0.71,0.465,0.501,0.081,0.0091,0.0500
3975,-47.12615,-27.50898,-19.61716,-6.50267,-12.64572,-0.46877,0.9468,17.70,0.0184,29.34,0.71,0.465,0.501,0.081,0.0091,0.0500
4000,-47.06935,-27.49786,-19.57149,-6.52637,-12.58368,-0.46145,0.9503,17.86,0.0185,29.36,0.71,0.465,0.501,0.077,0.0086,0.0500
4025,-47.03036,-27.43028,-19.60008,-6.51422,-12.60812,-0.47774,0.9485,17.83,0.0185,29.37,0.72,0.465,0.501,0.077,0.0086,0.0500
4050,-47.05451,-27.41665,-19.63786,-6.50981,-12.66523,-0.46282,0.9478,18.00,0.0187,29.38,0.71,0.465,0.501,0.077,0.0086,0.0500
4075,-47.10189,-27.47383,-19.62805,-6.52359,-12.64411,-0.46035,0.9499,17.94,0.0186,29.40,0.77,0.466,0.501,0.077,0.0086,0.0500
4100,-47.04792,-27.44425,-19.60367,-6.50937,-12.61443,-0.47987,0.9478,18.02,0.0187,29.40,0.77,0.466,0.501,0.077,0.0086,0.0500
4125,-47.10702,-27.46509,-19.64194,-6.54617,-12.64532,-0.45045,0.9531,18.06,0.0187,29.40,0.76,0.466,0.501,0.077,0.0086,0.0500
4150,-46.99312,-27.41390,-19.57922,-6.52174,-12.58299,-0.47449,0.9496,18.02,0.0187,29.37,0.66,0.466,0.501,0.077,0.0086,0.0500
4175,-47.04623,-27.44623,-19.59999,-6.54593,-12.59113,-0.46293,0.9531,18.05,0.0187,29.38,0.66,0.466,0.501,0.077,0.0086,0.0500
4200,-47.04146,-27.51461,-19.52685,-6.50535,-12.55994,-0.46156,0.9472,18.12,0.0188,29.37,0.66,0.466,0.501,0.077,0.0086,0.0500
4225,-47.11904,-27.48785,-19.63119,-6.53079,-12.64925,-0.45115,0.9509,17.91,0.0186,29.37,0.66,0.466,0.502,0.077,0.0086,0.0500
4250,-47.07710,-27.48263,-19.59446,-6.51715,-12.60333,-0.47398,0.9489,17.93,0.0186,29.39,0.71,0.467,0.502,0.077,0.0086,0.0500
4275,-47.14745,-27.56314,-19.58432,-6.52787,-12.58705,-0.46940,0.9505,17.83,0.0185,29.38,0.71,0.467,0.502,0.077,0.0086,0.0500
4300,-47.10942,-27.52830,-19.58111,-6.50810,-12.59998,-0.47303,0.9476,17.79,0.0184,29.37,0.69,0.467,0.502,0.077,0.0086,0.0500
4325,-47.08904,-27.51185,-19.57720,-6.50704,-12.59724,-0.47292,0.9474,17.83,0.0185,29.37,0.75,0.467,0.502,0.077,0.0086,0.0500
4350,-47.21208,-27.59271,-19.61937,-6.48356,-12.64743,-0.48838,0.9440,17.74,0.0184,29.37,0.72,0.467,0.502,0.077,0.0086,0.0500
4375,-47.20978,-27.59925,-19.61053,-6.54163,-12.60920,-0.45970,0.9525,17.71,0.0184,29.38,0.68,0.467,0.502,0.077,0.0086,0.0500
4400,-47.20239,-27.58458,-19.61781,-6.49459,-12.64429,-0.47894,0.9456,17.87,0.0185,29.36,0.68,0.467,0.502,0.077,0.0086,0.0500
4425,-47.10034,-27.51156,-19.58878,-6.54116,-12.59354,-0.45407,0.9524,17.90,0.0186,29.36,0.67,0.467,0.502,0.077,0.0086,0.0500
4450,-47.15466,-27.51730,-19.63736,-6.49840,-12.66377,-0.47519,0.9462,17.95,0.0186,29.33,0.63,0.468,0.502,0.077,0.0086,0.0500
4475,-47.20411,-27.58972,-19.61439,-6.49447,-12.65319,-0.46674,0.9456,17.95,0.0186,29.37,0.68,0.468,0.502,0.077,0.0086,0.0500
4500,-47.15391,-27.57196,-19.58195,-6.50874,-12.61114,-0.46206,0.9477,17.76,0.0184,29.36,0.64,0.468,0.502,0.077,0.0086,0.0500
4525,-47.12695,-27.54100,-19.58595,-6.52868,-12.59278,-0.46449,0.9506,17.49,0.0181,29.38,0.68,0.468,0.502,0.077,0.0086,0.0500
4550,-47.18809,-27.62016,-19.56793,-6.51788,-12.57021,-0.47984,0.9490,17.56,0.0182,29.40,0.70,0.468,0.502,0.077,0.0086,0.0500
4575,-47.20124,-27.61156,-19.58968,-6.48744,-12.62220,-0.48004,0.9446,17.50,0.0181,29.37,0.65,0.468,0.502,0.077,0.0086,0.0500
4600,-47.15844,-27.57977,-19.57867,-6.50470,-12.62312,-0.45084,0.9471,17.49,0.0181,29.39,0.68,0.468,0.502,0.077,0.0086,0.0500
4625,-47.25203,-27.65703,-19.59499,-6.51666,-12.61716,-0.46118,0.9488,17.60,0.0182,29.38,0.67,0.468,0.502,0.077,0.0086,0.0500
4650,-47.13941,-27.55963,-19.57978,-6.51459,-12.60220,-0.46300,0.9485,17.60,0.0182,29.44,1.07,0.469,0.502,0.077,0.0086,0.0500
4675,-47.15741,-27.56195,-19.59546,-6.51993,-12.61214,-0.46339,0.9493,17.78,0.0184,29.41,0.71,0.469,0.502,0.077,0.0086,0.0500
4700,-47.24184,-27.62187,-19.61997,-6.53423,-12.63383,-0.45190,0.9514,17.86,0.0185,29.50,1.13,0.469,0.502,0.077,0.0086,0.0500
4725,-47.20426,-27.67102,-19.53324,-6.47985,-12.56879,-0.48461,0.9435,17.81,0.0185,29.48,1.10,0.469,0.502,0.077,0.0086,0.0500
4750,-47.18288,-27.58140,-19.60148,-6.49153,-12.62110,-0.48885,0.9452,17.69,0.0183,29.42,0.71,0.469,0.502,0.077,0.0086,0.0500
4775,-47.17864,-27.57935,-19.59929,-6.50152,-12.61317,-0.48461,0.9466,17.67,0.0183,29.38,0.66,0.469,0.502,0.077,0.0086,0.0500
4800,-47.19330,-27.63120,-19.56210,-6.52085,-12.57709,-0.46416,0.9495,17.60,0.0182,29.40,0.69,0.469,0.502,0.077,0.0086,0.0500
4825,-47.17480,-27.62014,-19.55466,-6.50522,-12.57555,-0.47388,0.9472,17.51,0.0181,29.39,0.70,0.469,0.502,0.077,0.0086,0.0500
4850,-47.30348,-27.68395,-19.61953,-6.52813,-12.62668,-0.46472,0.9505,17.71,0.0184,29.39,0.68,0.469,0.502,0.077,0.0086,0.0500
4875,-47.36604,-27.70411,-19.66193,-6.51001,-12.68405,-0.46787,0.9479,17.71,0.0184,29.44,0.75,0.469,0.502,0.077,0.0086,0.0500
4900,-47.22971,-27.63153,-19.59818,-6.51129,-12.61817,-0.46871,0.9481,17.70,0.0183,29.47,0.80,0.470,0.502,0.077,0.0086,0.0500
4925,-47.32628,-27.72094,-19.60534,-6.52672,-12.60146,-0.47716,0.9503,17.66,0.0183,29.45,0.77,0.470,0.502,0.077,0.0086,0.0500
4950,-47.31825,-27.75912,-19.55913,-6.52287,-12.57311,-0.46314,0.9497,17.50,0.0181,29.39,0.70,0.470,0.502,0.077,0.0086,0.0500
4975,-47.41092,-27.76938,-19.64153,-6.50535,-12.67147,-0.46472,0.9472,17.55,0.0182,29.37,0.66,0.470,0.502,0.077,0.0086,0.0500
5000,-47.38155,-27.80769,-19.57386,-6.51688,-12.59101,-0.46597,0.9489,17.59,0.0182,29.38,0.67,0.470,0.502,0.073,0.0082,0.0500
5025,-47.36040,-27.75981,-19.60060,-6.52684,-12.61458,-0.45918,0.9503,17.81,0.0185,29.30,1.20,0.470,0.502,0.073,0.0082,0.0500
5050,-47.34449,-27.76391,-19.58057,-6.50313,-12.60575,-0.47169,0.9469,17.90,0.0186,29.30,1.19,0.470,0.502,0.073,0.0082,0.0500
5075,-47.38719,-27.78774,-19.59945,-6.51347,-12.61662,-0.46937,0.9484,17.94,0.0186,29.27,1.16,0.470,0.502,0.073,0.0082,0.0500
5100,-47.35541,-27.74448,-19.61092,-6.49888,-12.62363,-0.48841,0.9463,18.18,0.0188,29.37,0.67,0.470,0.502,0.073,0.0082,0.0500
5125,-47.35126,-27.78936,-19.56190,-6.49764,-12.57087,-0.49339,0.9461,18.20,0.0189,29.44,0.80,0.470,0.502,0.073,0.0082,0.0500
5150,-47.30658,-27.74662,-19.55996,-6.49296,-12.58607,-0.48093,0.9454,18.28,0.0189,29.46,1.10,0.470,0.502,0.073,0.0082,0.0500
5175,-47.27763,-27.72317,-19.55446,-6.50505,-12.56682,-0.48259,0.9472,18.36,0.0190,29.44,0.78,0.470,0.502,0.073,0.0082,0.0500
5200,-47.37810,-27.77985,-19.59826,-6.52798,-12.59122,-0.47906,0.9505,18.28,0.0189,29.45,0.81,0.471,0.502,0.073,0.0082,0.0500
5225,-47.34193,-27.77469,-19.56725,-6.51032,-12.58146,-0.47547,0.9479,18.35,0.0190,29.38,0.67,0.471,0.502,0.073,0.0082,0.0500
5250,-47.44943,-27.81941,-19.63003,-6.51129,-12.64566,-0.47307,0.9481,18.46,0.0191,29.41,0.73,0.471,0.502,0.073,0.0082,0.0500
5275,-47.42584,-27.82245,-19.60338,-6.51128,-12.61063,-0.48147,0.9481,18.50,0.0192,29.43,0.77,0.471,0.502,0.073,0.0082,0.0500
5300,-47.41920,-27.79402,-19.62518,-6.51032,-12.62779,-0.48707,0.9479,18.58,0.0193,29.43,0.68,0.471,0.502,0.073,0.0082,0.0500
5325,-47.41077,-27.82094,-19.58983,-6.51869,-12.59276,-0.47838,0.9491,18.45,0.0191,29.54,1.16,0.471,0.502,0.073,0.0082,0.0500
5350,-47.37511,-27.77823,-19.59688,-6.51096,-12.59914,-0.48677,0.9480,18.31,0.0190,29.50,0.81,0.471,0.501,0.073,0.0082,0.0500
5375,-47.42046,-27.84157,-19.57889,-6.50417,-12.59496,-0.47977,0.9470,18.46,0.0191,29.35,1.26,0.471,0.501,0.073,0.0082,0.0500
5400,-47.43855,-27.83785,-19.60070,-6.49215,-12.61884,-0.48970,0.9453,18.45,0.0191,29.35,1.54,0.471,0.501,0.073,0.0082,0.0500
5425,-47.40884,-27.82087,-19.58797,-6.50965,-12.60918,-0.46913,0.9478,18.59,0.0193,29.38,1.58,0.472,0.501,0.073,0.0082,0.0500
5450,-47.42522,-27.82082,-19.60440,-6.50322,-12.61406,-0.48712,0.9469,18.53,0.0192,29.31,1.18,0.472,0.501,0.073,0.0082,0.0500
5475,-47.48999,-27.83103,-19.65896,-6.51418,-12.66675,-0.47802,0.9485,18.50,0.0192,29.67,0.96,0.472,0.501,0.073,0.0082,0.0500
5500,-47.41379,-27.79224,-19.62155,-6.52458,-12.62823,-0.46874,0.9500,18.55,0.0192,29.48,0.84,0.472,0.501,0.073,0.0082,0.0500
5525,-47.43578,-27.79489,-19.64089,-6.53858,-12.63483,-0.46747,0.9520,18.64,0.0193,29.66,1.52,0.472,0.501,0.073,0.0082,0.0500
5550,-47.35998,-27.75772,-19.60226,-6.52171,-12.60935,-0.47119,0.9496,18.63,0.0193,29.74,1.62,0.472,0.501,0.073,0.0082,0.0500
5575,-47.33088,-27.71175,-19.61913,-6.52755,-12.61940,-0.47218,0.9504,18.61,0.0193,29.50,1.61,0.472,0.501,0.073,0.0082,0.0500
5600,-47.29738,-27.69571,-19.60167,-6.53126,-12.60783,-0.46257,0.9510,18.58,0.0193,29.26,1.42,0.472,0.501,0.073,0.0082,0.0500
5625,-47.28815,-27.68221,-19.60594,-6.49521,-12.62546,-0.48527,0.9457,108.73,0.1127,29.12,2.11,0.472,0.501,0.073,0.0082,0.0500
5650,-47.33484,-27.72126,-19.61359,-6.49688,-12.62525,-0.49145,0.9460,108.66,0.1126,29.34,2.30,0.473,0.501,0.073,0.0082,0.0500
5675,-47.35979,-27.76301,-19.59678,-6.51757,-12.61660,-0.46261,0.9490,108.54,0.1125,29.07,2.52,0.473,0.501,0.073,0.0082,0.0500
5700,-47.33305,-27.74070,-19.59235,-6.48369,-12.60689,-0.50177,0.9440,108.73,0.1127,29.28,2.28,0.473,0.501,0.073,0.0082,0.0500
5725,-47.31359,-27.73877,-19.57482,-6.53065,-12.57715,-0.46701,0.9509,108.67,0.1126,29.22,2.21,0.473,0.501,0.073,0.0082,0.0500
5750,-47.38033,-27.78862,-19.59171,-6.47710,-12.61760,-0.49701,0.9431,108.67,0.1126,29.37,2.46,0.473,0.501,0.073,0.0082,0.0500
5775,-47.42369,-27.82120,-19.60249,-6.53805,-12.58190,-0.48254,0.9520,108.63,0.1126,29.44,2.54,0.473,0.501,0.073,0.0082,0.0500
5800,-47.45127,-27.85360,-19.59767,-6.49139,-12.63214,-0.47413,0.9452,18.58,0.0193,29.29,2.53,0.473,0.501,0.073,0.0082,0.0500
5825,-47.40547,-27.81116,-19.59431,-6.47796,-12.61929,-0.49705,0.9432,18.37,0.0190,29.43,1.81,0.473,0.501,0.073,0.0082,0.0500
5850,-47.49657,-27.87021,-19.62635,-6.54256,-12.61418,-0.46961,0.9526,-71.81,-0.0744,29.49,2.19,0.473,0.501,0.073,0.0082,0.0500
5875,-47.44628,-27.82970,-19.61658,-6.48522,-12.65392,-0.47744,0.9443,108.26,0.1122,29.47,2.17,0.473,0.501,0.073,0.0082,0.0500
5900,-47.45071,-27.85789,-19.59281,-6.48583,-12.61817,-0.48881,0.9444,18.31,0.0190,29.36,2.43,0.473,0.501,0.073,0.0082,0.0500
5925,-47.46500,-27.89321,-19.57179,-6.48280,-12.61087,-0.47813,0.9439,18.30,0.0190,29.32,2.60,0.473,0.500,0.073,0.0082,0.0500
5950,-47.44491,-27.88903,-19.55588,-6.46366,-12.58762,-0.50460,0.9411,108.34,0.1123,29.46,2.57,0.474,0.500,0.073,0.0082,0.0500
5975,-47.48213,-27.87412,-19.60801,-6.50492,-12.63451,-0.46858,0.9471,18.28,0.0189,29.57,2.07,0.474,0.500,0.073,0.0082,0.0500
6000,-47.52397,-27.89486,-19.62912,-6.50509,-12.66073,-0.46330,0.9472,18.26,0.0189,29.60,1.83,0.474,0.500,0.069,0.0078,0.0500
6025,-47.48617,-27.87043,-19.61574,-6.51823,-12.63630,-0.46122,0.9491,18.17,0.0188,29.60,1.84,0.474,0.500,0.069,0.0078,0.0500
6050,-47.44984,-27.85232,-19.59752,-6.51638,-12.62131,-0.45983,0.9488,18.19,0.0189,29.55,2.07,0.474,0.500,0.069,0.0078,0.0500
6075,-47.46656,-27.90977,-19.55679,-6.51052,-12.56953,-0.47674,0.9480,-71.83,-0.0744,29.37,2.50,0.474,0.500,0.069,0.0078,0.0500
6100,-47.49470,-27.86389,-19.63082,-6.52464,-12.63644,-0.46973,0.9500,-71.71,-0.0743,29.38,2.51,0.474,0.500,0.069,0.0078,0.0500
6125,-47.51732,-27.89083,-19.62649,-6.52559,-12.63968,-0.46122,0.9501,18.39,0.0191,29.41,2.45,0.474,0.500,0.069,0.0078,0.0500
6150,-47.55254,-27.93764,-19.61491,-6.50765,-12.62854,-0.47872,0.9475,-71.62,-0.0742,29.11,2.80,0.474,0.500,0.069,0.0078,0.0500
6175,-47.59122,-27.96197,-19.62925,-6.51026,-12.63823,-0.48076,0.9479,-71.76,-0.0744,29.35,2.97,0.474,0.501,0.069,0.0078,0.0500
6200,-47.50093,-27.88582,-19.61511,-6.50013,-12.65146,-0.46352,0.9464,18.32,0.0190,29.41,2.85,0.475,0.501,0.069,0.0078,0.0500
6225,-47.49105,-27.94759,-19.54346,-6.51104,-12.54947,-0.48295,0.9480,18.22,0.0189,29.19,3.31,0.475,0.501,0.069,0.0078,0.0500
6250,-47.53416,-27.94135,-19.59281,-6.51281,-12.61489,-0.46511,0.9483,-71.88,-0.0745,29.93,2.92,0.475,0.501,0.069,0.0078,0.0500
6275,-47.58568,-27.97362,-19.61206,-6.48573,-12.62215,-0.50418,0.9443,108.13,0.1120,29.78,3.29,0.475,0.501,0.069,0.0078,0.0500
6300,-47.54528,-27.96986,-19.57542,-6.52466,-12.56928,-0.48148,0.9500,18.23,0.0189,29.49,3.34,0.475,0.501,0.069,0.0078,0.0500
6325,-47.59913,-28.01560,-19.58353,-6.51407,-12.59715,-0.47231,0.9485,18.30,0.0190,29.33,3.11,0.475,0.501,0.069,0.0078,0.0500
6350,-47.58100,-28.00435,-19.57666,-6.48921,-12.59766,-0.48978,0.9448,18.42,0.0191,29.67,2.77,0.475,0.501,0.069,0.0078,0.0500
6375,-47.68568,-28.06527,-19.62041,-6.52778,-12.62749,-0.46514,0.9505,18.45,0.0191,29.49,2.90,0.475,0.501,0.069,0.0078,0.0500
6400,-47.71231,-28.09257,-19.61973,-6.51231,-12.63141,-0.47601,0.9482,18.52,0.0192,29.59,3.16,0.475,0.501,0.069,0.0078,0.0500
6425,-47.69755,-28.09153,-19.60602,-6.51930,-12.62054,-0.46618,0.9492,18.51,0.0192,29.69,2.70,0.475,0.501,0.069,0.0078,0.0500
6450,-47.66844,-28.03300,-19.63544,-6.53760,-12.62984,-0.46800,0.9519,18.45,0.0191,29.65,2.71,0.475,0.501,0.069,0.0078,0.0500
6475,-47.62161,-28.04337,-19.57825,-6.50458,-12.60462,-0.46904,0.9471,18.45,0.0191,29.62,2.61,0.475,0.501,0.069,0.0078,0.0500
6500,-47.63660,-28.06254,-19.57406,-6.50576,-12.57574,-0.49256,0.9473,18.38,0.0190,29.78,2.56,0.475,0.501,0.069,0.0078,0.0500
6525,-47.71068,-28.10822,-19.60246,-6.51344,-12.62002,-0.46900,0.9484,18.33,0.0190,29.57,2.37,0.475,0.501,0.069,0.0078,0.0500
6550,-47.74653,-28.15211,-19.59442,-6.51096,-12.60995,-0.47351,0.9480,18.21,0.0189,29.70,2.24,0.476,0.501,0.069,0.0078,0.0500
6575,-47.72985,-28.10923,-19.62062,-6.50147,-12.65241,-0.46674,0.9466,108.24,0.1122,29.67,2.52,0.476,0.501,0.069,0.0078,0.0500
6600,-47.70938,-28.13119,-19.57819,-6.52970,-12.58646,-0.46203,0.9507,18.35,0.0190,29.61,2.80,0.476,0.501,0.069,0.0078,0.0500
6625,-47.67701,-28.10559,-19.57142,-6.49790,-12.58426,-0.48926,0.9461,18.27,0.0189,29.53,2.82,0.476,0.501,0.069,0.0078,0.0500
6650,-47.64197,-28.06141,-19.58057,-6.50966,-12.59830,-0.47261,0.9478,18.24,0.0189,29.51,2.70,0.476,0.501,0.069,0.0078,0.0500
6675,-47.68199,-28.07907,-19.60292,-6.50413,-12.61544,-0.48334,0.9470,18.17,0.0188,29.63,2.66,0.476,0.501,0.069,0.0078,0.0500
6700,-47.74458,-28.11510,-19.62948,-6.50639,-12.64318,-0.47991,0.9474,18.21,0.0189,29.63,2.63,0.476,0.501,0.069,0.0078,0.0500
6725,-47.65444,-28.08058,-19.57386,-6.51463,-12.57053,-0.48870,0.9485,18.19,0.0189,29.34,2.62,0.476,0.501,0.069,0.0078,0.0500
6750,-47.77160,-28.15766,-19.61393,-6.52220,-12.61330,-0.47842,0.9497,18.28,0.0189,29.30,2.61,0.476,0.501,0.069,0.0078,0.0500
6775,-47.65940,-28.09236,-19.56704,-6.49198,-12.58908,-0.48598,0.9453,18.29,0.0190,29.51,2.62,0.476,0.501,0.069,0.0078,0.0500
6800,-47.67073,-28.05275,-19.61798,-6.48637,-12.65119,-0.48042,0.9444,18.24,0.0189,29.55,2.67,0.476,0.501,0.069,0.0078,0.0500
6825,-47.68397,-28.10607,-19.57790,-6.47532,-12.62021,-0.48237,0.9428,18.26,0.0189,29.78,2.50,0.476,0.501,0.069,0.0078,0.0500
6850,-47.67140,-28.12341,-19.54799,-6.48001,-12.57512,-0.49286,0.9435,18.19,0.0189,29.64,2.48,0.477,0.501,0.069,0.0078,0.0500
6875,-47.67824,-28.08816,-19.59008,-6.50491,-12.60391,-0.48126,0.9471,18.24,0.0189,29.54,2.84,0.477,0.501,0.069,0.0078,0.0500
6900,-47.68620,-28.10897,-19.57723,-6.50829,-12.60547,-0.46347,0.9476,18.21,0.0189,29.68,2.47,0.477,0.501,0.069,0.0078,0.0500
6925,-47.60051,-28.07566,-19.52486,-6.47166,-12.55528,-0.49792,0.9423,18.12,0.0188,29.59,2.45,0.477,0.501,0.069,0.0078,0.0500
6950,-47.77442,-28.13236,-19.64206,-6.52175,-12.64888,-0.47143,0.9496,18.07,0.0187,29.47,2.96,0.477,0.501,0.069,0.0078,0.0500
6975,-47.80640,-28.18017,-19.62623,-6.52471,-12.63406,-0.46746,0.9500,18.07,0.0187,29.58,2.88,0.477,0.501,0.069,0.0078,0.0500
7000,-47.68497,-28.16291,-19.52206,-6.52219,-12.53070,-0.46916,0.9497,17.88,0.0185,29.59,2.57,0.477,0.501,0.066,0.0074,0.0500
7025,-47.71666,-28.13613,-19.58053,-6.49447,-12.59927,-0.48679,0.9456,17.90,0.0185,29.51,2.88,0.477,0.501,0.066,0.0074,0.0500
7050,-47.71905,-28.13705,-19.58200,-6.49876,-12.58024,-0.50299,0.9462,17.71,0.0184,29.69,2.55,0.477,0.501,0.066,0.0074,0.0500
7075,-47.67403,-28.10764,-19.56638,-6.50057,-12.58191,-0.48390,0.9465,17.72,0.0184,29.70,2.37,0.477,0.501,0.066,0.0074,0.0500
7100,-47.74731,-28.14793,-19.59938,-6.50558,-12.61591,-0.47789,0.9472,17.68,0.0183,29.69,2.42,0.477,0.501,0.066,0.0074,0.0500
7125,-47.83664,-28.23381,-19.60283,-6.50239,-12.61234,-0.48810,0.9468,17.51,0.0181,29.70,2.45,0.477,0.501,0.066,0.0074,0.0500
7150,-47.81411,-28.21452,-19.59959,-6.50812,-12.61829,-0.47318,0.9476,17.51,0.0181,29.65,2.51,0.478,0.501,0.066,0.0074,0.0500
7175,-47.79411,-28.18162,-19.61249,-6.50384,-12.62644,-0.48221,0.9470,17.40,0.0180,29.64,2.54,0.478,0.501,0.066,0.0074,0.0500
7200,-47.76432,-28.15298,-19.61134,-6.52004,-12.61262,-0.47869,0.9493,17.42,0.0181,29.60,2.53,0.478,0.501,0.066,0.0074,0.0500
7225,-47.73546,-28.14746,-19.58801,-6.49394,-12.61107,-0.48300,0.9455,17.49,0.0181,29.56,2.58,0.478,0.501,0.066,0.0074,0.0500
7250,-47.77286,-28.20378,-19.56908,-6.51094,-12.58195,-0.47619,0.9480,17.60,0.0182,29.61,2.53,0.478,0.501,0.066,0.0074,0.0500
7275,-47.76586,-28.16916,-19.59670,-6.50373,-12.60757,-0.48540,0.9470,17.61,0.0183,29.30,3.09,0.478,0.501,0.066,0.0074,0.0500
7300,-47.68606,-28.12707,-19.55900,-6.48680,-12.57869,-0.49351,0.9445,17.64,0.0183,29.34,3.00,0.478,0.501,0.066,0.0074,0.0500
7325,-47.74570,-28.14121,-19.60448,-6.52922,-12.59044,-0.48483,0.9507,17.70,0.0183,29.35,3.03,0.478,0.501,0.066,0.0074,0.0500
7350,-47.72257,-28.14401,-19.57856,-6.50579,-12.58281,-0.48995,0.9473,17.80,0.0184,29.32,2.96,0.478,0.501,0.066,0.0074,0.0500
7375,-47.76880,-28.15672,-19.61208,-6.51746,-12.61087,-0.48375,0.9490,17.71,0.0184,29.56,2.59,0.479,0.501,0.066,0.0074,0.0500
7400,-47.72097,-28.14033,-19.58063,-6.50488,-12.60342,-0.47233,0.9471,17.60,0.0182,29.41,2.92,0.479,0.501,0.066,0.0074,0.0500
7425,-47.68021,-28.06661,-19.61360,-6.51920,-12.59980,-0.49460,0.9492,17.66,0.0183,29.47,2.90,0.479,0.501,0.066,0.0074,0.0500
7450,-47.75658,-28.15629,-19.60029,-6.52861,-12.59707,-0.47460,0.9506,17.63,0.0183,29.46,2.90,0.479,0.501,0.066,0.0074,0.0500
7475,-47.75236,-28.17326,-19.57910,-6.51543,-12.60245,-0.46122,0.9487,107.70,0.1116,29.62,2.90,0.479,0.501,0.066,0.0074,0.0500
7500,-47.82900,-28.20928,-19.61972,-6.53442,-12.62461,-0.46069,0.9514,17.77,0.0184,29.57,2.57,0.479,0.501,0.066,0.0074,0.0500
7525,-47.75923,-28.19965,-19.55958,-6.51342,-12.58409,-0.46207,0.9484,17.71,0.0184,29.15,3.17,0.479,0.500,0.066,0.0074,0.0500
7550,-47.78662,-28.19540,-19.59122,-6.52577,-12.59325,-0.47220,0.9502,17.58,0.0182,29.29,2.94,0.479,0.500,0.066,0.0074,0.0500
7575,-47.65796,-28.13865,-19.51932,-6.51619,-12.52248,-0.48065,0.9488,17.73,0.0184,29.01,3.42,0.479,0.500,0.066,0.0074,0.0500
7600,-47.72903,-28.18040,-19.54863,-6.50447,-12.56353,-0.48063,0.9471,17.78,0.0184,29.98,2.99,0.480,0.500,0.066,0.0074,0.0500
7625,-47.81231,-28.20939,-19.60292,-6.52482,-12.59822,-0.47987,0.9500,17.73,0.0184,29.36,2.95,0.480,0.500,0.066,0.0074,0.0500
7650,-47.90572,-28.25047,-19.65525,-6.54037,-12.65305,-0.46183,0.9523,17.75,0.0184,29.18,3.19,0.480,0.500,0.066,0.0074,0.0500
7675,-47.88236,-28.29278,-19.58958,-6.49596,-12.60419,-0.48943,0.9458,17.61,0.0183,29.64,1.96,0.480,0.500,0.066,0.0074,0.0500
7700,-47.89720,-28.25758,-19.63963,-6.50816,-12.66297,-0.46849,0.9476,17.60,0.0182,29.44,2.69,0.480,0.500,0.066,0.0074,0.0500
7725,-47.88011,-28.26618,-19.61393,-6.51107,-12.62273,-0.48013,0.9480,17.61,0.0183,29.20,3.08,0.480,0.500,0.066,0.0074,0.0500
7750,-47.84034,-28.23084,-19.60950,-6.50707,-12.60037,-0.50206,0.9474,17.67,0.0183,29.76,2.95,0.480,0.500,0.066,0.0074,0.0500
7775,-47.94447,-28.29449,-19.64998,-6.54622,-12.62558,-0.47818,0.9531,17.63,0.0183,29.25,3.18,0.480,0.500,0.066,0.0074,0.0500
7800,-47.87860,-28.29649,-19.58211,-6.48949,-12.60357,-0.48904,0.9449,17.66,0.0183,29.31,3.16,0.480,0.500,0.066,0.0074,0.0500
7825,-47.91536,-28.30790,-19.60746,-6.53059,-12.60465,-0.47222,0.9509,17.56,0.0182,29.27,3.11,0.480,0.500,0.066,0.0074,0.0500
7850,-47.86438,-28.28105,-19.58332,-6.51807,-12.59051,-0.47474,0.9491,107.51,0.1114,29.22,3.29,0.480,0.500,0.066,0.0074,0.0500
7875,-47.88350,-28.28339,-19.60011,-6.52930,-12.59557,-0.47525,0.9507,197.56,0.2047,29.36,3.43,0.480,0.500,0.066,0.0074,0.0500
7900,-47.87960,-28.28017,-19.59942,-6.52576,-12.60424,-0.46942,0.9502,17.44,0.0181,29.56,2.54,0.480,0.500,0.066,0.0074,0.0500
7925,-47.93112,-28.31947,-19.61165,-6.51526,-12.60689,-0.48950,0.9486,17.48,0.0181,29.49,2.56,0.480,0.500,0.066,0.0074,0.0500
7950,-47.91232,-28.31777,-19.59455,-6.51213,-12.58171,-0.50071,0.9482,17.35,0.0180,29.56,2.57,0.480,0.500,0.066,0.0074,0.0500
7975,-47.93417,-28.31493,-19.61924,-6.49701,-12.64768,-0.47455,0.9460,17.26,0.0179,29.79,2.49,0.481,0.500,0.066,0.0074,0.0500
8000,-47.88765,-28.29362,-19.59403,-6.51312,-12.59744,-0.48347,0.9483,17.28,0.0179,29.66,2.42,0.481,0.500,0.069,0.0078,0.0500
8025,-47.95153,-28.32972,-19.62182,-6.52731,-12.61076,-0.48374,0.9504,17.37,0.0180,29.79,2.33,0.481,0.500,0.069,0.0078,0.0500
8050,-47.85197,-28.25214,-19.59983,-6.50091,-12.60656,-0.49236,0.9466,107.51,0.1114,30.12,2.29,0.481,0.500,0.069,0.0078,0.0500
8075,-47.80692,-28.24627,-19.56066,-6.47846,-12.57616,-0.50604,0.9433,17.48,0.0181,29.73,2.71,0.481,0.500,0.069,0.0078,0.0500
8100,-47.81452,-28.23380,-19.58072,-6.51879,-12.58962,-0.47231,0.9492,17.51,0.0181,29.70,2.67,0.481,0.500,0.069,0.0078,0.0500
8125,-47.85643,-28.26093,-19.59550,-6.51796,-12.61540,-0.46214,0.9490,17.54,0.0182,29.42,2.77,0.481,0.500,0.069,0.0078,0.0500
8150,-47.79418,-28.21775,-19.57644,-6.48974,-12.59901,-0.48769,0.9449,17.52,0.0182,29.50,2.20,0.481,0.500,0.069,0.0078,0.0500
8175,-47.79310,-28.21329,-19.57981,-6.48831,-12.59166,-0.49984,0.9447,17.55,0.0182,29.46,2.61,0.481,0.500,0.069,0.0078,0.0500
8200,-47.80013,-28.23483,-19.56531,-6.51486,-12.55959,-0.49085,0.9486,17.52,0.0182,29.58,2.13,0.481,0.500,0.069,0.0078,0.0500
8225,-47.76283,-28.20489,-19.55794,-6.49368,-12.57065,-0.49361,0.9455,17.40,0.0180,29.61,2.09,0.481,0.500,0.069,0.0078,0.0500
8250,-47.87997,-28.27555,-19.60442,-6.54530,-12.58866,-0.47046,0.9530,17.39,0.0180,29.45,2.19,0.481,0.500,0.069,0.0078,0.0500
8275,-47.82084,-28.25066,-19.57018,-6.51942,-12.57983,-0.47093,0.9492,17.28,0.0179,29.41,2.23,0.481,0.500,0.069,0.0078,0.0500
8300,-47.78792,-28.22526,-19.56266,-6.49900,-12.56018,-0.50347,0.9463,17.30,0.0179,29.46,1.99,0.481,0.500,0.069,0.0078,0.0500
8325,-47.91137,-28.25999,-19.65139,-6.51072,-12.65960,-0.48106,0.9480,17.40,0.0180,29.46,2.17,0.481,0.500,0.069,0.0078,0.0500
8350,-47.87756,-28.27865,-19.59890,-6.49030,-12.62589,-0.48271,0.9450,17.30,0.0179,29.41,2.19,0.481,0.500,0.069,0.0078,0.0500
8375,-47.85067,-28.22591,-19.62476,-6.49845,-12.61523,-0.51107,0.9462,17.32,0.0180,29.58,2.27,0.481,0.500,0.069,0.0078,0.0500
8400,-47.90716,-28.30550,-19.60166,-6.52189,-12.60518,-0.47458,0.9496,17.29,0.0179,29.33,1.96,0.481,0.500,0.069,0.0078,0.0500
8425,-47.86956,-28.30534,-19.56422,-6.51380,-12.57952,-0.47090,0.9484,17.30,0.0179,30.19,2.50,0.481,0.500,0.069,0.0078,0.0500
8450,-47.94199,-28.31204,-19.62995,-6.52031,-12.62745,-0.48219,0.9494,17.24,0.0179,29.67,2.27,0.481,0.500,0.069,0.0078,0.0500
8475,-47.98213,-28.39123,-19.59090,-6.50528,-12.59732,-0.48830,0.9472,107.21,0.1111,30.11,2.41,0.481,0.500,0.069,0.0078,0.0500
8500,-47.98884,-28.38217,-19.60667,-6.50302,-12.60367,-0.49998,0.9469,17.22,0.0179,29.89,1.94,0.481,0.500,0.069,0.0078,0.0500
8525,-47.95754,-28.33887,-19.61867,-6.51498,-12.59928,-0.50441,0.9486,17.17,0.0178,29.74,2.03,0.481,0.500,0.069,0.0078,0.0500
8550,-47.93336,-28.32618,-19.60718,-6.49759,-12.62317,-0.48642,0.9461,17.29,0.0179,29.66,1.84,0.481,0.500,0.069,0.0078,0.0500
8575,-47.91656,-28.31122,-19.60534,-6.50399,-12.61782,-0.48352,0.9470,17.29,0.0179,29.63,1.81,0.481,0.500,0.069,0.0078,0.0500
8600,-47.89300,-28.29209,-19.60092,-6.52623,-12.57628,-0.49841,0.9502,17.19,0.0178,29.63,1.84,0.481,0.500,0.069,0.0078,0.0500
8625,-47.89665,-28.30960,-19.58705,-6.51530,-12.58205,-0.48970,0.9486,17.26,0.0179,29.75,1.79,0.481,0.500,0.069,0.0078,0.0500
8650,-47.93397,-28.33527,-19.59870,-6.51177,-12.60718,-0.47975,0.9481,17.29,0.0179,29.64,2.32,0.481,0.500,0.069,0.0078,0.0500
8675,-47.96427,-28.38659,-19.57768,-6.47055,-12.60147,-0.50566,0.9421,107.29,0.1112,29.90,2.13,0.481,0.500,0.069,0.0078,0.0500
8700,-47.97303,-28.35235,-19.62068,-6.52583,-12.60488,-0.48997,0.9502,197.32,0.2045,29.77,3.58,0.481,0.501,0.069,0.0078,0.0500
8725,-47.96320,-28.38457,-19.57863,-6.49470,-12.58662,-0.49731,0.9456,107.33,0.1112,29.81,2.42,0.481,0.501,0.069,0.0078,0.0500
8750,-48.01325,-28.36846,-19.64479,-6.52515,-12.63316,-0.48649,0.9501,197.47,0.2047,30.21,2.17,0.481,0.501,0.069,0.0078,0.0500
8775,-47.97784,-28.38176,-19.59609,-6.52931,-12.59974,-0.46703,0.9507,197.51,0.2047,29.89,1.99,0.481,0.501,0.069,0.0078,0.0500
8800,-47.92316,-28.36901,-19.55414,-6.48806,-12.57519,-0.49089,0.9447,197.49,0.2047,29.92,2.08,0.481,0.501,0.069,0.0078,0.0500
8825,-47.99311,-28.43227,-19.56083,-6.49927,-12.54930,-0.51227,0.9463,197.52,0.2047,29.78,2.07,0.481,0.501,0.069,0.0078,0.0500
8850,-48.02929,-28.42408,-19.60521,-6.49022,-12.61363,-0.50137,0.9450,107.53,0.1115,29.16,2.77,0.481,0.501,0.069,0.0078,0.0500
8875,-47.95742,-28.36539,-19.59203,-6.50358,-12.60335,-0.48510,0.9469,107.51,0.1114,29.34,2.46,0.481,0.501,0.069,0.0078,0.0500
8900,-47.97755,-28.36020,-19.61735,-6.51106,-12.61960,-0.48668,0.9480,107.33,0.1112,29.51,2.74,0.481,0.501,0.069,0.0078,0.0500
8925,-47.99758,-28.38335,-19.61423,-6.51698,-12.60123,-0.49602,0.9489,107.40,0.1113,29.67,2.50,0.481,0.501,0.069,0.0078,0.0500
8950,-47.98598,-28.38855,-19.59742,-6.50696,-12.60589,-0.48458,0.9474,197.40,0.2046,29.80,2.77,0.481,0.501,0.069,0.0078,0.0500
8975,-48.04493,-28.41911,-19.62583,-6.49636,-12.63131,-0.49815,0.9459,197.48,0.2047,29.56,3.02,0.481,0.501,0.069,0.0078,0.0500
9000,-48.09870,-28.44762,-19.65107,-6.53991,-12.62250,-0.48867,0.9522,107.55,0.1115,29.67,2.56,0.481,0.501,0.066,0.0074,0.0500
9025,-48.00179,-28.38823,-19.61357,-6.53519,-12.60326,-0.47512,0.9515,197.55,0.2048,30.12,2.23,0.481,0.501,0.066,0.0074,0.0500
9050,-48.09877,-28.49872,-19.60005,-6.52425,-12.59976,-0.47605,0.9499,107.61,0.1115,29.98,1.90,0.482,0.501,0.066,0.0074,0.0500
9075,-48.15403,-28.50643,-19.64760,-6.50331,-12.66246,-0.48183,0.9469,17.60,0.0182,29.90,2.46,0.482,0.501,0.066,0.0074,0.0500
9100,-48.13356,-28.49356,-19.63999,-6.52665,-12.62603,-0.48732,0.9503,17.55,0.0182,29.50,2.82,0.482,0.501,0.066,0.0074,0.0500
9125,-48.05544,-28.45761,-19.59783,-6.49869,-12.58762,-0.51153,0.9462,17.52,0.0182,29.38,2.90,0.482,0.501,0.066,0.0074,0.0500
9150,-48.07371,-28.45620,-19.61752,-6.50293,-12.62393,-0.49066,0.9468,197.59,0.2048,29.81,2.63,0.482,0.501,0.066,0.0074,0.0500
9175,-48.11333,-28.48198,-19.63136,-6.49495,-12.62340,-0.51300,0.9457,107.59,0.1115,29.49,2.45,0.482,0.501,0.066,0.0074,0.0500
9200,-48.06936,-28.45239,-19.61697,-6.53598,-12.61305,-0.46794,0.9517,197.47,0.2047,30.21,2.79,0.482,0.500,0.066,0.0074,0.0500
9225,-48.03310,-28.40773,-19.62537,-6.52627,-12.63030,-0.46880,0.9502,197.42,0.2047,29.85,3.07,0.482,0.500,0.066,0.0074,0.0500
9250,-48.00999,-28.41407,-19.59591,-6.51006,-12.58627,-0.49958,0.9479,197.57,0.2048,30.03,3.11,0.482,0.500,0.066,0.0074,0.0500
9275,-48.05704,-28.46888,-19.58816,-6.51307,-12.58582,-0.48927,0.9483,197.45,0.2047,30.05,3.49,0.482,0.500,0.066,0.0074,0.0500
9300,-48.02864,-28.39214,-19.63649,-6.53184,-12.61261,-0.49204,0.9511,197.48,0.2047,29.95,3.73,0.482,0.500,0.066,0.0074,0.0500
9325,-48.06826,-28.39563,-19.67263,-6.51888,-12.66003,-0.49373,0.9492,197.42,0.2047,30.16,3.81,0.482,0.500,0.066,0.0074,0.0500
9350,-48.00741,-28.37483,-19.63257,-6.52797,-12.61893,-0.48567,0.9505,107.41,0.1113,30.21,3.67,0.482,0.500,0.066,0.0074,0.0500
9375,-48.06225,-28.40389,-19.65836,-6.53707,-12.64525,-0.47605,0.9518,107.46,0.1114,29.97,3.84,0.482,0.500,0.066,0.0074,0.0500
9400,-48.06701,-28.40094,-19.66608,-6.53107,-12.64522,-0.48979,0.9509,107.43,0.1114,29.72,3.96,0.482,0.500,0.066,0.0074,0.0500
9425,-47.91062,-28.34221,-19.56841,-6.50242,-12.57547,-0.49052,0.9468,17.53,0.0182,29.69,4.03,0.482,0.500,0.066,0.0074,0.0500
9450,-48.07284,-28.45755,-19.61529,-6.52587,-12.59793,-0.49149,0.9502,17.42,0.0181,29.91,3.96,0.482,0.500,0.066,0.0074,0.0500
9475,-48.03293,-28.43419,-19.59873,-6.48782,-12.60664,-0.50428,0.9446,197.47,0.2047,29.68,3.87,0.482,0.500,0.066,0.0074,0.0500
9500,-48.03131,-28.43770,-19.59361,-6.52947,-12.57098,-0.49316,0.9507,197.38,0.2046,30.09,3.62,0.482,0.500,0.066,0.0074,0.0500
9525,-48.00295,-28.41702,-19.58593,-6.51790,-12.56435,-0.50369,0.9490,197.33,0.2046,30.13,3.51,0.482,0.500,0.066,0.0074,0.0500
9550,-48.00481,-28.38159,-19.62322,-6.53441,-12.61985,-0.46896,0.9514,197.25,0.2045,30.20,3.52,0.482,0.500,0.066,0.0074,0.0500
9575,-48.07609,-28.43511,-19.64099,-6.55029,-12.61488,-0.47581,0.9537,107.27,0.1112,30.15,3.68,0.482,0.500,0.066,0.0074,0.0500
9600,-48.03526,-28.44685,-19.58841,-6.49682,-12.60034,-0.49124,0.9460,17.15,0.0178,29.83,4.06,0.483,0.500,0.066,0.0074,0.0500
9625,-48.03055,-28.45670,-19.57384,-6.50233,-12.56868,-0.50283,0.9468,17.13,0.0178,30.16,4.12,0.483,0.500,0.066,0.0074,0.0500
9650,-48.10774,-28.50132,-19.60643,-6.50383,-12.61069,-0.49191,0.9470,107.08,0.1110,30.11,3.96,0.483,0.500,0.066,0.0074,0.0500
9675,-48.08404,-28.50237,-19.58167,-6.52728,-12.57669,-0.47770,0.9504,107.08,0.1110,30.29,3.71,0.483,0.500,0.066,0.0074,0.0500
9700,-48.10738,-28.51070,-19.59668,-6.52195,-12.59650,-0.47824,0.9496,107.14,0.1111,30.00,3.84,0.483,0.500,0.066,0.0074,0.0500
9725,-48.21261,-28.56931,-19.64330,-6.51970,-12.63197,-0.49164,0.9493,107.07,0.1110,29.97,3.90,0.483,0.500,0.066,0.0074,0.0500
9750,-48.12423,-28.49141,-19.63282,-6.54109,-12.61132,-0.48042,0.9524,17.09,0.0177,30.07,3.84,0.483,0.500,0.066,0.0074,0.0500
9775,-48.15636,-28.54071,-19.61566,-6.50826,-12.58927,-0.51813,0.9476,17.14,0.0178,29.92,4.01,0.483,0.500,0.066,0.0074,0.0500
9800,-48.18690,-28.56159,-19.62532,-6.53388,-12.60263,-0.48881,0.9514,17.07,0.0177,30.29,3.92,0.483,0.500,0.066,0.0074,0.0500
9825,-48.17463,-28.54967,-19.62496,-6.54010,-12.61117,-0.47369,0.9523,17.12,0.0177,30.16,3.93,0.483,0.500,0.066,0.0074,0.0500
9850,-48.12853,-28.54483,-19.58370,-6.52488,-12.56594,-0.49287,0.9500,17.23,0.0179,30.15,3.93,0.483,0.500,0.066,0.0074,0.0500
9875,-48.20027,-28.57223,-19.62804,-6.57205,-12.58780,-0.46819,0.9569,107.14,0.1111,30.33,3.82,0.483,0.500,0.066,0.0074,0.0500
9900,-48.21192,-28.58458,-19.62735,-6.53949,-12.60601,-0.48185,0.9522,17.21,0.0178,30.35,3.83,0.483,0.500,0.066,0.0074,0.0500
9925,-48.20353,-28.58356,-19.61997,-6.51837,-12.60750,-0.49410,0.9491,17.00,0.0176,30.39,3.75,0.483,0.500,0.066,0.0074,0.0500
9950,-48.17094,-28.55841,-19.61254,-6.51391,-12.60678,-0.49184,0.9484,17.06,0.0177,30.52,3.62,0.483,0.500,0.066,0.0074,0.0500
9975,-48.25160,-28.62549,-19.62612,-6.51700,-12.59539,-0.51373,0.9489,16.99,0.0176,30.41,3.82,0.483,0.500,0.066,0.0074,0.0500
10000,-48.20908,-28.58086,-19.62823,-6.52450,-12.61020,-0.49353,0.9500,17.10,0.0177,30.32,3.90,0.483,0.500,0.063,0.0070,0.0500
10025,-48.14366,-28.53558,-19.60808,-6.53069,-12.58214,-0.49525,0.9509,17.05,0.0177,30.53,3.50,0.483,0.500,0.063,0.0070,0.0500
10050,-48.21068,-28.59845,-19.61223,-6.51768,-12.59880,-0.49575,0.9490,17.10,0.0177,30.30,3.38,0.483,0.500,0.063,0.0070,0.0500
10075,-48.10459,-28.54438,-19.56021,-6.50443,-12.55297,-0.50281,0.9471,107.05,0.1110,30.14,3.65,0.483,0.500,0.063,0.0070,0.0500
10100,-48.27148,-28.65032,-19.62116,-6.51808,-12.60134,-0.50174,0.9491,107.10,0.1110,30.16,3.83,0.483,0.500,0.063,0.0070,0.0500
10125,-48.19530,-28.58550,-19.60980,-6.53316,-12.59338,-0.48326,0.9512,107.16,0.1111,30.21,3.79,0.483,0.500,0.063,0.0070,0.0500
10150,-48.16405,-28.55368,-19.61037,-6.51003,-12.59390,-0.50643,0.9479,107.22,0.1111,30.42,2.85,0.484,0.500,0.063,0.0070,0.0500
10175,-48.23919,-28.60040,-19.63879,-6.53665,-12.62967,-0.47246,0.9518,17.06,0.0177,30.50,2.76,0.484,0.500,0.063,0.0070,0.0500
10200,-48.18672,-28.60975,-19.57696,-6.50418,-12.57547,-0.49730,0.9470,17.18,0.0178,30.22,3.38,0.484,0.500,0.063,0.0070,0.0500
10225,-48.16826,-28.60552,-19.56274,-6.48742,-12.55811,-0.51720,0.9446,107.23,0.1112,30.37,3.62,0.484,0.500,0.063,0.0070,0.0500
10250,-48.19811,-28.58972,-19.60839,-6.53640,-12.58509,-0.48690,0.9517,17.38,0.0180,30.05,3.68,0.484,0.500,0.063,0.0070,0.0500
10275,-48.21082,-28.56742,-19.64340,-6.52878,-12.60866,-0.50596,0.9506,17.28,0.0179,29.75,3.66,0.484,0.500,0.063,0.0070,0.0500
10300,-48.26476,-28.62406,-19.64070,-6.52882,-12.61625,-0.49564,0.9506,-72.78,-0.0755,29.40,3.51,0.484,0.500,0.063,0.0070,0.0500
10325,-48.29534,-28.64538,-19.64996,-6.57193,-12.60782,-0.47021,0.9569,17.35,0.0180,29.07,3.82,0.484,0.500,0.063,0.0070,0.0500
10350,-48.25966,-28.64465,-19.61502,-6.54581,-12.58924,-0.47997,0.9531,17.27,0.0179,29.49,3.75,0.484,0.500,0.063,0.0070,0.0500
10375,-48.24502,-28.61300,-19.63202,-6.52751,-12.60849,-0.49602,0.9504,17.16,0.0178,29.44,3.79,0.484,0.500,0.063,0.0070,0.0500
10400,-48.26099,-28.62988,-19.63111,-6.51429,-12.60977,-0.50705,0.9485,107.20,0.1111,29.29,3.97,0.484,0.500,0.063,0.0070,0.0500
10425,-48.27545,-28.67882,-19.59663,-6.53447,-12.57607,-0.48610,0.9514,107.17,0.1111,29.75,3.89,0.484,0.500,0.063,0.0070,0.0500
10450,-48.22932,-28.64665,-19.58267,-6.54104,-12.57210,-0.46954,0.9524,107.05,0.1110,30.09,3.67,0.484,0.500,0.063,0.0070,0.0500
10475,-48.20031,-28.60426,-19.59604,-6.51608,-12.59109,-0.48887,0.9488,107.10,0.1110,30.05,3.75,0.484,0.500,0.063,0.0070,0.0500
10500,-48.27995,-28.65219,-19.62776,-6.50557,-12.62191,-0.50028,0.9472,17.14,0.0178,30.26,3.42,0.484,0.500,0.063,0.0070,0.0500
10525,-48.25063,-28.64230,-19.60833,-6.49132,-12.62332,-0.49369,0.9452,107.13,0.1111,30.08,3.56,0.484,0.500,0.063,0.0070,0.0500
10550,-48.27314,-28.64861,-19.62453,-6.51328,-12.61255,-0.49870,0.9484,17.19,0.0178,29.83,3.37,0.484,0.500,0.063,0.0070,0.0500
10575,-48.24235,-28.63728,-19.60508,-6.51383,-12.60949,-0.48176,0.9484,17.39,0.0180,28.88,3.29,0.484,0.500,0.063,0.0070,0.0500
10600,-48.22062,-28.60425,-19.61637,-6.50596,-12.61845,-0.49196,0.9473,17.40,0.0180,29.13,2.96,0.485,0.500,0.063,0.0070,0.0500
10625,-48.24512,-28.62215,-19.62297,-6.51776,-12.62136,-0.48384,0.9490,17.42,0.0181,29.12,3.08,0.485,0.500,0.063,0.0070,0.0500
10650,-48.24308,-28.64711,-19.59596,-6.50532,-12.59349,-0.49715,0.9472,107.40,0.1113,28.96,3.45,0.485,0.500,0.063,0.0070,0.0500
10675,-48.25805,-28.64498,-19.61307,-6.50442,-12.59252,-0.51612,0.9471,17.36,0.0180,28.98,3.70,0.485,0.500,0.063,0.0070,0.0500
10700,-48.18655,-28.61552,-19.57103,-6.50990,-12.56400,-0.49713,0.9479,17.47,0.0181,29.91,3.27,0.485,0.500,0.063,0.0070,0.0500
10725,-48.29146,-28.64582,-19.64564,-6.52525,-12.62424,-0.49615,0.9501,107.39,0.1113,30.12,3.23,0.485,0.500,0.063,0.0070,0.0500
10750,-48.34292,-28.70081,-19.64211,-6.54076,-12.62039,-0.48097,0.9524,107.40,0.1113,30.21,3.69,0.485,0.500,0.063,0.0070,0.0500
10775,-48.35571,-28.72587,-19.62984,-6.52419,-12.60891,-0.49674,0.9499,107.41,0.1113,30.02,3.80,0.485,0.500,0.063,0.0070,0.0500
10800,-48.25735,-28.63769,-19.61966,-6.50300,-12.61062,-0.50604,0.9469,107.41,0.1114,30.13,3.74,0.485,0.500,0.063,0.0070,0.0500
10825,-48.22797,-28.57697,-19.65100,-6.52403,-12.62715,-0.49982,0.9499,107.41,0.1114,29.94,3.64,0.485,0.500,0.063,0.0070,0.0500
10850,-48.28188,-28.66041,-19.62147,-6.50484,-12.61437,-0.50226,0.9471,107.35,0.1113,29.91,4.03,0.485,0.500,0.063,0.0070,0.0500
10875,-48.29841,-28.68086,-19.61754,-6.50871,-12.62247,-0.48637,0.9477,197.34,0.2046,29.70,4.09,0.485,0.500,0.063,0.0070,0.0500
10900,-48.32842,-28.69078,-19.63764,-6.53335,-12.61450,-0.48979,0.9513,197.28,0.2045,29.58,4.05,0.485,0.500,0.063,0.0070,0.0500
10925,-48.20622,-28.62670,-19.57952,-6.52662,-12.56532,-0.48757,0.9503,17.25,0.0179,29.37,3.40,0.485,0.500,0.063,0.0070,0.0500
10950,-48.25346,-28.65414,-19.59932,-6.51326,-12.59091,-0.49515,0.9483,17.32,0.0180,29.30,3.32,0.485,0.500,0.063,0.0070,0.0500
10975,-48.29912,-28.67156,-19.62756,-6.52422,-12.60834,-0.49501,0.9499,107.35,0.1113,29.47,3.59,0.485,0.500,0.063,0.0070,0.0500
11000,-48.30578,-28.65640,-19.64937,-6.53064,-12.64162,-0.47711,0.9509,107.38,0.1113,29.22,4.07,0.485,0.501,0.066,0.0074,0.0500
11025,-48.17484,-28.60089,-19.57395,-6.48463,-12.57448,-0.51484,0.9442,17.36,0.0180,30.12,3.61,0.485,0.500,0.066,0.0074,0.0500
11050,-48.27638,-28.66065,-19.61573,-6.50905,-12.60601,-0.50067,0.9477,17.32,0.0180,30.09,3.61,0.485,0.500,0.066,0.0074,0.0500
11075,-48.29511,-28.70182,-19.59328,-6.53141,-12.57202,-0.48985,0.9510,17.42,0.0181,30.39,3.55,0.485,0.500,0.066,0.0074,0.0500
11100,-48.29724,-28.68541,-19.61183,-6.52637,-12.59551,-0.48996,0.9503,197.56,0.2048,29.99,3.95,0.485,0.500,0.066,0.0074,0.0500
11125,-48.25288,-28.64487,-19.60801,-6.52044,-12.59763,-0.48995,0.9494,197.56,0.2048,30.25,3.93,0.485,0.500,0.066,0.0074,0.0500
11150,-48.24350,-28.67148,-19.57201,-6.50546,-12.56086,-0.50568,0.9472,197.69,0.2049,30.20,3.90,0.485,0.500,0.066,0.0074,0.0500
11175,-48.31992,-28.71480,-19.60512,-6.52007,-12.59190,-0.49315,0.9493,107.66,0.1116,30.03,3.77,0.485,0.500,0.066,0.0074,0.0500
11200,-48.34069,-28.69715,-19.64354,-6.51626,-12.61727,-0.51001,0.9488,17.60,0.0182,29.74,3.97,0.485,0.500,0.066,0.0074,0.0500
11225,-48.30813,-28.70159,-19.60654,-6.52806,-12.59096,-0.48752,0.9505,17.68,0.0183,29.84,3.76,0.485,0.500,0.066,0.0074,0.0500
11250,-48.35995,-28.72423,-19.63571,-6.50283,-12.62426,-0.50863,0.9468,-72.43,-0.0751,29.98,3.69,0.485,0.500,0.066,0.0074,0.0500
11275,-48.32298,-28.68293,-19.64005,-6.52791,-12.63111,-0.48104,0.9505,17.47,0.0181,29.95,3.69,0.485,0.500,0.066,0.0074,0.0500
11300,-48.31725,-28.69539,-19.62186,-6.52331,-12.61395,-0.48460,0.9498,-72.68,-0.0753,29.92,3.64,0.485,0.500,0.066,0.0074,0.0500
11325,-48.23574,-28.65065,-19.58509,-6.52540,-12.56874,-0.49095,0.9501,17.33,0.0180,29.98,3.76,0.485,0.500,0.066,0.0074,0.0500
11350,-48.33344,-28.69325,-19.64019,-6.53061,-12.62352,-0.48606,0.9509,17.34,0.0180,30.08,3.60,0.485,0.500,0.066,0.0074,0.0500
11375,-48.25464,-28.65857,-19.59607,-6.51582,-12.57912,-0.50114,0.9487,197.41,0.2047,30.18,3.78,0.485,0.500,0.066,0.0074,0.0500
11400,-48.32027,-28.73504,-19.58523,-6.50488,-12.56523,-0.51512,0.9471,17.34,0.0180,29.63,3.90,0.486,0.500,0.066,0.0074,0.0500
11425,-48.40067,-28.78035,-19.62032,-6.51985,-12.59938,-0.50109,0.9493,107.37,0.1113,30.11,3.58,0.486,0.500,0.066,0.0074,0.0500
11450,-48.33048,-28.72556,-19.60492,-6.51891,-12.60494,-0.48107,0.9492,197.42,0.2047,30.13,3.54,0.486,0.500,0.066,0.0074,0.0500
11475,-48.39305,-28.74653,-19.64652,-6.53037,-12.64344,-0.47271,0.9508,197.44,0.2047,30.10,3.60,0.486,0.500,0.066,0.0074,0.0500
11500,-48.27392,-28.71425,-19.55967,-6.51013,-12.54522,-0.50432,0.9479,197.48,0.2047,30.24,3.69,0.486,0.500,0.066,0.0074,0.0500
11525,-48.40649,-28.74941,-19.65708,-6.51787,-12.64468,-0.49454,0.9490,107.36,0.1113,30.30,3.49,0.486,0.500,0.066,0.0074,0.0500
11550,-48.39205,-28.78030,-19.61176,-6.51501,-12.58753,-0.50922,0.9486,107.38,0.1113,29.84,3.80,0.486,0.500,0.066,0.0074,0.0500
11575,-48.37720,-28.75344,-19.62376,-6.52778,-12.60893,-0.48705,0.9505,197.38,0.2046,30.38,3.52,0.486,0.500,0.066,0.0074,0.0500
11600,-48.45235,-28.79247,-19.65988,-6.53310,-12.63868,-0.48810,0.9512,107.42,0.1113,30.25,3.65,0.486,0.500,0.066,0.0074,0.0500
11625,-48.30061,-28.70381,-19.59680,-6.52994,-12.57896,-0.48790,0.9508,107.46,0.1114,30.41,3.59,0.486,0.500,0.066,0.0074,0.0500
11650,-48.39783,-28.81319,-19.58464,-6.48084,-12.59687,-0.50692,0.9436,17.49,0.0181,30.52,3.34,0.486,0.500,0.066,0.0074,0.0500
11675,-48.38587,-28.78613,-19.59974,-6.53145,-12.56923,-0.49906,0.9510,17.41,0.0180,30.50,3.54,0.486,0.500,0.066,0.0074,0.0500
11700,-48.41476,-28.85448,-19.56028,-6.48602,-12.57534,-0.49892,0.9444,17.45,0.0181,30.63,3.41,0.486,0.500,0.066,0.0074,0.0500
11725,-48.44359,-28.86089,-19.58271,-6.48281,-12.59180,-0.50810,0.9439,107.62,0.1115,30.70,3.41,0.486,0.500,0.066,0.0074,0.0500
11750,-48.45801,-28.88248,-19.57553,-6.52221,-12.54413,-0.50920,0.9497,107.65,0.1116,30.60,3.21,0.486,0.500,0.066,0.0074,0.0500
11775,-48.36380,-28.82751,-19.53630,-6.49674,-12.53388,-0.50567,0.9459,107.61,0.1115,30.54,3.33,0.486,0.500,0.066,0.0074,0.0500
11800,-48.45754,-28.82331,-19.63423,-6.52023,-12.60621,-0.50780,0.9494,107.55,0.1115,30.48,3.31,0.486,0.500,0.066,0.0074,0.0500
11825,-48.44898,-28.81607,-19.63291,-6.52872,-12.61558,-0.48860,0.9506,107.47,0.1114,30.91,3.26,0.486,0.500,0.066,0.0074,0.0500
11850,-48.51598,-28.86319,-19.65280,-6.52072,-12.63828,-0.49380,0.9494,107.45,0.1114,30.74,3.39,0.486,0.500,0.066,0.0074,0.0500
11875,-48.50936,-28.88407,-19.62529,-6.51301,-12.62171,-0.49057,0.9483,107.41,0.1113,30.67,3.37,0.486,0.500,0.066,0.0074,0.0500
11900,-48.49782,-28.91398,-19.58384,-6.47696,-12.60120,-0.50568,0.9431,17.46,0.0181,30.56,3.48,0.486,0.500,0.066,0.0074,0.0500
11925,-48.48877,-28.88182,-19.60695,-6.50887,-12.60766,-0.49042,0.9477,17.40,0.0180,30.61,3.59,0.486,0.500,0.066,0.0074,0.0500
11950,-48.51479,-28.88426,-19.63053,-6.53518,-12.59632,-0.49903,0.9515,197.34,0.2045,30.48,3.51,0.486,0.500,0.066,0.0074,0.0500
11975,-48.43704,-28.84465,-19.59239,-6.52319,-12.55988,-0.50933,0.9498,107.35,0.1113,30.40,3.43,0.486,0.500,0.066,0.0074,0.0500
12000,-48.52359,-28.87000,-19.65360,-6.50497,-12.64195,-0.50668,0.9471,197.27,0.2045,30.59,3.31,0.486,0.500,0.062,0.0070,0.0500
12025,-48.50800,-28.86240,-19.64560,-6.53121,-12.61595,-0.49844,0.9510,107.38,0.1113,30.53,3.45,0.486,0.500,0.062,0.0070,0.0500
12050,-48.47789,-28.83769,-19.64020,-6.53182,-12.60722,-0.50116,0.9511,-72.56,-0.0752,30.54,3.49,0.486,0.500,0.062,0.0070,0.0500
12075,-48.44134,-28.85624,-19.58510,-6.49990,-12.57569,-0.50950,0.9464,-72.50,-0.0751,30.52,3.50,0.486,0.500,0.062,0.0070,0.0500
12100,-48.49618,-28.85174,-19.64444,-6.53089,-12.61892,-0.49463,0.9509,17.46,0.0181,30.27,3.32,0.486,0.500,0.062,0.0070,0.0500
12125,-48.39217,-28.83377,-19.55841,-6.49698,-12.55133,-0.51010,0.9460,-72.46,-0.0751,30.41,3.36,0.486,0.500,0.062,0.0070,0.0500
12150,-48.46876,-28.83503,-19.63373,-6.51693,-12.61164,-0.50516,0.9489,377.46,0.3912,30.71,3.17,0.486,0.500,0.062,0.0070,0.0500
12175,-48.47354,-28.83552,-19.63801,-6.53048,-12.62012,-0.48741,0.9509,17.48,0.0181,30.37,3.62,0.486,0.500,0.062,0.0070,0.0500
12200,-48.46257,-28.85879,-19.60378,-6.52381,-12.58132,-0.49865,0.9499,17.53,0.0182,30.36,3.62,0.486,0.500,0.062,0.0070,0.0500
12225,-48.57957,-28.93139,-19.64819,-6.48327,-12.65170,-0.51322,0.9440,107.65,0.1116,30.51,3.43,0.486,0.500,0.062,0.0070,0.0500
12250,-48.45446,-28.84655,-19.60790,-6.50052,-12.59697,-0.51042,0.9465,17.66,0.0183,30.54,3.66,0.486,0.500,0.062,0.0070,0.0500
12275,-48.47975,-28.84349,-19.63626,-6.50226,-12.63454,-0.49946,0.9467,17.63,0.0183,30.61,3.68,0.486,0.500,0.062,0.0070,0.0500
12300,-48.39266,-28.75344,-19.63923,-6.53694,-12.59956,-0.50272,0.9518,107.61,0.1115,30.66,3.71,0.486,0.500,0.062,0.0070,0.0500
12325,-48.41853,-28.81580,-19.60273,-6.50371,-12.59630,-0.50272,0.9470,17.58,0.0182,30.63,3.83,0.486,0.500,0.062,0.0070,0.0500
12350,-48.41834,-28.79016,-19.62818,-6.52622,-12.61100,-0.49096,0.9502,17.54,0.0182,30.51,3.76,0.486,0.500,0.062,0.0070,0.0500
12375,-48.37231,-28.78942,-19.58289,-6.51105,-12.57797,-0.49388,0.9480,17.39,0.0180,30.06,3.38,0.486,0.500,0.062,0.0070,0.0500
12400,-48.43029,-28.81203,-19.61826,-6.50103,-12.60547,-0.51176,0.9466,17.37,0.0180,30.39,3.95,0.486,0.500,0.062,0.0070,0.0500
12425,-48.51658,-28.85209,-19.66449,-6.51089,-12.66741,-0.48618,0.9480,17.35,0.0180,30.71,4.03,0.486,0.500,0.062,0.0070,0.0500
12450,-48.45454,-28.86502,-19.58953,-6.48398,-12.59807,-0.50748,0.9441,107.29,0.1112,30.77,3.83,0.486,0.500,0.062,0.0070,0.0500
12475,-48.49648,-28.87742,-19.61906,-6.54461,-12.58400,-0.49046,0.9529,17.30,0.0179,30.77,3.99,0.486,0.500,0.062,0.0070,0.0500
12500,-48.47651,-28.87597,-19.60054,-6.51759,-12.57968,-0.50327,0.9490,107.23,0.1111,30.77,3.78,0.486,0.500,0.062,0.0070,0.0500
12525,-48.47585,-28.84976,-19.62609,-6.51316,-12.62456,-0.48837,0.9483,107.19,0.1111,30.66,3.88,0.487,0.500,0.062,0.0070,0.0500
12550,-48.48268,-28.89618,-19.58651,-6.54412,-12.54866,-0.49373,0.9528,17.10,0.0177,30.36,3.84,0.487,0.500,0.062,0.0070,0.0500
12575,-48.51252,-28.89277,-19.61976,-6.51769,-12.61711,-0.48496,0.9490,107.09,0.1110,30.54,3.79,0.487,0.500,0.062,0.0070,0.0500
12600,-48.54225,-28.95994,-19.58231,-6.52177,-12.54431,-0.51623,0.9496,107.00,0.1109,30.71,3.79,0.487,0.500,0.062,0.0070,0.0500
12625,-48.62243,-28.96653,-19.65590,-6.53762,-12.61254,-0.50574,0.9519,107.06,0.1110,30.38,3.70,0.487,0.500,0.062,0.0070,0.0500
12650,-48.50564,-28.93689,-19.56875,-6.48738,-12.57468,-0.50668,0.9446,17.08,0.0177,30.59,3.79,0.487,0.500,0.062,0.0070,0.0500
12675,-48.50477,-28.89812,-19.60666,-6.50160,-12.60707,-0.49799,0.9467,197.07,0.2043,30.57,3.71,0.487,0.500,0.062,0.0070,0.0500
12700,-48.55919,-28.92345,-19.63574,-6.54604,-12.59437,-0.49532,0.9531,107.04,0.1109,30.82,3.43,0.487,0.500,0.062,0.0070,0.0500
12725,-48.53133,-28.90800,-19.62333,-6.51479,-12.61071,-0.49784,0.9486,17.05,0.0177,30.69,3.50,0.487,0.500,0.062,0.0070,0.0500
12750,-48.47713,-28.86366,-19.61347,-6.50881,-12.60415,-0.50050,0.9477,17.12,0.0177,29.77,3.57,0.487,0.500,0.062,0.0070,0.0500
12775,-48.47700,-28.89242,-19.58458,-6.49173,-12.57723,-0.51562,0.9452,107.18,0.1111,30.27,3.50,0.487,0.500,0.062,0.0070,0.0500
12800,-48.44769,-28.85488,-19.59280,-6.51572,-12.58875,-0.48834,0.9487,17.15,0.0178,30.22,3.62,0.487,0.500,0.062,0.0070,0.0500
12825,-48.46956,-28.85772,-19.61184,-6.51650,-12.59629,-0.49905,0.9488,-72.78,-0.0754,30.09,3.88,0.487,0.500,0.062,0.0070,0.0500
12850,-48.57249,-28.90447,-19.66803,-6.54820,-12.62005,-0.49978,0.9534,-72.70,-0.0754,30.25,3.77,0.487,0.500,0.062,0.0070,0.0500
12875,-48.51382,-28.91711,-19.59672,-6.49474,-12.58848,-0.51350,0.9457,107.38,0.1113,30.49,3.50,0.487,0.500,0.062,0.0070,0.0500
12900,-48.54386,-28.92973,-19.61413,-6.53355,-12.57902,-0.50156,0.9513,107.37,0.1113,30.40,3.55,0.487,0.500,0.062,0.0070,0.0500
12925,-48.54813,-28.95900,-19.58913,-6.52352,-12.58666,-0.47895,0.9498,107.35,0.1113,30.41,3.95,0.487,0.500,0.062,0.0070,0.0500
12950,-48.61216,-28.99727,-19.61490,-6.49066,-12.62602,-0.49822,0.9451,107.29,0.1112,30.32,3.83,0.487,0.500,0.062,0.0070,0.0500
12975,-48.54551,-28.95686,-19.58864,-6.49463,-12.57669,-0.51732,0.9456,197.27,0.2045,30.50,3.78,0.487,0.500,0.062,0.0070,0.0500
13000,-48.55837,-28.95282,-19.60555,-6.51486,-12.58104,-0.50964,0.9486,107.31,0.1112,30.55,3.81,0.487,0.500,0.065,0.0073,0.0500
13025,-48.57725,-28.93580,-19.64145,-6.52564,-12.62328,-0.49253,0.9502,107.38,0.1113,30.67,3.50,0.487,0.500,0.065,0.0073,0.0500
13050,-48.59216,-28.99052,-19.60165,-6.49332,-12.59212,-0.51621,0.9454,107.39,0.1113,30.31,3.37,0.487,0.500,0.065,0.0073,0.0500
13075,-48.63836,-28.97340,-19.66496,-6.55248,-12.61552,-0.49696,0.9541,107.26,0.1112,30.61,3.52,0.487,0.500,0.065,0.0073,0.0500
13100,-48.56257,-28.96812,-19.59445,-6.50706,-12.56076,-0.52662,0.9474,17.34,0.0180,30.50,3.39,0.487,0.500,0.065,0.0073,0.0500
13125,-48.54851,-28.93297,-19.61553,-6.51099,-12.59499,-0.50956,0.9480,107.35,0.1113,30.35,3.67,0.487,0.500,0.065,0.0073,0.0500
13150,-48.60433,-28.98310,-19.62124,-6.52069,-12.59788,-0.50267,0.9494,107.34,0.1113,30.50,2.73,0.487,0.500,0.065,0.0073,0.0500
13175,-48.64155,-28.97002,-19.67153,-6.54751,-12.63859,-0.48543,0.9533,107.38,0.1113,30.26,3.14,0.487,0.500,0.065,0.0073,0.0500
13200,-48.63605,-29.01164,-19.62441,-6.51171,-12.61167,-0.50103,0.9481,17.44,0.0181,30.68,3.53,0.487,0.500,0.065,0.0073,0.0500
13225,-48.66526,-29.02870,-19.63656,-6.50980,-12.62009,-0.50668,0.9478,107.43,0.1114,30.26,3.79,0.487,0.500,0.065,0.0073,0.0500
13250,-48.63250,-29.04494,-19.58756,-6.51825,-12.56250,-0.50681,0.9491,107.36,0.1113,30.51,3.38,0.487,0.500,0.065,0.0073,0.0500
13275,-48.65271,-29.05355,-19.59916,-6.52384,-12.57799,-0.49733,0.9499,107.30,0.1112,30.16,3.90,0.487,0.500,0.065,0.0073,0.0500
13300,-48.65799,-29.02086,-19.63713,-6.52974,-12.60480,-0.50259,0.9507,17.34,0.0180,30.12,3.43,0.487,0.500,0.065,0.0073,0.0500
13325,-48.63078,-29.02550,-19.60528,-6.51355,-12.59071,-0.50102,0.9484,17.44,0.0181,30.11,3.81,0.487,0.500,0.065,0.0073,0.0500
13350,-48.65871,-29.00609,-19.65262,-6.55329,-12.60219,-0.49715,0.9542,107.40,0.1113,30.00,3.74,0.487,0.500,0.065,0.0073,0.0500
13375,-48.54900,-28.95460,-19.59440,-6.52009,-12.58142,-0.49289,0.9493,107.31,0.1112,30.21,3.84,0.487,0.500,0.065,0.0073,0.0500
13400,-48.62119,-28.98989,-19.63130,-6.53383,-12.59728,-0.50018,0.9513,17.29,0.0179,30.15,3.94,0.487,0.500,0.065,0.0073,0.0500
13425,-48.57938,-28.99399,-19.58539,-6.52838,-12.56069,-0.49632,0.9506,107.40,0.1113,30.01,4.07,0.487,0.500,0.065,0.0073,0.0500
13450,-48.60594,-28.98757,-19.61837,-6.50634,-12.60045,-0.51158,0.9473,107.36,0.1113,30.13,3.89,0.487,0.500,0.065,0.0073,0.0500
13475,-48.65722,-29.05341,-19.60380,-6.51441,-12.59471,-0.49468,0.9485,17.41,0.0180,29.76,3.89,0.487,0.500,0.065,0.0073,0.0500
13500,-48.69578,-29.12175,-19.57403,-6.49202,-12.57661,-0.50540,0.9453,17.39,0.0180,29.58,4.06,0.487,0.500,0.065,0.0073,0.0500
13525,-48.68843,-29.10473,-19.58370,-6.51404,-12.57800,-0.49165,0.9485,17.31,0.0179,29.35,4.20,0.487,0.500,0.065,0.0073,0.0500
13550,-48.75563,-29.15001,-19.60561,-6.51902,-12.59210,-0.49450,0.9492,17.42,0.0181,29.38,4.29,0.487,0.500,0.065,0.0073,0.0500
13575,-48.69907,-29.07855,-19.62052,-6.51924,-12.59893,-0.50235,0.9492,107.33,0.1113,30.01,3.77,0.487,0.500,0.065,0.0073,0.0500
13600,-48.68549,-29.06556,-19.61992,-6.51099,-12.60895,-0.49998,0.9480,17.40,0.0180,29.61,4.34,0.487,0.500,0.065,0.0073,0.0500
13625,-48.73057,-29.14013,-19.59044,-6.51207,-12.57706,-0.50131,0.9482,107.47,0.1114,29.60,4.09,0.487,0.500,0.065,0.0073,0.0500
13650,-48.72479,-29.07885,-19.64594,-6.53350,-12.61634,-0.49610,0.9513,107.36,0.1113,29.76,4.02,0.487,0.500,0.065,0.0073,0.0500
13675,-48.67966,-29.10653,-19.57313,-6.50567,-12.56500,-0.50246,0.9472,107.31,0.1112,29.89,3.92,0.487,0.500,0.065,0.0073,0.0500
13700,-48.65682,-29.03306,-19.62375,-6.51715,-12.60464,-0.50197,0.9489,17.31,0.0179,30.01,3.80,0.487,0.500,0.065,0.0073,0.0500
13725,-48.66959,-29.02537,-19.64421,-6.51621,-12.61906,-0.50895,0.9488,17.31,0.0179,30.31,3.61,0.487,0.500,0.065,0.0073,0.0500
13750,-48.63028,-29.01769,-19.61258,-6.49940,-12.60019,-0.51299,0.9463,17.21,0.0178,30.03,3.98,0.487,0.500,0.065,0.0073,0.0500
13775,-48.65695,-29.02018,-19.63677,-6.55478,-12.59845,-0.48353,0.9544,107.22,0.1111,30.34,3.29,0.487,0.500,0.065,0.0073,0.0500
13800,-48.73260,-29.07447,-19.65813,-6.54009,-12.62952,-0.48851,0.9523,107.10,0.1110,29.99,3.14,0.487,0.500,0.065,0.0073,0.0500
13825,-48.74596,-29.10469,-19.64127,-6.52611,-12.61628,-0.49889,0.9502,107.13,0.1111,29.64,3.87,0.487,0.500,0.065,0.0073,0.0500
13850,-48.64786,-29.02664,-19.62122,-6.53296,-12.58218,-0.50608,0.9512,17.22,0.0179,30.16,3.49,0.487,0.500,0.065,0.0073,0.0500
13875,-48.70633,-29.06220,-19.64413,-6.51422,-12.61535,-0.51455,0.9485,17.37,0.0180,29.80,4.13,0.487,0.500,0.065,0.0073,0.0500
13900,-48.72201,-29.07785,-19.64416,-6.51818,-12.62940,-0.49657,0.9491,107.39,0.1113,30.04,3.50,0.487,0.500,0.065,0.0073,0.0500
13925,-48.68926,-29.06727,-19.62199,-6.53183,-12.58988,-0.50028,0.9511,107.19,0.1111,30.37,3.43,0.487,0.500,0.065,0.0073,0.0500
13950,-48.74069,-29.13188,-19.60882,-6.49385,-12.60407,-0.51089,0.9455,107.22,0.1112,29.78,3.99,0.487,0.500,0.065,0.0073,0.0500
13975,-48.65468,-29.06057,-19.59411,-6.52885,-12.55646,-0.50880,0.9506,107.32,0.1113,29.57,3.90,0.487,0.500,0.065,0.0073,0.0500
14000,-48.59868,-29.00823,-19.59045,-6.49563,-12.56464,-0.53018,0.9458,107.35,0.1113,30.28,3.78,0.487,0.500,0.062,0.0070,0.0500
14025,-48.63066,-29.00621,-19.62445,-6.47670,-12.63323,-0.51452,0.9430,17.10,0.0177,30.37,3.52,0.487,0.500,0.062,0.0070,0.0500
14050,-48.71846,-29.07345,-19.64501,-6.52583,-12.60796,-0.51123,0.9502,17.16,0.0178,30.75,3.50,0.487,0.500,0.062,0.0070,0.0500
14075,-48.65995,-29.01429,-19.64566,-6.49292,-12.63494,-0.51780,0.9454,17.10,0.0177,30.61,3.70,0.487,0.500,0.062,0.0070,0.0500
14100,-48.61530,-29.00076,-19.61455,-6.52992,-12.59527,-0.48936,0.9508,17.18,0.0178,30.79,3.77,0.487,0.500,0.062,0.0070,0.0500
14125,-48.77194,-29.08144,-19.69050,-6.52035,-12.66427,-0.50589,0.9494,17.17,0.0178,30.68,3.83,0.487,0.500,0.062,0.0070,0.0500
14150,-48.68208,-29.07275,-19.60932,-6.53457,-12.58396,-0.49080,0.9515,107.12,0.1111,30.71,3.88,0.487,0.500,0.062,0.0070,0.0500
14175,-48.72188,-29.09629,-19.62559,-6.50743,-12.60174,-0.51642,0.9475,107.12,0.1111,30.69,3.66,0.487,0.500,0.062,0.0070,0.0500
14200,-48.79140,-29.12903,-19.66237,-6.52645,-12.64515,-0.49077,0.9503,107.06,0.1110,30.58,3.93,0.487,0.500,0.062,0.0070,0.0500
14225,-48.75252,-29.08972,-19.66281,-6.52513,-12.64305,-0.49463,0.9501,107.14,0.1111,30.76,3.67,0.487,0.500,0.062,0.0070,0.0500
14250,-48.71666,-29.10126,-19.61541,-6.50276,-12.60583,-0.50681,0.9468,17.09,0.0177,30.50,3.45,0.487,0.500,0.062,0.0070,0.0500
14275,-48.75513,-29.12800,-19.62713,-6.52339,-12.60733,-0.49641,0.9498,-72.84,-0.0755,30.13,3.85,0.487,0.500,0.062,0.0070,0.0500
14300,-48.77454,-29.12192,-19.65262,-6.53097,-12.61481,-0.50683,0.9509,17.18,0.0178,30.49,3.76,0.487,0.500,0.062,0.0070,0.0500
14325,-48.69894,-29.09860,-19.60034,-6.49646,-12.60168,-0.50220,0.9459,17.18,0.0178,30.16,3.54,0.487,0.500,0.062,0.0070,0.0500
14350,-48.77757,-29.13868,-19.63889,-6.52489,-12.61460,-0.49940,0.9500,17.20,0.0178,30.41,3.76,0.487,0.500,0.062,0.0070,0.0500
14375,-48.77458,-29.10655,-19.66803,-6.55072,-12.61589,-0.50141,0.9538,17.25,0.0179,30.22,3.66,0.487,0.500,0.062,0.0070,0.0500
14400,-48.69500,-29.09153,-19.60347,-6.53604,-12.56211,-0.50533,0.9517,17.13,0.0178,29.90,3.75,0.487,0.500,0.062,0.0070,0.0500
14425,-48.78061,-29.13288,-19.64773,-6.53343,-12.61823,-0.49607,0.9513,107.19,0.1111,30.39,3.33,0.487,0.500,0.062,0.0070,0.0500
14450,-48.76965,-29.18507,-19.58458,-6.52419,-12.54461,-0.51578,0.9499,17.05,0.0177,30.11,3.48,0.487,0.500,0.062,0.0070,0.0500
14475,-48.82783,-29.18958,-19.63826,-6.50286,-12.63368,-0.50171,0.9468,16.88,0.0175,30.20,3.67,0.487,0.500,0.062,0.0070,0.0500
14500,-48.78136,-29.13744,-19.64391,-6.50850,-12.62163,-0.51378,0.9477,16.94,0.0176,30.22,3.55,0.487,0.500,0.062,0.0070,0.0500
14525,-48.79183,-29.13553,-19.65630,-6.55129,-12.60601,-0.49899,0.9539,106.89,0.1108,30.59,3.39,0.487,0.500,0.062,0.0070,0.0500
14550,-48.75480,-29.13135,-19.62346,-6.55249,-12.59100,-0.47996,0.9541,106.80,0.1107,30.44,3.45,0.487,0.500,0.062,0.0070,0.0500
14575,-48.76668,-29.15666,-19.61002,-6.52592,-12.60613,-0.47796,0.9502,106.77,0.1107,30.39,3.49,0.487,0.500,0.062,0.0070,0.0500
14600,-48.79629,-29.16563,-19.63066,-6.52222,-12.60813,-0.50031,0.9497,-73.16,-0.0758,30.04,3.69,0.487,0.500,0.062,0.0070,0.0500
14625,-48.75478,-29.12723,-19.62755,-6.52440,-12.60573,-0.49742,0.9500,-73.25,-0.0759,30.22,3.89,0.487,0.500,0.062,0.0070,0.0500
14650,-48.85756,-29.22068,-19.63689,-6.51286,-12.60396,-0.52006,0.9483,106.68,0.1106,30.57,3.83,0.487,0.500,0.062,0.0070,0.0500
14675,-48.73395,-29.16334,-19.57060,-6.50646,-12.55457,-0.50956,0.9474,106.66,0.1106,30.44,3.77,0.487,0.500,0.062,0.0070,0.0500
14700,-48.71387,-29.12370,-19.59018,-6.49883,-12.58045,-0.51089,0.9462,106.67,0.1106,30.55,3.64,0.487,0.500,0.062,0.0070,0.0500
14725,-48.76209,-29.14233,-19.61976,-6.49571,-12.63347,-0.49059,0.9458,196.73,0.2039,30.62,3.72,0.487,0.500,0.062,0.0070,0.0500
14750,-48.81156,-29.20753,-19.60404,-6.51668,-12.58941,-0.49794,0.9488,106.70,0.1106,30.59,3.80,0.487,0.500,0.062,0.0070,0.0500
14775,-48.81897,-29.21816,-19.60081,-6.49534,-12.57532,-0.53015,0.9457,106.74,0.1106,30.89,3.56,0.487,0.500,0.062,0.0070,0.0500
14800,-48.88077,-29.24157,-19.63919,-6.50187,-12.63352,-0.50380,0.9467,106.89,0.1108,30.29,3.62,0.487,0.500,0.062,0.0070,0.0500
14825,-48.84641,-29.26695,-19.57946,-6.51541,-12.56092,-0.50313,0.9487,106.95,0.1108,30.59,3.66,0.487,0.500,0.062,0.0070,0.0500
14850,-48.90091,-29.24362,-19.65729,-6.49367,-12.65068,-0.51294,0.9455,107.00,0.1109,30.67,3.59,0.487,0.500,0.062,0.0070,0.0500
14875,-48.84001,-29.19726,-19.64275,-6.51462,-12.62898,-0.49915,0.9485,107.00,0.1109,30.59,3.64,0.487,0.500,0.062,0.0070,0.0500
14900,-48.83991,-29.21456,-19.62535,-6.50651,-12.61747,-0.50136,0.9474,107.03,0.1109,30.69,3.54,0.487,0.500,0.062,0.0070,0.0500
14925,-48.89049,-29.25723,-19.63326,-6.51335,-12.62380,-0.49611,0.9484,106.95,0.1109,30.79,3.45,0.487,0.500,0.062,0.0070,0.0500
14950,-48.89579,-29.30848,-19.58730,-6.49502,-12.56197,-0.53031,0.9457,106.94,0.1108,30.79,3.45,0.487,0.500,0.062,0.0070,0.0500
14975,-48.87506,-29.30277,-19.57228,-6.51094,-12.54623,-0.51511,0.9480,106.86,0.1107,30.76,3.43,0.487,0.500,0.062,0.0070,0.0500
15000,-48.91702,-29.32361,-19.59342,-6.51986,-12.56825,-0.50530,0.9493,106.90,0.1108,30.03,3.88,0.487,0.500,0.059,0.0066,0.0500
15025,-48.99393,-29.35750,-19.63643,-6.51138,-12.62157,-0.50348,0.9481,107.01,0.1109,30.50,3.66,0.487,0.500,0.059,0.0066,0.0500
15050,-48.91295,-29.30990,-19.60305,-6.53754,-12.58465,-0.48087,0.9519,107.07,0.1110,30.45,3.85,0.487,0.500,0.059,0.0066,0.0500
15075,-48.85367,-29.24957,-19.60409,-6.50979,-12.58539,-0.50892,0.9478,107.10,0.1110,30.72,3.85,0.487,0.500,0.059,0.0066,0.0500
15100,-48.79129,-29.20084,-19.59044,-6.50501,-12.57388,-0.51155,0.9471,197.16,0.2043,30.90,3.28,0.487,0.500,0.059,0.0066,0.0500
15125,-48.86502,-29.26331,-19.60171,-6.50354,-12.59882,-0.49935,0.9469,107.22,0.1111,30.46,3.55,0.487,0.500,0.059,0.0066,0.0500
15150,-48.84735,-29.25070,-19.59664,-6.49511,-12.58532,-0.51622,0.9457,107.19,0.1111,30.61,3.32,0.487,0.500,0.059,0.0066,0.0500
15175,-48.88425,-29.29986,-19.58439,-6.50021,-12.56753,-0.51665,0.9464,107.08,0.1110,30.95,3.10,0.487,0.500,0.059,0.0066,0.0500
15200,-48.89675,-29.27152,-19.62522,-6.50782,-12.61613,-0.50128,0.9476,107.06,0.1109,30.86,3.39,0.487,0.500,0.059,0.0066,0.0500
15225,-48.77347,-29.19078,-19.58269,-6.52193,-12.57668,-0.48408,0.9496,107.11,0.1110,30.78,3.48,0.487,0.500,0.059,0.0066,0.0500
15250,-48.84748,-29.23950,-19.60798,-6.49703,-12.59616,-0.51479,0.9460,17.17,0.0178,30.51,3.50,0.487,0.500,0.059,0.0066,0.0500
15275,-48.80700,-29.21302,-19.59398,-6.50311,-12.57848,-0.51239,0.9469,107.15,0.1110,30.54,3.33,0.488,0.500,0.059,0.0066,0.0500
15300,-48.89145,-29.26756,-19.62389,-6.52111,-12.58604,-0.51673,0.9495,17.04,0.0177,30.86,3.02,0.488,0.500,0.059,0.0066,0.0500
15325,-48.82970,-29.24845,-19.58125,-6.50428,-12.55513,-0.52184,0.9470,17.02,0.0176,30.57,3.19,0.488,0.500,0.059,0.0066,0.0500
15350,-48.84209,-29.21499,-19.62709,-6.53104,-12.59441,-0.50165,0.9509,17.06,0.0177,30.59,3.57,0.488,0.500,0.059,0.0066,0.0500
15375,-48.78466,-29.19854,-19.58612,-6.53176,-12.56724,-0.48712,0.9510,17.05,0.0177,30.35,3.64,0.488,0.500,0.059,0.0066,0.0500
15400,-48.86226,-29.23078,-19.63147,-6.50593,-12.60609,-0.51946,0.9473,17.02,0.0176,30.60,3.62,0.488,0.500,0.059,0.0066,0.0500
15425,-48.89576,-29.27566,-19.62009,-6.50919,-12.61754,-0.49336,0.9478,16.98,0.0176,30.70,3.62,0.488,0.500,0.059,0.0066,0.0500
15450,-48.89241,-29.27091,-19.62150,-6.54284,-12.58692,-0.49175,0.9527,17.02,0.0176,30.41,3.48,0.488,0.500,0.059,0.0066,0.0500
15475,-48.88320,-29.26016,-19.62304,-6.53492,-12.59325,-0.49488,0.9515,17.10,0.0177,30.35,3.70,0.488,0.500,0.059,0.0066,0.0500
15500,-48.92468,-29.28572,-19.63896,-6.52071,-12.61411,-0.50414,0.9494,17.08,0.0177,30.31,3.51,0.488,0.500,0.059,0.0066,0.0500
15525,-48.83329,-29.22119,-19.61210,-6.49644,-12.59025,-0.52540,0.9459,17.06,0.0177,30.27,4.06,0.488,0.500,0.059,0.0066,0.0500
15550,-48.92039,-29.31544,-19.60495,-6.51342,-12.61438,-0.47714,0.9484,17.00,0.0176,30.55,3.51,0.488,0.500,0.059,0.0066,0.0500
15575,-48.95593,-29.35344,-19.60249,-6.49325,-12.59159,-0.51765,0.9454,17.00,0.0176,30.61,3.25,0.488,0.500,0.059,0.0066,0.0500
15600,-48.87406,-29.29975,-19.57431,-6.50459,-12.56223,-0.50749,0.9471,-72.96,-0.0756,30.31,3.79,0.488,0.500,0.059,0.0066,0.0500
15625,-48.87887,-29.27534,-19.60353,-6.51085,-12.58672,-0.50595,0.9480,-72.98,-0.0756,30.15,3.47,0.488,0.500,0.059,0.0066,0.0500
15650,-48.94276,-29.34332,-19.59944,-6.48515,-12.62842,-0.48587,0.9443,16.91,0.0175,30.44,3.51,0.488,0.500,0.059,0.0066,0.0500
15675,-48.96541,-29.35979,-19.60562,-6.52133,-12.55726,-0.52703,0.9495,16.95,0.0176,30.54,3.40,0.488,0.500,0.059,0.0066,0.0500
15700,-48.94197,-29.29559,-19.64638,-6.54453,-12.61099,-0.49085,0.9529,106.92,0.1108,30.38,3.59,0.488,0.500,0.059,0.0066,0.0500
15725,-48.90644,-29.27873,-19.62771,-6.53361,-12.58218,-0.51193,0.9513,16.86,0.0175,30.56,3.48,0.488,0.500,0.059,0.0066,0.0500
15750,-48.97620,-29.34281,-19.63338,-6.52486,-12.60829,-0.50023,0.9500,16.84,0.0174,30.59,3.32,0.488,0.500,0.059,0.0066,0.0500
15775,-48.90603,-29.34066,-19.56538,-6.51932,-12.56214,-0.48392,0.9492,16.83,0.0174,30.67,3.53,0.488,0.500,0.059,0.0066,0.0500
15800,-48.89747,-29.34592,-19.55155,-6.50367,-12.53662,-0.51126,0.9470,16.72,0.0173,30.36,3.61,0.488,0.500,0.059,0.0066,0.0500
15825,-48.86472,-29.26886,-19.59586,-6.51064,-12.56685,-0.51838,0.9480,16.80,0.0174,30.42,3.55,0.488,0.500,0.059,0.0066,0.0500
15850,-48.98933,-29.30742,-19.68191,-6.52663,-12.65986,-0.49542,0.9503,16.84,0.0175,30.72,3.59,0.488,0.500,0.059,0.0066,0.0500
15875,-48.95321,-29.34682,-19.60639,-6.52872,-12.57761,-0.50005,0.9506,16.81,0.0174,30.57,3.56,0.488,0.500,0.059,0.0066,0.0500
15900,-48.91133,-29.30680,-19.60453,-6.52798,-12.55585,-0.52070,0.9505,16.73,0.0173,30.43,3.58,0.488,0.500,0.059,0.0066,0.0500
15925,-49.03320,-29.38279,-19.65040,-6.49515,-12.64274,-0.51251,0.9457,16.75,0.0174,30.45,3.61,0.488,0.500,0.059,0.0066,0.0500
15950,-48.96937,-29.34701,-19.62236,-6.48738,-12.62455,-0.51043,0.9446,106.71,0.1106,30.93,3.38,0.488,0.500,0.059,0.0066,0.0500
15975,-48.98561,-29.32557,-19.66004,-6.49775,-12.65242,-0.50987,0.9461,106.83,0.1107,30.86,3.26,0.488,0.500,0.059,0.0066,0.0500
16000,-48.94590,-29.33291,-19.61299,-6.51815,-12.58459,-0.51025,0.9491,16.68,0.0173,30.66,3.15,0.488,0.500,0.062,0.0070,0.0500
16025,-48.86461,-29.27975,-19.58487,-6.50483,-12.59282,-0.48722,0.9471,16.78,0.0174,30.90,3.38,0.488,0.500,0.062,0.0070,0.0500
16050,-48.94366,-29.31149,-19.63217,-6.52751,-12.61013,-0.49453,0.9504,16.97,0.0176,30.84,3.48,0.488,0.500,0.062,0.0070,0.0500
16075,-48.90663,-29.33229,-19.57434,-6.49829,-12.57275,-0.50329,0.9462,16.97,0.0176,30.63,3.30,0.488,0.500,0.062,0.0070,0.0500
16100,-48.86769,-29.25747,-19.61022,-6.53083,-12.57280,-0.50660,0.9509,17.04,0.0177,30.83,3.42,0.488,0.500,0.062,0.0070,0.0500
16125,-48.87745,-29.32319,-19.55427,-6.49376,-12.53690,-0.52361,0.9455,17.15,0.0178,30.70,3.33,0.488,0.500,0.062,0.0070,0.0500
16150,-48.87701,-29.27753,-19.59948,-6.48406,-12.59993,-0.51549,0.9441,17.19,0.0178,30.51,3.60,0.488,0.500,0.062,0.0070,0.0500
16175,-48.93399,-29.32481,-19.60918,-6.50371,-12.57488,-0.53059,0.9470,17.12,0.0177,30.94,3.34,0.488,0.500,0.062,0.0070,0.0500
16200,-48.94654,-29.31474,-19.63179,-6.52220,-12.59593,-0.51366,0.9497,17.19,0.0178,30.94,3.45,0.488,0.500,0.062,0.0070,0.0500
16225,-48.99661,-29.35164,-19.64496,-6.54579,-12.59457,-0.50460,0.9531,17.32,0.0180,30.88,3.02,0.488,0.500,0.062,0.0070,0.0500
16250,-48.87807,-29.24650,-19.63157,-6.51991,-12.61391,-0.49775,0.9493,-72.72,-0.0754,30.93,3.03,0.488,0.500,0.062,0.0070,0.0500
16275,-48.85634,-29.30965,-19.54668,-6.53071,-12.52443,-0.49154,0.9509,17.29,0.0179,31.01,2.97,0.488,0.500,0.062,0.0070,0.0500
16300,-48.95495,-29.31956,-19.63539,-6.51772,-12.61724,-0.50043,0.9490,17.36,0.0180,30.50,3.32,0.488,0.500,0.062,0.0070,0.0500
16325,-48.97627,-29.32952,-19.64675,-6.53014,-12.61232,-0.50429,0.9508,17.29,0.0179,30.71,3.16,0.488,0.500,0.062,0.0070,0.0500
16350,-48.93960,-29.32846,-19.61114,-6.54364,-12.56801,-0.49949,0.9528,-72.73,-0.0754,30.43,3.39,0.488,0.500,0.062,0.0070,0.0500
16375,-48.92049,-29.28412,-19.63637,-6.51025,-12.62539,-0.50073,0.9479,17.26,0.0179,30.94,2.85,0.488,0.500,0.062,0.0070,0.0500
16400,-48.93638,-29.34540,-19.59098,-6.50452,-12.56878,-0.51769,0.9471,17.32,0.0180,30.65,3.56,0.488,0.500,0.062,0.0070,0.0500
16425,-48.95098,-29.36307,-19.58791,-6.45914,-12.61320,-0.51557,0.9405,17.25,0.0179,30.64,3.24,0.488,0.500,0.062,0.0070,0.0500
16450,-48.95304,-29.35454,-19.59850,-6.51141,-12.57880,-0.50829,0.9481,107.32,0.1112,30.64,3.28,0.488,0.500,0.062,0.0070,0.0500
16475,-48.97738,-29.33708,-19.64030,-6.52032,-12.60903,-0.51095,0.9494,17.38,0.0180,30.41,3.62,0.488,0.500,0.062,0.0070,0.0500
16500,-48.91986,-29.32165,-19.59821,-6.51723,-12.57221,-0.50878,0.9489,17.44,0.0181,30.34,3.75,0.488,0.500,0.062,0.0070,0.0500
16525,-48.93749,-29.35378,-19.58371,-6.52276,-12.55998,-0.50097,0.9497,-72.55,-0.0752,30.34,4.04,0.488,0.500,0.062,0.0070,0.0500
16550,-49.05537,-29.39397,-19.66140,-6.55357,-12.62022,-0.48761,0.9542,-72.69,-0.0753,30.34,4.03,0.488,0.500,0.062,0.0070,0.0500
16575,-48.98442,-29.37563,-19.60878,-6.52939,-12.58479,-0.49461,0.9507,17.38,0.0180,30.79,3.53,0.488,0.500,0.062,0.0070,0.0500
16600,-48.98591,-29.38509,-19.60082,-6.53712,-12.55824,-0.50546,0.9518,-72.72,-0.0754,30.79,3.53,0.488,0.500,0.062,0.0070,0.0500
16625,-48.98615,-29.38080,-19.60535,-6.52559,-12.56868,-0.51108,0.9501,-72.78,-0.0754,31.02,3.17,0.488,0.500,0.062,0.0070,0.0500
16650,-48.95496,-29.28796,-19.66700,-6.52621,-12.63540,-0.50539,0.9502,-72.72,-0.0754,31.15,3.22,0.488,0.500,0.062,0.0070,0.0500
16675,-48.99696,-29.36524,-19.63172,-6.55484,-12.58843,-0.48845,0.9544,17.32,0.0179,30.73,3.67,0.488,0.500,0.062,0.0070,0.0500
16700,-48.91735,-29.29196,-19.62539,-6.53353,-12.60053,-0.49134,0.9513,-72.68,-0.0753,30.94,3.46,0.488,0.500,0.062,0.0070,0.0500
16725,-48.96191,-29.35863,-19.60328,-6.53623,-12.56478,-0.50227,0.9517,-72.68,-0.0753,30.96,3.44,0.488,0.500,0.062,0.0070,0.0500
16750,-48.97404,-29.35273,-19.62132,-6.53715,-12.56964,-0.51452,0.9518,-72.83,-0.0755,30.79,3.58,0.488,0.500,0.062,0.0070,0.0500
16775,-49.00803,-29.37217,-19.63585,-6.48690,-12.62780,-0.52116,0.9445,17.20,0.0178,30.50,3.81,0.488,0.500,0.062,0.0070,0.0500
16800,-49.02630,-29.37441,-19.65188,-6.51466,-12.64421,-0.49301,0.9486,17.16,0.0178,31.05,3.46,0.488,0.500,0.062,0.0070,0.0500
16825,-48.99082,-29.36436,-19.62645,-6.49516,-12.61327,-0.51802,0.9457,107.17,0.1110,30.96,3.35,0.488,0.500,0.062,0.0070,0.0500
16850,-49.01926,-29.38622,-19.63304,-6.49864,-12.63329,-0.50111,0.9462,107.24,0.1111,30.23,4.06,0.488,0.500,0.062,0.0070,0.0500
16875,-49.00422,-29.35249,-19.65172,-6.54434,-12.61309,-0.49429,0.9529,17.20,0.0178,30.38,3.78,0.488,0.500,0.062,0.0070,0.0500
16900,-48.98150,-29.36128,-19.62022,-6.50395,-12.59670,-0.51957,0.9470,17.26,0.0179,29.88,3.70,0.488,0.500,0.062,0.0070,0.0500
16925,-48.95550,-29.34141,-19.61409,-6.51689,-12.59316,-0.50404,0.9489,17.39,0.0180,30.87,3.40,0.488,0.500,0.062,0.0070,0.0500
16950,-48.95728,-29.31793,-19.63935,-6.52922,-12.61125,-0.49889,0.9507,17.39,0.0180,30.55,3.51,0.488,0.500,0.062,0.0070,0.0500
16975,-48.89223,-29.31164,-19.58059,-6.49634,-12.58178,-0.50246,0.9459,107.37,0.1113,30.48,3.40,0.488,0.500,0.062,0.0070,0.0500
17000,-49.00839,-29.38204,-19.62634,-6.51044,-12.61605,-0.49985,0.9479,107.25,0.1111,31.07,3.46,0.488,0.500,0.059,0.0066,0.0500
17025,-49.03466,-29.41404,-19.62061,-6.50908,-12.60022,-0.51131,0.9477,17.28,0.0179,30.95,3.49,0.488,0.500,0.059,0.0066,0.0500
17050,-48.94694,-29.33108,-19.61587,-6.51171,-12.58875,-0.51540,0.9481,17.31,0.0179,30.93,3.57,0.488,0.500,0.059,0.0066,0.0500
17075,-48.96588,-29.36731,-19.59857,-6.49051,-12.59115,-0.51691,0.9450,17.35,0.0180,31.10,3.41,0.488,0.500,0.059,0.0066,0.0500
17100,-48.96003,-29.33228,-19.62775,-6.51815,-12.60012,-0.50948,0.9491,17.34,0.0180,30.71,3.26,0.488,0.500,0.059,0.0066,0.0500
17125,-48.94242,-29.32161,-19.62081,-6.50795,-12.61956,-0.49330,0.9476,17.32,0.0179,31.06,3.47,0.488,0.500,0.059,0.0066,0.0500
17150,-48.99470,-29.38526,-19.60945,-6.51814,-12.58129,-0.51002,0.9491,107.34,0.1112,30.84,2.95,0.488,0.500,0.059,0.0066,0.0500
17175,-48.92115,-29.33521,-19.58594,-6.51709,-12.54727,-0.52158,0.9489,107.26,0.1111,30.81,3.08,0.488,0.500,0.059,0.0066,0.0500
17200,-48.99170,-29.35961,-19.63209,-6.52237,-12.60442,-0.50530,0.9497,107.41,0.1113,30.87,2.90,0.488,0.500,0.059,0.0066,0.0500
17225,-48.98995,-29.39466,-19.59528,-6.49084,-12.59346,-0.51098,0.9451,17.49,0.0181,30.79,2.90,0.488,0.500,0.059,0.0066,0.0500
17250,-48.98643,-29.40247,-19.58396,-6.48691,-12.56299,-0.53406,0.9445,17.38,0.0180,30.60,3.02,0.488,0.500,0.059,0.0066,0.0500
17275,-48.96556,-29.37269,-19.59287,-6.47145,-12.61258,-0.50884,0.9423,-72.69,-0.0753,30.45,3.29,0.488,0.500,0.059,0.0066,0.0500
17300,-49.02581,-29.35815,-19.66766,-6.53771,-12.60268,-0.52727,0.9519,17.27,0.0179,30.68,2.72,0.488,0.500,0.059,0.0066,0.0500
17325,-48.97488,-29.37207,-19.60281,-6.50970,-12.58711,-0.50600,0.9478,17.39,0.0180,30.45,2.95,0.489,0.500,0.059,0.0066,0.0500
17350,-48.87269,-29.31408,-19.55860,-6.49087,-12.54244,-0.52529,0.9451,107.37,0.1112,30.88,2.26,0.489,0.500,0.059,0.0066,0.0500
17375,-48.90064,-29.30340,-19.59724,-6.48958,-12.58145,-0.52622,0.9449,17.46,0.0181,30.62,2.09,0.489,0.500,0.059,0.0066,0.0500
17400,-48.88949,-29.29250,-19.59699,-6.51184,-12.58693,-0.49822,0.9481,17.37,0.0180,30.43,2.01,0.489,0.500,0.059,0.0066,0.0500
17425,-48.98365,-29.32608,-19.65757,-6.48867,-12.65171,-0.51719,0.9448,17.31,0.0179,30.26,1.85,0.489,0.500,0.059,0.0066,0.0500
17450,-48.92045,-29.27442,-19.64603,-6.50806,-12.63061,-0.50737,0.9476,17.27,0.0179,30.34,1.82,0.489,0.500,0.059,0.0066,0.0500
17475,-48.85093,-29.29850,-19.55243,-6.48096,-12.55469,-0.51678,0.9436,17.45,0.0181,30.33,1.87,0.489,0.500,0.059,0.0066,0.0500
17500,-48.98944,-29.35273,-19.63671,-6.49126,-12.62137,-0.52408,0.9451,107.44,0.1113,31.06,1.80,0.489,0.500,0.059,0.0066,0.0500
17525,-49.01851,-29.38719,-19.63133,-6.52620,-12.60384,-0.50128,0.9502,107.38,0.1113,30.98,1.97,0.489,0.500,0.059,0.0066,0.0500
17550,-48.92536,-29.33044,-19.59492,-6.50120,-12.57090,-0.52282,0.9466,107.41,0.1113,30.22,3.04,0.489,0.500,0.059,0.0066,0.0500
17575,-48.99470,-29.36277,-19.63194,-6.50208,-12.62176,-0.50810,0.9467,107.41,0.1113,30.40,2.74,0.489,0.500,0.059,0.0066,0.0500
17600,-48.94159,-29.35631,-19.58527,-6.48140,-12.57921,-0.52467,0.9437,17.29,0.0179,30.09,2.77,0.489,0.500,0.059,0.0066,0.0500
17625,-48.93584,-29.32940,-19.60644,-6.50520,-12.56831,-0.53293,0.9472,17.34,0.0180,30.09,2.76,0.489,0.500,0.059,0.0066,0.0500
17650,-48.94937,-29.31663,-19.63274,-6.51550,-12.61269,-0.50455,0.9487,17.33,0.0180,30.30,2.50,0.489,0.500,0.059,0.0066,0.0500
17675,-48.93108,-29.32573,-19.60535,-6.50131,-12.59198,-0.51205,0.9466,17.29,0.0179,30.41,2.86,0.489,0.500,0.059,0.0066,0.0500
17700,-48.89581,-29.32370,-19.57211,-6.49657,-12.56882,-0.50671,0.9459,17.25,0.0179,30.55,2.59,0.489,0.500,0.059,0.0066,0.0500
17725,-48.99211,-29.34288,-19.64923,-6.49224,-12.64840,-0.50859,0.9453,17.22,0.0178,30.42,3.19,0.489,0.500,0.059,0.0066,0.0500
17750,-48.90896,-29.36055,-19.54841,-6.51671,-12.52147,-0.51023,0.9489,107.33,0.1112,30.64,2.08,0.489,0.500,0.059,0.0066,0.0500
17775,-49.06643,-29.42837,-19.63806,-6.50838,-12.61306,-0.51662,0.9476,17.25,0.0179,30.11,2.46,0.489,0.500,0.059,0.0066,0.0500
17800,-48.97978,-29.39311,-19.58667,-6.50411,-12.57712,-0.50544,0.9470,107.42,0.1113,30.72,2.04,0.489,0.500,0.059,0.0066,0.0500
17825,-49.03370,-29.42553,-19.60817,-6.49574,-12.60539,-0.50703,0.9458,107.64,0.1115,30.57,2.67,0.489,0.500,0.059,0.0066,0.0500
17850,-48.98971,-29.34340,-19.64632,-6.55084,-12.59673,-0.49874,0.9538,17.68,0.0183,30.21,3.05,0.489,0.500,0.059,0.0066,0.0500
17875,-49.07786,-29.42153,-19.65633,-6.52322,-12.63031,-0.50280,0.9498,107.55,0.1114,30.44,3.07,0.489,0.500,0.059,0.0066,0.0500
17900,-49.01827,-29.45486,-19.56341,-6.52699,-12.51667,-0.51976,0.9503,107.43,0.1113,30.39,2.98,0.489,0.500,0.059,0.0066,0.0500
17925,-49.09426,-29.43458,-19.65967,-6.52523,-12.63875,-0.49570,0.9501,107.51,0.1114,30.38,3.42,0.489,0.500,0.059,0.0066,0.0500
17950,-49.03509,-29.42660,-19.60849,-6.50758,-12.59744,-0.50347,0.9475,107.56,0.1115,30.32,3.06,0.489,0.500,0.059,0.0066,0.0500
17975,-48.98577,-29.41758,-19.56819,-6.49788,-12.55399,-0.51632,0.9461,17.51,0.0181,30.59,2.94,0.489,0.500,0.059,0.0066,0.0500
18000,-48.98392,-29.37077,-19.61315,-6.50696,-12.57641,-0.52979,0.9474,17.51,0.0181,30.46,3.07,0.489,0.500,0.062,0.0069,0.0500
18025,-49.02917,-29.41304,-19.61613,-6.51077,-12.58555,-0.51982,0.9480,17.36,0.0180,30.52,2.67,0.489,0.500,0.062,0.0069,0.0500
18050,-49.00779,-29.43230,-19.57549,-6.51504,-12.53884,-0.52161,0.9486,107.37,0.1113,30.31,2.74,0.489,0.500,0.062,0.0069,0.0500
18075,-49.01787,-29.39321,-19.62466,-6.55285,-12.56492,-0.50689,0.9541,107.29,0.1112,30.26,2.73,0.489,0.500,0.062,0.0069,0.0500
18100,-49.03356,-29.41045,-19.62310,-6.50389,-12.60732,-0.51189,0.9470,107.24,0.1111,30.75,2.56,0.489,0.500,0.062,0.0069,0.0500
18125,-49.01219,-29.37647,-19.63572,-6.49512,-12.63529,-0.50532,0.9457,107.28,0.1112,30.77,2.20,0.489,0.500,0.062,0.0069,0.0500
18150,-49.03275,-29.40730,-19.62544,-6.51886,-12.61187,-0.49471,0.9492,17.21,0.0178,30.42,3.40,0.489,0.500,0.062,0.0069,0.0500
18175,-49.06286,-29.46324,-19.59963,-6.51586,-12.55984,-0.52392,0.9487,17.08,0.0177,30.37,3.43,0.489,0.500,0.062,0.0069,0.0500
18200,-49.06358,-29.45435,-19.60922,-6.48615,-12.58933,-0.53375,0.9444,17.08,0.0177,30.35,3.55,0.489,0.500,0.062,0.0069,0.0500
18225,-49.08107,-29.42727,-19.65380,-6.49798,-12.63813,-0.51769,0.9461,17.14,0.0178,30.52,3.74,0.489,0.500,0.062,0.0069,0.0500
18250,-49.05584,-29.42975,-19.62609,-6.51232,-12.61094,-0.50282,0.9482,17.08,0.0177,30.48,3.77,0.489,0.500,0.062,0.0069,0.0500
18275,-49.04765,-29.43617,-19.61148,-6.50143,-12.60235,-0.50771,0.9466,17.12,0.0177,30.59,3.23,0.489,0.500,0.062,0.0069,0.0500
18300,-49.01613,-29.40311,-19.61302,-6.49295,-12.60552,-0.51454,0.9454,17.16,0.0178,30.38,3.37,0.489,0.500,0.062,0.0069,0.0500
18325,-49.01220,-29.38248,-19.62973,-6.51840,-12.60218,-0.50915,0.9491,17.20,0.0178,30.28,3.55,0.489,0.500,0.062,0.0069,0.0500
18350,-49.11814,-29.45211,-19.66603,-6.51262,-12.63288,-0.52053,0.9483,17.14,0.0178,30.72,2.39,0.489,0.500,0.062,0.0069,0.0500
18375,-49.04938,-29.43338,-19.61600,-6.51377,-12.59897,-0.50326,0.9484,17.18,0.0178,30.58,2.22,0.489,0.500,0.062,0.0069,0.0500
18400,-49.07177,-29.40408,-19.66769,-6.52993,-12.62967,-0.50809,0.9508,17.04,0.0177,30.01,2.42,0.489,0.500,0.062,0.0069,0.0500
18425,-49.04388,-29.44310,-19.60078,-6.50971,-12.57927,-0.51180,0.9478,16.98,0.0176,30.01,2.43,0.489,0.500,0.062,0.0069,0.0500
18450,-49.09313,-29.45302,-19.64011,-6.51908,-12.60632,-0.51470,0.9492,17.01,0.0176,30.63,2.29,0.489,0.500,0.062,0.0069,0.0500
18475,-48.97171,-29.36483,-19.60687,-6.47144,-12.60249,-0.53294,0.9423,16.95,0.0176,30.05,2.74,0.489,0.500,0.062,0.0069,0.0500
18500,-49.03032,-29.36002,-19.67030,-6.49969,-12.65444,-0.51617,0.9464,17.03,0.0176,29.53,2.63,0.489,0.500,0.062,0.0069,0.0500
18525,-49.04928,-29.39771,-19.65158,-6.52710,-12.61392,-0.51056,0.9504,17.12,0.0177,29.98,2.40,0.489,0.500,0.062,0.0069,0.0500
18550,-49.00542,-29.38588,-19.61954,-6.48608,-12.61402,-0.51944,0.9444,17.12,0.0177,29.74,2.74,0.489,0.500,0.062,0.0069,0.0500
18575,-49.02121,-29.39770,-19.62350,-6.50945,-12.61704,-0.49702,0.9478,17.25,0.0179,29.98,2.78,0.489,0.500,0.062,0.0069,0.0500
18600,-49.03905,-29.42135,-19.61770,-6.52407,-12.59324,-0.50039,0.9499,17.28,0.0179,29.65,3.37,0.489,0.500,0.062,0.0069,0.0500
18625,-49.15930,-29.49539,-19.66391,-6.53106,-12.63055,-0.50230,0.9509,17.26,0.0179,29.96,2.81,0.489,0.500,0.062,0.0069,0.0500
18650,-49.05445,-29.46571,-19.58874,-6.51826,-12.55438,-0.51610,0.9491,17.27,0.0179,29.71,2.49,0.489,0.500,0.062,0.0069,0.0500
18675,-49.07536,-29.49844,-19.57693,-6.48636,-12.57353,-0.51704,0.9444,17.21,0.0178,30.11,2.32,0.489,0.500,0.062,0.0069,0.0500
18700,-49.09781,-29.47221,-19.62559,-6.52105,-12.60252,-0.50203,0.9495,17.23,0.0179,29.81,2.78,0.489,0.500,0.062,0.0069,0.0500
18725,-49.16461,-29.53720,-19.62741,-6.49783,-12.61167,-0.51791,0.9461,17.22,0.0178,30.13,2.93,0.489,0.500,0.062,0.0069,0.0500
18750,-49.18701,-29.54681,-19.64020,-6.53438,-12.60894,-0.49687,0.9514,17.17,0.0178,29.94,2.17,0.489,0.501,0.062,0.0069,0.0500
18775,-49.20641,-29.58551,-19.62090,-6.49438,-12.60552,-0.52100,0.9456,17.19,0.0178,30.60,2.36,0.489,0.501,0.062,0.0069,0.0500
18800,-49.16127,-29.54032,-19.62095,-6.53036,-12.58277,-0.50782,0.9508,17.26,0.0179,30.24,2.43,0.489,0.501,0.062,0.0069,0.0500
18825,-49.16909,-29.51896,-19.65013,-6.52084,-12.60540,-0.52390,0.9495,17.33,0.0180,30.28,2.78,0.489,0.501,0.062,0.0069,0.0500
18850,-49.16397,-29.49710,-19.66687,-6.54913,-12.61462,-0.50312,0.9536,17.24,0.0179,30.72,2.50,0.489,0.501,0.062,0.0069,0.0500
18875,-49.19901,-29.51327,-19.68574,-6.53006,-12.65916,-0.49652,0.9508,-72.66,-0.0753,30.81,1.88,0.489,0.501,0.062,0.0069,0.0500
18900,-49.09346,-29.47166,-19.62180,-6.50361,-12.61797,-0.50021,0.9469,17.38,0.0180,30.58,2.32,0.489,0.501,0.062,0.0069,0.0500
18925,-49.10969,-29.49448,-19.61521,-6.48558,-12.61309,-0.51654,0.9443,17.37,0.0180,30.42,2.60,0.489,0.501,0.062,0.0069,0.0500
18950,-49.11993,-29.50078,-19.61915,-6.50119,-12.61736,-0.50060,0.9466,17.35,0.0180,30.43,2.55,0.489,0.501,0.062,0.0069,0.0500
18975,-49.14335,-29.53131,-19.61204,-6.50177,-12.58227,-0.52800,0.9467,17.41,0.0180,29.80,2.68,0.489,0.501,0.062,0.0069,0.0500
19000,-49.12990,-29.50035,-19.62955,-6.50499,-12.60747,-0.51709,0.9471,17.46,0.0181,29.82,2.62,0.489,0.501,0.059,0.0066,0.0500
19025,-49.17235,-29.54550,-19.62684,-6.51729,-12.59181,-0.51775,0.9489,17.47,0.0181,29.94,2.17,0.489,0.501,0.059,0.0066,0.0500
19050,-49.17341,-29.51489,-19.65851,-6.53000,-12.62441,-0.50410,0.9508,17.56,0.0182,29.86,1.76,0.489,0.501,0.059,0.0066,0.0500
19075,-49.17825,-29.57913,-19.59912,-6.52855,-12.56478,-0.50579,0.9506,17.55,0.0182,29.93,2.07,0.489,0.501,0.059,0.0066,0.0500
19100,-49.16788,-29.56535,-19.60252,-6.49049,-12.57927,-0.53276,0.9450,17.59,0.0182,30.21,2.14,0.489,0.501,0.059,0.0066,0.0500
19125,-49.20424,-29.57206,-19.63218,-6.52066,-12.60712,-0.50439,0.9494,17.56,0.0182,29.94,2.65,0.489,0.501,0.059,0.0066,0.0500
19150,-49.18845,-29.56989,-19.61856,-6.52050,-12.59426,-0.50380,0.9494,17.47,0.0181,30.41,2.99,0.489,0.501,0.059,0.0066,0.0500
19175,-49.12604,-29.52437,-19.60166,-6.49593,-12.59745,-0.50829,0.9458,17.54,0.0182,30.57,2.64,0.489,0.501,0.059,0.0066,0.0500
19200,-49.18197,-29.53016,-19.65181,-6.56970,-12.58449,-0.49763,0.9566,17.60,0.0182,30.45,2.81,0.489,0.501,0.059,0.0066,0.0500
19225,-49.10323,-29.46600,-19.63723,-6.51060,-12.61747,-0.50916,0.9480,17.60,0.0182,30.26,3.26,0.489,0.501,0.059,0.0066,0.0500
19250,-49.15929,-29.51774,-19.64155,-6.51923,-12.61461,-0.50770,0.9492,17.61,0.0183,30.25,3.19,0.489,0.501,0.059,0.0066,0.0500
19275,-49.10654,-29.50515,-19.60139,-6.53392,-12.55591,-0.51155,0.9514,17.68,0.0183,30.42,2.83,0.489,0.501,0.059,0.0066,0.0500
19300,-49.08926,-29.50454,-19.58472,-6.47398,-12.56911,-0.54163,0.9426,17.75,0.0184,30.14,3.16,0.489,0.501,0.059,0.0066,0.0500
19325,-49.15951,-29.47576,-19.68376,-6.54611,-12.65682,-0.48083,0.9531,17.73,0.0184,30.50,2.73,0.490,0.501,0.059,0.0066,0.0500
19350,-49.15249,-29.52125,-19.63124,-6.49651,-12.62570,-0.50903,0.9459,17.79,0.0184,30.96,2.49,0.490,0.501,0.059,0.0066,0.0500
19375,-49.13436,-29.51771,-19.61666,-6.49954,-12.61634,-0.50078,0.9464,17.81,0.0185,30.36,2.69,0.490,0.500,0.059,0.0066,0.0500
19400,-49.16053,-29.49976,-19.66077,-6.53354,-12.61646,-0.51077,0.9513,17.80,0.0184,30.37,3.18,0.490,0.500,0.059,0.0066,0.0500
19425,-49.05895,-29.45329,-19.60566,-6.50397,-12.58777,-0.51392,0.9470,17.81,0.0185,30.40,3.04,0.490,0.500,0.059,0.0066,0.0500
19450,-49.10185,-29.45532,-19.64654,-6.51478,-12.62437,-0.50738,0.9486,17.81,0.0185,30.56,2.86,0.490,0.500,0.059,0.0066,0.0500
19475,-49.10510,-29.50680,-19.59830,-6.49979,-12.57046,-0.52805,0.9464,17.84,0.0185,30.45,3.10,0.490,0.500,0.059,0.0066,0.0500
19500,-49.18202,-29.56307,-19.61894,-6.49825,-12.60666,-0.51403,0.9462,17.85,0.0185,30.30,3.18,0.490,0.500,0.059,0.0066,0.0500
19525,-49.12273,-29.51916,-19.60357,-6.49980,-12.58517,-0.51859,0.9464,17.97,0.0186,30.73,2.40,0.490,0.500,0.059,0.0066,0.0500
19550,-49.10212,-29.51775,-19.58437,-6.49996,-12.57229,-0.51212,0.9464,17.94,0.0186,30.56,2.74,0.490,0.500,0.059,0.0066,0.0500
19575,-49.04922,-29.45610,-19.59312,-6.51086,-12.56621,-0.51605,0.9480,18.04,0.0187,30.93,2.19,0.490,0.500,0.059,0.0066,0.0500
19600,-49.10937,-29.47414,-19.63523,-6.55637,-12.59048,-0.48838,0.9546,17.99,0.0186,30.93,2.30,0.490,0.500,0.059,0.0066,0.0500
19625,-49.10697,-29.46838,-19.63858,-6.47207,-12.63655,-0.52996,0.9424,17.98,0.0186,30.82,2.22,0.490,0.500,0.059,0.0066,0.0500
19650,-49.13421,-29.48021,-19.65400,-6.53500,-12.62674,-0.49226,0.9515,17.92,0.0186,30.83,2.22,0.490,0.500,0.059,0.0066,0.0500
19675,-49.14036,-29.54094,-19.59942,-6.49855,-12.58333,-0.51754,0.9462,17.86,0.0185,30.68,1.83,0.490,0.500,0.059,0.0066,0.0500
19700,-49.13297,-29.52676,-19.60621,-6.51421,-12.59366,-0.49834,0.9485,17.78,0.0184,30.75,1.97,0.490,0.500,0.059,0.0066,0.0500
19725,-49.15968,-29.55516,-19.60452,-6.50576,-12.59398,-0.50478,0.9473,17.90,0.0185,30.53,2.70,0.490,0.500,0.059,0.0066,0.0500
19750,-49.19216,-29.54401,-19.64816,-6.52251,-12.60839,-0.51726,0.9497,17.77,0.0184,30.06,2.84,0.490,0.500,0.059,0.0066,0.0500
19775,-49.13242,-29.52393,-19.60849,-6.48695,-12.60907,-0.51247,0.9445,17.69,0.0183,30.19,2.62,0.490,0.500,0.059,0.0066,0.0500
19800,-49.17707,-29.55785,-19.61922,-6.51302,-12.58550,-0.52070,0.9483,17.68,0.0183,29.97,2.94,0.490,0.500,0.059,0.0066,0.0500
19825,-49.25195,-29.61739,-19.63456,-6.49779,-12.62099,-0.51578,0.9461,17.78,0.0184,30.49,2.70,0.490,0.500,0.059,0.0066,0.0500
19850,-49.27001,-29.62636,-19.64366,-6.52191,-12.59922,-0.52253,0.9496,17.74,0.0184,30.06,2.80,0.490,0.500,0.059,0.0066,0.0500
19875,-49.16209,-29.53940,-19.62269,-6.49819,-12.60733,-0.51717,0.9462,17.63,0.0183,30.14,2.51,0.490,0.500,0.059,0.0066,0.0500
19900,-49.18306,-29.54933,-19.63373,-6.54707,-12.58983,-0.49684,0.9533,17.50,0.0181,30.41,2.45,0.490,0.500,0.059,0.0066,0.0500
19925,-49.17671,-29.56088,-19.61583,-6.50667,-12.59716,-0.51200,0.9474,17.50,0.0181,30.24,2.66,0.490,0.500,0.059,0.0066,0.0500
19950,-49.17614,-29.51699,-19.65915,-6.51734,-12.63522,-0.50659,0.9489,107.32,0.1112,30.40,2.66,0.490,0.500,0.059,0.0066,0.0500
19975,-49.11971,-29.52411,-19.59561,-6.50907,-12.56779,-0.51874,0.9477,17.34,0.0180,30.03,3.10,0.490,0.500,0.059,0.0066,0.0500
20000,-49.15098,-29.52794,-19.62304,-6.51648,-12.59861,-0.50795,0.9488,107.37,0.1113,30.23,2.85,0.490,0.500,0.062,0.0069,0.0500
20025,-49.17289,-29.60856,-19.56432,-6.52419,-12.52694,-0.51319,0.9499,17.41,0.0180,29.87,3.03,0.490,0.500,0.062,0.0069,0.0500
20050,-49.12220,-29.52624,-19.59596,-6.51928,-12.55754,-0.51914,0.9492,17.61,0.0183,30.18,2.99,0.490,0.500,0.062,0.0069,0.0500
20075,-49.18863,-29.57279,-19.61583,-6.51178,-12.59354,-0.51051,0.9481,-72.40,-0.0750,29.87,3.12,0.490,0.500,0.062,0.0069,0.0500
20100,-49.16291,-29.52839,-19.63452,-6.53801,-12.58658,-0.50994,0.9520,17.56,0.0182,30.14,2.77,0.490,0.500,0.062,0.0069,0.0500
20125,-49.09913,-29.47817,-19.62096,-6.52949,-12.60027,-0.49120,0.9507,17.46,0.0181,29.67,3.33,0.490,0.500,0.062,0.0069,0.0500
20150,-49.15369,-29.52456,-19.62912,-6.51115,-12.60584,-0.51214,0.9480,17.33,0.0180,30.13,2.99,0.490,0.500,0.062,0.0069,0.0500
20175,-49.09639,-29.46509,-19.63130,-6.50684,-12.59215,-0.53231,0.9474,17.41,0.0180,30.13,2.98,0.490,0.500,0.062,0.0069,0.0500
20200,-49.13081,-29.50594,-19.62487,-6.53765,-12.59307,-0.49415,0.9519,17.35,0.0180,29.80,2.93,0.490,0.500,0.062,0.0069,0.0500
20225,-49.15819,-29.52621,-19.63197,-6.55299,-12.57796,-0.50103,0.9541,17.41,0.0180,29.98,2.96,0.490,0.500,0.062,0.0069,0.0500
20250,-49.11713,-29.51117,-19.60596,-6.51496,-12.57152,-0.51948,0.9486,17.59,0.0182,30.04,3.34,0.490,0.500,0.062,0.0069,0.0500
20275,-49.18916,-29.53620,-19.65297,-6.53851,-12.59625,-0.51821,0.9520,17.64,0.0183,30.06,3.29,0.490,0.500,0.062,0.0069,0.0500
20300,-49.18627,-29.58402,-19.60225,-6.50241,-12.58347,-0.51637,0.9468,17.76,0.0184,29.81,3.22,0.490,0.500,0.062,0.0069,0.0500
20325,-49.18800,-29.60186,-19.58615,-6.50270,-12.55642,-0.52702,0.9468,17.82,0.0185,30.13,2.85,0.490,0.500,0.062,0.0069,0.0500
20350,-49.21668,-29.60711,-19.60957,-6.52744,-12.57601,-0.50613,0.9504,17.72,0.0184,30.06,3.04,0.490,0.500,0.062,0.0069,0.0500
20375,-49.24887,-29.61590,-19.63297,-6.51252,-12.60897,-0.51148,0.9482,17.65,0.0183,30.25,2.77,0.490,0.501,0.062,0.0069,0.0500
20400,-49.31286,-29.63006,-19.68280,-6.54052,-12.63951,-0.50277,0.9523,17.70,0.0183,30.05,3.09,0.490,0.501,0.062,0.0069,0.0500
20425,-49.21290,-29.59192,-19.62098,-6.52970,-12.59122,-0.50006,0.9507,17.69,0.0183,30.07,3.04,0.490,0.501,0.062,0.0069,0.0500
20450,-49.17461,-29.55747,-19.61714,-6.53364,-12.58930,-0.49420,0.9513,17.63,0.0183,30.04,3.28,0.490,0.501,0.062,0.0069,0.0500
20475,-49.11082,-29.53929,-19.57153,-6.50484,-12.55013,-0.51657,0.9471,17.65,0.0183,30.12,3.36,0.490,0.501,0.062,0.0069,0.0500
20500,-49.18180,-29.59476,-19.58704,-6.48941,-12.56410,-0.53353,0.9449,17.77,0.0184,30.10,3.10,0.490,0.501,0.062,0.0069,0.0500
20525,-49.14272,-29.55368,-19.58904,-6.51684,-12.55198,-0.52021,0.9489,17.80,0.0184,30.28,2.82,0.490,0.501,0.062,0.0069,0.0500
20550,-49.14786,-29.56567,-19.58219,-6.47406,-12.57099,-0.53715,0.9426,17.83,0.0185,30.08,3.10,0.490,0.501,0.062,0.0069,0.0500
20575,-49.15704,-29.54752,-19.60953,-6.50372,-12.58870,-0.51711,0.9470,17.87,0.0185,30.29,2.84,0.490,0.501,0.062,0.0069,0.0500
20600,-49.14662,-29.57358,-19.57303,-6.50226,-12.54302,-0.52775,0.9467,17.69,0.0183,30.33,2.83,0.490,0.501,0.062,0.0069,0.0500
20625,-49.21690,-29.58485,-19.63204,-6.52912,-12.60463,-0.49830,0.9507,17.65,0.0183,30.26,2.65,0.490,0.501,0.062,0.0069,0.0500
20650,-49.18452,-29.54780,-19.63673,-6.52894,-12.60049,-0.50730,0.9506,17.74,0.0184,30.47,3.13,0.490,0.501,0.062,0.0069,0.0500
20675,-49.18519,-29.55690,-19.62829,-6.53946,-12.58051,-0.50832,0.9522,17.63,0.0183,30.00,3.41,0.490,0.501,0.062,0.0069,0.0500
20700,-49.14877,-29.59172,-19.55704,-6.49052,-12.53748,-0.52905,0.9450,17.75,0.0184,29.77,3.34,0.490,0.501,0.062,0.0069,0.0500
20725,-49.28164,-29.65156,-19.63008,-6.51432,-12.60323,-0.51253,0.9485,17.72,0.0184,30.22,3.34,0.490,0.501,0.062,0.0069,0.0500
20750,-49.24078,-29.63569,-19.60509,-6.53200,-12.57867,-0.49442,0.9511,17.66,0.0183,30.35,2.77,0.490,0.501,0.062,0.0069,0.0500
20775,-49.23314,-29.61804,-19.61510,-6.53010,-12.57075,-0.51424,0.9508,17.68,0.0183,30.39,2.75,0.490,0.501,0.062,0.0069,0.0500
20800,-49.16599,-29.59242,-19.57357,-6.50172,-12.55557,-0.51629,0.9467,17.75,0.0184,30.14,3.02,0.490,0.501,0.062,0.0069,0.0500
20825,-49.17425,-29.56580,-19.60845,-6.53869,-12.56972,-0.50004,0.9521,17.72,0.0184,30.51,3.15,0.490,0.501,0.062,0.0069,0.0500
20850,-49.20264,-29.62415,-19.57849,-6.48632,-12.57265,-0.51952,0.9444,17.73,0.0184,30.29,2.92,0.490,0.501,0.062,0.0069,0.0500
20875,-49.24332,-29.67242,-19.57089,-6.52045,-12.55195,-0.49850,0.9494,17.78,0.0184,30.77,2.63,0.490,0.501,0.062,0.0069,0.0500
20900,-49.26789,-29.67086,-19.59703,-6.52491,-12.57186,-0.50027,0.9500,17.74,0.0184,30.64,2.78,0.490,0.501,0.062,0.0069,0.0500
20925,-49.28216,-29.63997,-19.64219,-6.52523,-12.61897,-0.49799,0.9501,17.77,0.0184,30.30,3.03,0.490,0.501,0.062,0.0069,0.0500
20950,-49.24691,-29.66257,-19.58433,-6.51607,-12.56508,-0.50318,0.9488,17.72,0.0184,30.39,2.70,0.490,0.501,0.062,0.0069,0.0500
20975,-49.22659,-29.62231,-19.60429,-6.49770,-12.58587,-0.52072,0.9461,17.71,0.0183,30.34,2.73,0.490,0.501,0.062,0.0069,0.0500
21000,-49.30452,-29.68353,-19.62098,-6.51143,-12.58465,-0.52490,0.9481,17.71,0.0184,30.43,2.97,0.490,0.501,0.059,0.0066,0.0500
21025,-49.34915,-29.72358,-19.62557,-6.53504,-12.58532,-0.50522,0.9515,17.79,0.0184,30.43,2.34,0.490,0.501,0.059,0.0066,0.0500
21050,-49.26353,-29.67622,-19.58731,-6.51583,-12.56078,-0.51070,0.9487,17.74,0.0184,30.46,2.39,0.490,0.501,0.059,0.0066,0.0500
21075,-49.28797,-29.67148,-19.61649,-6.53001,-12.58176,-0.50471,0.9508,17.70,0.0183,30.54,2.35,0.490,0.501,0.059,0.0066,0.0500
21100,-49.30278,-29.70143,-19.60135,-6.50555,-12.57180,-0.52400,0.9472,17.61,0.0182,30.69,1.95,0.490,0.501,0.059,0.0066,0.0500
21125,-49.32072,-29.70653,-19.61420,-6.49680,-12.59243,-0.52497,0.9460,17.70,0.0183,30.55,2.38,0.490,0.501,0.059,0.0066,0.0500
21150,-49.34896,-29.74114,-19.60783,-6.53098,-12.56802,-0.50882,0.9509,17.73,0.0184,30.50,2.46,0.490,0.501,0.059,0.0066,0.0500
21175,-49.28665,-29.69338,-19.59327,-6.52904,-12.55280,-0.51143,0.9506,17.62,0.0183,30.31,2.77,0.490,0.501,0.059,0.0066,0.0500
21200,-49.33216,-29.69523,-19.63693,-6.53373,-12.60525,-0.49795,0.9513,17.65,0.0183,30.21,3.08,0.490,0.501,0.059,0.0066,0.0500
21225,-49.33531,-29.70811,-19.62720,-6.50625,-12.59105,-0.52990,0.9473,17.56,0.0182,30.21,3.42,0.490,0.501,0.059,0.0066,0.0500
21250,-49.28035,-29.68668,-19.59367,-6.52213,-12.55137,-0.52017,0.9496,17.46,0.0181,30.21,3.38,0.490,0.501,0.059,0.0066,0.0500
21275,-49.31140,-29.70466,-19.60674,-6.49351,-12.59668,-0.51655,0.9455,17.45,0.0181,30.20,3.29,0.490,0.501,0.059,0.0066,0.0500
21300,-49.34985,-29.72099,-19.62886,-6.52216,-12.58566,-0.52104,0.9496,17.41,0.0180,30.40,3.37,0.490,0.501,0.059,0.0066,0.0500
21325,-49.32962,-29.70485,-19.62477,-6.52067,-12.58624,-0.51787,0.9494,17.47,0.0181,30.60,2.67,0.490,0.501,0.059,0.0066,0.0500
21350,-49.33312,-29.69876,-19.63435,-6.52145,-12.59748,-0.51542,0.9495,17.53,0.0182,30.32,2.33,0.490,0.501,0.059,0.0066,0.0500
21375,-49.34655,-29.71687,-19.62968,-6.53411,-12.58453,-0.51104,0.9514,17.70,0.0183,30.31,2.33,0.490,0.501,0.059,0.0066,0.0500
21400,-49.35371,-29.75420,-19.59951,-6.51507,-12.58001,-0.50443,0.9486,17.67,0.0183,30.46,2.47,0.490,0.501,0.059,0.0066,0.0500
21425,-49.44498,-29.80305,-19.64192,-6.51621,-12.61180,-0.51391,0.9488,17.68,0.0183,30.43,2.47,0.490,0.501,0.059,0.0066,0.0500
21450,-49.37550,-29.78249,-19.59301,-6.45401,-12.60987,-0.52914,0.9397,17.63,0.0183,30.25,2.77,0.490,0.501,0.059,0.0066,0.0500
21475,-49.33841,-29.72636,-19.61206,-6.52237,-12.56686,-0.52283,0.9497,17.65,0.0183,29.73,3.62,0.490,0.501,0.059,0.0066,0.0500
21500,-49.36470,-29.75574,-19.60896,-6.52308,-12.57442,-0.51145,0.9498,17.67,0.0183,29.77,3.27,0.490,0.501,0.059,0.0066,0.0500
21525,-49.37203,-29.75609,-19.61594,-6.51936,-12.59087,-0.50572,0.9492,17.73,0.0184,30.10,2.95,0.490,0.501,0.059,0.0066,0.0500
21550,-49.33483,-29.75573,-19.57909,-6.51758,-12.53957,-0.52195,0.9490,17.78,0.0184,29.83,3.84,0.490,0.501,0.059,0.0066,0.0500
21575,-49.37010,-29.72058,-19.64951,-6.51057,-12.62329,-0.51565,0.9480,17.86,0.0185,30.07,3.55,0.490,0.501,0.059,0.0066,0.0500
21600,-49.33706,-29.74548,-19.59158,-6.51372,-12.56592,-0.51194,0.9484,18.03,0.0187,30.07,3.56,0.490,0.501,0.059,0.0066,0.0500
21625,-49.36247,-29.75814,-19.60433,-6.52366,-12.56781,-0.51286,0.9499,18.12,0.0188,30.19,2.87,0.490,0.501,0.059,0.0066,0.0500
21650,-49.44175,-29.78928,-19.65247,-6.49668,-12.63816,-0.51763,0.9459,18.10,0.0188,30.23,2.79,0.490,0.501,0.059,0.0066,0.0500
21675,-49.39538,-29.80815,-19.58723,-6.50223,-12.55168,-0.53332,0.9467,18.18,0.0188,30.35,2.50,0.490,0.501,0.059,0.0066,0.0500
21700,-49.42421,-29.80337,-19.62084,-6.53121,-12.56599,-0.52364,0.9510,18.09,0.0187,30.40,2.26,0.490,0.501,0.059,0.0066,0.0500
21725,-49.40694,-29.77969,-19.62726,-6.51968,-12.58472,-0.52286,0.9493,18.03,0.0187,30.40,2.26,0.490,0.501,0.059,0.0066,0.0500
21750,-49.38186,-29.75981,-19.62205,-6.51459,-12.58714,-0.52032,0.9485,17.99,0.0186,30.41,2.26,0.490,0.501,0.059,0.0066,0.0500
21775,-49.41465,-29.79400,-19.62065,-6.50190,-12.60789,-0.51087,0.9467,18.01,0.0187,30.17,3.19,0.490,0.501,0.059,0.0066,0.0500
21800,-49.39711,-29.80318,-19.59394,-6.50664,-12.56991,-0.51740,0.9474,18.03,0.0187,30.17,3.22,0.490,0.501,0.059,0.0066,0.0500
21825,-49.31220,-29.69687,-19.61533,-6.52245,-12.57323,-0.51964,0.9497,18.08,0.0187,30.42,2.87,0.490,0.501,0.059,0.0066,0.0500
21850,-49.34719,-29.74300,-19.60418,-6.53943,-12.56070,-0.50405,0.9522,18.01,0.0187,30.54,2.61,0.490,0.501,0.059,0.0066,0.0500
21875,-49.25738,-29.71836,-19.53902,-6.48961,-12.53371,-0.51570,0.9449,18.01,0.0187,30.60,2.94,0.490,0.501,0.059,0.0066,0.0500
21900,-49.27690,-29.68008,-19.59682,-6.52126,-12.56545,-0.51010,0.9495,17.93,0.0186,30.55,2.96,0.490,0.501,0.059,0.0066,0.0500
21925,-49.29740,-29.68190,-19.61550,-6.50343,-12.58311,-0.52896,0.9469,17.95,0.0186,30.61,2.96,0.490,0.501,0.059,0.0066,0.0500
21950,-49.44291,-29.77972,-19.66319,-6.54920,-12.61445,-0.49954,0.9536,17.94,0.0186,30.57,3.39,0.490,0.501,0.059,0.0066,0.0500
21975,-49.46193,-29.80048,-19.66145,-6.53501,-12.60489,-0.52155,0.9515,17.88,0.0185,30.62,3.63,0.490,0.501,0.059,0.0066,0.0500
22000,-49.40203,-29.76255,-19.63947,-6.52036,-12.60701,-0.51210,0.9494,17.82,0.0185,30.59,3.37,0.490,0.501,0.062,0.0069,0.0500
22025,-49.40492,-29.78651,-19.61841,-6.50891,-12.58941,-0.52008,0.9477,17.86,0.0185,30.42,3.53,0.490,0.501,0.062,0.0069,0.0500
22050,-49.48670,-29.86049,-19.62621,-6.53088,-12.58111,-0.51423,0.9509,17.84,0.0185,30.76,3.38,0.490,0.501,0.062,0.0069,0.0500
22075,-49.55032,-29.92266,-19.62767,-6.50687,-12.59350,-0.52730,0.9474,17.84,0.0185,30.52,3.65,0.490,0.501,0.062,0.0069,0.0500
22100,-49.45170,-29.84955,-19.60216,-6.54229,-12.56048,-0.49938,0.9526,17.80,0.0184,30.76,3.30,0.490,0.501,0.062,0.0069,0.0500
22125,-49.45733,-29.82353,-19.63379,-6.51635,-12.60494,-0.51250,0.9488,17.83,0.0185,30.84,3.20,0.490,0.501,0.062,0.0069,0.0500
22150,-49.42171,-29.80816,-19.61356,-6.50524,-12.59816,-0.51015,0.9472,17.90,0.0186,30.40,2.82,0.490,0.501,0.062,0.0069,0.0500
22175,-49.53679,-29.92924,-19.60755,-6.46698,-12.60255,-0.53803,0.9416,17.96,0.0186,30.34,2.65,0.490,0.501,0.062,0.0069,0.0500
22200,-49.58568,-29.97193,-19.61375,-6.52404,-12.56065,-0.52906,0.9499,17.90,0.0186,30.57,2.35,0.490,0.501,0.062,0.0069,0.0500
22225,-49.60010,-29.96090,-19.63919,-6.52468,-12.59844,-0.51607,0.9500,17.94,0.0186,30.52,2.72,0.490,0.501,0.062,0.0069,0.0500
22250,-49.51084,-29.92663,-19.58420,-6.52815,-12.56034,-0.49572,0.9505,18.07,0.0187,30.56,2.59,0.490,0.501,0.062,0.0069,0.0500
22275,-49.58388,-29.93502,-19.64887,-6.51329,-12.60773,-0.52784,0.9484,18.07,0.0187,29.70,2.55,0.490,0.501,0.062,0.0069,0.0500
22300,-49.55237,-29.89621,-19.65616,-6.53720,-12.60516,-0.51379,0.9518,18.06,0.0187,30.30,2.00,0.490,0.501,0.062,0.0069,0.0500
22325,-49.51355,-29.90022,-19.61334,-6.47952,-12.60427,-0.52955,0.9434,18.13,0.0188,30.13,2.37,0.490,0.501,0.062,0.0069,0.0500
22350,-49.48166,-29.85190,-19.62977,-6.52425,-12.57962,-0.52590,0.9499,18.03,0.0187,30.38,1.95,0.490,0.501,0.062,0.0069,0.0500
22375,-49.48895,-29.86539,-19.62356,-6.49146,-12.60582,-0.52628,0.9452,18.05,0.0187,30.43,2.32,0.490,0.501,0.062,0.0069,0.0500
22400,-49.48331,-29.87693,-19.60638,-6.50250,-12.58398,-0.51991,0.9468,17.95,0.0186,30.08,2.54,0.490,0.501,0.062,0.0069,0.0500
22425,-49.51042,-29.85173,-19.65869,-6.54535,-12.61414,-0.49920,0.9530,18.13,0.0188,30.24,2.23,0.490,0.501,0.062,0.0069,0.0500
22450,-49.45759,-29.85859,-19.59900,-6.50875,-12.56282,-0.52743,0.9477,18.34,0.0190,30.02,2.65,0.490,0.501,0.062,0.0069,0.0500
22475,-49.56889,-29.92727,-19.64162,-6.50289,-12.60785,-0.53088,0.9468,18.25,0.0189,30.12,2.52,0.490,0.501,0.062,0.0069,0.0500
22500,-49.48413,-29.91186,-19.57227,-6.50741,-12.54325,-0.52161,0.9475,18.26,0.0189,30.09,2.55,0.490,0.501,0.062,0.0069,0.0500
22525,-49.51166,-29.90684,-19.60482,-6.49701,-12.57626,-0.53155,0.9460,18.10,0.0188,30.09,2.55,0.490,0.501,0.062,0.0069,0.0500
22550,-49.59161,-29.92798,-19.66364,-6.53075,-12.61387,-0.51901,0.9509,18.12,0.0188,30.10,2.59,0.490,0.501,0.062,0.0069,0.0500
22575,-49.57946,-29.98538,-19.59408,-6.48900,-12.56245,-0.54264,0.9448,18.16,0.0188,30.24,2.91,0.490,0.501,0.062,0.0069,0.0500
22600,-49.57098,-29.93103,-19.63994,-6.54651,-12.59174,-0.50170,0.9532,18.22,0.0189,30.23,2.91,0.490,0.501,0.062,0.0069,0.0500
22625,-49.51450,-29.91094,-19.60355,-6.51389,-12.56239,-0.52727,0.9484,18.28,0.0189,30.58,2.26,0.490,0.501,0.062,0.0069,0.0500
22650,-49.51326,-29.91534,-19.59792,-6.50537,-12.56567,-0.52687,0.9472,108.29,0.1122,30.65,1.87,0.490,0.501,0.062,0.0069,0.0500
22675,-49.63151,-30.02072,-19.61079,-6.51733,-12.56830,-0.52516,0.9489,18.40,0.0191,30.38,2.20,0.490,0.501,0.062,0.0069,0.0500
22700,-49.55003,-29.96739,-19.58265,-6.51130,-12.54572,-0.52563,0.9481,108.42,0.1124,30.54,2.12,0.490,0.501,0.062,0.0069,0.0500
22725,-49.58399,-29.98392,-19.60007,-6.50444,-12.57524,-0.52039,0.9471,18.54,0.0192,30.21,2.18,0.490,0.501,0.062,0.0069,0.0500
22750,-49.55978,-29.93242,-19.62736,-6.48490,-12.61018,-0.53228,0.9442,18.55,0.0192,29.96,2.10,0.490,0.501,0.062,0.0069,0.0500
22775,-49.59700,-29.98439,-19.61261,-6.50029,-12.59969,-0.51262,0.9465,18.52,0.0192,29.99,2.13,0.490,0.501,0.062,0.0069,0.0500
22800,-49.60959,-30.01304,-19.59654,-6.50649,-12.57710,-0.51295,0.9474,18.47,0.0191,30.01,1.92,0.490,0.501,0.062,0.0069,0.0500
22825,-49.59204,-30.01165,-19.58039,-6.48042,-12.56655,-0.53342,0.9436,18.36,0.0190,30.29,1.97,0.490,0.501,0.062,0.0069,0.0500
22850,-49.64891,-30.04194,-19.60698,-6.50487,-12.59086,-0.51125,0.9471,18.41,0.0191,29.96,1.76,0.490,0.501,0.062,0.0069,0.0500
22875,-49.60698,-29.97100,-19.63599,-6.51112,-12.60722,-0.51765,0.9480,18.50,0.0192,30.20,1.47,0.490,0.501,0.062,0.0069,0.0500
22900,-49.69032,-30.05827,-19.63205,-6.52139,-12.58979,-0.52086,0.9495,18.59,0.0193,30.01,1.85,0.490,0.501,0.062,0.0069,0.0500
22925,-49.71656,-30.09646,-19.62010,-6.51646,-12.57913,-0.52450,0.9488,18.67,0.0193,30.00,1.85,0.490,0.501,0.062,0.0069,0.0500
22950,-49.61863,-30.01425,-19.60438,-6.51339,-12.56138,-0.52961,0.9484,18.63,0.0193,29.90,1.23,0.490,0.501,0.062,0.0069,0.0500
22975,-49.67504,-30.06223,-19.61281,-6.50890,-12.57929,-0.52462,0.9477,18.50,0.0192,30.00,1.24,0.490,0.501,0.062,0.0069,0.0500
23000,-49.62464,-30.00989,-19.61475,-6.51065,-12.58723,-0.51687,0.9480,18.54,0.0192,30.04,1.77,0.490,0.501,0.059,0.0066,0.0500
23025,-49.67936,-30.08314,-19.59621,-6.50705,-12.55540,-0.53376,0.9474,18.55,0.0192,29.81,1.24,0.490,0.501,0.059,0.0066,0.0500
23050,-49.67782,-30.07478,-19.60304,-6.51157,-12.57286,-0.51861,0.9481,18.60,0.0193,29.81,1.24,0.490,0.501,0.059,0.0066,0.0500
23075,-49.61353,-30.01860,-19.59493,-6.51505,-12.56466,-0.51523,0.9486,18.59,0.0193,29.73,1.08,0.490,0.501,0.059,0.0066,0.0500
23100,-49.67514,-30.07562,-19.59952,-6.51621,-12.57333,-0.50999,0.9488,18.60,0.0193,29.72,1.09,0.490,0.501,0.059,0.0066,0.0500
23125,-49.67893,-30.03876,-19.64017,-6.52795,-12.59701,-0.51521,0.9505,18.61,0.0193,29.59,1.52,0.490,0.501,0.059,0.0066,0.0500
23150,-49.65106,-30.06171,-19.58935,-6.50731,-12.54667,-0.53537,0.9475,18.75,0.0194,29.63,1.59,0.490,0.501,0.059,0.0066,0.0500
23175,-49.61301,-29.98587,-19.62713,-6.50339,-12.60056,-0.52319,0.9469,18.72,0.0194,29.63,1.59,0.490,0.501,0.059,0.0066,0.0500
23200,-49.61369,-30.00050,-19.61318,-6.49895,-12.58323,-0.53100,0.9463,18.74,0.0194,29.60,1.52,0.490,0.501,0.059,0.0066,0.0500
23225,-49.68271,-30.04934,-19.63336,-6.48718,-12.62577,-0.52042,0.9446,18.60,0.0193,29.97,1.84,0.490,0.501,0.059,0.0066,0.0500
23250,-49.67716,-30.04678,-19.63038,-6.50334,-12.62532,-0.50172,0.9469,18.61,0.0193,29.97,1.83,0.490,0.501,0.059,0.0066,0.0500
23275,-49.63134,-30.01882,-19.61252,-6.51351,-12.59219,-0.50681,0.9484,18.73,0.0194,29.98,1.83,0.490,0.501,0.059,0.0066,0.0500
23300,-49.57906,-30.00970,-19.56936,-6.49798,-12.55453,-0.51685,0.9461,18.67,0.0193,29.82,1.79,0.490,0.501,0.059,0.0066,0.0500
23325,-49.63028,-30.02239,-19.60789,-6.48851,-12.59211,-0.52727,0.9447,18.60,0.0193,29.64,2.15,0.490,0.501,0.059,0.0066,0.0500
23350,-49.63595,-30.02374,-19.61221,-6.51346,-12.58254,-0.51621,0.9484,18.54,0.0192,29.89,2.16,0.490,0.501,0.059,0.0066,0.0500
23375,-49.67784,-30.06881,-19.60903,-6.49367,-12.58876,-0.52660,0.9455,18.56,0.0192,29.76,2.13,0.490,0.501,0.059,0.0066,0.0500
23400,-49.60379,-30.02369,-19.58010,-6.51213,-12.54602,-0.52195,0.9482,18.70,0.0194,30.13,1.94,0.490,0.501,0.059,0.0066,0.0500
23425,-49.69432,-30.07180,-19.62252,-6.50553,-12.58413,-0.53285,0.9472,18.77,0.0194,29.82,1.63,0.490,0.501,0.059,0.0066,0.0500
23450,-49.65617,-30.07982,-19.57635,-6.50932,-12.56358,-0.50345,0.9478,18.70,0.0194,29.85,1.68,0.490,0.501,0.059,0.0066,0.0500
23475,-49.70790,-30.09269,-19.61521,-6.49532,-12.59675,-0.52313,0.9457,18.70,0.0194,30.11,1.94,0.490,0.501,0.059,0.0066,0.0500
23499,-49.70376,-30.10453,-19.59923,-6.50425,-12.57346,-0.52152,0.9470,18.78,0.0195,29.93,2.30,0.490,0.501,0.059,0.0066,0.0500
