cycle,Eall,EvdW,Emag,Ez,Edd,Ea,Mz,twist_deg,twist_rate,width_nm,coil_nm,acc_mech,acc_mag,delta_s,delta_a,delta_tw
0,-14.86523,-9.23552,-5.62971,-1.56110,-3.26395,-0.80465,0.2273,89.15,0.0923,31.36,1.79,0.270,0.703,1.337,0.1500,0.0500
25,-26.31986,-11.08325,-15.23662,-6.54033,-8.34977,-0.34652,0.9523,5.38,0.0056,31.89,3.98,0.219,0.664,1.207,0.1354,0.0500
50,-27.21032,-12.03208,-15.17824,-6.51818,-8.27767,-0.38239,0.9491,96.89,0.1004,31.03,4.29,0.196,0.651,1.035,0.1161,0.0500
75,-27.78377,-12.62489,-15.15888,-6.49801,-8.24555,-0.41531,0.9461,6.80,0.0070,30.24,5.27,0.185,0.637,0.934,0.1048,0.0500
100,-28.31965,-13.12986,-15.18979,-6.52812,-8.25976,-0.40191,0.9505,6.87,0.0071,30.07,3.44,0.178,0.621,0.801,0.0898,0.0500
125,-28.73362,-13.55332,-15.18031,-6.48556,-8.26232,-0.43242,0.9443,7.86,0.0081,30.13,2.52,0.176,0.605,0.722,0.0811,0.0500
150,-29.09533,-13.92520,-15.17013,-6.51865,-8.22957,-0.42191,0.9491,7.95,0.0082,30.67,1.33,0.178,0.588,0.619,0.0695,0.0500
175,-29.44114,-14.25627,-15.18487,-6.46604,-8.25433,-0.46450,0.9415,8.15,0.0084,29.84,1.61,0.179,0.576,0.559,0.0627,0.0500
200,-29.65919,-14.41379,-15.24540,-6.54466,-8.28363,-0.41710,0.9529,7.57,0.0078,29.80,1.53,0.182,0.567,0.479,0.0538,0.0500
225,-29.79279,-14.59678,-15.19600,-6.49021,-8.26446,-0.44133,0.9450,7.61,0.0079,29.86,1.73,0.188,0.560,0.433,0.0485,0.0500
250,-29.97469,-14.76802,-15.20667,-6.50331,-8.25972,-0.44364,0.9469,8.01,0.0083,30.12,0.84,0.195,0.554,0.371,0.0416,0.0500
275,-30.14472,-14.92390,-15.22082,-6.49527,-8.27040,-0.45514,0.9457,11.75,0.0122,30.09,0.81,0.203,0.549,0.335,0.0376,0.0500
300,-30.22427,-15.03651,-15.18776,-6.49553,-8.24468,-0.44756,0.9458,12.02,0.0124,30.02,0.71,0.212,0.545,0.287,0.0322,0.0500
325,-30.34242,-15.14628,-15.19613,-6.49265,-8.23578,-0.46771,0.9453,11.74,0.0122,29.99,1.37,0.223,0.542,0.259,0.0291,0.0500
350,-30.49217,-15.26241,-15.22976,-6.51934,-8.25816,-0.45226,0.9492,11.91,0.0123,29.90,1.32,0.234,0.539,0.222,0.0249,0.0500
375,-30.63811,-15.42600,-15.21210,-6.48475,-8.25968,-0.46767,0.9442,11.53,0.0119,30.09,0.89,0.246,0.536,0.200,0.0225,0.0500
400,-30.70152,-15.44540,-15.25612,-6.52550,-8.28112,-0.44950,0.9501,11.34,0.0118,30.09,2.24,0.258,0.533,0.172,0.0193,0.0500
425,-30.62679,-15.45513,-15.17166,-6.48685,-8.22338,-0.46143,0.9445,-78.67,-0.0815,30.56,1.24,0.272,0.531,0.155,0.0174,0.0500
450,-30.68570,-15.46629,-15.21941,-6.51174,-8.25203,-0.45564,0.9481,11.31,0.0117,29.92,0.80,0.285,0.530,0.162,0.0182,0.0500
475,-30.72022,-15.54492,-15.17529,-6.50349,-8.21866,-0.45314,0.9469,11.27,0.0117,29.81,0.51,0.296,0.528,0.162,0.0182,0.0500
500,-30.79460,-15.60294,-15.19166,-6.48945,-8.23071,-0.47150,0.9449,11.43,0.0118,29.80,0.52,0.306,0.526,0.154,0.0172,0.0500
525,-30.82860,-15.60782,-15.22078,-6.51066,-8.25018,-0.45994,0.9480,11.71,0.0121,29.81,0.56,0.316,0.525,0.153,0.0172,0.0500
550,-30.87721,-15.62960,-15.24761,-6.52876,-8.26877,-0.45009,0.9506,11.69,0.0121,29.76,0.87,0.324,0.524,0.160,0.0180,0.0500
575,-30.93124,-15.72902,-15.20222,-6.50322,-8.23318,-0.46582,0.9469,11.76,0.0122,29.72,0.88,0.331,0.523,0.160,0.0179,0.0500
600,-31.00661,-15.77875,-15.22785,-6.51347,-8.25072,-0.46366,0.9484,11.61,0.0120,29.79,0.95,0.338,0.522,0.152,0.0170,0.0500
625,-31.06551,-15.86894,-15.19658,-6.47064,-8.24581,-0.48013,0.9421,11.98,0.0124,29.84,0.57,0.344,0.522,0.151,0.0170,0.0500
650,-31.17241,-15.94535,-15.22705,-6.49619,-8.26913,-0.46173,0.9459,11.78,0.0122,29.64,1.07,0.350,0.521,0.143,0.0161,0.0500
675,-31.15920,-15.96599,-15.19320,-6.48136,-8.25298,-0.45886,0.9437,11.71,0.0121,29.85,0.60,0.356,0.520,0.143,0.0160,0.0500
700,-31.09690,-15.91055,-15.18635,-6.51754,-8.20874,-0.46007,0.9490,11.54,0.0119,29.79,0.54,0.361,0.520,0.150,0.0168,0.0500
725,-31.13052,-15.94560,-15.18491,-6.48974,-8.21497,-0.48020,0.9449,11.44,0.0119,29.78,0.57,0.366,0.519,0.149,0.0168,0.0500
750,-31.09156,-15.91689,-15.17466,-6.48182,-8.22030,-0.47255,0.9438,11.92,0.0123,29.76,0.55,0.370,0.518,0.142,0.0159,0.0500
775,-31.15787,-15.97218,-15.18569,-6.45974,-8.23972,-0.48624,0.9406,12.19,0.0126,29.76,0.56,0.375,0.518,0.141,0.0158,0.0500
800,-31.24998,-16.00697,-15.24301,-6.51967,-8.27539,-0.44795,0.9493,12.02,0.0124,29.78,0.63,0.379,0.517,0.148,0.0166,0.0500
825,-31.25413,-16.03752,-15.21661,-6.50236,-8.23632,-0.47793,0.9468,11.97,0.0124,29.73,0.56,0.382,0.517,0.133,0.0150,0.0500
850,-31.32739,-16.11658,-15.21081,-6.49675,-8.24064,-0.47342,0.9459,11.61,0.0120,29.72,0.54,0.386,0.516,0.140,0.0157,0.0500
875,-31.39652,-16.17513,-15.22139,-6.46063,-8.27801,-0.48276,0.9407,11.76,0.0122,29.72,0.56,0.389,0.516,0.139,0.0156,0.0500
900,-31.39686,-16.17249,-15.22437,-6.49806,-8.25410,-0.47221,0.9461,11.74,0.0122,29.69,0.53,0.392,0.515,0.132,0.0148,0.0500
925,-31.55587,-16.33904,-15.21683,-6.49569,-8.23581,-0.48533,0.9458,11.58,0.0120,29.68,0.53,0.395,0.515,0.146,0.0163,0.0500
950,-31.55743,-16.30376,-15.25367,-6.51837,-8.28635,-0.44895,0.9491,11.54,0.0120,29.68,0.52,0.398,0.514,0.138,0.0155,0.0500
975,-31.48625,-16.30871,-15.17754,-6.47569,-8.21063,-0.49122,0.9429,11.96,0.0124,29.68,0.53,0.400,0.514,0.138,0.0154,0.0500
1000,-31.50774,-16.30929,-15.19845,-6.49789,-8.22833,-0.47222,0.9461,11.91,0.0123,29.69,0.52,0.403,0.514,0.130,0.0146,0.0500
1025,-31.54952,-16.34869,-15.20082,-6.51280,-8.22130,-0.46672,0.9483,11.85,0.0123,29.68,0.51,0.406,0.513,0.130,0.0146,0.0500
1050,-31.60775,-16.38691,-15.22084,-6.49494,-8.24119,-0.48471,0.9457,11.85,0.0123,29.68,0.52,0.408,0.513,0.136,0.0153,0.0500
1075,-31.56869,-16.39962,-15.16907,-6.47315,-8.20211,-0.49381,0.9425,11.80,0.0122,29.67,0.52,0.410,0.513,0.136,0.0153,0.0500
1100,-31.60711,-16.40589,-15.20122,-6.46624,-8.23117,-0.50381,0.9415,11.81,0.0122,29.73,0.66,0.412,0.513,0.129,0.0145,0.0500
1125,-31.60884,-16.39020,-15.21864,-6.50094,-8.21357,-0.50413,0.9466,11.64,0.0121,29.74,0.62,0.414,0.513,0.129,0.0144,0.0500
1150,-31.57746,-16.35133,-15.22613,-6.51194,-8.24164,-0.47255,0.9482,11.65,0.0121,29.72,0.55,0.416,0.512,0.135,0.0151,0.0500
1175,-31.59150,-16.42532,-15.16617,-6.45409,-8.20606,-0.50602,0.9397,11.66,0.0121,29.52,0.98,0.418,0.512,0.121,0.0136,0.0500
1200,-31.68381,-16.45723,-15.22659,-6.51124,-8.23736,-0.47799,0.9481,11.76,0.0122,29.58,0.99,0.420,0.512,0.127,0.0143,0.0500
1225,-31.65677,-16.46835,-15.18842,-6.46054,-8.22304,-0.50484,0.9407,11.74,0.0122,29.84,0.71,0.421,0.512,0.127,0.0142,0.0500
1250,-31.74482,-16.53118,-15.21363,-6.49544,-8.23571,-0.48249,0.9458,12.01,0.0124,29.74,1.58,0.423,0.511,0.133,0.0149,0.0500
1275,-31.74075,-16.52733,-15.21342,-6.48673,-8.24745,-0.47924,0.9445,12.62,0.0131,29.70,0.56,0.424,0.511,0.133,0.0149,0.0500
1300,-31.75567,-16.53028,-15.22539,-6.49918,-8.25799,-0.46822,0.9463,12.64,0.0131,29.69,0.57,0.426,0.511,0.126,0.0141,0.0500
1325,-31.78244,-16.57035,-15.21209,-6.48626,-8.23164,-0.49420,0.9444,12.52,0.0130,29.69,0.58,0.427,0.511,0.125,0.0141,0.0500
1350,-31.75783,-16.55356,-15.20427,-6.47284,-8.23615,-0.49528,0.9425,12.48,0.0129,29.71,0.60,0.429,0.510,0.131,0.0147,0.0500
1375,-31.81300,-16.58186,-15.23114,-6.51319,-8.24329,-0.47466,0.9483,12.39,0.0128,29.73,0.68,0.430,0.510,0.131,0.0147,0.0500
1400,-31.77015,-16.54917,-15.22098,-6.46705,-8.26450,-0.48944,0.9416,12.44,0.0129,29.70,0.66,0.431,0.510,0.124,0.0139,0.0500
1425,-31.75048,-16.54208,-15.20840,-6.49761,-8.23863,-0.47216,0.9461,16.75,0.0174,29.75,0.75,0.432,0.510,0.137,0.0154,0.0500
1450,-31.90071,-16.65203,-15.24868,-6.51196,-8.25331,-0.48340,0.9482,16.74,0.0173,29.84,0.79,0.434,0.510,0.130,0.0145,0.0500
1475,-31.86436,-16.62784,-15.23653,-6.51131,-8.24095,-0.48426,0.9481,16.77,0.0174,29.60,1.29,0.435,0.510,0.129,0.0145,0.0500
1500,-31.85690,-16.61588,-15.24102,-6.51493,-8.23847,-0.48762,0.9486,16.65,0.0173,29.51,2.22,0.436,0.509,0.123,0.0138,0.0500
1525,-31.89006,-16.65786,-15.23219,-6.49765,-8.24357,-0.49097,0.9461,16.54,0.0171,29.30,2.10,0.437,0.509,0.122,0.0137,0.0500
1550,-32.00475,-16.75071,-15.25403,-6.50787,-8.26006,-0.48610,0.9476,16.69,0.0173,29.37,1.79,0.438,0.509,0.128,0.0144,0.0500
1575,-31.94956,-16.71023,-15.23933,-6.52834,-8.22979,-0.48119,0.9505,16.90,0.0175,28.99,2.67,0.439,0.509,0.128,0.0143,0.0500
1600,-31.86260,-16.68250,-15.18010,-6.48159,-8.19370,-0.50481,0.9437,17.06,0.0177,29.33,2.02,0.440,0.509,0.134,0.0150,0.0500
1625,-31.88459,-16.63745,-15.24714,-6.49345,-8.26037,-0.49332,0.9455,17.35,0.0180,29.29,3.23,0.441,0.509,0.133,0.0150,0.0500
1650,-31.88161,-16.63399,-15.24762,-6.50643,-8.25122,-0.48998,0.9474,17.20,0.0178,29.61,3.47,0.442,0.509,0.126,0.0142,0.0500
1675,-31.82412,-16.62548,-15.19864,-6.46705,-8.21678,-0.51481,0.9416,17.35,0.0180,29.27,2.19,0.443,0.509,0.126,0.0142,0.0500
1700,-31.78761,-16.59072,-15.19690,-6.46378,-8.22574,-0.50738,0.9411,17.57,0.0182,28.99,2.55,0.444,0.509,0.132,0.0148,0.0500
1725,-31.84404,-16.65964,-15.18440,-6.48289,-8.19218,-0.50933,0.9439,17.16,0.0178,29.44,1.88,0.444,0.508,0.132,0.0148,0.0500
1750,-31.90052,-16.69144,-15.20908,-6.48861,-8.22202,-0.49845,0.9448,16.71,0.0173,29.59,3.70,0.445,0.508,0.138,0.0155,0.0500
1775,-31.95194,-16.69164,-15.26030,-6.51229,-8.25711,-0.49090,0.9482,16.88,0.0175,29.36,1.73,0.446,0.508,0.125,0.0140,0.0500
1800,-31.90573,-16.68114,-15.22459,-6.48646,-8.24584,-0.49230,0.9444,17.07,0.0177,29.21,2.64,0.447,0.508,0.130,0.0146,0.0500
1825,-31.95993,-16.75232,-15.20761,-6.49836,-8.22986,-0.47939,0.9462,17.48,0.0181,29.39,1.83,0.447,0.508,0.130,0.0146,0.0500
1850,-31.94667,-16.72865,-15.21802,-6.46013,-8.26205,-0.49584,0.9406,17.39,0.0180,29.58,1.10,0.448,0.508,0.123,0.0138,0.0500
1875,-31.95692,-16.71050,-15.24642,-6.50315,-8.25295,-0.49032,0.9469,17.31,0.0179,29.52,1.89,0.449,0.508,0.136,0.0153,0.0500
1900,-31.99550,-16.75171,-15.24379,-6.48131,-8.27987,-0.48261,0.9437,17.37,0.0180,29.62,1.11,0.449,0.508,0.129,0.0145,0.0500
1925,-32.02859,-16.77122,-15.25737,-6.51854,-8.25008,-0.48876,0.9491,17.09,0.0177,29.56,1.37,0.450,0.508,0.116,0.0130,0.0500
1950,-31.97153,-16.77392,-15.19760,-6.46158,-8.21573,-0.52029,0.9408,17.15,0.0178,29.63,1.17,0.451,0.508,0.122,0.0137,0.0500
1975,-32.04147,-16.79389,-15.24758,-6.51533,-8.23798,-0.49427,0.9487,17.55,0.0182,29.60,1.09,0.451,0.508,0.134,0.0151,0.0500
2000,-32.01026,-16.80866,-15.20160,-6.48265,-8.22382,-0.49513,0.9439,17.80,0.0184,29.42,1.87,0.452,0.508,0.127,0.0143,0.0500
2025,-31.95250,-16.77418,-15.17831,-6.49319,-8.17640,-0.50872,0.9454,17.92,0.0186,29.39,1.58,0.452,0.508,0.127,0.0143,0.0500
2050,-32.04328,-16.79212,-15.25116,-6.50211,-8.24999,-0.49905,0.9467,17.70,0.0183,29.12,2.24,0.453,0.507,0.127,0.0143,0.0500
2075,-32.06808,-16.84622,-15.22186,-6.51191,-8.21461,-0.49534,0.9482,17.74,0.0184,29.35,2.34,0.453,0.507,0.127,0.0143,0.0500
2100,-32.08095,-16.86510,-15.21585,-6.48893,-8.23661,-0.49032,0.9448,17.89,0.0185,28.85,3.38,0.454,0.507,0.127,0.0143,0.0500
2125,-32.09565,-16.89435,-15.20130,-6.47331,-8.22415,-0.50384,0.9425,17.70,0.0183,29.00,3.13,0.454,0.507,0.127,0.0143,0.0500
2150,-32.12613,-16.91460,-15.21153,-6.49573,-8.22242,-0.49337,0.9458,17.53,0.0182,29.39,3.43,0.455,0.507,0.127,0.0143,0.0500
2175,-32.19474,-16.93984,-15.25490,-6.51076,-8.26252,-0.48162,0.9480,-72.74,-0.0754,29.33,3.72,0.455,0.507,0.127,0.0143,0.0500
2200,-32.20218,-17.00238,-15.19979,-6.48576,-8.21092,-0.50311,0.9443,17.19,0.0178,30.03,3.86,0.456,0.507,0.127,0.0143,0.0500
2225,-32.12156,-16.91595,-15.20561,-6.47834,-8.22636,-0.50090,0.9433,17.35,0.0180,29.50,3.18,0.456,0.507,0.127,0.0143,0.0500
2250,-32.17131,-16.92469,-15.24662,-6.52570,-8.23454,-0.48638,0.9502,17.27,0.0179,29.00,2.88,0.457,0.507,0.127,0.0143,0.0500
2275,-32.07124,-16.85437,-15.21687,-6.50783,-8.21825,-0.49079,0.9476,17.52,0.0182,29.30,3.04,0.457,0.507,0.127,0.0143,0.0500
2300,-32.16430,-16.93447,-15.22983,-6.48829,-8.25222,-0.48932,0.9447,17.49,0.0181,30.11,3.64,0.457,0.507,0.127,0.0143,0.0500
2325,-32.10959,-16.92357,-15.18603,-6.49848,-8.18912,-0.49842,0.9462,17.74,0.0184,29.66,3.59,0.458,0.507,0.127,0.0143,0.0500
2350,-32.16004,-16.94243,-15.21760,-6.48159,-8.22316,-0.51285,0.9437,-72.34,-0.0750,30.12,3.10,0.458,0.506,0.127,0.0143,0.0500
2375,-32.19798,-16.97000,-15.22798,-6.48971,-8.22748,-0.51079,0.9449,-72.09,-0.0747,29.70,2.95,0.458,0.506,0.127,0.0143,0.0500
2400,-32.17094,-16.95284,-15.21809,-6.48302,-8.22510,-0.50997,0.9439,-72.06,-0.0747,29.50,1.60,0.459,0.506,0.127,0.0143,0.0500
2425,-32.24047,-16.95638,-15.28409,-6.52973,-8.27167,-0.48270,0.9507,18.14,0.0188,29.73,2.12,0.459,0.506,0.127,0.0143,0.0500
2450,-32.19121,-16.95670,-15.23452,-6.50792,-8.21494,-0.51165,0.9476,18.28,0.0189,29.73,1.28,0.459,0.506,0.127,0.0143,0.0500
2475,-32.17195,-16.97687,-15.19508,-6.44289,-8.22245,-0.52974,0.9381,18.14,0.0188,29.77,1.41,0.460,0.506,0.127,0.0143,0.0500
2500,-32.31362,-17.03266,-15.28096,-6.50520,-8.28011,-0.49564,0.9472,18.05,0.0187,30.21,3.42,0.460,0.506,0.127,0.0143,0.0500
2525,-32.32244,-17.09665,-15.22579,-6.50342,-8.21743,-0.50494,0.9469,17.71,0.0184,30.49,2.97,0.460,0.506,0.127,0.0143,0.0500
2550,-32.27331,-17.02671,-15.24660,-6.50827,-8.24151,-0.49682,0.9476,17.73,0.0184,30.08,3.56,0.460,0.506,0.127,0.0143,0.0500
2575,-32.21469,-17.01984,-15.19485,-6.48799,-8.18789,-0.51897,0.9447,-72.13,-0.0747,30.09,2.57,0.461,0.506,0.127,0.0143,0.0500
2600,-32.29639,-17.07495,-15.22144,-6.48466,-8.21392,-0.52286,0.9442,17.86,0.0185,29.69,3.17,0.461,0.506,0.127,0.0143,0.0500
2625,-32.35389,-17.09468,-15.25921,-6.52541,-8.23300,-0.50080,0.9501,17.84,0.0185,30.17,3.37,0.461,0.506,0.127,0.0143,0.0500
2650,-32.37274,-17.11175,-15.26099,-6.51437,-8.26126,-0.48536,0.9485,17.90,0.0186,30.01,2.98,0.461,0.506,0.127,0.0143,0.0500
2675,-32.41526,-17.14153,-15.27373,-6.52405,-8.26976,-0.47992,0.9499,18.03,0.0187,30.14,2.68,0.461,0.506,0.127,0.0143,0.0500
2700,-32.34107,-17.12725,-15.21382,-6.46011,-8.23914,-0.51457,0.9406,17.91,0.0186,29.82,3.42,0.462,0.506,0.127,0.0143,0.0500
2725,-32.41826,-17.19033,-15.22793,-6.49576,-8.23458,-0.49760,0.9458,17.96,0.0186,29.98,1.65,0.462,0.506,0.127,0.0143,0.0500
2750,-32.35743,-17.13298,-15.22445,-6.48660,-8.21490,-0.52295,0.9445,18.00,0.0187,29.98,3.36,0.462,0.505,0.127,0.0143,0.0500
2775,-32.36510,-17.12932,-15.23579,-6.51479,-8.23117,-0.48983,0.9486,108.00,0.1120,30.38,3.06,0.462,0.505,0.127,0.0143,0.0500
2800,-32.40724,-17.18999,-15.21725,-6.48924,-8.21763,-0.51038,0.9449,108.13,0.1121,29.32,2.35,0.462,0.505,0.127,0.0143,0.0500
2825,-32.42588,-17.19016,-15.23572,-6.48975,-8.25280,-0.49318,0.9449,18.42,0.0191,29.42,1.83,0.462,0.505,0.127,0.0143,0.0500
2850,-32.37659,-17.17157,-15.20502,-6.47708,-8.22173,-0.50620,0.9431,108.35,0.1123,29.10,3.28,0.462,0.505,0.127,0.0143,0.0500
2875,-32.54341,-17.24472,-15.29869,-6.51211,-8.28690,-0.49967,0.9482,108.26,0.1122,29.48,4.21,0.462,0.505,0.127,0.0143,0.0500
2900,-32.41365,-17.22664,-15.18701,-6.46253,-8.21793,-0.50655,0.9410,18.65,0.0193,30.63,3.83,0.462,0.505,0.127,0.0143,0.0500
2925,-32.47075,-17.26723,-15.20352,-6.45568,-8.21042,-0.53742,0.9400,18.66,0.0193,30.24,4.38,0.463,0.505,0.127,0.0143,0.0500
2950,-32.48490,-17.21651,-15.26838,-6.51175,-8.26763,-0.48901,0.9481,18.82,0.0195,30.30,4.57,0.463,0.505,0.127,0.0143,0.0500
2975,-32.48895,-17.27907,-15.20987,-6.50177,-8.21249,-0.49562,0.9467,18.58,0.0193,30.66,3.73,0.463,0.505,0.127,0.0143,0.0500
3000,-32.40591,-17.19264,-15.21327,-6.48464,-8.23074,-0.49789,0.9442,18.48,0.0192,30.64,4.09,0.463,0.505,0.121,0.0136,0.0500
3025,-32.46788,-17.25763,-15.21026,-6.48346,-8.20531,-0.52148,0.9440,18.42,0.0191,30.83,3.84,0.463,0.505,0.121,0.0136,0.0500
3050,-32.48898,-17.26602,-15.22296,-6.50662,-8.22462,-0.49172,0.9474,18.22,0.0189,30.71,3.92,0.463,0.505,0.121,0.0136,0.0500
3075,-32.50720,-17.27952,-15.22768,-6.46298,-8.23246,-0.53224,0.9410,18.22,0.0189,31.16,3.78,0.464,0.505,0.121,0.0136,0.0500
3100,-32.46905,-17.26684,-15.20221,-6.49040,-8.20583,-0.50598,0.9450,18.41,0.0191,30.94,3.71,0.464,0.505,0.121,0.0136,0.0500
3125,-32.52518,-17.29112,-15.23407,-6.49960,-8.22569,-0.50878,0.9464,18.22,0.0189,30.99,3.73,0.464,0.505,0.121,0.0136,0.0500
3150,-32.52275,-17.26327,-15.25948,-6.49639,-8.24431,-0.51878,0.9459,18.23,0.0189,30.97,3.48,0.464,0.505,0.121,0.0136,0.0500
3175,-32.52673,-17.30358,-15.22315,-6.47852,-8.24060,-0.50403,0.9433,18.38,0.0191,30.90,3.63,0.464,0.505,0.121,0.0136,0.0500
3200,-32.52314,-17.31113,-15.21201,-6.51084,-8.21168,-0.48948,0.9480,-71.74,-0.0744,30.99,3.64,0.465,0.505,0.121,0.0136,0.0500
3225,-32.54931,-17.32609,-15.22322,-6.50437,-8.21014,-0.50870,0.9471,17.98,0.0186,30.67,3.61,0.465,0.506,0.121,0.0136,0.0500
3250,-32.55636,-17.32200,-15.23436,-6.49455,-8.25499,-0.48483,0.9456,18.09,0.0188,30.27,3.80,0.465,0.506,0.121,0.0136,0.0500
3275,-32.58108,-17.34942,-15.23166,-6.49215,-8.23435,-0.50516,0.9453,18.09,0.0188,30.67,3.81,0.465,0.506,0.121,0.0136,0.0500
3300,-32.62295,-17.38722,-15.23572,-6.46679,-8.24141,-0.52752,0.9416,17.88,0.0185,30.32,3.73,0.465,0.506,0.121,0.0136,0.0500
3325,-32.57767,-17.32959,-15.24809,-6.49745,-8.24936,-0.50128,0.9460,18.03,0.0187,30.54,3.60,0.466,0.506,0.121,0.0136,0.0500
3350,-32.63715,-17.38225,-15.25490,-6.49472,-8.24693,-0.51325,0.9457,17.96,0.0186,30.42,3.22,0.466,0.506,0.121,0.0136,0.0500
3375,-32.61054,-17.35042,-15.26012,-6.49595,-8.24686,-0.51730,0.9458,17.72,0.0184,29.66,4.08,0.466,0.506,0.121,0.0136,0.0500
3400,-32.61576,-17.35232,-15.26344,-6.50760,-8.24311,-0.51273,0.9475,17.72,0.0184,30.09,3.19,0.466,0.506,0.121,0.0136,0.0500
3425,-32.67667,-17.40831,-15.26836,-6.50710,-8.25684,-0.50442,0.9475,17.52,0.0182,30.02,3.31,0.466,0.506,0.121,0.0136,0.0500
3450,-32.56377,-17.29257,-15.27120,-6.49062,-8.26528,-0.51530,0.9451,17.53,0.0182,30.85,3.37,0.466,0.506,0.121,0.0136,0.0500
3475,-32.58736,-17.33574,-15.25162,-6.49202,-8.24680,-0.51281,0.9453,17.49,0.0181,30.50,3.72,0.466,0.506,0.121,0.0136,0.0500
3500,-32.65230,-17.40296,-15.24934,-6.50609,-8.25030,-0.49295,0.9473,-72.42,-0.0751,30.68,2.93,0.467,0.506,0.121,0.0136,0.0500
3525,-32.66524,-17.44635,-15.21890,-6.49265,-8.21560,-0.51065,0.9453,-72.50,-0.0751,30.47,3.19,0.467,0.506,0.121,0.0136,0.0500
3550,-32.82133,-17.53919,-15.28214,-6.50642,-8.26586,-0.50986,0.9474,-72.14,-0.0748,30.49,3.28,0.467,0.506,0.121,0.0136,0.0500
3575,-32.65423,-17.45279,-15.20144,-6.49210,-8.19680,-0.51254,0.9453,17.88,0.0185,30.32,3.32,0.467,0.506,0.121,0.0136,0.0500
3600,-32.65068,-17.44793,-15.20275,-6.46826,-8.21577,-0.51871,0.9418,-72.03,-0.0747,29.88,3.70,0.467,0.506,0.121,0.0136,0.0500
3625,-32.67360,-17.44224,-15.23137,-6.48366,-8.22585,-0.52185,0.9440,108.16,0.1121,30.28,2.67,0.467,0.506,0.121,0.0136,0.0500
3650,-32.65509,-17.40332,-15.25176,-6.48966,-8.24006,-0.52205,0.9449,108.12,0.1121,29.75,2.83,0.467,0.507,0.121,0.0136,0.0500
3675,-32.69093,-17.47615,-15.21478,-6.48595,-8.19836,-0.53047,0.9444,18.07,0.0187,30.22,3.11,0.467,0.507,0.121,0.0136,0.0500
3700,-32.69485,-17.45443,-15.24043,-6.47301,-8.25053,-0.51688,0.9425,18.02,0.0187,30.09,3.34,0.467,0.507,0.121,0.0136,0.0500
3725,-32.71054,-17.48739,-15.22314,-6.46883,-8.22973,-0.52459,0.9419,18.12,0.0188,29.96,3.67,0.467,0.507,0.121,0.0136,0.0500
3750,-32.69519,-17.47316,-15.22204,-6.49860,-8.21592,-0.50752,0.9462,18.20,0.0189,29.68,4.02,0.467,0.507,0.121,0.0136,0.0500
3775,-32.72463,-17.48204,-15.24260,-6.49615,-8.23174,-0.51471,0.9459,18.33,0.0190,29.96,3.31,0.468,0.507,0.121,0.0136,0.0500
3800,-32.76157,-17.49529,-15.26628,-6.50389,-8.24294,-0.51945,0.9470,18.65,0.0193,29.96,3.75,0.468,0.507,0.121,0.0136,0.0500
3825,-32.72299,-17.43597,-15.28702,-6.54852,-8.24530,-0.49320,0.9535,18.64,0.0193,30.32,3.73,0.468,0.507,0.121,0.0136,0.0500
3850,-32.65489,-17.43061,-15.22428,-6.49812,-8.21063,-0.51553,0.9461,18.39,0.0191,30.64,3.45,0.468,0.507,0.121,0.0136,0.0500
3875,-32.72439,-17.46344,-15.26095,-6.50089,-8.24117,-0.51889,0.9465,18.23,0.0189,30.02,3.34,0.468,0.507,0.121,0.0136,0.0500
3900,-32.68880,-17.47034,-15.21845,-6.49861,-8.22475,-0.49509,0.9462,18.46,0.0191,30.05,3.06,0.468,0.507,0.121,0.0136,0.0500
3925,-32.72181,-17.48854,-15.23327,-6.49292,-8.20832,-0.53203,0.9454,18.51,0.0192,30.04,3.21,0.468,0.507,0.121,0.0136,0.0500
3950,-32.74248,-17.48480,-15.25767,-6.48649,-8.24682,-0.52436,0.9445,18.70,0.0194,29.93,3.58,0.468,0.507,0.121,0.0136,0.0500
3975,-32.78929,-17.52804,-15.26125,-6.48611,-8.24559,-0.52955,0.9444,18.46,0.0191,29.85,3.70,0.468,0.507,0.121,0.0136,0.0500
4000,-32.74883,-17.49469,-15.25414,-6.50122,-8.22650,-0.52642,0.9466,18.30,0.0190,29.83,3.60,0.468,0.507,0.115,0.0129,0.0500
4025,-32.82966,-17.55419,-15.27547,-6.51833,-8.25640,-0.50073,0.9491,18.34,0.0190,29.97,3.86,0.469,0.507,0.115,0.0129,0.0500
4050,-32.79246,-17.58078,-15.21168,-6.50006,-8.20937,-0.50224,0.9464,18.17,0.0188,30.23,3.88,0.469,0.507,0.115,0.0129,0.0500
4075,-32.82507,-17.56710,-15.25796,-6.49571,-8.24052,-0.52173,0.9458,17.99,0.0186,29.66,4.11,0.469,0.507,0.115,0.0129,0.0500
4100,-32.74360,-17.52956,-15.21404,-6.45608,-8.21071,-0.54725,0.9400,17.93,0.0186,29.54,3.63,0.469,0.507,0.115,0.0129,0.0500
4125,-32.77010,-17.52374,-15.24636,-6.50101,-8.24007,-0.50529,0.9466,17.83,0.0185,29.49,2.92,0.469,0.507,0.115,0.0129,0.0500
4150,-32.67012,-17.45607,-15.21404,-6.46595,-8.22927,-0.51882,0.9415,17.97,0.0186,29.45,2.71,0.469,0.507,0.115,0.0129,0.0500
4175,-32.69194,-17.50243,-15.18951,-6.46271,-8.18101,-0.54579,0.9410,17.73,0.0184,29.45,2.91,0.469,0.507,0.115,0.0129,0.0500
4200,-32.81035,-17.55662,-15.25372,-6.48269,-8.25414,-0.51690,0.9439,17.80,0.0184,29.31,2.82,0.470,0.507,0.115,0.0129,0.0500
4225,-32.74409,-17.51665,-15.22743,-6.48955,-8.21343,-0.52445,0.9449,17.80,0.0185,29.26,3.11,0.470,0.507,0.115,0.0129,0.0500
4250,-32.78676,-17.56301,-15.22375,-6.48394,-8.20701,-0.53280,0.9441,-72.39,-0.0750,29.55,3.29,0.470,0.507,0.115,0.0129,0.0500
4275,-32.86293,-17.59650,-15.26644,-6.49615,-8.24624,-0.52404,0.9459,17.24,0.0179,29.56,3.31,0.470,0.507,0.115,0.0129,0.0500
4300,-32.83956,-17.55909,-15.28048,-6.51769,-8.26069,-0.50210,0.9490,17.51,0.0182,29.38,4.05,0.470,0.507,0.115,0.0129,0.0500
4325,-32.87896,-17.59747,-15.28149,-6.51467,-8.24830,-0.51852,0.9486,17.52,0.0182,30.00,4.02,0.470,0.506,0.115,0.0129,0.0500
4350,-32.86629,-17.64377,-15.22252,-6.48363,-8.22112,-0.51777,0.9440,17.55,0.0182,30.20,3.58,0.470,0.506,0.115,0.0129,0.0500
4375,-32.88213,-17.65710,-15.22503,-6.48454,-8.22444,-0.51605,0.9442,17.56,0.0182,30.59,2.83,0.470,0.506,0.115,0.0129,0.0500
4400,-32.89880,-17.63515,-15.26365,-6.51565,-8.23240,-0.51561,0.9487,17.34,0.0180,29.94,3.23,0.470,0.506,0.115,0.0129,0.0500
4425,-32.84733,-17.60640,-15.24093,-6.48065,-8.24401,-0.51627,0.9436,17.67,0.0183,30.69,2.71,0.470,0.506,0.115,0.0129,0.0500
4450,-32.86722,-17.60199,-15.26524,-6.46065,-8.26523,-0.53936,0.9407,17.56,0.0182,30.19,3.41,0.470,0.506,0.115,0.0129,0.0500
4475,-32.92758,-17.63421,-15.29337,-6.50865,-8.26673,-0.51800,0.9477,17.50,0.0181,30.43,3.21,0.471,0.506,0.115,0.0129,0.0500
4500,-32.85644,-17.61052,-15.24593,-6.47052,-8.24169,-0.53372,0.9421,17.58,0.0182,30.09,3.72,0.471,0.506,0.115,0.0129,0.0500
4525,-32.91379,-17.60309,-15.31070,-6.53299,-8.27643,-0.50128,0.9512,17.64,0.0183,29.90,3.13,0.471,0.506,0.115,0.0129,0.0500
4550,-32.91632,-17.58581,-15.33051,-6.53112,-8.30539,-0.49400,0.9510,17.72,0.0184,29.79,3.27,0.471,0.506,0.115,0.0129,0.0500
4575,-32.84100,-17.57733,-15.26366,-6.49262,-8.25071,-0.52033,0.9453,17.89,0.0186,30.39,3.26,0.471,0.506,0.115,0.0129,0.0500
4600,-32.88254,-17.62109,-15.26145,-6.50140,-8.24868,-0.51136,0.9466,17.98,0.0186,29.97,2.93,0.471,0.506,0.115,0.0129,0.0500
4625,-32.88574,-17.62367,-15.26207,-6.49767,-8.23327,-0.53113,0.9461,17.98,0.0186,29.63,2.75,0.471,0.506,0.115,0.0129,0.0500
4650,-32.87730,-17.59501,-15.28229,-6.49538,-8.27133,-0.51557,0.9457,-72.04,-0.0747,29.90,3.00,0.471,0.506,0.115,0.0129,0.0500
4675,-32.84452,-17.60303,-15.24149,-6.50002,-8.21551,-0.52596,0.9464,17.92,0.0186,30.45,3.06,0.471,0.506,0.115,0.0129,0.0500
4700,-32.86743,-17.62406,-15.24337,-6.49129,-8.23503,-0.51705,0.9452,17.91,0.0186,30.84,2.97,0.471,0.506,0.115,0.0129,0.0500
4725,-32.91671,-17.66928,-15.24742,-6.50542,-8.22924,-0.51277,0.9472,17.80,0.0185,30.31,3.23,0.471,0.506,0.115,0.0129,0.0500
4750,-32.93724,-17.68162,-15.25562,-6.50383,-8.22779,-0.52400,0.9470,-72.15,-0.0748,30.46,2.92,0.471,0.506,0.115,0.0129,0.0500
4775,-32.89871,-17.61946,-15.27925,-6.47868,-8.28279,-0.51779,0.9433,-72.44,-0.0751,30.34,2.90,0.471,0.506,0.115,0.0129,0.0500
4800,-32.97259,-17.72855,-15.24404,-6.49609,-8.23772,-0.51023,0.9459,17.58,0.0182,30.18,3.61,0.472,0.506,0.115,0.0129,0.0500
4825,-32.97207,-17.71478,-15.25729,-6.47816,-8.24187,-0.53726,0.9432,17.46,0.0181,29.99,3.98,0.472,0.506,0.115,0.0129,0.0500
4850,-32.98354,-17.70703,-15.27650,-6.47924,-8.28273,-0.51454,0.9434,17.46,0.0181,30.31,3.35,0.472,0.506,0.115,0.0129,0.0500
4875,-32.92517,-17.66262,-15.26256,-6.51299,-8.22088,-0.52869,0.9483,-72.61,-0.0753,30.55,2.85,0.472,0.506,0.115,0.0129,0.0500
4900,-32.94181,-17.69483,-15.24698,-6.48206,-8.22782,-0.53710,0.9438,16.98,0.0176,29.44,2.83,0.472,0.506,0.115,0.0129,0.0500
4925,-32.96120,-17.71027,-15.25093,-6.48253,-8.23565,-0.53275,0.9439,16.79,0.0174,29.57,2.90,0.472,0.506,0.115,0.0129,0.0500
4950,-32.95653,-17.69342,-15.26310,-6.49580,-8.23985,-0.52745,0.9458,-73.15,-0.0758,30.38,2.18,0.472,0.506,0.115,0.0129,0.0500
4975,-32.92586,-17.68737,-15.23849,-6.49792,-8.23016,-0.51041,0.9461,17.00,0.0176,29.37,2.87,0.472,0.505,0.115,0.0129,0.0500
5000,-33.03482,-17.75150,-15.28332,-6.49664,-8.24929,-0.53739,0.9459,16.92,0.0175,29.97,2.57,0.472,0.505,0.109,0.0122,0.0500
5025,-33.00218,-17.71955,-15.28263,-6.52447,-8.23969,-0.51847,0.9500,16.86,0.0175,30.48,3.02,0.472,0.505,0.109,0.0122,0.0500
5050,-33.05183,-17.74642,-15.30541,-6.51278,-8.27767,-0.51496,0.9483,-72.94,-0.0756,30.35,3.20,0.472,0.506,0.109,0.0122,0.0500
5075,-33.01196,-17.70660,-15.30535,-6.50192,-8.25996,-0.54347,0.9467,-73.01,-0.0757,30.48,2.79,0.472,0.506,0.109,0.0122,0.0500
5100,-32.98309,-17.72362,-15.25947,-6.52033,-8.23118,-0.50796,0.9494,17.01,0.0176,30.52,2.73,0.473,0.506,0.109,0.0122,0.0500
5125,-32.94901,-17.69118,-15.25783,-6.48367,-8.23394,-0.54022,0.9440,16.59,0.0172,30.36,3.09,0.473,0.506,0.109,0.0122,0.0500
5150,-32.95113,-17.69769,-15.25344,-6.50120,-8.22204,-0.53020,0.9466,16.88,0.0175,30.30,3.31,0.473,0.506,0.109,0.0122,0.0500
5175,-33.05122,-17.78551,-15.26571,-6.55009,-8.22161,-0.49400,0.9537,17.12,0.0178,30.16,3.55,0.473,0.506,0.109,0.0122,0.0500
5200,-33.06206,-17.78674,-15.27532,-6.53432,-8.22151,-0.51949,0.9514,17.14,0.0178,30.69,3.36,0.473,0.506,0.109,0.0122,0.0500
5225,-33.05417,-17.77631,-15.27786,-6.51804,-8.25310,-0.50671,0.9490,16.98,0.0176,30.47,3.66,0.473,0.506,0.109,0.0122,0.0500
5250,-33.04353,-17.81473,-15.22880,-6.49817,-8.22825,-0.50239,0.9462,16.90,0.0175,30.57,3.42,0.473,0.506,0.109,0.0122,0.0500
5275,-33.08204,-17.79969,-15.28235,-6.49505,-8.24738,-0.53991,0.9457,16.74,0.0174,30.43,3.81,0.473,0.506,0.109,0.0122,0.0500
5300,-33.05608,-17.78759,-15.26850,-6.51127,-8.23134,-0.52589,0.9481,-73.22,-0.0759,30.47,3.26,0.473,0.506,0.109,0.0122,0.0500
5325,-33.05169,-17.81228,-15.23941,-6.46879,-8.22344,-0.54718,0.9419,-73.10,-0.0758,30.48,3.27,0.473,0.506,0.109,0.0122,0.0500
5350,-33.01221,-17.76488,-15.24734,-6.53047,-8.21791,-0.49895,0.9509,16.87,0.0175,30.24,3.78,0.473,0.506,0.109,0.0122,0.0500
5375,-33.00630,-17.76546,-15.24083,-6.50391,-8.21963,-0.51728,0.9470,16.91,0.0175,30.59,3.40,0.474,0.506,0.109,0.0122,0.0500
5400,-33.04335,-17.81909,-15.22426,-6.49061,-8.18684,-0.54682,0.9451,16.90,0.0175,29.35,3.91,0.474,0.506,0.109,0.0122,0.0500
5425,-33.03191,-17.78301,-15.24889,-6.48642,-8.22995,-0.53253,0.9444,16.70,0.0173,30.04,4.46,0.474,0.506,0.109,0.0122,0.0500
5450,-33.09511,-17.84426,-15.25084,-6.47902,-8.24551,-0.52631,0.9434,16.76,0.0174,30.23,4.06,0.474,0.506,0.109,0.0122,0.0500
5475,-33.12400,-17.86899,-15.25501,-6.50387,-8.22345,-0.52769,0.9470,16.84,0.0175,30.05,4.20,0.474,0.506,0.109,0.0122,0.0500
5500,-33.05886,-17.80001,-15.25885,-6.48318,-8.26165,-0.51402,0.9440,16.81,0.0174,29.93,4.42,0.474,0.506,0.109,0.0122,0.0500
5525,-33.13797,-17.87761,-15.26036,-6.47210,-8.24394,-0.54432,0.9424,16.57,0.0172,30.27,3.74,0.474,0.506,0.109,0.0122,0.0500
5550,-33.07017,-17.81983,-15.25034,-6.49555,-8.21326,-0.54152,0.9458,16.57,0.0172,30.02,3.74,0.474,0.506,0.109,0.0122,0.0500
5575,-33.14602,-17.89250,-15.25352,-6.49148,-8.22814,-0.53390,0.9452,16.92,0.0175,29.67,4.09,0.474,0.506,0.109,0.0122,0.0500
5600,-33.16342,-17.90262,-15.26080,-6.49777,-8.23489,-0.52814,0.9461,16.83,0.0175,30.10,3.61,0.474,0.506,0.109,0.0122,0.0500
5625,-33.18373,-17.89595,-15.28777,-6.51257,-8.25903,-0.51618,0.9482,16.83,0.0175,29.72,4.32,0.474,0.506,0.109,0.0122,0.0500
5650,-33.16527,-17.91462,-15.25065,-6.48351,-8.23565,-0.53149,0.9440,16.79,0.0174,29.96,4.17,0.474,0.506,0.109,0.0122,0.0500
5675,-33.24691,-17.99074,-15.25616,-6.49499,-8.24061,-0.52056,0.9457,16.88,0.0175,29.82,4.36,0.474,0.506,0.109,0.0122,0.0500
5700,-33.14115,-17.92283,-15.21833,-6.47759,-8.20195,-0.53879,0.9432,-72.99,-0.0757,30.33,4.04,0.474,0.506,0.109,0.0122,0.0500
5725,-33.16286,-17.89979,-15.26307,-6.51394,-8.25465,-0.49448,0.9484,16.94,0.0176,30.22,4.07,0.474,0.506,0.109,0.0122,0.0500
5750,-33.11772,-17.88344,-15.23427,-6.49222,-8.21283,-0.52922,0.9453,16.62,0.0172,30.29,3.93,0.474,0.507,0.109,0.0122,0.0500
5775,-33.13463,-17.87550,-15.25912,-6.49766,-8.22961,-0.53185,0.9461,-73.15,-0.0759,30.65,3.65,0.474,0.507,0.109,0.0122,0.0500
5800,-33.25720,-17.97994,-15.27725,-6.48711,-8.26397,-0.52617,0.9445,-73.11,-0.0758,30.46,3.89,0.474,0.507,0.109,0.0122,0.0500
5825,-33.24143,-17.96045,-15.28098,-6.49548,-8.25613,-0.52937,0.9458,16.72,0.0173,30.43,3.85,0.474,0.507,0.109,0.0122,0.0500
5850,-33.22116,-17.98741,-15.23374,-6.46562,-8.22193,-0.54620,0.9414,16.74,0.0174,30.02,4.35,0.474,0.507,0.109,0.0122,0.0500
5875,-33.13820,-17.89932,-15.23888,-6.48333,-8.20359,-0.55195,0.9440,16.75,0.0174,30.15,4.17,0.474,0.507,0.109,0.0122,0.0500
5900,-33.13915,-17.86819,-15.27096,-6.49781,-8.23004,-0.54310,0.9461,-73.41,-0.0761,29.95,4.15,0.474,0.507,0.109,0.0122,0.0500
5925,-33.13435,-17.86442,-15.26993,-6.49552,-8.24458,-0.52982,0.9458,16.54,0.0172,29.82,4.31,0.475,0.507,0.109,0.0122,0.0500
5950,-33.16306,-17.91731,-15.24576,-6.47668,-8.24140,-0.52768,0.9430,16.35,0.0170,30.31,4.14,0.475,0.507,0.109,0.0122,0.0500
5975,-33.18110,-17.92136,-15.25974,-6.51097,-8.22537,-0.52340,0.9480,16.52,0.0171,30.43,3.78,0.475,0.507,0.109,0.0122,0.0500
6000,-33.15078,-17.89246,-15.25832,-6.51690,-8.22159,-0.51982,0.9489,16.50,0.0171,29.14,3.57,0.475,0.507,0.104,0.0116,0.0500
6025,-33.11061,-17.91027,-15.20034,-6.45352,-8.21012,-0.53669,0.9397,16.75,0.0174,29.94,4.06,0.475,0.507,0.104,0.0116,0.0500
6050,-33.25842,-17.99114,-15.26728,-6.50627,-8.23463,-0.52638,0.9473,-73.16,-0.0759,29.79,4.04,0.475,0.507,0.104,0.0116,0.0500
6075,-33.24222,-17.95222,-15.29000,-6.50774,-8.24484,-0.53742,0.9475,16.58,0.0172,29.88,3.89,0.475,0.507,0.104,0.0116,0.0500
6100,-33.17387,-17.90807,-15.26580,-6.48099,-8.24793,-0.53687,0.9437,16.50,0.0171,30.33,3.87,0.475,0.507,0.104,0.0116,0.0500
6125,-33.23335,-17.97620,-15.25715,-6.47830,-8.23154,-0.54731,0.9433,16.41,0.0170,30.20,4.21,0.475,0.507,0.104,0.0116,0.0500
6150,-33.18171,-17.99180,-15.18991,-6.50097,-8.16641,-0.52253,0.9466,16.36,0.0170,30.50,3.80,0.475,0.507,0.104,0.0116,0.0500
6175,-33.27126,-17.99957,-15.27169,-6.51974,-8.22205,-0.52990,0.9493,16.42,0.0170,30.90,3.58,0.476,0.506,0.104,0.0116,0.0500
6200,-33.30651,-18.06240,-15.24411,-6.49356,-8.21817,-0.53238,0.9455,16.40,0.0170,30.57,3.80,0.476,0.506,0.104,0.0116,0.0500
6225,-33.25829,-18.00649,-15.25180,-6.50001,-8.21923,-0.53256,0.9464,16.38,0.0170,30.34,3.85,0.476,0.506,0.104,0.0116,0.0500
6250,-33.29953,-18.06300,-15.23653,-6.49791,-8.19651,-0.54211,0.9461,16.15,0.0168,30.59,3.72,0.476,0.506,0.104,0.0116,0.0500
6275,-33.36065,-18.08251,-15.27814,-6.49910,-8.25173,-0.52731,0.9463,16.13,0.0167,30.25,3.95,0.476,0.506,0.104,0.0116,0.0500
6300,-33.30406,-18.05863,-15.24543,-6.48501,-8.21714,-0.54328,0.9442,15.98,0.0166,30.60,3.77,0.476,0.506,0.104,0.0116,0.0500
6325,-33.33028,-18.02557,-15.30470,-6.50209,-8.27676,-0.52584,0.9467,15.99,0.0166,30.65,3.95,0.476,0.506,0.104,0.0116,0.0500
6350,-33.34819,-18.05007,-15.29812,-6.51742,-8.24436,-0.53634,0.9490,15.87,0.0165,30.45,4.15,0.476,0.506,0.104,0.0116,0.0500
6375,-33.37565,-18.06589,-15.30976,-6.51865,-8.26617,-0.52494,0.9491,15.80,0.0164,30.07,4.24,0.476,0.506,0.104,0.0116,0.0500
6400,-33.32801,-18.06906,-15.25895,-6.49227,-8.22042,-0.54626,0.9453,15.81,0.0164,30.02,4.08,0.476,0.506,0.104,0.0116,0.0500
6425,-33.35170,-18.07631,-15.27539,-6.50625,-8.24512,-0.52402,0.9473,15.78,0.0164,30.40,3.11,0.476,0.506,0.104,0.0116,0.0500
6450,-33.26334,-18.05622,-15.20712,-6.47121,-8.20235,-0.53356,0.9422,15.81,0.0164,30.10,2.95,0.476,0.506,0.104,0.0116,0.0500
6475,-33.35933,-18.09311,-15.26622,-6.49445,-8.22857,-0.54319,0.9456,-74.15,-0.0769,29.54,3.29,0.476,0.506,0.104,0.0116,0.0500
6500,-33.38472,-18.06697,-15.31775,-6.50807,-8.27061,-0.53906,0.9476,-74.24,-0.0770,29.60,3.21,0.476,0.506,0.104,0.0116,0.0500
6525,-33.33431,-18.08813,-15.24618,-6.49162,-8.21779,-0.53677,0.9452,15.56,0.0161,29.44,3.27,0.476,0.506,0.104,0.0116,0.0500
6550,-33.39929,-18.13374,-15.26555,-6.50784,-8.21678,-0.54093,0.9476,-74.51,-0.0772,29.92,3.72,0.476,0.506,0.104,0.0116,0.0500
6575,-33.41231,-18.14267,-15.26964,-6.49536,-8.24227,-0.53201,0.9457,-74.39,-0.0771,30.19,4.18,0.476,0.506,0.104,0.0116,0.0500
6600,-33.36791,-18.09812,-15.26979,-6.49027,-8.24135,-0.53817,0.9450,15.77,0.0163,29.61,3.75,0.477,0.506,0.104,0.0116,0.0500
6625,-33.37501,-18.09939,-15.27562,-6.49300,-8.23805,-0.54457,0.9454,15.52,0.0161,29.53,4.04,0.477,0.506,0.104,0.0116,0.0500
6650,-33.42749,-18.13549,-15.29201,-6.50966,-8.25310,-0.52924,0.9478,15.60,0.0162,29.19,4.44,0.477,0.506,0.104,0.0116,0.0500
6675,-33.36063,-18.08233,-15.27830,-6.49906,-8.25034,-0.52889,0.9463,15.59,0.0162,29.64,3.64,0.477,0.506,0.104,0.0116,0.0500
6700,-33.44789,-18.15321,-15.29468,-6.51812,-8.24425,-0.53230,0.9491,-74.23,-0.0770,29.61,4.36,0.477,0.506,0.104,0.0116,0.0500
6725,-33.38968,-18.10596,-15.28372,-6.50448,-8.24245,-0.53680,0.9471,15.60,0.0162,30.00,4.43,0.477,0.506,0.104,0.0116,0.0500
6750,-33.44437,-18.17651,-15.26785,-6.47514,-8.24617,-0.54655,0.9428,15.54,0.0161,30.19,4.11,0.477,0.506,0.104,0.0116,0.0500
6775,-33.44154,-18.18509,-15.25645,-6.47640,-8.23647,-0.54357,0.9430,15.49,0.0161,30.33,4.14,0.477,0.506,0.104,0.0116,0.0500
6800,-33.38978,-18.14719,-15.24259,-6.48964,-8.21605,-0.53690,0.9449,15.52,0.0161,30.30,4.13,0.477,0.506,0.104,0.0116,0.0500
6825,-33.42631,-18.12068,-15.30563,-6.49936,-8.27200,-0.53427,0.9463,15.77,0.0164,30.41,4.02,0.477,0.506,0.104,0.0116,0.0500
6850,-33.41669,-18.14495,-15.27175,-6.49144,-8.22460,-0.55570,0.9452,15.66,0.0162,30.61,4.18,0.477,0.506,0.104,0.0116,0.0500
6875,-33.46441,-18.20036,-15.26405,-6.49246,-8.21609,-0.55550,0.9453,15.64,0.0162,30.73,3.71,0.477,0.506,0.104,0.0116,0.0500
6900,-33.44767,-18.16230,-15.28537,-6.50087,-8.25933,-0.52517,0.9465,15.81,0.0164,30.04,4.15,0.477,0.506,0.104,0.0116,0.0500
6925,-33.48698,-18.20404,-15.28294,-6.52323,-8.23263,-0.52708,0.9498,16.04,0.0166,30.43,4.12,0.477,0.506,0.104,0.0116,0.0500
6950,-33.41638,-18.14124,-15.27514,-6.51654,-8.22815,-0.53044,0.9488,16.13,0.0167,30.54,4.17,0.477,0.506,0.104,0.0116,0.0500
6975,-33.40544,-18.13231,-15.27313,-6.51227,-8.22356,-0.53730,0.9482,16.37,0.0170,30.67,4.15,0.477,0.506,0.104,0.0116,0.0500
7000,-33.41457,-18.14400,-15.27057,-6.52832,-8.22503,-0.51723,0.9505,15.98,0.0166,30.87,3.97,0.477,0.506,0.098,0.0110,0.0500
7025,-33.41241,-18.14816,-15.26424,-6.48573,-8.21891,-0.55960,0.9443,15.81,0.0164,30.81,4.09,0.477,0.506,0.098,0.0110,0.0500
7050,-33.37081,-18.08492,-15.28589,-6.49804,-8.23551,-0.55234,0.9461,15.91,0.0165,30.61,4.20,0.477,0.506,0.098,0.0110,0.0500
7075,-33.47246,-18.16961,-15.30285,-6.51289,-8.24429,-0.54566,0.9483,15.74,0.0163,30.03,4.52,0.477,0.506,0.098,0.0110,0.0500
7100,-33.50357,-18.21907,-15.28450,-6.48856,-8.24196,-0.55398,0.9448,15.88,0.0165,30.08,4.44,0.478,0.506,0.098,0.0110,0.0500
7125,-33.59077,-18.28876,-15.30201,-6.51191,-8.25023,-0.53987,0.9482,16.16,0.0168,30.09,4.48,0.478,0.506,0.098,0.0110,0.0500
7150,-33.50690,-18.25659,-15.25030,-6.49495,-8.20711,-0.54824,0.9457,15.97,0.0166,30.63,4.13,0.478,0.506,0.098,0.0110,0.0500
7175,-33.51992,-18.25589,-15.26402,-6.48248,-8.22894,-0.55260,0.9439,16.04,0.0166,30.66,4.09,0.478,0.506,0.098,0.0110,0.0500
7200,-33.57193,-18.27841,-15.29352,-6.50919,-8.25296,-0.53138,0.9478,15.96,0.0166,30.60,4.27,0.478,0.506,0.098,0.0110,0.0500
7225,-33.50558,-18.23331,-15.27227,-6.52052,-8.22478,-0.52697,0.9494,16.18,0.0168,30.49,4.43,0.478,0.506,0.098,0.0110,0.0500
7250,-33.51604,-18.23414,-15.28189,-6.50242,-8.22981,-0.54965,0.9468,16.23,0.0168,30.62,4.27,0.478,0.506,0.098,0.0110,0.0500
7275,-33.49529,-18.24334,-15.25195,-6.50318,-8.20659,-0.54218,0.9469,16.30,0.0169,30.36,4.43,0.478,0.506,0.098,0.0110,0.0500
7300,-33.59583,-18.29828,-15.29755,-6.50905,-8.24432,-0.54419,0.9477,-73.49,-0.0762,30.24,4.58,0.478,0.506,0.098,0.0110,0.0500
7325,-33.54064,-18.25461,-15.28603,-6.52782,-8.23220,-0.52601,0.9505,16.59,0.0172,30.11,4.64,0.478,0.506,0.098,0.0110,0.0500
7350,-33.55625,-18.30030,-15.25595,-6.47574,-8.22507,-0.55513,0.9429,16.77,0.0174,30.87,4.11,0.478,0.506,0.098,0.0110,0.0500
7375,-33.56853,-18.29849,-15.27004,-6.48679,-8.24142,-0.54183,0.9445,16.90,0.0175,30.43,4.29,0.478,0.506,0.098,0.0110,0.0500
7400,-33.58339,-18.29264,-15.29075,-6.49142,-8.24576,-0.55356,0.9452,16.82,0.0174,30.37,4.55,0.478,0.506,0.098,0.0110,0.0500
7425,-33.57671,-18.27835,-15.29836,-6.50642,-8.23674,-0.55520,0.9474,17.00,0.0176,30.68,4.17,0.478,0.506,0.098,0.0110,0.0500
7450,-33.60465,-18.30984,-15.29481,-6.50027,-8.23569,-0.55885,0.9465,17.07,0.0177,31.04,4.15,0.478,0.506,0.098,0.0110,0.0500
7475,-33.56950,-18.28432,-15.28517,-6.50024,-8.23634,-0.54859,0.9465,17.14,0.0178,30.61,4.38,0.478,0.506,0.098,0.0110,0.0500
7500,-33.60859,-18.33386,-15.27473,-6.48484,-8.24356,-0.54634,0.9442,-72.85,-0.0755,30.74,3.96,0.479,0.506,0.098,0.0110,0.0500
7525,-33.55486,-18.28956,-15.26530,-6.48565,-8.22191,-0.55774,0.9443,17.11,0.0177,30.20,4.15,0.479,0.506,0.098,0.0110,0.0500
7550,-33.59411,-18.31409,-15.28003,-6.48331,-8.24282,-0.55390,0.9440,107.00,0.1110,30.29,3.80,0.479,0.506,0.098,0.0110,0.0500
7575,-33.64248,-18.37625,-15.26623,-6.48236,-8.22349,-0.56038,0.9439,17.03,0.0177,30.13,4.27,0.479,0.506,0.098,0.0110,0.0500
7600,-33.58636,-18.33187,-15.25449,-6.48815,-8.21153,-0.55481,0.9447,-72.71,-0.0754,30.19,3.96,0.479,0.506,0.098,0.0110,0.0500
7625,-33.59448,-18.28870,-15.30578,-6.51112,-8.25314,-0.54152,0.9480,-72.69,-0.0754,30.46,3.88,0.479,0.506,0.098,0.0110,0.0500
7650,-33.52315,-18.22208,-15.30107,-6.50650,-8.25839,-0.53617,0.9474,-163.05,-0.1691,30.51,3.89,0.479,0.506,0.098,0.0110,0.0500
7675,-33.62140,-18.30913,-15.31226,-6.51269,-8.23868,-0.56090,0.9483,16.99,0.0176,30.18,4.40,0.479,0.506,0.098,0.0110,0.0500
7700,-33.55834,-18.30273,-15.25561,-6.47336,-8.23204,-0.55022,0.9425,-73.21,-0.0759,30.34,3.91,0.479,0.506,0.098,0.0110,0.0500
7725,-33.58556,-18.31024,-15.27532,-6.49654,-8.22463,-0.55414,0.9459,-73.25,-0.0760,29.84,4.53,0.479,0.506,0.098,0.0110,0.0500
7750,-33.60806,-18.31767,-15.29039,-6.47805,-8.26128,-0.55105,0.9432,-73.25,-0.0760,30.17,4.20,0.479,0.506,0.098,0.0110,0.0500
7775,-33.57434,-18.29352,-15.28083,-6.49901,-8.22883,-0.55298,0.9463,-163.12,-0.1692,30.09,4.39,0.479,0.506,0.098,0.0110,0.0500
7800,-33.56223,-18.28336,-15.27887,-6.49257,-8.24646,-0.53984,0.9453,-73.15,-0.0759,30.27,4.23,0.479,0.506,0.098,0.0110,0.0500
7825,-33.55809,-18.26675,-15.29134,-6.51744,-8.24161,-0.53229,0.9490,-72.99,-0.0757,30.27,4.22,0.479,0.506,0.098,0.0110,0.0500
7850,-33.49384,-18.22547,-15.26837,-6.47361,-8.25442,-0.54034,0.9426,-73.12,-0.0758,30.42,4.19,0.479,0.506,0.098,0.0110,0.0500
7875,-33.51977,-18.27839,-15.24138,-6.47057,-8.22333,-0.54748,0.9421,-73.24,-0.0760,30.52,4.13,0.479,0.506,0.098,0.0110,0.0500
7900,-33.58857,-18.30754,-15.28104,-6.49268,-8.23327,-0.55508,0.9454,-73.27,-0.0760,30.52,4.43,0.479,0.506,0.098,0.0110,0.0500
7925,-33.58499,-18.28121,-15.30378,-6.52292,-8.25394,-0.52692,0.9498,-73.16,-0.0759,30.46,4.16,0.479,0.506,0.098,0.0110,0.0500
7950,-33.58481,-18.28368,-15.30113,-6.52125,-8.25690,-0.52297,0.9495,-73.42,-0.0761,30.54,3.55,0.479,0.506,0.098,0.0110,0.0500
7975,-33.51903,-18.22117,-15.29787,-6.51669,-8.24624,-0.53494,0.9488,-73.39,-0.0761,30.88,3.73,0.479,0.506,0.098,0.0110,0.0500
8000,-33.50198,-18.26876,-15.23322,-6.48619,-8.20016,-0.54688,0.9444,-163.12,-0.1692,30.48,3.86,0.479,0.506,0.094,0.0105,0.0500
8025,-33.64538,-18.32489,-15.32049,-6.48932,-8.28540,-0.54577,0.9449,-73.10,-0.0758,30.72,3.76,0.480,0.506,0.094,0.0105,0.0500
8050,-33.67478,-18.38482,-15.28996,-6.45711,-8.26492,-0.56793,0.9402,-73.23,-0.0759,30.49,3.93,0.480,0.506,0.094,0.0105,0.0500
8075,-33.65837,-18.36521,-15.29316,-6.50841,-8.23192,-0.55283,0.9476,-73.47,-0.0762,30.71,3.71,0.480,0.506,0.094,0.0105,0.0500
8100,-33.67174,-18.37541,-15.29633,-6.48230,-8.24972,-0.56432,0.9438,16.71,0.0173,30.84,3.98,0.480,0.506,0.094,0.0105,0.0500
8125,-33.64820,-18.37287,-15.27534,-6.45613,-8.26170,-0.55750,0.9400,-73.20,-0.0759,30.34,4.29,0.480,0.506,0.094,0.0105,0.0500
8150,-33.65476,-18.34500,-15.30975,-6.50916,-8.25909,-0.54150,0.9478,16.72,0.0173,30.16,4.22,0.480,0.506,0.094,0.0105,0.0500
8175,-33.65439,-18.34770,-15.30669,-6.50807,-8.25693,-0.54169,0.9476,16.57,0.0172,30.38,4.15,0.480,0.506,0.094,0.0105,0.0500
8200,-33.62905,-18.34232,-15.28673,-6.49919,-8.24419,-0.54334,0.9463,16.69,0.0173,30.75,3.69,0.480,0.506,0.094,0.0105,0.0500
8225,-33.65104,-18.39333,-15.25772,-6.48917,-8.24060,-0.52794,0.9448,16.68,0.0173,31.02,3.64,0.480,0.506,0.094,0.0105,0.0500
8250,-33.64168,-18.37151,-15.27017,-6.49746,-8.22920,-0.54351,0.9460,16.75,0.0174,31.19,3.67,0.480,0.506,0.094,0.0105,0.0500
8275,-33.65838,-18.35934,-15.29904,-6.51920,-8.23465,-0.54520,0.9492,16.78,0.0174,30.71,4.11,0.481,0.506,0.094,0.0105,0.0500
8300,-33.69651,-18.38692,-15.30959,-6.52141,-8.25532,-0.53286,0.9495,16.65,0.0173,30.70,3.99,0.481,0.506,0.094,0.0105,0.0500
8325,-33.71339,-18.38111,-15.33228,-6.53751,-8.25346,-0.54131,0.9519,16.59,0.0172,30.49,4.11,0.481,0.506,0.094,0.0105,0.0500
8350,-33.57663,-18.29622,-15.28041,-6.50810,-8.22382,-0.54849,0.9476,16.55,0.0172,30.57,4.11,0.481,0.506,0.094,0.0105,0.0500
8375,-33.59576,-18.30349,-15.29226,-6.48077,-8.26030,-0.55119,0.9436,-73.35,-0.0761,30.36,4.42,0.481,0.506,0.094,0.0105,0.0500
8400,-33.65549,-18.34588,-15.30961,-6.52526,-8.24735,-0.53700,0.9501,16.56,0.0172,30.43,4.54,0.481,0.506,0.094,0.0105,0.0500
8425,-33.67654,-18.34735,-15.32919,-6.51754,-8.28380,-0.52784,0.9490,16.59,0.0172,30.56,4.33,0.481,0.506,0.094,0.0105,0.0500
8450,-33.64429,-18.34079,-15.30351,-6.51147,-8.24684,-0.54520,0.9481,16.65,0.0173,30.90,4.04,0.481,0.506,0.094,0.0105,0.0500
8475,-33.53671,-18.27997,-15.25673,-6.49030,-8.21435,-0.55208,0.9450,16.75,0.0174,30.95,4.17,0.481,0.506,0.094,0.0105,0.0500
8500,-33.73567,-18.37092,-15.36475,-6.52324,-8.28690,-0.55461,0.9498,16.69,0.0173,30.86,4.07,0.482,0.506,0.094,0.0105,0.0500
8525,-33.58105,-18.36025,-15.22080,-6.44384,-8.20843,-0.56853,0.9382,16.84,0.0175,30.72,4.21,0.482,0.506,0.094,0.0105,0.0500
8550,-33.82837,-18.51831,-15.31006,-6.51618,-8.26018,-0.53370,0.9488,16.89,0.0175,30.88,3.75,0.482,0.506,0.094,0.0105,0.0500
8575,-33.77291,-18.45041,-15.32250,-6.50563,-8.25967,-0.55721,0.9472,16.74,0.0174,31.02,3.81,0.482,0.506,0.094,0.0105,0.0500
8600,-33.71466,-18.41951,-15.29515,-6.50199,-8.23704,-0.55612,0.9467,16.94,0.0176,30.86,4.11,0.482,0.506,0.094,0.0105,0.0500
8625,-33.65499,-18.44898,-15.20600,-6.47849,-8.17526,-0.55225,0.9433,17.11,0.0177,29.92,4.69,0.482,0.506,0.094,0.0105,0.0500
8650,-33.59678,-18.40057,-15.19621,-6.49726,-8.14533,-0.55362,0.9460,16.83,0.0175,30.43,4.16,0.482,0.506,0.094,0.0105,0.0500
8675,-33.59525,-18.35806,-15.23718,-6.48679,-8.17747,-0.57292,0.9445,16.76,0.0174,30.50,4.26,0.482,0.506,0.094,0.0105,0.0500
8700,-33.65193,-18.38099,-15.27094,-6.51646,-8.21634,-0.53814,0.9488,16.62,0.0172,30.98,3.87,0.482,0.506,0.094,0.0105,0.0500
8725,-33.60686,-18.32378,-15.28308,-6.50268,-8.22836,-0.55205,0.9468,16.32,0.0169,30.82,4.06,0.483,0.506,0.094,0.0105,0.0500
8750,-33.60306,-18.32059,-15.28247,-6.50186,-8.22479,-0.55582,0.9467,16.32,0.0169,30.92,3.91,0.483,0.506,0.094,0.0105,0.0500
8775,-33.58344,-18.32144,-15.26200,-6.48841,-8.20908,-0.56450,0.9447,16.39,0.0170,30.60,4.12,0.483,0.506,0.094,0.0105,0.0500
8800,-33.60693,-18.31089,-15.29604,-6.51969,-8.20838,-0.56796,0.9493,16.37,0.0170,29.84,4.41,0.483,0.506,0.094,0.0105,0.0500
8825,-33.65822,-18.36773,-15.29050,-6.50510,-8.23483,-0.55057,0.9472,16.38,0.0170,29.93,4.46,0.483,0.506,0.094,0.0105,0.0500
8850,-33.65897,-18.37951,-15.27946,-6.51511,-8.21150,-0.55284,0.9486,16.50,0.0171,31.08,3.61,0.483,0.506,0.094,0.0105,0.0500
8875,-33.71002,-18.43657,-15.27344,-6.50007,-8.23184,-0.54153,0.9464,16.56,0.0172,29.74,4.44,0.483,0.506,0.094,0.0105,0.0500
8900,-33.66221,-18.41773,-15.24448,-6.49072,-8.18920,-0.56456,0.9451,16.46,0.0171,30.23,4.25,0.483,0.506,0.094,0.0105,0.0500
8925,-33.59688,-18.36679,-15.23009,-6.49552,-8.19824,-0.53633,0.9458,16.45,0.0171,30.34,4.24,0.483,0.506,0.094,0.0105,0.0500
8950,-33.68151,-18.40948,-15.27203,-6.49890,-8.22441,-0.54872,0.9463,16.59,0.0172,30.29,4.33,0.483,0.506,0.094,0.0105,0.0500
8975,-33.68957,-18.38982,-15.29975,-6.49063,-8.24679,-0.56233,0.9451,16.47,0.0171,29.60,4.51,0.483,0.505,0.094,0.0105,0.0500
9000,-33.61333,-18.34235,-15.27098,-6.50836,-8.20566,-0.55696,0.9476,16.58,0.0172,29.08,4.41,0.483,0.505,0.098,0.0110,0.0500
9025,-33.66309,-18.39354,-15.26954,-6.50704,-8.19220,-0.57030,0.9474,16.68,0.0173,29.54,4.81,0.483,0.505,0.098,0.0110,0.0500
9050,-33.63839,-18.38964,-15.24875,-6.47702,-8.21448,-0.55725,0.9431,16.51,0.0171,29.05,5.07,0.483,0.506,0.098,0.0110,0.0500
9075,-33.71855,-18.43689,-15.28166,-6.51313,-8.21569,-0.55284,0.9483,16.63,0.0172,29.71,4.33,0.483,0.506,0.098,0.0110,0.0500
9100,-33.65933,-18.42792,-15.23141,-6.50033,-8.18566,-0.54542,0.9465,16.47,0.0171,29.46,4.36,0.484,0.506,0.098,0.0110,0.0500
9125,-33.70983,-18.47039,-15.23945,-6.50477,-8.19952,-0.53515,0.9471,16.59,0.0172,29.20,4.22,0.484,0.506,0.098,0.0110,0.0500
9150,-33.75732,-18.53168,-15.22564,-6.49883,-8.16957,-0.55724,0.9462,16.38,0.0170,28.93,4.72,0.484,0.506,0.098,0.0110,0.0500
9175,-33.81901,-18.50181,-15.31720,-6.51722,-8.25356,-0.54642,0.9489,16.51,0.0171,28.63,4.85,0.484,0.506,0.098,0.0110,0.0500
9200,-33.76838,-18.51090,-15.25748,-6.51544,-8.20052,-0.54153,0.9487,16.62,0.0172,29.10,4.73,0.484,0.506,0.098,0.0110,0.0500
9225,-33.72640,-18.49239,-15.23401,-6.49559,-8.17897,-0.55945,0.9458,16.37,0.0170,29.67,4.16,0.484,0.506,0.098,0.0110,0.0500
9250,-33.76658,-18.48867,-15.27790,-6.52073,-8.21532,-0.54186,0.9494,16.30,0.0169,29.29,4.28,0.484,0.506,0.098,0.0110,0.0500
9275,-33.83634,-18.55715,-15.27920,-6.52597,-8.20299,-0.55023,0.9502,16.25,0.0169,29.50,3.73,0.484,0.506,0.098,0.0110,0.0500
9300,-33.82258,-18.53795,-15.28463,-6.49139,-8.24339,-0.54985,0.9452,16.07,0.0167,29.28,4.63,0.484,0.506,0.098,0.0110,0.0500
9325,-33.81321,-18.51687,-15.29635,-6.50690,-8.23020,-0.55925,0.9474,16.08,0.0167,29.50,4.38,0.484,0.506,0.098,0.0110,0.0500
9350,-33.80447,-18.52115,-15.28331,-6.50404,-8.24091,-0.53836,0.9470,16.01,0.0166,29.90,4.82,0.484,0.506,0.098,0.0110,0.0500
9375,-33.84788,-18.54051,-15.30736,-6.52449,-8.23729,-0.54559,0.9500,15.96,0.0166,30.38,4.23,0.484,0.506,0.098,0.0110,0.0500
9400,-33.86811,-18.58954,-15.27858,-6.51289,-8.21198,-0.55370,0.9483,16.00,0.0166,30.13,4.56,0.484,0.506,0.098,0.0110,0.0500
9425,-33.86667,-18.57455,-15.29212,-6.53366,-8.22638,-0.53208,0.9513,15.97,0.0166,30.02,4.60,0.484,0.506,0.098,0.0110,0.0500
9450,-33.85368,-18.58709,-15.26659,-6.48645,-8.22962,-0.55052,0.9444,15.94,0.0165,30.42,4.11,0.484,0.506,0.098,0.0110,0.0500
9475,-33.79271,-18.53348,-15.25923,-6.50287,-8.21015,-0.54621,0.9468,15.85,0.0164,30.62,4.04,0.484,0.506,0.098,0.0110,0.0500
9500,-33.85548,-18.54682,-15.30866,-6.52550,-8.24087,-0.54229,0.9501,16.20,0.0168,29.59,4.89,0.484,0.506,0.098,0.0110,0.0500
9525,-33.81055,-18.52767,-15.28288,-6.50518,-8.23375,-0.54395,0.9472,16.28,0.0169,29.55,4.77,0.484,0.506,0.098,0.0110,0.0500
9550,-33.79291,-18.53168,-15.26122,-6.48394,-8.23012,-0.54717,0.9441,15.97,0.0166,30.33,4.39,0.484,0.506,0.098,0.0110,0.0500
9575,-33.78700,-18.47831,-15.30869,-6.52495,-8.23882,-0.54492,0.9501,15.88,0.0165,30.33,4.44,0.484,0.506,0.098,0.0110,0.0500
9600,-33.71771,-18.43822,-15.27949,-6.47995,-8.24183,-0.55772,0.9435,16.20,0.0168,30.20,4.09,0.484,0.506,0.098,0.0110,0.0500
9625,-33.74096,-18.45565,-15.28530,-6.50114,-8.22050,-0.56366,0.9466,16.16,0.0168,30.66,3.93,0.484,0.506,0.098,0.0110,0.0500
9650,-33.71923,-18.44025,-15.27898,-6.50586,-8.23786,-0.53527,0.9473,16.25,0.0168,29.86,4.41,0.484,0.506,0.098,0.0110,0.0500
9675,-33.72928,-18.44730,-15.28198,-6.50962,-8.21109,-0.56127,0.9478,16.19,0.0168,29.76,4.66,0.484,0.506,0.098,0.0110,0.0500
9700,-33.71145,-18.45881,-15.25264,-6.50547,-8.19028,-0.55689,0.9472,16.36,0.0170,29.20,4.97,0.484,0.506,0.098,0.0110,0.0500
9725,-33.68521,-18.41328,-15.27193,-6.49602,-8.22054,-0.55537,0.9458,16.47,0.0171,29.25,4.62,0.484,0.506,0.098,0.0110,0.0500
9750,-33.69726,-18.43290,-15.26436,-6.50050,-8.20871,-0.55514,0.9465,16.44,0.0170,29.90,4.35,0.484,0.506,0.098,0.0110,0.0500
9775,-33.71265,-18.45925,-15.25340,-6.51749,-8.17501,-0.56089,0.9490,16.52,0.0171,30.28,4.04,0.484,0.506,0.098,0.0110,0.0500
9800,-33.77925,-18.49274,-15.28650,-6.51598,-8.21789,-0.55263,0.9487,16.48,0.0171,30.11,3.95,0.484,0.506,0.098,0.0110,0.0500
9825,-33.76329,-18.47636,-15.28693,-6.50537,-8.22961,-0.55196,0.9472,16.61,0.0172,30.23,4.23,0.484,0.506,0.098,0.0110,0.0500
9850,-33.73652,-18.45019,-15.28634,-6.50895,-8.22643,-0.55096,0.9477,16.66,0.0173,30.34,4.19,0.484,0.506,0.098,0.0110,0.0500
9875,-33.70276,-18.44986,-15.25290,-6.51315,-8.18861,-0.55114,0.9483,16.60,0.0172,30.40,4.29,0.484,0.506,0.098,0.0110,0.0500
9900,-33.80240,-18.51107,-15.29133,-6.51838,-8.21519,-0.55776,0.9491,16.66,0.0173,30.35,4.15,0.484,0.506,0.098,0.0110,0.0500
9925,-33.78428,-18.48828,-15.29600,-6.49973,-8.25221,-0.54406,0.9464,16.62,0.0172,30.52,4.03,0.484,0.506,0.098,0.0110,0.0500
9950,-33.79324,-18.52183,-15.27141,-6.49664,-8.20744,-0.56733,0.9459,-73.37,-0.0761,31.17,3.74,0.484,0.506,0.098,0.0110,0.0500
9975,-33.78687,-18.52245,-15.26441,-6.48896,-8.21880,-0.55666,0.9448,-73.39,-0.0761,31.21,3.94,0.484,0.506,0.098,0.0110,0.0500
10000,-33.87919,-18.60164,-15.27755,-6.49685,-8.22552,-0.55518,0.9460,-73.50,-0.0762,30.67,4.13,0.484,0.506,0.093,0.0105,0.0500
10025,-33.91816,-18.57919,-15.33897,-6.50188,-8.28173,-0.55536,0.9467,-73.16,-0.0758,31.03,3.68,0.484,0.506,0.093,0.0105,0.0500
10050,-33.89533,-18.60946,-15.28587,-6.49261,-8.24057,-0.55269,0.9453,17.10,0.0177,30.90,3.98,0.484,0.506,0.093,0.0105,0.0500
10075,-33.87770,-18.61348,-15.26422,-6.50880,-8.18881,-0.56660,0.9477,16.95,0.0176,31.15,3.66,0.484,0.506,0.093,0.0105,0.0500
10100,-33.83896,-18.59025,-15.24872,-6.50558,-8.18649,-0.55664,0.9472,16.83,0.0174,31.31,3.61,0.484,0.506,0.093,0.0105,0.0500
10125,-33.84526,-18.55377,-15.29150,-6.49056,-8.24165,-0.55929,0.9450,-73.08,-0.0758,31.63,3.52,0.484,0.506,0.093,0.0105,0.0500
10150,-33.84526,-18.54244,-15.30282,-6.50073,-8.25213,-0.54995,0.9465,16.89,0.0175,30.89,3.95,0.484,0.506,0.093,0.0105,0.0500
10175,-33.84514,-18.52707,-15.31807,-6.51463,-8.25867,-0.54477,0.9485,16.97,0.0176,31.12,3.91,0.484,0.506,0.093,0.0105,0.0500
10200,-33.76809,-18.47736,-15.29073,-6.50520,-8.22575,-0.55977,0.9472,-72.73,-0.0754,31.16,3.89,0.484,0.506,0.093,0.0105,0.0500
10225,-33.80655,-18.50310,-15.30345,-6.50858,-8.25270,-0.54217,0.9477,17.40,0.0180,30.94,3.99,0.484,0.506,0.093,0.0105,0.0500
10250,-33.78727,-18.54392,-15.24336,-6.51435,-8.16468,-0.56432,0.9485,-72.39,-0.0750,30.88,4.18,0.484,0.506,0.093,0.0105,0.0500
10275,-33.70860,-18.43633,-15.27227,-6.47728,-8.22388,-0.57112,0.9431,-72.44,-0.0751,30.91,4.00,0.484,0.506,0.093,0.0105,0.0500
10300,-33.72274,-18.44596,-15.27677,-6.49190,-8.21022,-0.57464,0.9452,17.45,0.0181,30.76,4.26,0.484,0.506,0.093,0.0105,0.0500
10325,-33.79077,-18.47558,-15.31519,-6.48218,-8.27879,-0.55422,0.9438,-72.63,-0.0753,31.50,3.68,0.484,0.506,0.093,0.0105,0.0500
10350,-33.78607,-18.49853,-15.28753,-6.49611,-8.22008,-0.57134,0.9459,-72.70,-0.0754,31.35,3.62,0.484,0.506,0.093,0.0105,0.0500
10375,-33.78658,-18.56602,-15.22057,-6.49117,-8.18463,-0.54477,0.9451,17.31,0.0179,31.33,3.75,0.484,0.506,0.093,0.0105,0.0500
10400,-33.79501,-18.52610,-15.26891,-6.47451,-8.24646,-0.54794,0.9427,17.08,0.0177,31.12,3.84,0.484,0.506,0.093,0.0105,0.0500
10425,-33.78430,-18.50278,-15.28153,-6.51974,-8.21343,-0.54836,0.9493,17.17,0.0178,31.00,4.11,0.484,0.506,0.093,0.0105,0.0500
10450,-33.72189,-18.46174,-15.26015,-6.49494,-8.20411,-0.56110,0.9457,17.22,0.0178,30.97,4.20,0.484,0.506,0.093,0.0105,0.0500
10475,-33.83910,-18.53730,-15.30180,-6.51240,-8.24945,-0.53995,0.9482,-72.74,-0.0754,31.42,3.67,0.484,0.506,0.093,0.0105,0.0500
10500,-33.81490,-18.49576,-15.31914,-6.52442,-8.23995,-0.55477,0.9500,-72.84,-0.0755,31.63,3.39,0.484,0.506,0.093,0.0105,0.0500
10525,-33.74945,-18.51643,-15.23303,-6.49509,-8.17311,-0.56483,0.9457,-72.81,-0.0755,31.65,3.52,0.484,0.506,0.093,0.0105,0.0500
10550,-33.85440,-18.53994,-15.31446,-6.50937,-8.24598,-0.55911,0.9478,-72.58,-0.0752,31.18,3.86,0.484,0.506,0.093,0.0105,0.0500
10575,-33.81871,-18.54535,-15.27336,-6.50933,-8.22231,-0.54172,0.9478,-72.72,-0.0754,31.16,3.80,0.484,0.506,0.093,0.0105,0.0500
10600,-33.90297,-18.62218,-15.28079,-6.49263,-8.22946,-0.55870,0.9453,17.38,0.0180,31.06,4.01,0.484,0.506,0.093,0.0105,0.0500
10625,-33.94438,-18.64215,-15.30223,-6.50915,-8.23877,-0.55432,0.9478,17.36,0.0180,30.43,4.28,0.485,0.506,0.093,0.0105,0.0500
10650,-33.85721,-18.61830,-15.23891,-6.48925,-8.19078,-0.55888,0.9449,-72.75,-0.0754,30.60,4.27,0.485,0.506,0.093,0.0105,0.0500
10675,-33.91100,-18.61460,-15.29640,-6.50541,-8.23986,-0.55113,0.9472,-72.79,-0.0755,30.43,4.33,0.485,0.506,0.093,0.0105,0.0500
10700,-33.80519,-18.56547,-15.23972,-6.47589,-8.22063,-0.54321,0.9429,17.32,0.0180,30.89,4.28,0.485,0.506,0.093,0.0105,0.0500
10725,-33.91766,-18.61660,-15.30106,-6.52400,-8.22481,-0.55225,0.9499,17.45,0.0181,30.82,4.03,0.485,0.506,0.093,0.0105,0.0500
10750,-33.88642,-18.61606,-15.27036,-6.50342,-8.21053,-0.55642,0.9469,17.27,0.0179,31.22,4.04,0.485,0.506,0.093,0.0105,0.0500
10775,-33.94650,-18.64907,-15.29744,-6.51073,-8.22980,-0.55691,0.9480,-72.57,-0.0752,31.03,4.09,0.485,0.506,0.093,0.0105,0.0500
10800,-33.91124,-18.62377,-15.28747,-6.50024,-8.24645,-0.54078,0.9465,-72.49,-0.0751,30.90,3.90,0.485,0.506,0.093,0.0105,0.0500
10825,-33.83679,-18.59230,-15.24449,-6.48575,-8.19881,-0.55994,0.9443,17.46,0.0181,30.39,3.99,0.485,0.506,0.093,0.0105,0.0500
10850,-33.97113,-18.68415,-15.28698,-6.48369,-8.24148,-0.56181,0.9440,17.46,0.0181,30.33,4.44,0.485,0.506,0.093,0.0105,0.0500
10875,-33.97605,-18.71590,-15.26015,-6.49995,-8.21954,-0.54066,0.9464,17.46,0.0181,30.84,4.26,0.485,0.506,0.093,0.0105,0.0500
10900,-33.99158,-18.70670,-15.28488,-6.48735,-8.24366,-0.55387,0.9446,17.42,0.0181,30.35,4.55,0.485,0.506,0.093,0.0105,0.0500
10925,-34.04451,-18.74357,-15.30095,-6.50082,-8.23403,-0.56610,0.9465,17.35,0.0180,30.57,4.27,0.485,0.506,0.093,0.0105,0.0500
10950,-34.03507,-18.75035,-15.28471,-6.50611,-8.23665,-0.54195,0.9473,-72.60,-0.0752,30.86,4.44,0.485,0.506,0.093,0.0105,0.0500
10975,-34.05036,-18.73243,-15.31793,-6.51869,-8.25202,-0.54721,0.9491,17.61,0.0182,30.85,4.30,0.485,0.505,0.093,0.0105,0.0500
11000,-34.00255,-18.70561,-15.29695,-6.50028,-8.22631,-0.57036,0.9465,-72.48,-0.0751,29.74,4.63,0.485,0.505,0.089,0.0099,0.0500
11025,-33.97285,-18.71294,-15.25992,-6.48025,-8.20030,-0.57937,0.9435,-72.49,-0.0751,29.82,4.89,0.485,0.505,0.089,0.0099,0.0500
11050,-33.96242,-18.63805,-15.32437,-6.51881,-8.24972,-0.55584,0.9492,-72.79,-0.0754,29.93,4.42,0.485,0.506,0.089,0.0099,0.0500
11075,-34.02371,-18.67834,-15.34536,-6.53663,-8.25700,-0.55174,0.9518,-72.78,-0.0754,29.92,4.73,0.485,0.506,0.089,0.0099,0.0500
11100,-33.97843,-18.68887,-15.28956,-6.50547,-8.23236,-0.55173,0.9472,-72.59,-0.0752,30.27,4.50,0.485,0.506,0.089,0.0099,0.0500
11125,-33.94168,-18.64861,-15.29307,-6.51400,-8.23485,-0.54421,0.9485,17.57,0.0182,30.71,4.22,0.485,0.506,0.089,0.0099,0.0500
11150,-33.93206,-18.62789,-15.30417,-6.50882,-8.23030,-0.56504,0.9477,17.46,0.0181,31.08,4.07,0.485,0.506,0.089,0.0099,0.0500
11175,-33.85786,-18.55950,-15.29836,-6.51048,-8.24671,-0.54117,0.9479,-72.65,-0.0753,30.65,4.22,0.485,0.506,0.089,0.0099,0.0500
11200,-33.92818,-18.62663,-15.30154,-6.50273,-8.23516,-0.56365,0.9468,107.28,0.1112,30.57,4.41,0.485,0.506,0.089,0.0099,0.0500
11225,-33.97172,-18.65853,-15.31319,-6.50392,-8.24912,-0.56014,0.9470,107.29,0.1112,30.72,4.39,0.485,0.506,0.089,0.0099,0.0500
11250,-33.85222,-18.59753,-15.25469,-6.49293,-8.20407,-0.55769,0.9454,107.19,0.1111,30.48,4.64,0.485,0.506,0.089,0.0099,0.0500
11275,-33.92940,-18.63252,-15.29687,-6.50913,-8.23321,-0.55453,0.9477,-72.72,-0.0754,31.24,3.90,0.485,0.506,0.089,0.0099,0.0500
11300,-33.93248,-18.65491,-15.27758,-6.49959,-8.21784,-0.56015,0.9464,107.16,0.1110,31.02,4.01,0.485,0.506,0.089,0.0099,0.0500
11325,-33.89952,-18.64122,-15.25830,-6.49069,-8.21581,-0.55180,0.9451,-72.86,-0.0755,31.37,3.68,0.485,0.506,0.089,0.0099,0.0500
11350,-33.89386,-18.59716,-15.29671,-6.49628,-8.23891,-0.56152,0.9459,17.08,0.0177,31.35,4.06,0.485,0.506,0.089,0.0099,0.0500
11375,-33.91278,-18.62846,-15.28432,-6.51178,-8.20838,-0.56416,0.9481,17.15,0.0178,31.05,4.12,0.485,0.506,0.089,0.0099,0.0500
11400,-33.91458,-18.59737,-15.31721,-6.53452,-8.22007,-0.56262,0.9514,-72.84,-0.0755,31.34,3.97,0.485,0.506,0.089,0.0099,0.0500
11425,-33.92787,-18.64118,-15.28670,-6.49644,-8.23735,-0.55291,0.9459,17.07,0.0177,31.27,4.01,0.485,0.506,0.089,0.0099,0.0500
11450,-33.89915,-18.60689,-15.29226,-6.50437,-8.22387,-0.56403,0.9471,-72.99,-0.0756,30.24,4.28,0.485,0.506,0.089,0.0099,0.0500
11475,-33.91897,-18.58362,-15.33535,-6.52078,-8.24760,-0.56698,0.9494,-72.87,-0.0755,30.35,4.35,0.486,0.506,0.089,0.0099,0.0500
11500,-33.91051,-18.61019,-15.30032,-6.49900,-8.22974,-0.57157,0.9463,17.25,0.0179,30.26,4.54,0.486,0.506,0.089,0.0099,0.0500
11525,-33.99987,-18.65830,-15.34156,-6.50572,-8.25498,-0.58087,0.9473,17.16,0.0178,30.68,3.82,0.486,0.506,0.089,0.0099,0.0500
11550,-33.95285,-18.67535,-15.27750,-6.48387,-8.22258,-0.57104,0.9441,16.99,0.0176,30.49,4.35,0.486,0.506,0.089,0.0099,0.0500
11575,-33.85047,-18.55642,-15.29406,-6.50634,-8.23153,-0.55619,0.9473,-73.08,-0.0757,30.60,4.05,0.486,0.506,0.089,0.0099,0.0500
11600,-33.91218,-18.60133,-15.31085,-6.50452,-8.23096,-0.57537,0.9471,17.02,0.0176,30.90,4.21,0.486,0.506,0.089,0.0099,0.0500
11625,-33.87945,-18.58658,-15.29287,-6.50649,-8.22423,-0.56215,0.9474,-73.06,-0.0757,30.43,4.30,0.486,0.506,0.089,0.0099,0.0500
11650,-33.99044,-18.69919,-15.29125,-6.48928,-8.23995,-0.56202,0.9449,16.89,0.0175,30.69,4.06,0.486,0.506,0.089,0.0099,0.0500
11675,-34.04269,-18.75578,-15.28691,-6.50660,-8.22293,-0.55738,0.9474,-73.13,-0.0758,30.50,4.14,0.486,0.506,0.089,0.0099,0.0500
11700,-34.05363,-18.78988,-15.26375,-6.47173,-8.22912,-0.56291,0.9423,107.16,0.1111,31.36,3.59,0.486,0.506,0.089,0.0099,0.0500
11725,-34.00884,-18.72170,-15.28713,-6.50590,-8.22572,-0.55552,0.9473,16.89,0.0175,31.32,3.80,0.486,0.506,0.089,0.0099,0.0500
11750,-33.98025,-18.72691,-15.25334,-6.49456,-8.18229,-0.57649,0.9456,16.95,0.0176,31.22,3.51,0.486,0.506,0.089,0.0099,0.0500
11775,-34.05917,-18.79247,-15.26670,-6.50056,-8.20815,-0.55798,0.9465,17.07,0.0177,31.04,3.97,0.486,0.506,0.089,0.0099,0.0500
11800,-34.04993,-18.78971,-15.26022,-6.49409,-8.20665,-0.55947,0.9456,17.04,0.0177,31.13,3.46,0.486,0.506,0.089,0.0099,0.0500
11825,-34.09646,-18.77166,-15.32480,-6.50790,-8.24027,-0.57663,0.9476,107.25,0.1112,31.10,3.43,0.486,0.506,0.089,0.0099,0.0500
11850,-34.06619,-18.77988,-15.28631,-6.50314,-8.22473,-0.55844,0.9469,-72.85,-0.0755,30.47,3.82,0.486,0.506,0.089,0.0099,0.0500
11875,-34.04149,-18.77637,-15.26513,-6.48576,-8.20619,-0.57318,0.9443,-72.74,-0.0754,30.48,3.96,0.486,0.506,0.089,0.0099,0.0500
11900,-34.14111,-18.80505,-15.33606,-6.51490,-8.24656,-0.57460,0.9486,-72.79,-0.0754,30.71,3.85,0.486,0.506,0.089,0.0099,0.0500
11925,-34.08073,-18.80546,-15.27526,-6.48595,-8.21767,-0.57164,0.9444,-72.92,-0.0756,31.47,3.51,0.487,0.506,0.089,0.0099,0.0500
11950,-34.02708,-18.73823,-15.28885,-6.52353,-8.19999,-0.56532,0.9498,-73.06,-0.0757,31.12,3.46,0.487,0.506,0.089,0.0099,0.0500
11975,-34.02342,-18.75613,-15.26729,-6.48744,-8.21356,-0.56629,0.9446,-73.09,-0.0758,30.95,3.51,0.487,0.506,0.089,0.0099,0.0500
12000,-34.04097,-18.78348,-15.25749,-6.47066,-8.21374,-0.57309,0.9421,-73.26,-0.0759,30.57,4.26,0.487,0.506,0.093,0.0104,0.0500
12025,-34.06243,-18.75658,-15.30584,-6.50157,-8.23339,-0.57088,0.9466,-73.01,-0.0757,30.59,4.07,0.487,0.506,0.093,0.0104,0.0500
12050,-34.01933,-18.71372,-15.30560,-6.49996,-8.23744,-0.56820,0.9464,16.86,0.0175,31.30,3.75,0.487,0.506,0.093,0.0104,0.0500
12075,-34.00918,-18.71969,-15.28948,-6.49449,-8.23228,-0.56272,0.9456,16.83,0.0174,31.42,3.74,0.487,0.506,0.093,0.0104,0.0500
12100,-33.97368,-18.68913,-15.28454,-6.47651,-8.22130,-0.58673,0.9430,-73.07,-0.0757,31.34,3.73,0.487,0.506,0.093,0.0104,0.0500
12125,-34.07770,-18.73198,-15.34572,-6.50864,-8.26600,-0.57108,0.9477,16.78,0.0174,31.22,3.90,0.487,0.506,0.093,0.0104,0.0500
12150,-34.05778,-18.76118,-15.29659,-6.50526,-8.22630,-0.56503,0.9472,16.74,0.0174,31.35,3.85,0.487,0.506,0.093,0.0104,0.0500
12175,-34.00329,-18.76848,-15.23482,-6.48460,-8.18623,-0.56398,0.9442,16.58,0.0172,31.32,3.59,0.487,0.506,0.093,0.0104,0.0500
12200,-34.02976,-18.75495,-15.27481,-6.52944,-8.18080,-0.56458,0.9507,16.54,0.0171,31.40,3.52,0.487,0.506,0.093,0.0104,0.0500
12225,-34.06810,-18.77235,-15.29575,-6.51023,-8.20699,-0.57853,0.9479,16.52,0.0171,31.37,3.46,0.487,0.506,0.093,0.0104,0.0500
12250,-34.10337,-18.83303,-15.27034,-6.45868,-8.21950,-0.59216,0.9404,16.44,0.0170,31.69,3.38,0.487,0.506,0.093,0.0104,0.0500
12275,-34.14742,-18.84018,-15.30724,-6.50866,-8.23317,-0.56541,0.9477,16.48,0.0171,31.63,3.19,0.487,0.506,0.093,0.0104,0.0500
12300,-34.11989,-18.84472,-15.27517,-6.51713,-8.20591,-0.55213,0.9489,16.46,0.0171,31.19,3.63,0.487,0.506,0.093,0.0104,0.0500
12325,-34.12744,-18.81488,-15.31256,-6.53332,-8.21263,-0.56660,0.9513,16.46,0.0171,31.21,3.47,0.487,0.506,0.093,0.0104,0.0500
12350,-34.14266,-18.86060,-15.28207,-6.50153,-8.22057,-0.55997,0.9466,16.66,0.0173,31.44,3.52,0.487,0.506,0.093,0.0104,0.0500
12375,-34.13527,-18.85139,-15.28389,-6.48278,-8.21011,-0.59100,0.9439,16.82,0.0174,31.38,3.71,0.487,0.506,0.093,0.0104,0.0500
12400,-34.19313,-18.86426,-15.32887,-6.51236,-8.22920,-0.58731,0.9482,16.88,0.0175,31.54,3.40,0.487,0.506,0.093,0.0104,0.0500
12425,-34.02867,-18.76427,-15.26440,-6.50157,-8.19792,-0.56491,0.9466,16.64,0.0172,30.96,3.95,0.487,0.506,0.093,0.0104,0.0500
12450,-34.02889,-18.76653,-15.26236,-6.48276,-8.20277,-0.57683,0.9439,16.71,0.0173,31.17,3.56,0.487,0.506,0.093,0.0104,0.0500
12475,-34.05008,-18.76963,-15.28046,-6.48743,-8.21760,-0.57543,0.9446,-73.26,-0.0759,31.71,3.55,0.487,0.506,0.093,0.0104,0.0500
12500,-34.10119,-18.79853,-15.30267,-6.50847,-8.22472,-0.56947,0.9477,-73.41,-0.0761,31.53,3.67,0.487,0.506,0.093,0.0104,0.0500
12525,-34.01425,-18.76637,-15.24788,-6.47552,-8.20066,-0.57169,0.9429,16.67,0.0173,31.33,3.69,0.487,0.506,0.093,0.0104,0.0500
12550,-34.11539,-18.81817,-15.29722,-6.51222,-8.23328,-0.55171,0.9482,-73.15,-0.0758,31.73,3.49,0.487,0.506,0.093,0.0104,0.0500
12575,-34.15375,-18.85208,-15.30167,-6.51795,-8.20224,-0.58148,0.9490,17.08,0.0177,31.45,3.79,0.487,0.506,0.093,0.0104,0.0500
12600,-34.12705,-18.86187,-15.26518,-6.49854,-8.19112,-0.57552,0.9462,17.21,0.0178,31.58,3.67,0.487,0.506,0.093,0.0104,0.0500
12625,-34.06744,-18.80371,-15.26374,-6.48021,-8.19296,-0.59056,0.9435,16.95,0.0176,31.37,3.82,0.487,0.506,0.093,0.0104,0.0500
12650,-34.15284,-18.84779,-15.30506,-6.53045,-8.20964,-0.56497,0.9509,-73.11,-0.0758,31.34,3.71,0.487,0.506,0.093,0.0104,0.0500
12675,-34.11807,-18.85160,-15.26647,-6.50917,-8.18190,-0.57540,0.9478,-73.18,-0.0759,31.53,3.68,0.487,0.506,0.093,0.0104,0.0500
12700,-34.19061,-18.91444,-15.27617,-6.53907,-8.17609,-0.56101,0.9521,-73.16,-0.0758,31.58,3.42,0.487,0.506,0.093,0.0104,0.0500
12725,-34.20439,-18.92909,-15.27529,-6.49455,-8.21207,-0.56868,0.9456,-162.84,-0.1688,31.76,3.52,0.487,0.506,0.093,0.0104,0.0500
12750,-34.09286,-18.82737,-15.26549,-6.51660,-8.19041,-0.55849,0.9488,-163.16,-0.1691,31.52,3.52,0.487,0.506,0.093,0.0104,0.0500
12775,-34.10687,-18.79385,-15.31302,-6.54347,-8.20961,-0.55995,0.9527,-163.17,-0.1691,31.61,3.61,0.487,0.506,0.093,0.0104,0.0500
12800,-34.20493,-18.91071,-15.29422,-6.54278,-8.18915,-0.56229,0.9526,-73.36,-0.0760,31.41,3.69,0.487,0.506,0.093,0.0104,0.0500
12825,-34.21407,-18.87719,-15.33689,-6.51451,-8.24871,-0.57367,0.9485,16.73,0.0173,31.41,3.65,0.487,0.506,0.093,0.0104,0.0500
12850,-34.20308,-18.87962,-15.32346,-6.50853,-8.24384,-0.57109,0.9477,16.90,0.0175,31.26,3.71,0.487,0.506,0.093,0.0104,0.0500
12875,-34.22712,-18.92627,-15.30085,-6.49704,-8.22247,-0.58134,0.9460,16.95,0.0176,31.13,3.86,0.487,0.506,0.093,0.0104,0.0500
12900,-34.16773,-18.87142,-15.29631,-6.52476,-8.21892,-0.55263,0.9500,-72.96,-0.0756,31.43,3.70,0.487,0.506,0.093,0.0104,0.0500
12925,-34.26233,-18.95126,-15.31107,-6.53582,-8.20346,-0.57179,0.9516,17.16,0.0178,31.31,3.69,0.487,0.506,0.093,0.0104,0.0500
12950,-34.17998,-18.86081,-15.31917,-6.54256,-8.23478,-0.54183,0.9526,17.23,0.0179,31.23,3.80,0.487,0.505,0.093,0.0104,0.0500
12975,-34.17114,-18.85624,-15.31490,-6.52720,-8.22031,-0.56739,0.9504,17.36,0.0180,31.30,3.92,0.487,0.505,0.093,0.0104,0.0500
13000,-34.14246,-18.83241,-15.31005,-6.52981,-8.21736,-0.56288,0.9508,17.33,0.0180,31.66,3.53,0.487,0.505,0.088,0.0099,0.0500
13025,-34.03929,-18.81091,-15.22838,-6.48162,-8.15491,-0.59185,0.9437,17.33,0.0180,31.23,3.70,0.487,0.505,0.088,0.0099,0.0500
13050,-34.09908,-18.84004,-15.25904,-6.49165,-8.19349,-0.57390,0.9452,17.28,0.0179,31.63,3.56,0.487,0.505,0.088,0.0099,0.0500
13075,-34.09395,-18.85238,-15.24157,-6.48310,-8.20223,-0.55623,0.9440,17.40,0.0180,30.92,3.77,0.487,0.506,0.088,0.0099,0.0500
13100,-34.23000,-18.92705,-15.30295,-6.49037,-8.22919,-0.58340,0.9450,17.36,0.0180,31.59,3.67,0.487,0.506,0.088,0.0099,0.0500
13125,-34.17863,-18.92367,-15.25495,-6.49232,-8.17641,-0.58622,0.9453,17.39,0.0180,31.45,3.85,0.487,0.506,0.088,0.0099,0.0500
13150,-34.20126,-18.91258,-15.28868,-6.50182,-8.22483,-0.56203,0.9467,17.37,0.0180,31.58,3.71,0.487,0.506,0.088,0.0099,0.0500
13175,-34.20847,-18.91888,-15.28959,-6.49834,-8.23821,-0.55305,0.9462,17.44,0.0181,30.95,3.85,0.487,0.506,0.088,0.0099,0.0500
13200,-34.11586,-18.87529,-15.24057,-6.45258,-8.20124,-0.58675,0.9395,17.30,0.0179,31.33,3.79,0.487,0.506,0.088,0.0099,0.0500
13225,-34.15597,-18.84098,-15.31500,-6.50079,-8.24588,-0.56832,0.9465,17.35,0.0180,30.96,3.82,0.487,0.506,0.088,0.0099,0.0500
13250,-34.20646,-18.95195,-15.25452,-6.49071,-8.19306,-0.57075,0.9451,17.39,0.0180,31.22,3.55,0.487,0.506,0.088,0.0099,0.0500
13275,-34.19484,-18.85722,-15.33761,-6.54265,-8.24562,-0.54934,0.9526,17.65,0.0183,30.68,3.98,0.487,0.506,0.088,0.0099,0.0500
13300,-34.08904,-18.82026,-15.26878,-6.49046,-8.20924,-0.56908,0.9450,17.71,0.0184,30.63,4.23,0.488,0.506,0.088,0.0099,0.0500
13325,-34.10524,-18.85491,-15.25034,-6.51808,-8.17990,-0.55236,0.9491,17.86,0.0185,31.16,3.68,0.488,0.506,0.088,0.0099,0.0500
13350,-34.17307,-18.88189,-15.29119,-6.48360,-8.24796,-0.55963,0.9440,17.83,0.0185,31.20,3.58,0.488,0.506,0.088,0.0099,0.0500
13375,-34.16706,-18.90045,-15.26661,-6.48043,-8.21132,-0.57486,0.9436,17.85,0.0185,30.84,4.04,0.488,0.506,0.088,0.0099,0.0500
13400,-34.06871,-18.84727,-15.22144,-6.47466,-8.15699,-0.58978,0.9427,17.94,0.0186,30.90,3.95,0.488,0.506,0.088,0.0099,0.0500
13425,-34.12370,-18.87504,-15.24867,-6.48988,-8.18709,-0.57170,0.9449,107.85,0.1118,30.95,3.95,0.488,0.506,0.088,0.0099,0.0500
13450,-34.22507,-18.93305,-15.29201,-6.47946,-8.21921,-0.59335,0.9434,17.74,0.0184,30.74,4.09,0.488,0.506,0.088,0.0099,0.0500
13475,-34.14818,-18.90610,-15.24207,-6.47398,-8.19988,-0.56821,0.9426,17.70,0.0183,31.04,4.00,0.488,0.506,0.088,0.0099,0.0500
13500,-34.16063,-18.88867,-15.27196,-6.51548,-8.19862,-0.55786,0.9487,17.50,0.0181,30.67,4.10,0.488,0.506,0.088,0.0099,0.0500
13525,-34.14626,-18.85920,-15.28706,-6.49216,-8.22741,-0.56749,0.9453,17.47,0.0181,31.19,3.87,0.488,0.506,0.088,0.0099,0.0500
13550,-34.24531,-18.96702,-15.27829,-6.50075,-8.20136,-0.57618,0.9465,17.70,0.0183,30.84,4.01,0.488,0.506,0.088,0.0099,0.0500
13575,-34.24534,-18.97949,-15.26585,-6.52865,-8.18000,-0.55720,0.9506,17.95,0.0186,30.93,4.02,0.488,0.506,0.088,0.0099,0.0500
13600,-34.28102,-19.00855,-15.27247,-6.52797,-8.18192,-0.56258,0.9505,17.77,0.0184,30.79,4.06,0.488,0.506,0.088,0.0099,0.0500
13625,-34.24052,-18.96649,-15.27403,-6.49601,-8.22160,-0.55642,0.9458,17.77,0.0184,31.09,3.96,0.488,0.506,0.088,0.0099,0.0500
13650,-34.20695,-18.96327,-15.24367,-6.49820,-8.19070,-0.55477,0.9462,17.78,0.0184,31.33,3.74,0.488,0.506,0.088,0.0099,0.0500
13675,-34.25377,-18.99194,-15.26183,-6.48869,-8.18805,-0.58508,0.9448,17.74,0.0184,31.23,3.62,0.488,0.506,0.088,0.0099,0.0500
13700,-34.19541,-18.92725,-15.26816,-6.48024,-8.20359,-0.58433,0.9435,17.45,0.0181,31.22,3.64,0.488,0.506,0.088,0.0099,0.0500
13725,-34.21463,-18.94921,-15.26542,-6.48759,-8.19674,-0.58110,0.9446,17.37,0.0180,30.87,3.90,0.488,0.506,0.088,0.0099,0.0500
13750,-34.27721,-18.98333,-15.29389,-6.52688,-8.21681,-0.55020,0.9503,17.56,0.0182,30.85,3.89,0.488,0.506,0.088,0.0099,0.0500
13775,-34.21460,-18.93784,-15.27676,-6.50450,-8.19473,-0.57753,0.9471,17.52,0.0182,31.39,3.85,0.488,0.506,0.088,0.0099,0.0500
13800,-34.20918,-18.92326,-15.28592,-6.52763,-8.18474,-0.57355,0.9504,17.43,0.0181,31.07,3.76,0.488,0.506,0.088,0.0099,0.0500
13825,-34.23974,-18.95697,-15.28277,-6.48831,-8.22204,-0.57242,0.9447,17.43,0.0181,31.54,3.67,0.488,0.506,0.088,0.0099,0.0500
13850,-34.26498,-18.96833,-15.29665,-6.51522,-8.21228,-0.56915,0.9486,17.47,0.0181,31.35,3.78,0.488,0.506,0.088,0.0099,0.0500
13875,-34.22960,-18.91910,-15.31050,-6.49425,-8.25390,-0.56236,0.9456,17.46,0.0181,31.46,3.68,0.488,0.506,0.088,0.0099,0.0500
13900,-34.20123,-18.90150,-15.29973,-6.51363,-8.23810,-0.54800,0.9484,17.32,0.0180,31.09,3.74,0.488,0.506,0.088,0.0099,0.0500
13925,-34.15818,-18.90597,-15.25221,-6.48789,-8.18547,-0.57885,0.9447,17.28,0.0179,31.16,3.94,0.488,0.506,0.088,0.0099,0.0500
13950,-34.24696,-18.91284,-15.33412,-6.51635,-8.25072,-0.56705,0.9488,17.23,0.0179,30.84,4.21,0.488,0.506,0.088,0.0099,0.0500
13975,-34.29505,-18.97169,-15.32336,-6.50683,-8.25138,-0.56515,0.9474,17.35,0.0180,31.06,3.91,0.488,0.506,0.088,0.0099,0.0500
14000,-34.27200,-18.96253,-15.30947,-6.52458,-8.22715,-0.55774,0.9500,17.59,0.0182,30.91,4.14,0.488,0.506,0.093,0.0104,0.0500
14025,-34.22481,-18.91810,-15.30672,-6.49384,-8.22429,-0.58858,0.9455,17.44,0.0181,30.83,3.97,0.488,0.506,0.093,0.0104,0.0500
14050,-34.16143,-18.89314,-15.26828,-6.48117,-8.21578,-0.57133,0.9437,17.37,0.0180,30.65,4.04,0.488,0.506,0.093,0.0104,0.0500
14075,-34.14202,-18.88704,-15.25499,-6.48392,-8.19888,-0.57219,0.9441,17.50,0.0181,30.66,4.22,0.488,0.506,0.093,0.0104,0.0500
14100,-34.21717,-18.93584,-15.28133,-6.49911,-8.21304,-0.56918,0.9463,17.41,0.0180,30.80,4.07,0.488,0.506,0.093,0.0104,0.0500
14125,-34.27258,-18.97668,-15.29590,-6.50840,-8.20737,-0.58013,0.9476,17.51,0.0181,30.77,3.91,0.488,0.506,0.093,0.0104,0.0500
14150,-34.23265,-18.96980,-15.26285,-6.51036,-8.17695,-0.57554,0.9479,17.88,0.0185,30.76,4.03,0.488,0.506,0.093,0.0104,0.0500
14175,-34.32080,-19.02174,-15.29906,-6.50304,-8.21445,-0.58157,0.9469,17.95,0.0186,30.99,3.96,0.488,0.506,0.093,0.0104,0.0500
14200,-34.28872,-19.01529,-15.27343,-6.52305,-8.17190,-0.57848,0.9498,17.74,0.0184,30.87,3.96,0.488,0.506,0.093,0.0104,0.0500
14225,-34.26885,-18.99683,-15.27202,-6.52024,-8.18161,-0.57016,0.9494,-72.43,-0.0751,30.42,4.07,0.488,0.506,0.093,0.0104,0.0500
14250,-34.24169,-18.99659,-15.24510,-6.45517,-8.19000,-0.59993,0.9399,-72.35,-0.0750,30.35,3.96,0.488,0.506,0.093,0.0104,0.0500
14275,-34.29970,-19.02514,-15.27456,-6.49359,-8.20265,-0.57832,0.9455,17.67,0.0183,29.72,4.25,0.488,0.506,0.093,0.0104,0.0500
14300,-34.33052,-19.07091,-15.25961,-6.49238,-8.18961,-0.57762,0.9453,-72.39,-0.0750,30.46,3.67,0.488,0.506,0.093,0.0104,0.0500
14325,-34.24108,-18.96798,-15.27311,-6.47004,-8.22786,-0.57520,0.9421,-72.40,-0.0750,29.95,4.30,0.488,0.506,0.093,0.0104,0.0500
14350,-34.29890,-19.01015,-15.28874,-6.50986,-8.19996,-0.57893,0.9479,-72.29,-0.0749,30.11,3.99,0.488,0.506,0.093,0.0104,0.0500
14375,-34.23990,-18.97289,-15.26701,-6.51045,-8.17247,-0.58409,0.9479,-72.35,-0.0750,29.94,3.89,0.488,0.506,0.093,0.0104,0.0500
14400,-34.23421,-18.97492,-15.25928,-6.48299,-8.20033,-0.57597,0.9439,17.71,0.0184,30.02,4.05,0.488,0.506,0.093,0.0104,0.0500
14425,-34.24539,-18.96997,-15.27542,-6.49292,-8.22006,-0.56245,0.9454,17.63,0.0183,29.75,4.05,0.488,0.506,0.093,0.0104,0.0500
14450,-34.26840,-19.00053,-15.26787,-6.50648,-8.18963,-0.57176,0.9474,17.93,0.0186,29.98,3.88,0.488,0.506,0.093,0.0104,0.0500
14475,-34.29401,-19.00630,-15.28771,-6.49299,-8.21038,-0.58434,0.9454,17.80,0.0185,29.97,3.91,0.488,0.506,0.093,0.0104,0.0500
14500,-34.33468,-19.05602,-15.27866,-6.50648,-8.20426,-0.56793,0.9474,18.26,0.0189,29.82,3.83,0.488,0.506,0.093,0.0104,0.0500
14525,-34.29753,-19.05016,-15.24737,-6.49747,-8.16474,-0.58516,0.9461,18.49,0.0192,29.89,3.99,0.488,0.506,0.093,0.0104,0.0500
14550,-34.39024,-19.11320,-15.27704,-6.50756,-8.20060,-0.56888,0.9475,18.55,0.0192,29.91,4.02,0.488,0.506,0.093,0.0104,0.0500
14575,-34.33448,-19.03956,-15.29491,-6.50698,-8.21274,-0.57519,0.9474,18.36,0.0190,29.33,4.34,0.488,0.506,0.093,0.0104,0.0500
14600,-34.28921,-19.03542,-15.25379,-6.48442,-8.17155,-0.59782,0.9442,18.24,0.0189,29.51,4.16,0.488,0.506,0.093,0.0104,0.0500
14625,-34.35143,-19.08393,-15.26751,-6.51852,-8.19415,-0.55484,0.9491,18.24,0.0189,29.45,3.55,0.488,0.506,0.093,0.0104,0.0500
14650,-34.24246,-19.02663,-15.21584,-6.51393,-8.13695,-0.56496,0.9484,18.22,0.0189,29.44,3.08,0.488,0.506,0.093,0.0104,0.0500
14675,-34.24913,-19.01828,-15.23085,-6.50743,-8.15735,-0.56607,0.9475,18.24,0.0189,29.49,3.09,0.488,0.506,0.093,0.0104,0.0500
14700,-34.23323,-18.96997,-15.26326,-6.50263,-8.19265,-0.56798,0.9468,18.27,0.0189,29.41,3.06,0.488,0.506,0.093,0.0104,0.0500
14725,-34.16325,-18.91889,-15.24435,-6.48312,-8.19110,-0.57013,0.9440,18.07,0.0187,29.23,3.50,0.488,0.506,0.093,0.0104,0.0500
14750,-34.15070,-18.91527,-15.23543,-6.50864,-8.16794,-0.55885,0.9477,17.93,0.0186,29.23,3.14,0.488,0.506,0.093,0.0104,0.0500
14775,-34.21493,-18.97728,-15.23765,-6.48887,-8.17245,-0.57633,0.9448,17.79,0.0184,29.55,2.36,0.488,0.506,0.093,0.0104,0.0500
14800,-34.29299,-18.98555,-15.30744,-6.52252,-8.22349,-0.56143,0.9497,17.75,0.0184,29.47,3.12,0.488,0.506,0.093,0.0104,0.0500
14825,-34.25949,-19.00588,-15.25361,-6.51616,-8.16877,-0.56869,0.9488,17.70,0.0184,29.58,2.19,0.488,0.506,0.093,0.0104,0.0500
14850,-34.28643,-19.06822,-15.21821,-6.49405,-8.15286,-0.57130,0.9456,17.57,0.0182,29.44,2.65,0.488,0.506,0.093,0.0104,0.0500
14875,-34.29492,-19.03104,-15.26388,-6.50958,-8.17908,-0.57522,0.9478,17.58,0.0182,29.27,3.18,0.488,0.506,0.093,0.0104,0.0500
14900,-34.30423,-19.02814,-15.27609,-6.52142,-8.18123,-0.57344,0.9495,17.73,0.0184,29.28,3.37,0.488,0.506,0.093,0.0104,0.0500
14925,-34.31831,-19.03194,-15.28637,-6.51225,-8.21749,-0.55663,0.9482,18.02,0.0187,29.46,2.69,0.488,0.506,0.093,0.0104,0.0500
14950,-34.33645,-19.04837,-15.28808,-6.51193,-8.21598,-0.56017,0.9482,-71.97,-0.0746,29.53,2.34,0.488,0.506,0.093,0.0104,0.0500
14975,-34.39462,-19.11627,-15.27835,-6.51066,-8.18240,-0.58529,0.9480,-71.97,-0.0746,29.90,2.10,0.488,0.506,0.093,0.0104,0.0500
15000,-34.30911,-19.04413,-15.26499,-6.49160,-8.18952,-0.58386,0.9452,17.89,0.0185,30.16,1.56,0.488,0.506,0.088,0.0099,0.0500
15025,-34.36009,-19.06580,-15.29429,-6.50262,-8.20608,-0.58560,0.9468,17.77,0.0184,30.16,1.56,0.488,0.506,0.088,0.0099,0.0500
15050,-34.33564,-19.07263,-15.26301,-6.52941,-8.17663,-0.55697,0.9507,18.01,0.0187,30.24,1.67,0.488,0.506,0.088,0.0099,0.0500
15075,-34.34088,-19.06988,-15.27100,-6.48594,-8.20668,-0.57838,0.9444,18.09,0.0188,30.10,1.82,0.488,0.506,0.088,0.0099,0.0500
15100,-34.31686,-19.05740,-15.25946,-6.49881,-8.17982,-0.58082,0.9462,18.00,0.0187,30.19,1.61,0.488,0.506,0.088,0.0099,0.0500
15125,-34.30908,-19.01909,-15.28998,-6.49807,-8.21112,-0.58079,0.9461,17.96,0.0186,30.02,1.92,0.488,0.506,0.088,0.0099,0.0500
15150,-34.33036,-19.05227,-15.27809,-6.48370,-8.20020,-0.59419,0.9440,17.80,0.0184,30.26,1.60,0.488,0.506,0.088,0.0099,0.0500
15175,-34.37217,-19.07350,-15.29867,-6.50979,-8.20680,-0.58208,0.9478,18.11,0.0188,30.14,1.50,0.489,0.506,0.088,0.0099,0.0500
15200,-34.31815,-19.07156,-15.24659,-6.47900,-8.18712,-0.58047,0.9434,17.77,0.0184,30.11,1.48,0.489,0.506,0.088,0.0099,0.0500
15225,-34.31021,-19.02741,-15.28280,-6.51778,-8.20320,-0.56182,0.9490,17.56,0.0182,30.13,1.47,0.489,0.506,0.088,0.0099,0.0500
15250,-34.29344,-19.05251,-15.24093,-6.46538,-8.18732,-0.58823,0.9414,17.61,0.0183,30.15,1.56,0.489,0.506,0.088,0.0099,0.0500
15275,-34.31316,-19.04176,-15.27140,-6.49589,-8.19986,-0.57565,0.9458,17.65,0.0183,30.24,1.64,0.489,0.506,0.088,0.0099,0.0500
15300,-34.34089,-19.05703,-15.28386,-6.52563,-8.20061,-0.55762,0.9502,17.60,0.0182,30.18,1.62,0.489,0.506,0.088,0.0099,0.0500
15325,-34.32402,-19.03931,-15.28471,-6.49881,-8.21828,-0.56761,0.9462,17.47,0.0181,30.23,1.62,0.489,0.506,0.088,0.0099,0.0500
15350,-34.23147,-18.96720,-15.26427,-6.50142,-8.19013,-0.57273,0.9466,17.43,0.0181,30.15,1.55,0.489,0.506,0.088,0.0099,0.0500
15375,-34.34311,-19.06036,-15.28275,-6.50196,-8.20751,-0.57328,0.9467,17.51,0.0181,29.81,1.74,0.489,0.506,0.088,0.0099,0.0500
15400,-34.35773,-19.07754,-15.28019,-6.51827,-8.17061,-0.59132,0.9491,17.51,0.0181,29.97,1.39,0.489,0.506,0.088,0.0099,0.0500
15425,-34.37837,-19.08088,-15.29749,-6.48872,-8.22344,-0.58533,0.9448,17.17,0.0178,29.75,1.76,0.489,0.506,0.088,0.0099,0.0500
15450,-34.41726,-19.12641,-15.29084,-6.52427,-8.21232,-0.55425,0.9500,17.19,0.0178,29.77,1.61,0.489,0.506,0.088,0.0099,0.0500
15475,-34.30475,-19.03243,-15.27232,-6.49741,-8.19641,-0.57850,0.9460,17.46,0.0181,29.62,1.99,0.489,0.506,0.088,0.0099,0.0500
15500,-34.36797,-19.08246,-15.28551,-6.52017,-8.18452,-0.58082,0.9494,17.46,0.0181,29.62,2.08,0.489,0.506,0.088,0.0099,0.0500
15525,-34.42214,-19.10107,-15.32106,-6.52127,-8.21334,-0.58645,0.9495,17.33,0.0180,29.64,1.95,0.489,0.506,0.088,0.0099,0.0500
15550,-34.30657,-19.07333,-15.23324,-6.48100,-8.16240,-0.58984,0.9437,17.59,0.0182,29.52,2.36,0.489,0.506,0.088,0.0099,0.0500
15575,-34.37060,-19.07341,-15.29718,-6.53577,-8.20107,-0.56034,0.9516,17.32,0.0180,29.18,3.27,0.489,0.506,0.088,0.0099,0.0500
15600,-34.38896,-19.09911,-15.28986,-6.50370,-8.20899,-0.57716,0.9470,17.61,0.0183,29.40,3.35,0.489,0.506,0.088,0.0099,0.0500
15625,-34.38311,-19.08338,-15.29973,-6.51586,-8.21591,-0.56796,0.9487,17.57,0.0182,29.55,2.99,0.489,0.506,0.088,0.0099,0.0500
15650,-34.41693,-19.12870,-15.28823,-6.53484,-8.18042,-0.57297,0.9515,17.69,0.0183,29.31,3.21,0.489,0.506,0.088,0.0099,0.0500
15675,-34.40003,-19.13098,-15.26905,-6.49565,-8.19102,-0.58237,0.9458,-72.14,-0.0748,29.36,3.86,0.489,0.506,0.088,0.0099,0.0500
15700,-34.40578,-19.14681,-15.25897,-6.51451,-8.19394,-0.55052,0.9485,-72.19,-0.0748,29.48,3.12,0.489,0.506,0.088,0.0099,0.0500
15725,-34.42015,-19.17207,-15.24808,-6.47212,-8.18089,-0.59507,0.9424,-72.22,-0.0749,29.51,3.14,0.489,0.506,0.088,0.0099,0.0500
15750,-34.37588,-19.11849,-15.25739,-6.48518,-8.18064,-0.59157,0.9443,17.76,0.0184,29.41,2.82,0.489,0.506,0.088,0.0099,0.0500
15775,-34.36081,-19.10015,-15.26065,-6.49731,-8.17789,-0.58545,0.9460,17.74,0.0184,29.17,3.29,0.489,0.506,0.088,0.0099,0.0500
15800,-34.37214,-19.07768,-15.29446,-6.51544,-8.19956,-0.57946,0.9487,17.89,0.0185,29.22,3.31,0.489,0.506,0.088,0.0099,0.0500
15825,-34.35017,-19.07241,-15.27776,-6.50371,-8.21338,-0.56067,0.9470,17.83,0.0185,29.35,2.88,0.489,0.506,0.088,0.0099,0.0500
15850,-34.38835,-19.08036,-15.30799,-6.51406,-8.22560,-0.56833,0.9485,17.66,0.0183,29.57,2.93,0.489,0.506,0.088,0.0099,0.0500
15875,-34.36390,-19.08634,-15.27755,-6.53167,-8.18950,-0.55638,0.9510,17.72,0.0184,29.58,2.93,0.489,0.506,0.088,0.0099,0.0500
15900,-34.36289,-19.05299,-15.30989,-6.49107,-8.23343,-0.58539,0.9451,17.73,0.0184,29.50,2.47,0.489,0.506,0.088,0.0099,0.0500
15925,-34.34558,-19.10668,-15.23890,-6.45542,-8.19201,-0.59148,0.9399,17.62,0.0183,29.64,2.60,0.489,0.506,0.088,0.0099,0.0500
15950,-34.41386,-19.09834,-15.31552,-6.50247,-8.23835,-0.57470,0.9468,17.58,0.0182,29.62,2.59,0.489,0.506,0.088,0.0099,0.0500
15975,-34.35818,-19.08947,-15.26871,-6.50350,-8.19342,-0.57179,0.9469,17.49,0.0181,29.46,2.46,0.489,0.506,0.088,0.0099,0.0500
16000,-34.38746,-19.13593,-15.25153,-6.50380,-8.17339,-0.57434,0.9470,17.43,0.0181,29.41,2.40,0.489,0.506,0.093,0.0104,0.0500
16025,-34.40149,-19.12089,-15.28060,-6.50021,-8.22080,-0.55960,0.9464,17.34,0.0180,29.82,2.48,0.489,0.506,0.093,0.0104,0.0500
16050,-34.40321,-19.11016,-15.29305,-6.48396,-8.21364,-0.59546,0.9441,17.56,0.0182,29.98,2.10,0.489,0.506,0.093,0.0104,0.0500
16075,-34.41286,-19.14823,-15.26463,-6.51619,-8.17585,-0.57258,0.9488,17.53,0.0182,30.21,1.86,0.489,0.506,0.093,0.0104,0.0500
16100,-34.43091,-19.12180,-15.30910,-6.51722,-8.21637,-0.57551,0.9489,17.62,0.0183,29.64,2.09,0.489,0.506,0.093,0.0104,0.0500
16125,-34.37279,-19.15023,-15.22256,-6.44407,-8.16031,-0.61818,0.9383,17.61,0.0183,29.46,2.48,0.489,0.506,0.093,0.0104,0.0500
16150,-34.41498,-19.13444,-15.28054,-6.52412,-8.18930,-0.56711,0.9499,17.83,0.0185,29.46,2.45,0.489,0.506,0.093,0.0104,0.0500
16175,-34.47796,-19.18875,-15.28921,-6.51613,-8.20587,-0.56721,0.9488,17.96,0.0186,29.56,2.18,0.489,0.506,0.093,0.0104,0.0500
16200,-34.39635,-19.13742,-15.25893,-6.49545,-8.17779,-0.58569,0.9458,18.09,0.0187,29.52,2.14,0.489,0.506,0.093,0.0104,0.0500
16225,-34.33782,-19.10113,-15.23669,-6.47943,-8.16185,-0.59540,0.9434,18.01,0.0187,29.91,1.88,0.489,0.506,0.093,0.0104,0.0500
16250,-34.53407,-19.22141,-15.31266,-6.50084,-8.23446,-0.57736,0.9465,17.93,0.0186,29.77,2.27,0.489,0.506,0.093,0.0104,0.0500
16275,-34.46287,-19.15145,-15.31141,-6.53047,-8.21166,-0.56929,0.9509,17.72,0.0184,29.75,2.24,0.489,0.506,0.093,0.0104,0.0500
16300,-34.47372,-19.20256,-15.27116,-6.48625,-8.20086,-0.58405,0.9444,17.69,0.0183,29.88,2.28,0.489,0.506,0.093,0.0104,0.0500
16325,-34.44145,-19.17620,-15.26525,-6.48900,-8.18638,-0.58988,0.9448,17.45,0.0181,30.24,1.63,0.489,0.506,0.093,0.0104,0.0500
16350,-34.45086,-19.21514,-15.23572,-6.46164,-8.18977,-0.58431,0.9408,17.50,0.0181,30.01,1.93,0.489,0.506,0.093,0.0104,0.0500
16375,-34.50631,-19.23791,-15.26840,-6.47482,-8.21808,-0.57550,0.9428,17.50,0.0181,29.97,1.88,0.489,0.506,0.093,0.0104,0.0500
16400,-34.52713,-19.19010,-15.33703,-6.54232,-8.22004,-0.57467,0.9526,17.48,0.0181,30.02,1.90,0.489,0.506,0.093,0.0104,0.0500
16425,-34.51280,-19.19886,-15.31394,-6.50923,-8.22636,-0.57835,0.9478,17.48,0.0181,29.67,2.63,0.489,0.506,0.093,0.0104,0.0500
16450,-34.53180,-19.22558,-15.30622,-6.51313,-8.22684,-0.56625,0.9483,17.44,0.0181,29.85,2.28,0.489,0.506,0.093,0.0104,0.0500
16475,-34.47643,-19.19967,-15.27676,-6.51728,-8.18755,-0.57193,0.9489,17.24,0.0179,29.87,2.30,0.489,0.506,0.093,0.0104,0.0500
16500,-34.50155,-19.23920,-15.26235,-6.48347,-8.17332,-0.60556,0.9440,17.17,0.0178,29.71,2.65,0.489,0.506,0.093,0.0104,0.0500
16525,-34.57524,-19.24778,-15.32746,-6.53437,-8.24826,-0.54482,0.9514,17.31,0.0179,30.08,2.73,0.489,0.506,0.093,0.0104,0.0500
16550,-34.44894,-19.18767,-15.26128,-6.50215,-8.19016,-0.56896,0.9467,17.64,0.0183,29.78,2.96,0.489,0.506,0.093,0.0104,0.0500
16575,-34.41065,-19.11716,-15.29348,-6.50175,-8.21480,-0.57693,0.9467,17.71,0.0183,29.83,2.99,0.489,0.506,0.093,0.0104,0.0500
16600,-34.37764,-19.13027,-15.24738,-6.47669,-8.18715,-0.58354,0.9430,17.77,0.0184,29.50,4.01,0.489,0.506,0.093,0.0104,0.0500
16625,-34.42110,-19.13434,-15.28676,-6.48752,-8.20809,-0.59115,0.9446,17.59,0.0182,29.62,3.95,0.489,0.506,0.093,0.0104,0.0500
16650,-34.52140,-19.25710,-15.26430,-6.50002,-8.19717,-0.56710,0.9464,-72.41,-0.0750,29.50,3.99,0.489,0.506,0.093,0.0104,0.0500
16675,-34.53303,-19.23160,-15.30143,-6.51076,-8.21123,-0.57945,0.9480,-72.52,-0.0751,29.50,3.98,0.489,0.506,0.093,0.0104,0.0500
16700,-34.57589,-19.28991,-15.28598,-6.50052,-8.21175,-0.57370,0.9465,-72.64,-0.0753,29.74,3.59,0.489,0.506,0.093,0.0104,0.0500
16725,-34.54351,-19.23020,-15.31331,-6.51904,-8.22225,-0.57202,0.9492,-162.38,-0.1683,29.74,4.52,0.489,0.506,0.093,0.0104,0.0500
16750,-34.51955,-19.24189,-15.27767,-6.50373,-8.19166,-0.58228,0.9470,-162.34,-0.1682,29.93,4.50,0.489,0.506,0.093,0.0104,0.0500
16775,-34.51433,-19.24301,-15.27131,-6.52034,-8.18649,-0.56449,0.9494,-162.60,-0.1685,29.72,4.50,0.489,0.506,0.093,0.0104,0.0500
16800,-34.56108,-19.25975,-15.30133,-6.50727,-8.21637,-0.57769,0.9475,-162.48,-0.1684,30.42,3.69,0.489,0.506,0.093,0.0104,0.0500
16825,-34.47303,-19.21507,-15.25797,-6.47827,-8.19689,-0.58280,0.9433,-72.61,-0.0752,29.96,3.92,0.489,0.506,0.093,0.0104,0.0500
16850,-34.50760,-19.20062,-15.30698,-6.49363,-8.23896,-0.57439,0.9455,-162.62,-0.1685,30.12,4.20,0.489,0.506,0.093,0.0104,0.0500
16875,-34.49681,-19.23817,-15.25864,-6.48789,-8.17503,-0.59571,0.9447,-162.71,-0.1686,30.26,3.62,0.489,0.506,0.093,0.0104,0.0500
16900,-34.48138,-19.16704,-15.31434,-6.48872,-8.23517,-0.59045,0.9448,-162.86,-0.1688,30.09,4.23,0.489,0.506,0.093,0.0104,0.0500
16925,-34.53878,-19.27807,-15.26071,-6.52445,-8.17325,-0.56301,0.9500,-163.00,-0.1689,30.34,4.06,0.489,0.506,0.093,0.0104,0.0500
16950,-34.52061,-19.24879,-15.27182,-6.49561,-8.19880,-0.57741,0.9458,-72.84,-0.0755,30.36,4.25,0.489,0.506,0.093,0.0104,0.0500
16975,-34.60384,-19.29979,-15.30404,-6.48067,-8.22749,-0.59589,0.9436,-162.76,-0.1687,29.84,3.95,0.489,0.506,0.093,0.0104,0.0500
17000,-34.63814,-19.34225,-15.29588,-6.51847,-8.20723,-0.57018,0.9491,-73.00,-0.0756,30.27,3.99,0.489,0.506,0.088,0.0099,0.0500
17025,-34.57592,-19.30767,-15.26824,-6.46725,-8.22967,-0.57133,0.9417,17.21,0.0178,30.21,4.21,0.489,0.506,0.088,0.0099,0.0500
17050,-34.58960,-19.30652,-15.28308,-6.50149,-8.20551,-0.57608,0.9466,17.10,0.0177,29.65,4.45,0.489,0.506,0.088,0.0099,0.0500
17075,-34.56883,-19.31642,-15.25242,-6.47567,-8.21037,-0.56638,0.9429,16.91,0.0175,30.34,3.87,0.489,0.506,0.088,0.0099,0.0500
17100,-34.61360,-19.31779,-15.29581,-6.51402,-8.21855,-0.56324,0.9485,16.82,0.0174,30.18,3.98,0.489,0.506,0.088,0.0099,0.0500
17125,-34.58038,-19.31166,-15.26871,-6.52298,-8.19038,-0.55535,0.9498,-73.27,-0.0759,30.01,4.14,0.489,0.506,0.088,0.0099,0.0500
17150,-34.58460,-19.31457,-15.27004,-6.52308,-8.19895,-0.54801,0.9498,-73.35,-0.0760,30.37,3.62,0.489,0.506,0.088,0.0099,0.0500
17175,-34.53574,-19.25122,-15.28453,-6.50710,-8.20664,-0.57078,0.9475,-73.29,-0.0759,30.24,3.90,0.489,0.506,0.088,0.0099,0.0500
17200,-34.56610,-19.27173,-15.29437,-6.49701,-8.22174,-0.57561,0.9460,16.87,0.0175,30.32,4.02,0.489,0.506,0.088,0.0099,0.0500
17225,-34.50445,-19.23496,-15.26948,-6.48190,-8.20046,-0.58713,0.9438,16.71,0.0173,30.02,4.16,0.489,0.506,0.088,0.0099,0.0500
17250,-34.63221,-19.35607,-15.27614,-6.49571,-8.19410,-0.58632,0.9458,16.63,0.0172,30.17,4.23,0.489,0.506,0.088,0.0099,0.0500
17275,-34.50135,-19.25908,-15.24227,-6.46240,-8.17326,-0.60661,0.9409,16.48,0.0171,30.09,4.37,0.489,0.506,0.088,0.0099,0.0500
17300,-34.58321,-19.29886,-15.28435,-6.52257,-8.20352,-0.55826,0.9497,106.57,0.1104,30.01,4.44,0.489,0.506,0.088,0.0099,0.0500
17325,-34.56322,-19.27435,-15.28887,-6.50532,-8.18866,-0.59489,0.9472,16.50,0.0171,30.23,3.95,0.489,0.506,0.088,0.0099,0.0500
17350,-34.60414,-19.32505,-15.27909,-6.51881,-8.18739,-0.57289,0.9492,16.81,0.0174,30.08,4.41,0.489,0.506,0.088,0.0099,0.0500
17375,-34.59800,-19.32398,-15.27402,-6.51930,-8.18827,-0.56645,0.9492,-73.39,-0.0760,30.25,3.43,0.489,0.506,0.088,0.0099,0.0500
17400,-34.64469,-19.37847,-15.26622,-6.47396,-8.18888,-0.60338,0.9426,-163.24,-0.1691,30.22,3.41,0.489,0.506,0.088,0.0099,0.0500
17425,-34.60553,-19.32399,-15.28154,-6.50807,-8.20173,-0.57174,0.9476,-72.91,-0.0755,30.14,3.51,0.489,0.506,0.088,0.0099,0.0500
17450,-34.62206,-19.34933,-15.27274,-6.51271,-8.19093,-0.56909,0.9483,-163.02,-0.1689,30.36,3.35,0.489,0.506,0.088,0.0099,0.0500
17475,-34.64944,-19.37944,-15.27001,-6.50078,-8.19692,-0.57231,0.9465,-73.20,-0.0759,30.21,3.40,0.489,0.506,0.088,0.0099,0.0500
17500,-34.65630,-19.34619,-15.31010,-6.52106,-8.22846,-0.56058,0.9495,-73.06,-0.0757,30.29,3.32,0.489,0.506,0.088,0.0099,0.0500
17525,-34.58051,-19.31762,-15.26289,-6.49437,-8.20740,-0.56111,0.9456,-72.97,-0.0756,30.02,3.78,0.489,0.506,0.088,0.0099,0.0500
17550,-34.62407,-19.38971,-15.23436,-6.48903,-8.18272,-0.56261,0.9448,-72.93,-0.0756,30.11,3.52,0.490,0.506,0.088,0.0099,0.0500
17575,-34.60948,-19.32509,-15.28440,-6.51432,-8.19937,-0.57071,0.9485,-73.34,-0.0760,29.97,3.34,0.490,0.506,0.088,0.0099,0.0500
17600,-34.54289,-19.23595,-15.30694,-6.52024,-8.20021,-0.58649,0.9494,16.66,0.0173,30.24,3.82,0.490,0.506,0.088,0.0099,0.0500
17625,-34.55183,-19.29878,-15.25305,-6.50909,-8.17669,-0.56727,0.9477,16.66,0.0173,29.82,4.25,0.490,0.506,0.088,0.0099,0.0500
17650,-34.63233,-19.36296,-15.26937,-6.48727,-8.20721,-0.57488,0.9446,16.64,0.0172,29.74,3.91,0.490,0.506,0.088,0.0099,0.0500
17675,-34.70858,-19.39943,-15.30915,-6.53207,-8.20220,-0.57487,0.9511,16.24,0.0168,29.99,3.42,0.490,0.506,0.088,0.0099,0.0500
17700,-34.69324,-19.38179,-15.31145,-6.52586,-8.23097,-0.55462,0.9502,16.39,0.0170,30.22,4.02,0.490,0.506,0.088,0.0099,0.0500
17725,-34.63806,-19.35700,-15.28106,-6.49600,-8.20714,-0.57792,0.9458,-73.49,-0.0762,29.76,3.35,0.490,0.506,0.088,0.0099,0.0500
17750,-34.62149,-19.36400,-15.25749,-6.49692,-8.18638,-0.57418,0.9460,-73.58,-0.0762,29.77,3.36,0.490,0.506,0.088,0.0099,0.0500
17775,-34.68720,-19.37025,-15.31696,-6.53053,-8.22091,-0.56552,0.9509,16.51,0.0171,29.90,2.92,0.490,0.506,0.088,0.0099,0.0500
17800,-34.63851,-19.38439,-15.25412,-6.50835,-8.17547,-0.57030,0.9476,16.43,0.0170,29.58,2.87,0.490,0.506,0.088,0.0099,0.0500
17825,-34.65907,-19.38877,-15.27030,-6.49739,-8.19872,-0.57419,0.9460,16.59,0.0172,29.73,2.53,0.490,0.506,0.088,0.0099,0.0500
17850,-34.65068,-19.37275,-15.27792,-6.47524,-8.20963,-0.59305,0.9428,16.63,0.0172,29.60,4.15,0.490,0.506,0.088,0.0099,0.0500
17875,-34.67612,-19.41934,-15.25678,-6.48705,-8.18798,-0.58175,0.9445,16.77,0.0174,30.05,2.54,0.490,0.506,0.088,0.0099,0.0500
17900,-34.66029,-19.36780,-15.29249,-6.52310,-8.19652,-0.57287,0.9498,16.64,0.0172,29.91,2.95,0.490,0.506,0.088,0.0099,0.0500
17925,-34.56768,-19.30171,-15.26597,-6.48795,-8.21703,-0.56099,0.9447,16.94,0.0175,29.61,4.17,0.490,0.506,0.088,0.0099,0.0500
17950,-34.64943,-19.35820,-15.29123,-6.50922,-8.20749,-0.57452,0.9478,-73.22,-0.0759,29.68,2.72,0.490,0.506,0.088,0.0099,0.0500
17975,-34.66273,-19.38877,-15.27397,-6.52355,-8.18408,-0.56633,0.9498,-73.33,-0.0760,29.67,2.71,0.490,0.506,0.088,0.0099,0.0500
18000,-34.62555,-19.34708,-15.27846,-6.48009,-8.20654,-0.59183,0.9435,16.78,0.0174,29.73,2.45,0.490,0.506,0.084,0.0094,0.0500
18025,-34.55818,-19.29467,-15.26351,-6.51273,-8.17724,-0.57355,0.9483,-73.21,-0.0758,30.12,2.02,0.490,0.506,0.084,0.0094,0.0500
18050,-34.59235,-19.31259,-15.27976,-6.51064,-8.19900,-0.57012,0.9480,16.56,0.0172,30.06,1.90,0.490,0.506,0.084,0.0094,0.0500
18075,-34.55736,-19.32382,-15.23353,-6.50335,-8.16451,-0.56567,0.9469,16.67,0.0173,30.17,2.02,0.490,0.506,0.084,0.0094,0.0500
18100,-34.58585,-19.33844,-15.24741,-6.49900,-8.16107,-0.58735,0.9463,16.72,0.0173,30.15,1.98,0.490,0.506,0.084,0.0094,0.0500
18125,-34.63711,-19.36856,-15.26855,-6.50573,-8.18360,-0.57922,0.9473,16.68,0.0173,30.18,1.99,0.490,0.506,0.084,0.0094,0.0500
18150,-34.67188,-19.37729,-15.29460,-6.55028,-8.20871,-0.53561,0.9537,16.87,0.0175,30.04,1.94,0.490,0.506,0.084,0.0094,0.0500
18175,-34.61756,-19.28926,-15.32830,-6.54213,-8.21176,-0.57441,0.9526,-73.08,-0.0757,29.82,2.30,0.490,0.506,0.084,0.0094,0.0500
18200,-34.59662,-19.32432,-15.27230,-6.49346,-8.18579,-0.59305,0.9455,-73.06,-0.0757,29.73,2.80,0.490,0.506,0.084,0.0094,0.0500
18225,-34.58887,-19.31801,-15.27087,-6.51567,-8.17784,-0.57736,0.9487,-72.72,-0.0753,29.98,2.74,0.490,0.506,0.084,0.0094,0.0500
18250,-34.60048,-19.30320,-15.29729,-6.51689,-8.19751,-0.58289,0.9489,-72.95,-0.0756,29.90,3.61,0.490,0.506,0.084,0.0094,0.0500
18275,-34.61971,-19.30327,-15.31644,-6.51174,-8.23675,-0.56795,0.9481,-73.02,-0.0756,29.47,3.33,0.490,0.506,0.084,0.0094,0.0500
18300,-34.59701,-19.34808,-15.24894,-6.48550,-8.19004,-0.57340,0.9443,-72.87,-0.0755,29.75,3.80,0.490,0.506,0.084,0.0094,0.0500
18325,-34.63819,-19.33722,-15.30097,-6.53213,-8.20518,-0.56366,0.9511,-73.00,-0.0756,29.87,3.80,0.490,0.506,0.084,0.0094,0.0500
18350,-34.64711,-19.36604,-15.28106,-6.50809,-8.19476,-0.57822,0.9476,-72.98,-0.0756,29.79,4.11,0.490,0.506,0.084,0.0094,0.0500
18375,-34.74232,-19.43397,-15.30835,-6.53225,-8.19177,-0.58433,0.9511,-73.14,-0.0758,29.76,3.99,0.490,0.506,0.084,0.0094,0.0500
18400,-34.73786,-19.44901,-15.28886,-6.52925,-8.19065,-0.56896,0.9507,-73.41,-0.0761,29.95,4.04,0.490,0.506,0.084,0.0094,0.0500
18425,-34.71242,-19.44634,-15.26607,-6.52305,-8.18931,-0.55371,0.9498,-73.57,-0.0762,29.72,4.11,0.490,0.506,0.084,0.0094,0.0500
18450,-34.67808,-19.38501,-15.29307,-6.51530,-8.19838,-0.57939,0.9486,-73.64,-0.0763,29.88,3.73,0.490,0.506,0.084,0.0094,0.0500
18475,-34.69376,-19.38876,-15.30500,-6.52409,-8.21105,-0.56987,0.9499,-73.54,-0.0762,30.13,3.51,0.490,0.506,0.084,0.0094,0.0500
18500,-34.71655,-19.45689,-15.25966,-6.52151,-8.16389,-0.57425,0.9496,-73.56,-0.0762,29.89,3.74,0.490,0.506,0.084,0.0094,0.0500
18525,-34.73517,-19.41141,-15.32376,-6.51527,-8.23265,-0.57584,0.9486,-163.64,-0.1695,30.11,3.53,0.490,0.506,0.084,0.0094,0.0500
18550,-34.75289,-19.42610,-15.32679,-6.55365,-8.21004,-0.56311,0.9542,-73.92,-0.0766,29.86,3.39,0.490,0.506,0.084,0.0094,0.0500
18575,-34.55139,-19.34206,-15.20934,-6.46080,-8.15988,-0.58866,0.9407,-163.91,-0.1698,29.99,3.26,0.490,0.506,0.084,0.0094,0.0500
18600,-34.63508,-19.34842,-15.28666,-6.49932,-8.20838,-0.57897,0.9463,-163.83,-0.1697,30.05,3.24,0.490,0.506,0.084,0.0094,0.0500
18625,-34.59636,-19.33120,-15.26515,-6.51011,-8.19192,-0.56312,0.9479,-163.69,-0.1696,30.37,1.98,0.490,0.506,0.084,0.0094,0.0500
18650,-34.65303,-19.38780,-15.26523,-6.49380,-8.20097,-0.57045,0.9455,-163.42,-0.1693,30.39,2.04,0.490,0.506,0.084,0.0094,0.0500
18675,-34.65717,-19.39823,-15.25894,-6.51387,-8.16525,-0.57982,0.9484,-73.06,-0.0757,29.96,2.38,0.490,0.506,0.084,0.0094,0.0500
18700,-34.73682,-19.42534,-15.31148,-6.53560,-8.18606,-0.58982,0.9516,-72.99,-0.0756,29.78,3.28,0.490,0.506,0.084,0.0094,0.0500
18725,-34.71363,-19.43402,-15.27962,-6.49320,-8.20719,-0.57923,0.9454,16.72,0.0173,29.99,2.53,0.490,0.506,0.084,0.0094,0.0500
18750,-34.71231,-19.39815,-15.31416,-6.50968,-8.22713,-0.57735,0.9478,-163.19,-0.1691,29.91,2.77,0.490,0.506,0.084,0.0094,0.0500
18775,-34.76509,-19.48205,-15.28304,-6.51627,-8.19641,-0.57036,0.9488,-163.28,-0.1692,30.29,2.39,0.490,0.506,0.084,0.0094,0.0500
18800,-34.74924,-19.45494,-15.29430,-6.51475,-8.20329,-0.57625,0.9486,-163.23,-0.1691,30.52,2.29,0.491,0.506,0.084,0.0094,0.0500
18825,-34.74140,-19.45655,-15.28485,-6.50452,-8.21146,-0.56886,0.9471,-163.19,-0.1691,30.41,2.27,0.491,0.506,0.084,0.0094,0.0500
18850,-34.71851,-19.47286,-15.24565,-6.51734,-8.14688,-0.58142,0.9489,-163.15,-0.1691,30.54,1.62,0.491,0.506,0.084,0.0094,0.0500
18875,-34.75951,-19.46031,-15.29920,-6.51197,-8.19406,-0.59317,0.9482,17.12,0.0177,30.28,1.48,0.491,0.506,0.084,0.0094,0.0500
18900,-34.68631,-19.39996,-15.28634,-6.47988,-8.21126,-0.59521,0.9435,-72.95,-0.0756,30.42,1.32,0.491,0.506,0.084,0.0094,0.0500
18925,-34.62381,-19.36493,-15.25887,-6.47945,-8.20116,-0.57827,0.9434,-162.82,-0.1687,30.65,1.34,0.491,0.506,0.084,0.0094,0.0500
18950,-34.60631,-19.34427,-15.26203,-6.49612,-8.17637,-0.58954,0.9459,-162.81,-0.1687,30.52,1.60,0.491,0.506,0.084,0.0094,0.0500
18975,-34.58720,-19.33279,-15.25441,-6.48984,-8.18652,-0.57805,0.9449,-163.06,-0.1690,30.60,1.73,0.491,0.506,0.084,0.0094,0.0500
19000,-34.59785,-19.33233,-15.26552,-6.48089,-8.18881,-0.59582,0.9436,-162.86,-0.1688,30.45,1.68,0.491,0.506,0.088,0.0098,0.0500
19025,-34.66963,-19.39082,-15.27881,-6.50882,-8.18095,-0.58903,0.9477,-72.94,-0.0756,30.47,2.10,0.491,0.506,0.088,0.0098,0.0500
19050,-34.61940,-19.31633,-15.30308,-6.50016,-8.21466,-0.58825,0.9464,-72.77,-0.0754,30.25,2.10,0.491,0.506,0.088,0.0098,0.0500
19075,-34.65117,-19.37096,-15.28021,-6.50863,-8.18953,-0.58205,0.9477,-72.72,-0.0754,30.25,2.07,0.491,0.506,0.088,0.0098,0.0500
19100,-34.64339,-19.37561,-15.26778,-6.51462,-8.17593,-0.57723,0.9485,-162.89,-0.1688,30.13,2.23,0.491,0.506,0.088,0.0098,0.0500
19125,-34.62327,-19.35264,-15.27063,-6.51005,-8.19673,-0.56385,0.9479,-252.95,-0.2622,30.33,1.81,0.491,0.506,0.088,0.0098,0.0500
19150,-34.66446,-19.34617,-15.31829,-6.52322,-8.22805,-0.56703,0.9498,-163.01,-0.1689,30.58,1.42,0.491,0.506,0.088,0.0098,0.0500
19175,-34.60581,-19.32925,-15.27656,-6.48205,-8.21845,-0.57607,0.9438,-252.95,-0.2621,30.15,2.63,0.491,0.506,0.088,0.0098,0.0500
19200,-34.58811,-19.32751,-15.26060,-6.50728,-8.17529,-0.57803,0.9475,-163.10,-0.1690,30.27,1.67,0.491,0.506,0.088,0.0098,0.0500
19225,-34.61957,-19.35828,-15.26128,-6.49246,-8.17115,-0.59767,0.9453,-73.17,-0.0758,30.24,1.85,0.491,0.506,0.088,0.0098,0.0500
19250,-34.71372,-19.41268,-15.30104,-6.50318,-8.20192,-0.59593,0.9469,-73.11,-0.0758,30.41,1.93,0.491,0.506,0.088,0.0098,0.0500
19275,-34.65316,-19.38994,-15.26322,-6.51389,-8.16701,-0.58232,0.9484,-163.04,-0.1690,30.17,2.34,0.491,0.506,0.088,0.0098,0.0500
19300,-34.72449,-19.43996,-15.28453,-6.52777,-8.18178,-0.57498,0.9505,-73.06,-0.0757,29.69,2.25,0.491,0.506,0.088,0.0098,0.0500
19325,-34.68793,-19.41784,-15.27009,-6.50414,-8.17158,-0.59436,0.9470,-73.01,-0.0757,29.69,2.25,0.491,0.506,0.088,0.0098,0.0500
19350,-34.66899,-19.44381,-15.22518,-6.49902,-8.16148,-0.56468,0.9463,-73.04,-0.0757,29.88,2.50,0.491,0.506,0.088,0.0098,0.0500
19375,-34.69432,-19.38783,-15.30649,-6.51420,-8.20655,-0.58574,0.9485,-72.82,-0.0755,29.55,2.53,0.491,0.506,0.088,0.0098,0.0500
19400,-34.72878,-19.42654,-15.30224,-6.50080,-8.19962,-0.60182,0.9465,17.23,0.0179,29.86,1.94,0.491,0.506,0.088,0.0098,0.0500
19425,-34.69552,-19.41332,-15.28220,-6.49307,-8.21059,-0.57854,0.9454,-72.89,-0.0755,29.59,2.18,0.491,0.506,0.088,0.0098,0.0500
19450,-34.78635,-19.47340,-15.31295,-6.51752,-8.20920,-0.58623,0.9490,17.11,0.0177,29.70,2.25,0.491,0.506,0.088,0.0098,0.0500
19475,-34.71294,-19.42168,-15.29127,-6.51173,-8.18184,-0.59770,0.9481,-72.73,-0.0754,29.53,3.19,0.491,0.506,0.088,0.0098,0.0500
19500,-34.68629,-19.43733,-15.24896,-6.47822,-8.18585,-0.58489,0.9432,17.16,0.0178,29.70,2.26,0.491,0.506,0.088,0.0098,0.0500
19525,-34.69226,-19.43590,-15.25636,-6.50555,-8.16997,-0.58084,0.9472,-72.99,-0.0756,29.26,3.11,0.491,0.506,0.088,0.0098,0.0500
19550,-34.75220,-19.47913,-15.27307,-6.50771,-8.19681,-0.56854,0.9475,-72.71,-0.0754,29.36,2.67,0.491,0.506,0.088,0.0098,0.0500
19575,-34.78404,-19.48813,-15.29591,-6.51977,-8.20570,-0.57044,0.9493,-72.53,-0.0752,29.57,2.43,0.491,0.506,0.088,0.0098,0.0500
19600,-34.76802,-19.50382,-15.26420,-6.47654,-8.18803,-0.59962,0.9430,-72.80,-0.0754,29.43,2.78,0.491,0.506,0.088,0.0098,0.0500
19625,-34.70910,-19.45796,-15.25114,-6.48861,-8.18544,-0.57709,0.9448,16.96,0.0176,29.84,1.92,0.491,0.506,0.088,0.0098,0.0500
19650,-34.81132,-19.50643,-15.30488,-6.49359,-8.23275,-0.57854,0.9455,16.91,0.0175,29.69,2.20,0.491,0.506,0.088,0.0098,0.0500
19675,-34.73826,-19.42128,-15.31698,-6.49389,-8.21777,-0.60532,0.9455,16.86,0.0175,29.70,2.20,0.491,0.506,0.088,0.0098,0.0500
19700,-34.72357,-19.44052,-15.28306,-6.51121,-8.20248,-0.56936,0.9481,17.00,0.0176,29.54,2.50,0.491,0.506,0.088,0.0098,0.0500
19725,-34.70180,-19.44120,-15.26061,-6.50846,-8.16377,-0.58838,0.9477,16.97,0.0176,29.87,1.94,0.491,0.506,0.088,0.0098,0.0500
19750,-34.83207,-19.52212,-15.30994,-6.51917,-8.20572,-0.58505,0.9492,17.05,0.0177,29.83,1.87,0.491,0.506,0.088,0.0098,0.0500
19775,-34.76494,-19.48014,-15.28480,-6.50688,-8.17903,-0.59889,0.9474,17.13,0.0178,29.66,2.13,0.491,0.506,0.088,0.0098,0.0500
19800,-34.73530,-19.45185,-15.28345,-6.51551,-8.19935,-0.56859,0.9487,17.22,0.0179,29.66,2.13,0.491,0.506,0.088,0.0098,0.0500
19825,-34.66014,-19.43637,-15.22377,-6.47967,-8.16998,-0.57412,0.9435,17.38,0.0180,29.68,2.16,0.491,0.506,0.088,0.0098,0.0500
19850,-34.83923,-19.51582,-15.32341,-6.52938,-8.22256,-0.57147,0.9507,17.16,0.0178,29.81,1.84,0.491,0.506,0.088,0.0098,0.0500
19875,-34.79776,-19.53995,-15.25781,-6.52217,-8.15997,-0.57567,0.9496,17.27,0.0179,29.53,2.46,0.491,0.506,0.088,0.0098,0.0500
19900,-34.73872,-19.45631,-15.28240,-6.50100,-8.18739,-0.59401,0.9466,17.37,0.0180,29.89,1.94,0.491,0.506,0.088,0.0098,0.0500
19925,-34.73141,-19.47353,-15.25788,-6.48430,-8.19327,-0.58031,0.9441,17.44,0.0181,29.53,2.46,0.491,0.506,0.088,0.0098,0.0500
19950,-34.77980,-19.48574,-15.29406,-6.53315,-8.18304,-0.57786,0.9512,17.32,0.0180,29.88,1.94,0.491,0.506,0.088,0.0098,0.0500
19975,-34.78618,-19.50740,-15.27878,-6.50780,-8.21275,-0.55824,0.9476,17.09,0.0177,29.74,2.25,0.491,0.506,0.088,0.0098,0.0500
20000,-34.75274,-19.47298,-15.27977,-6.49597,-8.18958,-0.59422,0.9458,17.18,0.0178,29.73,2.24,0.491,0.506,0.083,0.0094,0.0500
20025,-34.76143,-19.45722,-15.30421,-6.52241,-8.21216,-0.56963,0.9497,17.03,0.0176,29.57,2.34,0.491,0.506,0.083,0.0094,0.0500
20050,-34.76571,-19.48623,-15.27949,-6.51025,-8.19214,-0.57710,0.9479,17.04,0.0177,29.41,2.64,0.491,0.506,0.083,0.0094,0.0500
20075,-34.77280,-19.50974,-15.26307,-6.51080,-8.17467,-0.57760,0.9480,17.01,0.0176,29.58,2.38,0.491,0.506,0.083,0.0094,0.0500
20100,-34.80142,-19.51315,-15.28827,-6.54319,-8.18675,-0.55832,0.9527,16.85,0.0175,29.57,2.54,0.491,0.506,0.083,0.0094,0.0500
20125,-34.72980,-19.48259,-15.24721,-6.48454,-8.19120,-0.57147,0.9442,16.75,0.0174,29.59,2.84,0.491,0.506,0.083,0.0094,0.0500
20150,-34.79081,-19.50410,-15.28671,-6.50371,-8.20719,-0.57581,0.9470,16.79,0.0174,29.76,2.26,0.491,0.506,0.083,0.0094,0.0500
20175,-34.81032,-19.56209,-15.24824,-6.48857,-8.18566,-0.57401,0.9448,16.56,0.0172,29.58,2.53,0.491,0.506,0.083,0.0094,0.0500
20200,-34.82795,-19.54974,-15.27821,-6.48032,-8.18962,-0.60827,0.9436,16.44,0.0170,29.55,2.49,0.491,0.506,0.083,0.0094,0.0500
20225,-34.82358,-19.52564,-15.29794,-6.50685,-8.20723,-0.58386,0.9474,16.23,0.0168,29.88,2.30,0.491,0.506,0.083,0.0094,0.0500
20250,-34.88545,-19.57511,-15.31034,-6.51120,-8.20639,-0.59276,0.9481,16.39,0.0170,29.99,2.00,0.491,0.506,0.083,0.0094,0.0500
20275,-34.88766,-19.57652,-15.31114,-6.51916,-8.21127,-0.58071,0.9492,16.40,0.0170,30.02,2.03,0.491,0.506,0.083,0.0094,0.0500
20300,-34.84521,-19.56003,-15.28518,-6.49217,-8.20189,-0.59111,0.9453,16.45,0.0171,30.04,2.03,0.491,0.506,0.083,0.0094,0.0500
20325,-34.86727,-19.57621,-15.29106,-6.53142,-8.18740,-0.57225,0.9510,16.43,0.0170,29.89,2.31,0.491,0.506,0.083,0.0094,0.0500
20350,-34.72933,-19.51471,-15.21462,-6.49022,-8.13346,-0.59094,0.9450,16.43,0.0170,29.71,2.59,0.491,0.506,0.083,0.0094,0.0500
20375,-34.77162,-19.49312,-15.27850,-6.51706,-8.18489,-0.57655,0.9489,16.71,0.0173,29.72,2.20,0.491,0.506,0.083,0.0094,0.0500
20400,-34.76542,-19.47804,-15.28738,-6.50567,-8.21454,-0.56717,0.9472,16.73,0.0173,29.72,2.21,0.491,0.506,0.083,0.0094,0.0500
20425,-34.80477,-19.52576,-15.27901,-6.49002,-8.21332,-0.57566,0.9450,16.43,0.0170,30.04,1.50,0.491,0.506,0.083,0.0094,0.0500
20450,-34.80924,-19.52772,-15.28151,-6.50890,-8.17635,-0.59626,0.9477,16.56,0.0172,29.88,1.95,0.491,0.506,0.083,0.0094,0.0500
20475,-34.84649,-19.56729,-15.27919,-6.49750,-8.18656,-0.59513,0.9461,17.04,0.0177,30.07,2.07,0.491,0.506,0.083,0.0094,0.0500
20500,-34.92013,-19.58510,-15.33503,-6.51333,-8.25093,-0.57076,0.9484,17.08,0.0177,29.72,2.37,0.491,0.506,0.083,0.0094,0.0500
20525,-34.79235,-19.51969,-15.27267,-6.51366,-8.18925,-0.56976,0.9484,16.95,0.0176,29.70,2.30,0.491,0.506,0.083,0.0094,0.0500
20550,-34.73925,-19.49824,-15.24101,-6.46385,-8.18172,-0.59543,0.9412,16.70,0.0173,29.70,2.31,0.491,0.506,0.083,0.0094,0.0500
20575,-34.79210,-19.52207,-15.27003,-6.48842,-8.19481,-0.58681,0.9447,16.74,0.0173,29.52,2.74,0.491,0.506,0.083,0.0094,0.0500
20600,-34.71803,-19.48353,-15.23449,-6.49808,-8.15791,-0.57850,0.9461,16.71,0.0173,29.53,2.75,0.492,0.506,0.083,0.0094,0.0500
20625,-34.73843,-19.48583,-15.25260,-6.51076,-8.15635,-0.58549,0.9480,16.62,0.0172,29.91,2.49,0.492,0.506,0.083,0.0094,0.0500
20650,-34.76736,-19.51331,-15.25405,-6.48917,-8.17563,-0.58924,0.9448,16.58,0.0172,29.52,2.75,0.492,0.506,0.083,0.0094,0.0500
20675,-34.84402,-19.56067,-15.28335,-6.52705,-8.17974,-0.57656,0.9504,16.69,0.0173,29.75,2.39,0.492,0.506,0.083,0.0094,0.0500
20700,-34.82219,-19.55796,-15.26423,-6.47775,-8.19625,-0.59023,0.9432,16.72,0.0173,29.92,1.97,0.492,0.506,0.083,0.0094,0.0500
20725,-34.83870,-19.57334,-15.26536,-6.50619,-8.17043,-0.58874,0.9473,16.77,0.0174,29.51,2.74,0.492,0.506,0.083,0.0094,0.0500
20750,-34.84717,-19.57858,-15.26859,-6.50366,-8.20633,-0.55860,0.9470,16.69,0.0173,29.52,2.74,0.492,0.506,0.083,0.0094,0.0500
20775,-34.83048,-19.53206,-15.29842,-6.49269,-8.23065,-0.57509,0.9454,16.88,0.0175,29.64,2.79,0.492,0.506,0.083,0.0094,0.0500
20800,-34.85661,-19.56890,-15.28771,-6.49406,-8.22392,-0.56973,0.9456,16.57,0.0172,29.86,2.43,0.492,0.506,0.083,0.0094,0.0500
20825,-34.76534,-19.49142,-15.27392,-6.46604,-8.22449,-0.58339,0.9415,16.53,0.0171,29.50,2.72,0.492,0.506,0.083,0.0094,0.0500
20850,-34.75357,-19.48427,-15.26930,-6.50888,-8.16165,-0.59877,0.9477,16.37,0.0170,29.65,2.61,0.492,0.506,0.083,0.0094,0.0500
20875,-34.83371,-19.54105,-15.29266,-6.51708,-8.20310,-0.57248,0.9489,16.29,0.0169,29.63,2.58,0.492,0.506,0.083,0.0094,0.0500
20900,-34.80814,-19.56531,-15.24283,-6.47411,-8.18345,-0.58527,0.9426,16.18,0.0168,29.65,2.26,0.492,0.506,0.083,0.0094,0.0500
20925,-34.92272,-19.62523,-15.29749,-6.52442,-8.19161,-0.58146,0.9500,16.36,0.0170,29.71,2.35,0.492,0.506,0.083,0.0094,0.0500
20950,-34.86793,-19.59355,-15.27438,-6.49675,-8.20164,-0.57600,0.9459,16.03,0.0166,29.84,2.73,0.492,0.506,0.083,0.0094,0.0500
20975,-34.86619,-19.58023,-15.28597,-6.50397,-8.21646,-0.56553,0.9470,16.20,0.0168,29.82,2.72,0.492,0.506,0.083,0.0094,0.0500
21000,-34.85561,-19.56694,-15.28868,-6.49432,-8.19876,-0.59559,0.9456,16.10,0.0167,29.82,2.71,0.492,0.506,0.088,0.0098,0.0500
21025,-34.85259,-19.58616,-15.26643,-6.50795,-8.18168,-0.57680,0.9476,16.01,0.0166,29.90,1.90,0.492,0.506,0.088,0.0098,0.0500
21050,-34.89360,-19.63702,-15.25658,-6.50149,-8.16459,-0.59050,0.9466,16.16,0.0168,29.52,2.69,0.492,0.506,0.088,0.0098,0.0500
21075,-34.90241,-19.58976,-15.31265,-6.50822,-8.21247,-0.59196,0.9476,16.05,0.0166,29.49,2.70,0.492,0.506,0.088,0.0098,0.0500
21100,-34.92393,-19.66723,-15.25670,-6.51233,-8.17101,-0.57336,0.9482,15.95,0.0165,29.49,2.69,0.492,0.506,0.088,0.0098,0.0500
21125,-34.95021,-19.66461,-15.28560,-6.52685,-8.18124,-0.57752,0.9503,16.14,0.0167,29.34,3.08,0.492,0.506,0.088,0.0098,0.0500
21150,-34.98599,-19.69189,-15.29410,-6.50727,-8.21025,-0.57658,0.9475,15.86,0.0164,29.73,2.34,0.492,0.506,0.088,0.0098,0.0500
21175,-34.99901,-19.69827,-15.30074,-6.53466,-8.16647,-0.59961,0.9515,16.02,0.0166,29.54,2.73,0.492,0.506,0.088,0.0098,0.0500
21200,-34.92042,-19.66432,-15.25610,-6.51049,-8.18550,-0.56011,0.9479,15.96,0.0165,29.66,2.21,0.492,0.506,0.088,0.0098,0.0500
21225,-34.91655,-19.68680,-15.22975,-6.46654,-8.17713,-0.58608,0.9415,15.98,0.0166,29.70,2.30,0.492,0.506,0.088,0.0098,0.0500
21250,-34.98118,-19.69027,-15.29091,-6.51744,-8.18467,-0.58880,0.9490,16.02,0.0166,29.66,2.27,0.492,0.506,0.088,0.0098,0.0500
21275,-34.98042,-19.70068,-15.27974,-6.52931,-8.18533,-0.56510,0.9507,16.13,0.0167,29.65,2.35,0.492,0.506,0.088,0.0098,0.0500
21300,-34.93204,-19.65326,-15.27878,-6.51275,-8.20797,-0.55806,0.9483,16.19,0.0168,29.69,2.31,0.492,0.506,0.088,0.0098,0.0500
21325,-34.93810,-19.66158,-15.27653,-6.52401,-8.18633,-0.56619,0.9499,16.22,0.0168,29.73,2.37,0.492,0.506,0.088,0.0098,0.0500
21350,-34.98419,-19.68110,-15.30310,-6.51531,-8.19580,-0.59198,0.9486,16.04,0.0166,29.69,2.26,0.492,0.506,0.088,0.0098,0.0500
21375,-34.99823,-19.67702,-15.32122,-6.52115,-8.21581,-0.58425,0.9495,16.10,0.0167,29.87,1.91,0.492,0.506,0.088,0.0098,0.0500
21400,-35.03674,-19.74521,-15.29153,-6.50030,-8.22508,-0.56614,0.9465,16.12,0.0167,29.90,1.92,0.492,0.506,0.088,0.0098,0.0500
21425,-35.11839,-19.86405,-15.25435,-6.50058,-8.17053,-0.58324,0.9465,16.17,0.0168,29.89,1.98,0.492,0.506,0.088,0.0098,0.0500
21450,-35.13858,-19.86018,-15.27839,-6.52161,-8.19045,-0.56634,0.9496,16.11,0.0167,29.67,2.27,0.492,0.506,0.088,0.0098,0.0500
21475,-35.11789,-19.84682,-15.27107,-6.49092,-8.18582,-0.59433,0.9451,16.07,0.0167,29.87,2.00,0.492,0.506,0.088,0.0098,0.0500
21500,-35.20815,-19.89237,-15.31578,-6.52026,-8.21461,-0.58092,0.9494,16.22,0.0168,29.86,2.00,0.492,0.506,0.088,0.0098,0.0500
21525,-35.07194,-19.82919,-15.24275,-6.48366,-8.17077,-0.58832,0.9440,16.32,0.0169,29.66,2.30,0.492,0.506,0.088,0.0098,0.0500
21550,-35.08274,-19.77000,-15.31274,-6.49949,-8.22698,-0.58626,0.9463,16.47,0.0171,29.67,2.35,0.492,0.506,0.088,0.0098,0.0500
21575,-35.10649,-19.83182,-15.27467,-6.49568,-8.18899,-0.59000,0.9458,16.52,0.0171,29.69,2.44,0.492,0.505,0.088,0.0098,0.0500
21600,-35.21588,-19.89649,-15.31939,-6.51005,-8.22096,-0.58838,0.9479,16.17,0.0168,29.88,2.11,0.492,0.505,0.088,0.0098,0.0500
21625,-35.12994,-19.84609,-15.28385,-6.51067,-8.18936,-0.58382,0.9480,16.23,0.0168,29.86,1.96,0.492,0.505,0.088,0.0098,0.0500
21650,-35.22941,-19.92318,-15.30623,-6.51683,-8.19371,-0.59569,0.9489,16.39,0.0170,29.70,2.52,0.492,0.505,0.088,0.0098,0.0500
21675,-35.22763,-19.91078,-15.31685,-6.52332,-8.22652,-0.56701,0.9498,16.43,0.0170,29.88,2.44,0.492,0.505,0.088,0.0098,0.0500
21700,-35.17530,-19.87514,-15.30016,-6.49134,-8.22686,-0.58196,0.9452,16.44,0.0170,29.82,2.13,0.492,0.505,0.088,0.0098,0.0500
21725,-35.17304,-19.87116,-15.30187,-6.51679,-8.20384,-0.58124,0.9489,16.40,0.0170,29.81,2.12,0.492,0.505,0.088,0.0098,0.0500
21750,-35.18362,-19.89078,-15.29284,-6.51276,-8.21379,-0.56629,0.9483,16.30,0.0169,30.01,1.75,0.492,0.505,0.088,0.0098,0.0500
21775,-35.19096,-19.90249,-15.28847,-6.50412,-8.19242,-0.59192,0.9470,16.07,0.0167,29.69,2.52,0.492,0.505,0.088,0.0098,0.0500
21800,-35.26927,-19.96629,-15.30298,-6.51058,-8.21684,-0.57556,0.9480,16.26,0.0169,29.85,2.24,0.492,0.505,0.088,0.0098,0.0500
21825,-35.27864,-19.97867,-15.29996,-6.52200,-8.19614,-0.58183,0.9496,16.24,0.0168,29.54,2.93,0.492,0.505,0.088,0.0098,0.0500
21850,-35.21159,-19.95133,-15.26026,-6.48924,-8.16472,-0.60630,0.9449,16.14,0.0167,29.68,2.22,0.492,0.505,0.088,0.0098,0.0500
21875,-35.24840,-19.98059,-15.26781,-6.47575,-8.18949,-0.60257,0.9429,16.30,0.0169,29.57,2.52,0.492,0.505,0.088,0.0098,0.0500
21900,-35.19731,-19.92180,-15.27551,-6.49907,-8.19701,-0.57943,0.9463,16.45,0.0170,29.34,2.82,0.492,0.505,0.088,0.0098,0.0500
21925,-35.26627,-19.97963,-15.28664,-6.52156,-8.18601,-0.57906,0.9496,16.56,0.0172,29.67,2.22,0.492,0.505,0.088,0.0098,0.0500
21950,-35.31753,-20.04381,-15.27372,-6.48582,-8.21767,-0.57023,0.9444,16.34,0.0169,30.15,2.01,0.492,0.505,0.088,0.0098,0.0500
21975,-35.33165,-20.07078,-15.26087,-6.48292,-8.19449,-0.58345,0.9439,16.34,0.0169,30.00,2.30,0.492,0.505,0.088,0.0098,0.0500
22000,-35.30198,-20.05171,-15.25027,-6.47044,-8.17762,-0.60222,0.9421,16.32,0.0169,29.79,2.53,0.492,0.505,0.083,0.0093,0.0500
22025,-35.34198,-20.08453,-15.25746,-6.50188,-8.17618,-0.57940,0.9467,-73.74,-0.0764,29.54,3.02,0.492,0.505,0.083,0.0093,0.0500
22050,-35.32832,-20.09023,-15.23809,-6.47489,-8.16517,-0.59803,0.9428,16.20,0.0168,29.57,3.32,0.492,0.505,0.083,0.0093,0.0500
22075,-35.43635,-20.15595,-15.28040,-6.52153,-8.19323,-0.56565,0.9496,16.29,0.0169,30.16,2.05,0.492,0.505,0.083,0.0093,0.0500
22100,-35.40863,-20.14902,-15.25961,-6.51508,-8.15920,-0.58534,0.9486,16.37,0.0170,29.86,2.20,0.492,0.505,0.083,0.0093,0.0500
22125,-35.34505,-20.04397,-15.30108,-6.52226,-8.19685,-0.58197,0.9497,16.33,0.0169,29.86,2.23,0.492,0.505,0.083,0.0093,0.0500
22150,-35.36816,-20.07290,-15.29526,-6.51434,-8.20592,-0.57500,0.9485,16.46,0.0171,29.93,2.94,0.492,0.505,0.083,0.0093,0.0500
22175,-35.36965,-20.10545,-15.26420,-6.50493,-8.17942,-0.57986,0.9471,16.47,0.0171,30.10,1.91,0.492,0.505,0.083,0.0093,0.0500
22200,-35.44680,-20.14985,-15.29694,-6.50640,-8.20979,-0.58075,0.9474,16.17,0.0168,29.94,2.34,0.492,0.505,0.083,0.0093,0.0500
22225,-35.38889,-20.09309,-15.29580,-6.49063,-8.19230,-0.61287,0.9451,16.18,0.0168,29.80,2.53,0.492,0.505,0.083,0.0093,0.0500
22250,-35.44613,-20.14693,-15.29920,-6.51339,-8.22040,-0.56542,0.9484,16.25,0.0168,29.79,2.53,0.492,0.505,0.083,0.0093,0.0500
22275,-35.49459,-20.20825,-15.28634,-6.49865,-8.19453,-0.59316,0.9462,16.10,0.0167,29.82,2.45,0.492,0.505,0.083,0.0093,0.0500
22300,-35.64087,-20.36976,-15.27111,-6.50172,-8.18746,-0.58193,0.9467,15.99,0.0166,29.92,2.32,0.492,0.505,0.083,0.0093,0.0500
22325,-35.62133,-20.33480,-15.28653,-6.51821,-8.18918,-0.57914,0.9491,15.77,0.0163,29.68,2.44,0.492,0.505,0.083,0.0093,0.0500
22350,-35.62408,-20.33234,-15.29174,-6.51412,-8.19710,-0.58053,0.9485,15.57,0.0161,29.86,2.37,0.492,0.505,0.083,0.0093,0.0500
22375,-35.66964,-20.35968,-15.30996,-6.49425,-8.23527,-0.58044,0.9456,15.62,0.0162,29.84,2.34,0.492,0.505,0.083,0.0093,0.0500
22400,-35.64511,-20.35094,-15.29417,-6.49592,-8.20983,-0.58842,0.9458,15.83,0.0164,29.80,2.29,0.492,0.505,0.083,0.0093,0.0500
22425,-35.58966,-20.31180,-15.27787,-6.48011,-8.21247,-0.58529,0.9435,15.46,0.0160,29.87,2.39,0.492,0.505,0.083,0.0093,0.0500
22450,-35.65518,-20.35965,-15.29553,-6.48748,-8.22244,-0.58561,0.9446,15.59,0.0162,29.51,2.80,0.492,0.505,0.083,0.0093,0.0500
22475,-35.62670,-20.30831,-15.31839,-6.50462,-8.23309,-0.58068,0.9471,15.54,0.0161,29.49,2.82,0.492,0.505,0.083,0.0093,0.0500
22500,-35.76824,-20.47449,-15.29375,-6.51313,-8.19922,-0.58140,0.9483,15.60,0.0162,29.48,2.85,0.492,0.505,0.083,0.0093,0.0500
22525,-35.81794,-20.53324,-15.28470,-6.50504,-8.19072,-0.58893,0.9472,15.49,0.0161,29.48,2.81,0.492,0.505,0.083,0.0093,0.0500
22550,-35.83150,-20.54514,-15.28636,-6.49930,-8.19740,-0.58966,0.9463,15.72,0.0163,29.34,3.01,0.492,0.505,0.083,0.0093,0.0500
22575,-35.80681,-20.53466,-15.27216,-6.51584,-8.19505,-0.56127,0.9487,15.70,0.0163,29.36,3.08,0.492,0.505,0.083,0.0093,0.0500
22600,-35.80243,-20.49712,-15.30531,-6.50081,-8.21879,-0.58571,0.9465,15.65,0.0162,29.25,3.61,0.492,0.505,0.083,0.0093,0.0500
22625,-35.88660,-20.54074,-15.34586,-6.53915,-8.23481,-0.57190,0.9521,15.61,0.0162,29.34,3.42,0.492,0.505,0.083,0.0093,0.0500
22650,-35.81266,-20.50931,-15.30335,-6.51068,-8.19627,-0.59640,0.9480,15.43,0.0160,29.54,3.19,0.492,0.505,0.083,0.0093,0.0500
22675,-35.77913,-20.50151,-15.27762,-6.49985,-8.18673,-0.59103,0.9464,15.68,0.0162,29.36,3.00,0.492,0.505,0.083,0.0093,0.0500
22700,-35.83195,-20.53507,-15.29688,-6.49006,-8.21004,-0.59678,0.9450,15.59,0.0162,29.52,2.57,0.492,0.505,0.083,0.0093,0.0500
22725,-35.82552,-20.51654,-15.30898,-6.49911,-8.21300,-0.59687,0.9463,15.49,0.0160,29.58,2.63,0.492,0.505,0.083,0.0093,0.0500
22750,-35.83064,-20.54277,-15.28787,-6.49973,-8.19941,-0.58873,0.9464,15.49,0.0160,29.52,2.87,0.492,0.505,0.083,0.0093,0.0500
22775,-35.83487,-20.53113,-15.30374,-6.48026,-8.23603,-0.58746,0.9435,15.28,0.0158,29.54,2.57,0.492,0.505,0.083,0.0093,0.0500
22800,-35.84886,-20.56215,-15.28670,-6.51165,-8.19210,-0.58295,0.9481,15.40,0.0160,29.71,2.51,0.492,0.505,0.083,0.0093,0.0500
22825,-35.84739,-20.56162,-15.28577,-6.51124,-8.19577,-0.57876,0.9481,15.46,0.0160,29.48,2.86,0.492,0.505,0.083,0.0093,0.0500
22850,-35.87409,-20.59160,-15.28248,-6.51666,-8.19339,-0.57243,0.9488,15.34,0.0159,29.70,2.50,0.492,0.505,0.083,0.0093,0.0500
22875,-35.98304,-20.67028,-15.31276,-6.51036,-8.21780,-0.58461,0.9479,15.44,0.0160,29.78,2.42,0.492,0.505,0.083,0.0093,0.0500
22900,-35.95142,-20.67076,-15.28065,-6.50020,-8.18427,-0.59618,0.9464,15.62,0.0162,29.73,2.47,0.492,0.505,0.083,0.0093,0.0500
22925,-35.92872,-20.63123,-15.29749,-6.50369,-8.22829,-0.56551,0.9470,15.49,0.0161,29.74,2.49,0.492,0.505,0.083,0.0093,0.0500
22950,-35.93602,-20.65477,-15.28125,-6.49625,-8.19833,-0.58667,0.9459,15.43,0.0160,29.77,2.96,0.492,0.505,0.083,0.0093,0.0500
22975,-35.96824,-20.64727,-15.32097,-6.52277,-8.22431,-0.57389,0.9497,15.42,0.0160,29.57,2.80,0.492,0.505,0.083,0.0093,0.0500
23000,-36.03055,-20.73274,-15.29781,-6.51883,-8.19541,-0.58357,0.9492,15.34,0.0159,29.85,2.89,0.492,0.505,0.087,0.0098,0.0500
23025,-36.00632,-20.71756,-15.28877,-6.52398,-8.18879,-0.57599,0.9499,15.58,0.0161,29.84,2.86,0.492,0.505,0.087,0.0098,0.0500
23050,-35.98341,-20.65086,-15.33255,-6.53404,-8.22621,-0.57229,0.9514,15.60,0.0162,29.68,3.03,0.492,0.505,0.087,0.0098,0.0500
23075,-35.91352,-20.65148,-15.26204,-6.49683,-8.16868,-0.59654,0.9460,15.72,0.0163,29.87,2.72,0.492,0.505,0.087,0.0098,0.0500
23100,-35.95668,-20.63589,-15.32078,-6.51792,-8.22819,-0.57467,0.9490,-74.15,-0.0768,30.07,2.39,0.492,0.505,0.087,0.0098,0.0500
23125,-35.88907,-20.59465,-15.29441,-6.50564,-8.20936,-0.57941,0.9472,15.78,0.0164,29.99,2.52,0.492,0.505,0.087,0.0098,0.0500
23150,-35.93105,-20.60505,-15.32600,-6.49010,-8.24844,-0.58746,0.9450,15.82,0.0164,29.93,3.02,0.492,0.505,0.087,0.0098,0.0500
23175,-35.89725,-20.62735,-15.26991,-6.49165,-8.18873,-0.58953,0.9452,-74.24,-0.0769,29.67,3.21,0.492,0.505,0.087,0.0098,0.0500
23200,-35.99228,-20.69365,-15.29863,-6.51231,-8.20376,-0.58256,0.9482,-74.64,-0.0773,29.57,3.78,0.492,0.505,0.087,0.0098,0.0500
23225,-35.88688,-20.63546,-15.25142,-6.45352,-8.19752,-0.60038,0.9397,15.47,0.0160,29.66,3.59,0.492,0.505,0.087,0.0098,0.0500
23250,-35.97076,-20.63657,-15.33419,-6.52742,-8.22342,-0.58336,0.9504,15.67,0.0162,29.34,4.18,0.492,0.505,0.087,0.0098,0.0500
23275,-35.83967,-20.59588,-15.24379,-6.47253,-8.17184,-0.59942,0.9424,-74.41,-0.0771,29.36,3.99,0.492,0.505,0.087,0.0098,0.0500
23300,-35.97352,-20.66883,-15.30469,-6.49149,-8.22242,-0.59079,0.9452,15.46,0.0160,29.77,3.86,0.492,0.505,0.087,0.0098,0.0500
23325,-35.92509,-20.65603,-15.26906,-6.49012,-8.21237,-0.56657,0.9450,15.67,0.0162,29.91,3.52,0.492,0.505,0.087,0.0098,0.0500
23350,-35.98513,-20.69046,-15.29468,-6.51246,-8.18441,-0.59780,0.9482,15.75,0.0163,29.53,3.78,0.492,0.505,0.087,0.0098,0.0500
23375,-35.93689,-20.66612,-15.27077,-6.48922,-8.19838,-0.58317,0.9449,15.93,0.0165,29.48,3.24,0.492,0.505,0.087,0.0098,0.0500
23400,-35.91974,-20.67694,-15.24281,-6.49153,-8.16677,-0.58450,0.9452,15.69,0.0163,29.64,3.40,0.492,0.505,0.087,0.0098,0.0500
23425,-35.92938,-20.65749,-15.27190,-6.50211,-8.17505,-0.59473,0.9467,15.79,0.0164,29.51,3.73,0.492,0.505,0.087,0.0098,0.0500
23450,-35.99282,-20.71030,-15.28251,-6.49652,-8.18054,-0.60545,0.9459,15.29,0.0158,29.42,3.70,0.492,0.505,0.087,0.0098,0.0500
23475,-36.01388,-20.72360,-15.29028,-6.52235,-8.20838,-0.55954,0.9497,15.41,0.0160,29.61,3.10,0.492,0.505,0.087,0.0098,0.0500
23499,-36.02809,-20.74133,-15.28675,-6.52336,-8.18803,-0.57537,0.9498,-74.54,-0.0772,29.92,2.57,0.492,0.505,0.087,0.0098,0.0500
