cycle,Eall,EvdW,Emag,Ez,Edd,Ea,Mz,twist_deg,twist_rate,width_nm,coil_nm,acc_mech,acc_mag,delta_s,delta_a,delta_tw
0,-9.78979,-3.98782,-5.80197,-2.10403,-2.92239,-0.77555,0.3064,-33.96,-0.0352,18.91,0.22,0.383,0.689,1.337,0.1500,0.0500
25,-20.48629,-4.30308,-16.18321,-6.61805,-9.23348,-0.33168,0.9636,-41.20,-0.0427,19.63,1.04,0.315,0.654,1.207,0.1354,0.0500
50,-20.50183,-4.36950,-16.13233,-6.58213,-9.15291,-0.39730,0.9584,-35.29,-0.0366,19.64,0.98,0.311,0.642,1.035,0.1161,0.0500
75,-20.64410,-4.53151,-16.11259,-6.59823,-9.09997,-0.41440,0.9607,46.40,0.0481,20.28,1.57,0.308,0.626,0.934,0.1048,0.0500
100,-20.75355,-4.59301,-16.16054,-6.62545,-9.13890,-0.39619,0.9647,48.36,0.0501,20.04,1.29,0.307,0.609,0.801,0.0898,0.0500
125,-20.86217,-4.75765,-16.10452,-6.58997,-9.09186,-0.42270,0.9595,-40.65,-0.0421,19.40,2.13,0.317,0.593,0.722,0.0811,0.0500
150,-20.95356,-4.82123,-16.13233,-6.58923,-9.11724,-0.42586,0.9594,-14.23,-0.0148,19.67,2.64,0.326,0.579,0.619,0.0695,0.0500
175,-20.82869,-4.73050,-16.09819,-6.59568,-9.08473,-0.41777,0.9604,-13.73,-0.0142,19.95,2.26,0.339,0.568,0.559,0.0627,0.0500
200,-21.10405,-4.93859,-16.16546,-6.61233,-9.13326,-0.41986,0.9628,-108.51,-0.1125,19.67,2.63,0.352,0.559,0.479,0.0538,0.0500
225,-21.07556,-4.92945,-16.14612,-6.60718,-9.10960,-0.42934,0.9620,-113.16,-0.1173,20.06,2.27,0.366,0.552,0.433,0.0485,0.0500
250,-21.09451,-4.85803,-16.23648,-6.62212,-9.17977,-0.43459,0.9642,74.58,0.0774,20.52,2.62,0.380,0.546,0.453,0.0508,0.0500
275,-21.19881,-5.01243,-16.18638,-6.60846,-9.12980,-0.44812,0.9622,-15.79,-0.0164,19.71,2.78,0.389,0.542,0.409,0.0459,0.0500
300,-21.24678,-5.07055,-16.17623,-6.61155,-9.13909,-0.42559,0.9627,-14.83,-0.0154,19.72,2.84,0.400,0.539,0.387,0.0435,0.0500
325,-21.20644,-5.01866,-16.18778,-6.59939,-9.12405,-0.46435,0.9609,6.18,0.0064,19.75,2.70,0.408,0.536,0.387,0.0434,0.0500
350,-21.23537,-5.06426,-16.17111,-6.59568,-9.11445,-0.46098,0.9604,-84.27,-0.0874,19.61,3.03,0.413,0.533,0.366,0.0411,0.0500
375,-21.19915,-5.06788,-16.13127,-6.57681,-9.10545,-0.44901,0.9576,15.05,0.0156,19.56,2.62,0.420,0.530,0.404,0.0453,0.0500
400,-21.28969,-5.15861,-16.13107,-6.59358,-9.10468,-0.43281,0.9600,-146.66,-0.1521,20.22,2.28,0.425,0.528,0.383,0.0429,0.0500
425,-21.24172,-5.15056,-16.09117,-6.55649,-9.06569,-0.46898,0.9546,-236.28,-0.2451,20.53,2.71,0.429,0.526,0.422,0.0473,0.0500
450,-21.34079,-5.18313,-16.15766,-6.60326,-9.11213,-0.44227,0.9615,123.54,0.1281,20.76,2.19,0.432,0.525,0.362,0.0406,0.0500
475,-21.42021,-5.23755,-16.18266,-6.60517,-9.11911,-0.45837,0.9617,122.98,0.1275,20.45,2.46,0.435,0.524,0.399,0.0447,0.0500
500,-21.37082,-5.22931,-16.14151,-6.60368,-9.08628,-0.45155,0.9615,126.00,0.1306,20.42,1.63,0.438,0.522,0.378,0.0424,0.0500
525,-21.38360,-5.21313,-16.17047,-6.61274,-9.07467,-0.48306,0.9628,35.37,0.0367,19.76,1.90,0.442,0.521,0.377,0.0423,0.0500
550,-21.41834,-5.34543,-16.07291,-6.60924,-8.99239,-0.47129,0.9623,48.71,0.0505,20.00,2.14,0.443,0.521,0.395,0.0443,0.0500
575,-21.32755,-5.20655,-16.12100,-6.61405,-9.04009,-0.46686,0.9630,50.39,0.0522,19.87,2.54,0.446,0.520,0.356,0.0400,0.0500
600,-21.42251,-5.30386,-16.11865,-6.59228,-9.06003,-0.46635,0.9599,50.81,0.0527,20.24,1.95,0.448,0.519,0.373,0.0419,0.0500
625,-21.49262,-5.35734,-16.13529,-6.61179,-9.06737,-0.45613,0.9627,-35.49,-0.0368,19.65,1.50,0.450,0.518,0.372,0.0418,0.0500
650,-21.52537,-5.33466,-16.19071,-6.63458,-9.14903,-0.40711,0.9660,-34.48,-0.0357,19.65,2.40,0.452,0.518,0.353,0.0396,0.0500
675,-21.59778,-5.47510,-16.12268,-6.58554,-9.03900,-0.49815,0.9589,-123.80,-0.1284,19.72,2.19,0.454,0.518,0.352,0.0395,0.0500
700,-21.55009,-5.41179,-16.13830,-6.59278,-9.08366,-0.46187,0.9599,-214.19,-0.2220,20.20,2.02,0.456,0.517,0.369,0.0413,0.0500
725,-21.67340,-5.48732,-16.18608,-6.62077,-9.10507,-0.46024,0.9640,-124.86,-0.1294,20.13,1.60,0.457,0.516,0.368,0.0412,0.0500
750,-21.52757,-5.39762,-16.12995,-6.59053,-9.06607,-0.47335,0.9596,-128.76,-0.1335,20.48,1.91,0.458,0.516,0.348,0.0391,0.0500
775,-21.54001,-5.40648,-16.13354,-6.59054,-9.06907,-0.47393,0.9596,-37.79,-0.0392,20.32,1.81,0.460,0.515,0.348,0.0390,0.0500
800,-21.60823,-5.43209,-16.17614,-6.59703,-9.08220,-0.49690,0.9605,-130.32,-0.1351,20.16,2.08,0.460,0.515,0.329,0.0369,0.0500
825,-21.69220,-5.48001,-16.21219,-6.61509,-9.13317,-0.46392,0.9632,51.76,0.0537,19.65,1.87,0.462,0.515,0.328,0.0369,0.0500
850,-21.76872,-5.55935,-16.20936,-6.59656,-9.12240,-0.49041,0.9605,-40.51,-0.0420,20.16,2.01,0.463,0.514,0.344,0.0386,0.0500
875,-21.68371,-5.55636,-16.12735,-6.55920,-9.09606,-0.47208,0.9550,-126.39,-0.1311,20.22,2.61,0.464,0.514,0.343,0.0385,0.0500
900,-21.73267,-5.52602,-16.20665,-6.59437,-9.09260,-0.51967,0.9602,-308.64,-0.3203,20.35,2.67,0.464,0.513,0.325,0.0365,0.0500
925,-21.74092,-5.56394,-16.17698,-6.57448,-9.10391,-0.49860,0.9573,-127.36,-0.1321,19.84,2.85,0.466,0.513,0.324,0.0364,0.0500
950,-21.80543,-5.56359,-16.24184,-6.60457,-9.17658,-0.46069,0.9616,-195.98,-0.2034,20.05,2.69,0.466,0.512,0.340,0.0381,0.0500
975,-21.74133,-5.56162,-16.17971,-6.57949,-9.10589,-0.49433,0.9580,-17.27,-0.0179,19.87,2.74,0.467,0.512,0.307,0.0344,0.0500
1000,-21.65011,-5.56664,-16.08348,-6.55022,-9.01717,-0.51609,0.9537,-103.32,-0.1072,20.03,2.77,0.468,0.512,0.321,0.0360,0.0500
1025,-21.75272,-5.50937,-16.24335,-6.57972,-9.17349,-0.49014,0.9580,-199.87,-0.2076,20.15,2.85,0.469,0.511,0.320,0.0359,0.0500
1050,-21.78193,-5.49457,-16.28736,-6.60165,-9.18762,-0.49809,0.9612,-282.49,-0.2933,20.21,2.50,0.469,0.511,0.336,0.0376,0.0500
1075,-21.83552,-5.60540,-16.23012,-6.59961,-9.15178,-0.47873,0.9609,-196.15,-0.2036,20.37,2.32,0.470,0.511,0.303,0.0340,0.0500
1100,-21.90744,-5.74104,-16.16640,-6.56730,-9.08145,-0.51764,0.9562,-100.74,-0.1046,20.01,2.63,0.471,0.511,0.317,0.0356,0.0500
1125,-21.90509,-5.73266,-16.17243,-6.57673,-9.09428,-0.50142,0.9576,-23.35,-0.0242,19.96,3.03,0.472,0.510,0.316,0.0355,0.0500
1150,-21.88170,-5.68945,-16.19226,-6.58394,-9.11878,-0.48954,0.9586,-204.15,-0.2119,20.37,2.48,0.473,0.510,0.331,0.0372,0.0500
1175,-21.94799,-5.70109,-16.24690,-6.60709,-9.12923,-0.51058,0.9620,-203.67,-0.2114,20.23,2.57,0.473,0.510,0.299,0.0336,0.0500
1200,-21.87952,-5.62589,-16.25363,-6.58566,-9.17109,-0.49689,0.9589,-192.80,-0.2000,20.35,2.61,0.474,0.510,0.313,0.0351,0.0500
1225,-21.88635,-5.70684,-16.17952,-6.59736,-9.08663,-0.49553,0.9606,-193.80,-0.2010,20.43,2.45,0.474,0.510,0.312,0.0351,0.0500
1250,-21.87259,-5.68722,-16.18536,-6.60592,-9.08959,-0.48985,0.9618,-105.03,-0.1089,20.52,2.59,0.475,0.509,0.327,0.0367,0.0500
1275,-21.85002,-5.72736,-16.12266,-6.56371,-9.05238,-0.50657,0.9557,-291.81,-0.3026,20.49,2.56,0.475,0.509,0.326,0.0366,0.0500
1300,-21.80820,-5.68468,-16.12352,-6.55676,-9.04981,-0.51696,0.9547,-290.67,-0.3015,20.57,2.43,0.476,0.509,0.309,0.0347,0.0500
1325,-21.77574,-5.56959,-16.20615,-6.57929,-9.13302,-0.49384,0.9580,-297.11,-0.3083,20.65,2.73,0.476,0.509,0.309,0.0346,0.0500
1350,-21.78741,-5.64246,-16.14495,-6.59021,-9.08160,-0.47315,0.9596,-297.04,-0.3082,20.29,2.73,0.477,0.508,0.323,0.0363,0.0500
1375,-21.79560,-5.61286,-16.18275,-6.59357,-9.08928,-0.49990,0.9600,-301.01,-0.3123,20.52,2.65,0.477,0.508,0.292,0.0327,0.0500
1400,-21.77313,-5.57104,-16.20209,-6.57782,-9.12362,-0.50065,0.9578,-32.24,-0.0334,20.43,2.14,0.478,0.508,0.338,0.0379,0.0500
1425,-21.76444,-5.58701,-16.17743,-6.62811,-9.06411,-0.48521,0.9651,147.22,0.1526,20.13,2.26,0.478,0.508,0.337,0.0378,0.0500
1450,-21.73232,-5.56415,-16.16816,-6.58826,-9.06828,-0.51162,0.9593,148.16,0.1537,20.34,2.37,0.478,0.508,0.353,0.0396,0.0500
1475,-21.86731,-5.69852,-16.16879,-6.58301,-9.09995,-0.48582,0.9585,154.30,0.1600,20.29,2.59,0.478,0.508,0.318,0.0357,0.0500
1500,-21.91012,-5.69519,-16.21493,-6.59840,-9.13080,-0.48573,0.9607,153.74,0.1594,20.23,2.48,0.479,0.508,0.333,0.0374,0.0500
1525,-21.86844,-5.71785,-16.15058,-6.57247,-9.07237,-0.50574,0.9570,154.33,0.1599,20.23,2.47,0.479,0.508,0.301,0.0338,0.0500
1550,-21.87250,-5.67976,-16.19274,-6.57605,-9.09911,-0.51757,0.9575,153.06,0.1586,20.11,2.61,0.480,0.508,0.315,0.0354,0.0500
1575,-21.90498,-5.62735,-16.27763,-6.61701,-9.17864,-0.48198,0.9635,61.36,0.0636,19.95,2.52,0.480,0.508,0.314,0.0353,0.0500
1600,-21.86714,-5.62789,-16.23925,-6.61089,-9.13942,-0.48895,0.9626,147.30,0.1527,20.26,2.47,0.480,0.508,0.298,0.0334,0.0500
1625,-21.82283,-5.58985,-16.23298,-6.59724,-9.12322,-0.51252,0.9606,-122.10,-0.1266,20.20,2.58,0.480,0.507,0.328,0.0369,0.0500
1650,-21.69109,-5.57076,-16.12032,-6.56706,-9.03245,-0.52081,0.9562,-31.97,-0.0331,20.52,2.41,0.480,0.507,0.311,0.0349,0.0500
1675,-21.91443,-5.59000,-16.32443,-6.64236,-9.21495,-0.46712,0.9671,49.91,0.0518,20.08,2.42,0.480,0.507,0.310,0.0348,0.0500
1700,-21.90879,-5.68095,-16.22784,-6.59901,-9.13772,-0.49112,0.9608,50.03,0.0519,20.05,2.38,0.480,0.507,0.294,0.0330,0.0500
1725,-21.91284,-5.66705,-16.24579,-6.62260,-9.15688,-0.46631,0.9643,51.01,0.0529,19.96,2.55,0.481,0.507,0.293,0.0329,0.0500
1750,-21.75387,-5.62434,-16.12952,-6.56473,-9.05165,-0.51315,0.9558,49.12,0.0509,19.92,2.53,0.481,0.507,0.307,0.0345,0.0500
1775,-21.86610,-5.61443,-16.25167,-6.59706,-9.13862,-0.51599,0.9606,51.98,0.0539,20.43,2.57,0.482,0.507,0.307,0.0344,0.0500
1800,-21.83564,-5.60897,-16.22667,-6.60995,-9.12882,-0.48790,0.9624,48.84,0.0506,20.41,2.58,0.482,0.506,0.321,0.0360,0.0500
1825,-21.72527,-5.55444,-16.17083,-6.58134,-9.06589,-0.52360,0.9583,135.85,0.1408,20.39,2.42,0.482,0.506,0.320,0.0359,0.0500
1850,-21.79104,-5.62681,-16.16423,-6.58975,-9.06776,-0.50673,0.9595,52.57,0.0545,20.07,2.89,0.483,0.506,0.336,0.0376,0.0500
1875,-21.84304,-5.69751,-16.14553,-6.57743,-9.04543,-0.52267,0.9577,51.39,0.0533,20.15,2.70,0.483,0.506,0.335,0.0375,0.0500
1900,-21.90040,-5.68276,-16.21764,-6.60237,-9.09575,-0.51952,0.9613,49.50,0.0513,19.98,2.50,0.483,0.506,0.317,0.0356,0.0500
1925,-21.87058,-5.60309,-16.26749,-6.61587,-9.14682,-0.50480,0.9633,55.05,0.0570,19.88,2.71,0.483,0.506,0.316,0.0355,0.0500
1950,-21.80912,-5.66482,-16.14430,-6.57920,-9.06328,-0.50182,0.9580,55.88,0.0579,19.90,2.71,0.484,0.506,0.331,0.0372,0.0500
1975,-21.97126,-5.74974,-16.22152,-6.61961,-9.10431,-0.49761,0.9638,137.87,0.1429,20.16,2.86,0.484,0.506,0.299,0.0335,0.0500
2000,-21.82385,-5.70236,-16.12149,-6.57742,-9.04240,-0.50167,0.9577,138.79,0.1438,20.14,3.05,0.484,0.506,0.313,0.0351,0.0500
2025,-21.84870,-5.66984,-16.17886,-6.57704,-9.07949,-0.52232,0.9576,142.90,0.1480,20.12,2.92,0.484,0.506,0.313,0.0351,0.0500
2050,-21.70736,-5.62798,-16.07939,-6.56498,-8.99472,-0.51969,0.9559,142.18,0.1473,20.33,2.97,0.485,0.505,0.313,0.0351,0.0500
2075,-21.80081,-5.66887,-16.13194,-6.56820,-9.03881,-0.52493,0.9564,53.13,0.0550,19.94,2.99,0.485,0.505,0.313,0.0351,0.0500
2100,-21.93385,-5.82148,-16.11237,-6.56354,-9.01071,-0.53812,0.9557,54.41,0.0564,20.10,3.15,0.485,0.505,0.313,0.0351,0.0500
2125,-21.93419,-5.78852,-16.14567,-6.57931,-9.06696,-0.49940,0.9580,145.96,0.1512,20.22,3.00,0.485,0.505,0.313,0.0351,0.0500
2150,-21.97327,-5.81728,-16.15599,-6.60120,-9.05507,-0.49973,0.9612,57.00,0.0591,19.93,3.24,0.485,0.505,0.313,0.0351,0.0500
2175,-22.09085,-5.86438,-16.22647,-6.61153,-9.12550,-0.48944,0.9627,147.30,0.1526,20.23,2.76,0.485,0.504,0.313,0.0351,0.0500
2200,-21.92791,-5.76989,-16.15802,-6.60701,-9.05506,-0.49594,0.9620,56.30,0.0583,20.18,2.55,0.485,0.504,0.313,0.0351,0.0500
2225,-21.93871,-5.83054,-16.10817,-6.57129,-9.01858,-0.51830,0.9568,58.76,0.0609,20.00,2.78,0.485,0.504,0.313,0.0351,0.0500
2250,-21.96817,-5.85049,-16.11767,-6.58901,-9.03577,-0.49289,0.9594,155.24,0.1608,20.24,2.71,0.486,0.504,0.313,0.0351,0.0500
2275,-22.01623,-5.89499,-16.12124,-6.58586,-9.02845,-0.50693,0.9589,66.55,0.0689,20.13,2.61,0.486,0.503,0.313,0.0351,0.0500
2300,-21.94046,-5.82775,-16.11271,-6.59102,-8.98336,-0.53833,0.9597,69.77,0.0724,20.34,2.70,0.486,0.503,0.313,0.0351,0.0500
2325,-22.00733,-5.91387,-16.09346,-6.57721,-9.02443,-0.49182,0.9577,74.29,0.0770,20.30,2.70,0.486,0.503,0.313,0.0351,0.0500
2350,-22.00327,-5.82786,-16.17541,-6.61409,-9.06312,-0.49820,0.9630,73.27,0.0760,20.08,3.31,0.486,0.503,0.313,0.0351,0.0500
2375,-22.02351,-5.93847,-16.08504,-6.57784,-9.02433,-0.48287,0.9578,73.36,0.0761,20.32,2.71,0.486,0.503,0.313,0.0351,0.0500
2400,-22.05382,-5.85639,-16.19743,-6.61499,-9.11234,-0.47009,0.9632,58.14,0.0602,20.08,2.93,0.486,0.503,0.313,0.0351,0.0500
2425,-22.00247,-5.91834,-16.08412,-6.56385,-9.00912,-0.51116,0.9557,59.92,0.0621,20.20,2.80,0.486,0.502,0.313,0.0351,0.0500
2450,-21.99281,-5.84687,-16.14594,-6.58764,-9.05540,-0.50290,0.9592,62.48,0.0647,20.24,2.97,0.487,0.502,0.313,0.0351,0.0500
2475,-21.98181,-5.87930,-16.10250,-6.57136,-8.99692,-0.53422,0.9568,64.61,0.0670,20.15,3.11,0.487,0.502,0.313,0.0351,0.0500
2500,-21.98983,-5.85555,-16.13428,-6.57509,-9.04612,-0.51308,0.9574,64.89,0.0673,20.24,2.82,0.487,0.502,0.313,0.0351,0.0500
2525,-21.95545,-5.81073,-16.14472,-6.57115,-9.05865,-0.51491,0.9568,63.66,0.0660,20.29,2.75,0.487,0.502,0.313,0.0351,0.0500
2550,-21.95324,-5.89097,-16.06228,-6.51938,-8.98345,-0.55945,0.9492,74.32,0.0771,20.35,2.75,0.487,0.502,0.313,0.0351,0.0500
2575,-22.00123,-5.90612,-16.09511,-6.55654,-9.02224,-0.51633,0.9547,164.23,0.1703,20.47,2.70,0.487,0.502,0.313,0.0351,0.0500
2600,-22.11227,-5.95076,-16.16151,-6.58549,-9.09066,-0.48536,0.9589,74.51,0.0773,20.24,2.81,0.487,0.501,0.313,0.0351,0.0500
2625,-22.00634,-5.90354,-16.10280,-6.53127,-9.03264,-0.53889,0.9510,65.38,0.0678,20.41,2.84,0.488,0.501,0.313,0.0351,0.0500
2650,-22.03666,-5.85415,-16.18251,-6.57345,-9.09234,-0.51672,0.9571,75.18,0.0780,20.21,2.98,0.488,0.501,0.313,0.0351,0.0500
2675,-22.03237,-5.89791,-16.13446,-6.55695,-9.05034,-0.52718,0.9547,76.25,0.0791,20.33,2.81,0.488,0.501,0.313,0.0351,0.0500
2700,-22.06318,-5.92614,-16.13704,-6.57594,-9.07238,-0.48872,0.9575,66.16,0.0686,20.33,2.88,0.488,0.501,0.313,0.0351,0.0500
2725,-22.27206,-6.06329,-16.20877,-6.60573,-9.12410,-0.47893,0.9618,73.74,0.0765,20.48,3.00,0.488,0.501,0.313,0.0351,0.0500
2750,-22.13867,-5.97013,-16.16854,-6.57385,-9.06063,-0.53405,0.9572,73.84,0.0766,19.90,3.61,0.488,0.501,0.313,0.0351,0.0500
2775,-22.09983,-5.97526,-16.12457,-6.54439,-9.06311,-0.51706,0.9529,73.10,0.0758,19.82,3.74,0.488,0.500,0.313,0.0351,0.0500
2800,-22.15415,-5.97749,-16.17666,-6.57209,-9.04903,-0.55554,0.9569,71.04,0.0737,19.80,3.73,0.488,0.500,0.313,0.0351,0.0500
2825,-22.22673,-6.06522,-16.16151,-6.56351,-9.05775,-0.54025,0.9557,79.50,0.0825,19.98,3.18,0.488,0.500,0.313,0.0351,0.0500
2850,-22.17656,-6.01515,-16.16141,-6.56829,-9.08457,-0.50854,0.9564,78.75,0.0817,19.83,3.74,0.488,0.500,0.313,0.0351,0.0500
2875,-22.20299,-6.07085,-16.13214,-6.53574,-9.05433,-0.54207,0.9516,81.97,0.0850,19.75,4.18,0.488,0.500,0.313,0.0351,0.0500
2900,-22.11419,-6.00353,-16.11065,-6.50288,-9.01375,-0.59402,0.9468,81.05,0.0840,19.78,3.87,0.488,0.500,0.313,0.0351,0.0500
2925,-22.23609,-6.02501,-16.21108,-6.58001,-9.11020,-0.52087,0.9581,173.58,0.1801,20.33,2.99,0.488,0.500,0.313,0.0351,0.0500
2950,-22.21701,-6.02694,-16.19007,-6.56274,-9.06000,-0.56733,0.9556,81.59,0.0846,20.11,3.41,0.488,0.500,0.313,0.0351,0.0500
2975,-22.07699,-5.90190,-16.17509,-6.57556,-9.07425,-0.52528,0.9574,82.18,0.0853,20.07,3.57,0.487,0.499,0.313,0.0351,0.0500
3000,-22.20106,-5.98832,-16.21274,-6.58966,-9.13015,-0.49293,0.9595,88.86,0.0922,19.91,3.91,0.488,0.499,0.298,0.0334,0.0500
3025,-22.30628,-6.05509,-16.25120,-6.58452,-9.14889,-0.51778,0.9587,87.24,0.0905,19.93,3.49,0.487,0.499,0.298,0.0334,0.0500
3050,-22.26948,-6.05390,-16.21558,-6.56982,-9.12356,-0.52219,0.9566,89.20,0.0925,19.93,3.73,0.487,0.499,0.298,0.0334,0.0500
3075,-22.14599,-5.95598,-16.19001,-6.56571,-9.08690,-0.53740,0.9560,-10.98,-0.0115,20.09,3.38,0.487,0.499,0.298,0.0334,0.0500
3100,-22.19578,-6.03879,-16.15699,-6.57692,-9.08515,-0.49492,0.9576,87.28,0.0905,20.06,3.26,0.488,0.499,0.298,0.0334,0.0500
3125,-22.22809,-6.08586,-16.14223,-6.56502,-9.06614,-0.51107,0.9559,80.94,0.0852,19.91,3.23,0.488,0.499,0.298,0.0334,0.0500
3150,-22.32150,-6.08757,-16.23393,-6.58221,-9.12451,-0.52721,0.9584,85.74,0.0903,19.78,3.21,0.488,0.499,0.298,0.0334,0.0500
3175,-22.24399,-6.09229,-16.15170,-6.56114,-9.08387,-0.50670,0.9553,82.62,0.0869,20.20,2.99,0.488,0.499,0.298,0.0334,0.0500
3200,-22.32474,-6.14887,-16.17587,-6.57110,-9.07651,-0.52826,0.9568,-8.46,-0.0089,19.96,3.45,0.488,0.499,0.298,0.0334,0.0500
3225,-22.30255,-6.05859,-16.24396,-6.57899,-9.13175,-0.53323,0.9579,83.17,0.0862,19.93,3.65,0.488,0.499,0.298,0.0334,0.0500
3250,-22.32306,-6.14805,-16.17502,-6.56159,-9.05278,-0.56065,0.9554,51.62,0.0536,19.99,3.51,0.488,0.499,0.298,0.0334,0.0500
3275,-22.42849,-6.24544,-16.18306,-6.58376,-9.04094,-0.55836,0.9586,78.12,0.0810,19.84,3.43,0.488,0.499,0.298,0.0334,0.0500
3300,-22.36820,-6.20228,-16.16592,-6.59580,-9.03241,-0.53771,0.9604,92.64,0.0961,20.03,3.78,0.488,0.499,0.298,0.0334,0.0500
3325,-22.38545,-6.22365,-16.16179,-6.56534,-9.05541,-0.54105,0.9559,-4.34,-0.0046,20.04,3.84,0.488,0.499,0.298,0.0334,0.0500
3350,-22.54280,-6.38243,-16.16037,-6.56203,-9.04760,-0.55075,0.9555,-6.25,-0.0066,20.00,3.81,0.487,0.499,0.298,0.0334,0.0500
3375,-22.54939,-6.35700,-16.19238,-6.60869,-9.08869,-0.49501,0.9622,-2.41,-0.0025,20.08,3.95,0.487,0.499,0.298,0.0334,0.0500
3400,-22.46060,-6.32508,-16.13552,-6.56380,-9.02665,-0.54508,0.9557,-2.45,-0.0025,20.08,3.64,0.487,0.499,0.298,0.0334,0.0500
3425,-22.40057,-6.24287,-16.15770,-6.55870,-9.04433,-0.55468,0.9550,77.03,0.0799,19.74,4.10,0.487,0.499,0.298,0.0334,0.0500
3450,-22.46986,-6.30597,-16.16388,-6.57439,-9.05422,-0.53527,0.9573,-2.74,-0.0028,19.85,4.05,0.487,0.499,0.298,0.0334,0.0500
3475,-22.41938,-6.30970,-16.10968,-6.55228,-9.02328,-0.53412,0.9540,-5.09,-0.0053,19.81,3.55,0.487,0.499,0.298,0.0334,0.0500
3500,-22.52145,-6.34946,-16.17199,-6.58322,-9.08394,-0.50484,0.9585,-4.53,-0.0047,19.78,3.83,0.486,0.499,0.298,0.0334,0.0500
3525,-22.57414,-6.38366,-16.19047,-6.58520,-9.06866,-0.53661,0.9588,86.80,0.0900,19.97,3.93,0.486,0.499,0.298,0.0334,0.0500
3550,-22.34356,-6.20643,-16.13714,-6.57019,-9.04628,-0.52066,0.9566,76.17,0.0790,19.75,3.89,0.486,0.499,0.298,0.0334,0.0500
3575,-22.42733,-6.25958,-16.16775,-6.57946,-9.06376,-0.52453,0.9580,-10.03,-0.0104,19.93,3.88,0.486,0.500,0.298,0.0334,0.0500
3600,-22.34252,-6.16339,-16.17913,-6.59501,-9.05920,-0.52492,0.9603,1.26,0.0013,20.08,3.71,0.486,0.500,0.298,0.0334,0.0500
3625,-22.30243,-6.14158,-16.16085,-6.57555,-9.03800,-0.54730,0.9574,-4.35,-0.0045,19.86,3.96,0.486,0.500,0.298,0.0334,0.0500
3650,-22.31677,-6.14578,-16.17099,-6.58428,-9.06604,-0.52067,0.9587,96.87,0.1004,19.62,4.31,0.486,0.500,0.298,0.0334,0.0500
3675,-22.43292,-6.22358,-16.20934,-6.60155,-9.06876,-0.53903,0.9612,95.22,0.0987,19.88,4.08,0.486,0.500,0.298,0.0334,0.0500
3700,-22.39605,-6.24303,-16.15302,-6.58052,-9.04767,-0.52483,0.9581,88.94,0.0935,19.81,4.03,0.486,0.500,0.298,0.0334,0.0500
3725,-22.36883,-6.19522,-16.17361,-6.57797,-9.06483,-0.53081,0.9578,88.26,0.0928,19.68,4.19,0.486,0.500,0.298,0.0334,0.0500
3750,-22.44596,-6.25674,-16.18922,-6.59154,-9.10776,-0.48992,0.9597,7.59,0.0079,19.81,3.89,0.486,0.500,0.298,0.0334,0.0500
3775,-22.38377,-6.18472,-16.19905,-6.58553,-9.06959,-0.54393,0.9589,10.31,0.0107,20.02,3.85,0.486,0.500,0.298,0.0334,0.0500
3800,-22.44020,-6.23133,-16.20886,-6.57461,-9.10196,-0.53229,0.9573,98.32,0.1019,19.58,4.48,0.486,0.500,0.298,0.0334,0.0500
3825,-22.39899,-6.23333,-16.16566,-6.56059,-9.04496,-0.56010,0.9552,8.55,0.0089,19.97,4.20,0.486,0.500,0.298,0.0334,0.0500
3850,-22.36807,-6.18424,-16.18383,-6.55191,-9.07336,-0.55856,0.9540,94.77,0.0983,19.80,4.29,0.486,0.500,0.298,0.0334,0.0500
3875,-22.41224,-6.18625,-16.22599,-6.57621,-9.11170,-0.53808,0.9575,93.90,0.0974,19.70,4.23,0.486,0.500,0.298,0.0334,0.0500
3900,-22.40929,-6.15944,-16.24984,-6.57955,-9.12588,-0.54441,0.9580,93.40,0.0968,19.81,4.15,0.486,0.500,0.298,0.0334,0.0500
3925,-22.41294,-6.15789,-16.25506,-6.57335,-9.14911,-0.53260,0.9571,4.35,0.0045,19.81,4.18,0.486,0.500,0.298,0.0334,0.0500
3950,-22.34072,-6.18587,-16.15485,-6.57474,-9.03981,-0.54030,0.9573,-3.73,-0.0039,19.76,3.92,0.486,0.500,0.298,0.0334,0.0500
3975,-22.36316,-6.17137,-16.19179,-6.55776,-9.09209,-0.54193,0.9548,179.68,0.1863,19.78,4.11,0.486,0.500,0.298,0.0334,0.0500
4000,-22.42427,-6.16142,-16.26284,-6.58536,-9.15642,-0.52106,0.9588,181.06,0.1877,19.95,3.84,0.486,0.500,0.283,0.0317,0.0500
4025,-22.50582,-6.26120,-16.24462,-6.57919,-9.11306,-0.55237,0.9580,90.93,0.0943,19.78,4.29,0.486,0.499,0.283,0.0317,0.0500
4050,-22.49633,-6.25660,-16.23972,-6.57457,-9.12640,-0.53876,0.9573,181.97,0.1887,19.75,4.44,0.486,0.499,0.283,0.0317,0.0500
4075,-22.44979,-6.22559,-16.22420,-6.55918,-9.12276,-0.54225,0.9550,182.61,0.1894,19.57,4.44,0.486,0.499,0.283,0.0317,0.0500
4100,-22.48346,-6.24507,-16.23839,-6.57479,-9.10033,-0.56327,0.9573,92.76,0.0962,19.69,4.33,0.486,0.499,0.283,0.0317,0.0500
4125,-22.46668,-6.21399,-16.25269,-6.58727,-9.14140,-0.52401,0.9591,175.45,0.1819,19.91,3.97,0.486,0.499,0.283,0.0317,0.0500
4150,-22.42830,-6.22679,-16.20150,-6.56806,-9.08299,-0.55046,0.9563,169.72,0.1792,20.07,4.01,0.486,0.499,0.283,0.0317,0.0500
4175,-22.58599,-6.30443,-16.28155,-6.57149,-9.17331,-0.53676,0.9568,178.23,0.1848,19.81,3.99,0.486,0.499,0.283,0.0317,0.0500
4200,-22.46502,-6.26832,-16.19669,-6.57300,-9.09929,-0.52441,0.9570,179.58,0.1862,19.72,4.28,0.486,0.499,0.283,0.0317,0.0500
4225,-22.48186,-6.23607,-16.24579,-6.57728,-9.13400,-0.53450,0.9577,86.60,0.0898,20.28,3.87,0.486,0.499,0.283,0.0317,0.0500
4250,-22.62775,-6.34434,-16.28340,-6.60461,-9.13436,-0.54444,0.9617,176.52,0.1831,20.02,3.84,0.486,0.499,0.283,0.0317,0.0500
4275,-22.60200,-6.39855,-16.20345,-6.59175,-9.09893,-0.51277,0.9598,174.37,0.1808,20.00,3.78,0.486,0.499,0.283,0.0317,0.0500
4300,-22.52215,-6.29614,-16.22601,-6.58298,-9.12711,-0.51592,0.9585,165.47,0.1741,19.83,3.92,0.486,0.499,0.283,0.0317,0.0500
4325,-22.53703,-6.31540,-16.22163,-6.60336,-9.07300,-0.54527,0.9615,169.94,0.1794,19.79,4.08,0.486,0.498,0.283,0.0317,0.0500
4350,-22.44868,-6.22183,-16.22686,-6.58893,-9.10216,-0.53576,0.9594,254.08,0.2684,20.01,3.69,0.486,0.498,0.283,0.0317,0.0500
4375,-22.51382,-6.28625,-16.22757,-6.55102,-9.11682,-0.55973,0.9538,257.15,0.2705,19.66,4.40,0.486,0.498,0.283,0.0317,0.0500
4400,-22.65307,-6.38915,-16.26391,-6.58501,-9.16209,-0.51681,0.9588,166.95,0.1763,19.60,4.43,0.486,0.498,0.283,0.0317,0.0500
4425,-22.58108,-6.38643,-16.19465,-6.57177,-9.09205,-0.53082,0.9569,256.01,0.2703,19.74,4.27,0.486,0.498,0.283,0.0317,0.0500
4450,-22.44285,-6.26977,-16.17308,-6.56515,-9.05303,-0.55490,0.9559,165.05,0.1736,19.46,4.59,0.486,0.498,0.283,0.0317,0.0500
4475,-22.61486,-6.38625,-16.22861,-6.56913,-9.12156,-0.53793,0.9565,74.92,0.0788,19.55,4.52,0.486,0.498,0.283,0.0317,0.0500
4500,-22.68523,-6.43721,-16.24802,-6.58399,-9.13485,-0.52919,0.9586,74.57,0.0785,19.85,3.99,0.486,0.498,0.283,0.0317,0.0500
4525,-22.65679,-6.41163,-16.24516,-6.54968,-9.14979,-0.54569,0.9537,165.33,0.1739,19.79,4.32,0.486,0.498,0.283,0.0317,0.0500
4550,-22.75620,-6.54363,-16.21257,-6.56495,-9.11180,-0.53581,0.9559,256.15,0.2695,19.82,4.25,0.486,0.498,0.283,0.0317,0.0500
4575,-22.80734,-6.52066,-16.28668,-6.58132,-9.16470,-0.54066,0.9583,166.86,0.1756,20.08,4.07,0.486,0.498,0.283,0.0317,0.0500
4600,-22.74344,-6.45823,-16.28521,-6.61159,-9.15694,-0.51668,0.9627,258.80,0.2724,20.02,4.28,0.486,0.498,0.283,0.0317,0.0500
4625,-22.68359,-6.48423,-16.19937,-6.57689,-9.10208,-0.52039,0.9576,168.36,0.1772,20.21,4.05,0.486,0.498,0.283,0.0317,0.0500
4650,-22.77127,-6.49938,-16.27189,-6.57026,-9.18484,-0.51679,0.9566,167.85,0.1767,20.00,4.14,0.486,0.498,0.283,0.0317,0.0500
4675,-22.68644,-6.39845,-16.28800,-6.57154,-9.16116,-0.55530,0.9568,168.32,0.1771,19.74,4.47,0.486,0.498,0.283,0.0317,0.0500
4700,-22.66057,-6.39772,-16.26285,-6.55636,-9.14329,-0.56320,0.9546,77.99,0.0821,20.07,4.30,0.486,0.497,0.283,0.0317,0.0500
4725,-22.66227,-6.45189,-16.21038,-6.55688,-9.13173,-0.52177,0.9547,168.25,0.1771,20.18,3.94,0.486,0.497,0.283,0.0317,0.0500
4750,-22.70232,-6.43679,-16.26553,-6.58243,-9.13336,-0.54974,0.9584,125.67,0.1304,19.98,4.17,0.486,0.497,0.283,0.0317,0.0500
4775,-22.77958,-6.45272,-16.32686,-6.58252,-9.18384,-0.56051,0.9584,127.11,0.1319,20.03,4.22,0.485,0.497,0.283,0.0317,0.0500
4800,-22.75781,-6.47386,-16.28395,-6.60467,-9.16748,-0.51180,0.9617,217.89,0.2261,20.18,4.04,0.485,0.497,0.283,0.0317,0.0500
4825,-22.74146,-6.42876,-16.31270,-6.58736,-9.17139,-0.55396,0.9591,218.65,0.2269,20.24,4.08,0.485,0.497,0.283,0.0317,0.0500
4850,-22.69008,-6.41899,-16.27109,-6.57649,-9.14067,-0.55392,0.9576,220.80,0.2291,20.19,4.24,0.485,0.497,0.283,0.0317,0.0500
4875,-22.65269,-6.42174,-16.23095,-6.56012,-9.12311,-0.54772,0.9552,40.67,0.0422,20.52,3.82,0.485,0.497,0.283,0.0317,0.0500
4900,-22.75769,-6.46021,-16.29748,-6.58348,-9.18664,-0.52736,0.9586,218.73,0.2269,20.45,3.89,0.485,0.497,0.283,0.0317,0.0500
4925,-22.72043,-6.51062,-16.20981,-6.55425,-9.09999,-0.55557,0.9543,219.62,0.2279,20.11,4.11,0.485,0.497,0.283,0.0317,0.0500
4950,-22.66746,-6.43408,-16.23339,-6.56196,-9.11280,-0.55863,0.9554,37.97,0.0394,20.27,4.37,0.485,0.497,0.283,0.0317,0.0500
4975,-22.76508,-6.54990,-16.21517,-6.53102,-9.13442,-0.54973,0.9509,37.71,0.0391,20.40,3.94,0.485,0.497,0.283,0.0317,0.0500
5000,-22.88527,-6.55807,-16.32721,-6.59114,-9.21663,-0.51944,0.9597,39.75,0.0412,20.02,4.13,0.485,0.497,0.269,0.0301,0.0500
5025,-22.89055,-6.60706,-16.28349,-6.55523,-9.17310,-0.55516,0.9545,314.24,0.3260,20.53,3.86,0.485,0.497,0.269,0.0301,0.0500
5050,-22.89169,-6.58416,-16.30753,-6.60256,-9.18263,-0.52234,0.9614,130.87,0.1358,20.06,3.92,0.485,0.497,0.269,0.0301,0.0500
5075,-22.80673,-6.53099,-16.27575,-6.57756,-9.13482,-0.56337,0.9577,127.49,0.1323,20.50,3.70,0.485,0.497,0.269,0.0301,0.0500
5100,-22.79898,-6.56224,-16.23673,-6.56569,-9.13289,-0.53815,0.9560,311.57,0.3232,20.57,3.99,0.485,0.497,0.269,0.0301,0.0500
5125,-22.86703,-6.57711,-16.28992,-6.58611,-9.15914,-0.54468,0.9590,222.49,0.2308,20.33,3.85,0.485,0.497,0.269,0.0301,0.0500
5150,-22.86963,-6.60889,-16.26074,-6.54841,-9.15195,-0.56038,0.9535,41.89,0.0435,20.37,3.80,0.485,0.497,0.269,0.0301,0.0500
5175,-22.82571,-6.59087,-16.23484,-6.56083,-9.12347,-0.55054,0.9553,133.61,0.1387,20.50,4.04,0.485,0.497,0.269,0.0301,0.0500
5200,-22.74310,-6.46040,-16.28270,-6.56500,-9.17817,-0.53953,0.9559,128.45,0.1333,20.44,3.92,0.485,0.497,0.269,0.0301,0.0500
5225,-22.75016,-6.53593,-16.21423,-6.57028,-9.09211,-0.55185,0.9567,130.15,0.1350,20.54,3.90,0.485,0.497,0.269,0.0301,0.0500
5250,-22.94725,-6.64469,-16.30256,-6.55818,-9.18928,-0.55509,0.9549,133.70,0.1387,20.45,4.16,0.485,0.497,0.269,0.0301,0.0500
5275,-22.95970,-6.65581,-16.30390,-6.58273,-9.17978,-0.54138,0.9585,137.42,0.1426,20.47,4.03,0.485,0.497,0.269,0.0301,0.0500
5300,-22.91071,-6.62716,-16.28355,-6.59631,-9.15719,-0.53004,0.9604,-43.12,-0.0448,20.25,4.06,0.485,0.497,0.269,0.0301,0.0500
5325,-22.87566,-6.61828,-16.25738,-6.55282,-9.16080,-0.54376,0.9541,47.53,0.0493,20.59,4.02,0.485,0.497,0.269,0.0301,0.0500
5350,-22.96535,-6.61639,-16.34896,-6.62604,-9.19403,-0.52889,0.9648,167.22,0.1761,20.22,4.35,0.485,0.497,0.269,0.0301,0.0500
5375,-22.92340,-6.59492,-16.32848,-6.58568,-9.18840,-0.55440,0.9589,-43.80,-0.0454,20.37,4.06,0.485,0.497,0.269,0.0301,0.0500
5400,-22.94758,-6.63749,-16.31009,-6.57951,-9.20665,-0.52393,0.9580,166.21,0.1757,20.40,3.98,0.485,0.497,0.269,0.0301,0.0500
5425,-22.79641,-6.60559,-16.19082,-6.52446,-9.10342,-0.56295,0.9500,168.10,0.1769,20.37,4.22,0.485,0.497,0.269,0.0301,0.0500
5450,-22.99243,-6.69829,-16.29414,-6.58397,-9.17232,-0.53785,0.9586,-11.45,-0.0120,20.36,4.24,0.485,0.497,0.269,0.0301,0.0500
5475,-23.00001,-6.71526,-16.28476,-6.58241,-9.15182,-0.55053,0.9584,-13.73,-0.0144,20.36,4.10,0.485,0.497,0.269,0.0301,0.0500
5500,-22.86046,-6.65623,-16.20422,-6.53476,-9.09636,-0.57310,0.9515,-30.88,-0.0325,20.08,4.65,0.485,0.497,0.269,0.0301,0.0500
5525,-22.85371,-6.60772,-16.24599,-6.56071,-9.13006,-0.55523,0.9553,-38.65,-0.0401,20.16,4.50,0.485,0.497,0.269,0.0301,0.0500
5550,-22.87287,-6.66296,-16.20991,-6.56144,-9.10111,-0.54735,0.9554,-57.88,-0.0601,20.42,4.31,0.485,0.497,0.269,0.0301,0.0500
5575,-23.04272,-6.76129,-16.28143,-6.56833,-9.14628,-0.56682,0.9564,49.90,0.0518,20.40,4.37,0.485,0.497,0.269,0.0301,0.0500
5600,-22.98365,-6.74823,-16.23542,-6.57315,-9.10863,-0.55364,0.9571,29.99,0.0311,19.90,4.73,0.485,0.497,0.269,0.0301,0.0500
5625,-22.91772,-6.66295,-16.25477,-6.56668,-9.14815,-0.53994,0.9561,49.78,0.0516,20.42,4.37,0.485,0.497,0.269,0.0301,0.0500
5650,-22.84441,-6.60931,-16.23510,-6.56581,-9.10620,-0.56309,0.9560,139.90,0.1451,20.55,4.13,0.485,0.497,0.269,0.0301,0.0500
5675,-22.93317,-6.69101,-16.24216,-6.56313,-9.09252,-0.58650,0.9556,229.48,0.2380,20.79,3.90,0.485,0.497,0.269,0.0301,0.0500
5700,-22.87992,-6.61211,-16.26780,-6.56823,-9.12563,-0.57394,0.9564,167.79,0.1765,20.86,3.62,0.485,0.497,0.269,0.0301,0.0500
5725,-22.90399,-6.63906,-16.26492,-6.55685,-9.13705,-0.57102,0.9547,169.93,0.1788,20.88,3.65,0.484,0.497,0.269,0.0301,0.0500
5750,-22.93198,-6.66744,-16.26454,-6.56673,-9.11026,-0.58755,0.9561,256.15,0.2695,21.11,3.70,0.484,0.497,0.269,0.0301,0.0500
5775,-22.99931,-6.73856,-16.26075,-6.55922,-9.12633,-0.57521,0.9550,168.07,0.1768,20.75,3.80,0.484,0.497,0.269,0.0301,0.0500
5800,-23.00380,-6.75646,-16.24735,-6.55440,-9.11503,-0.57792,0.9543,254.38,0.2679,21.34,3.46,0.484,0.497,0.269,0.0301,0.0500
5825,-22.89032,-6.64362,-16.24670,-6.56555,-9.11473,-0.56642,0.9560,343.89,0.3618,20.85,3.87,0.484,0.497,0.269,0.0301,0.0500
5850,-23.02554,-6.75196,-16.27358,-6.57024,-9.13060,-0.57274,0.9566,343.71,0.3620,21.27,3.40,0.484,0.497,0.269,0.0301,0.0500
5875,-22.90261,-6.70106,-16.20155,-6.53990,-9.07038,-0.59127,0.9522,253.81,0.2681,20.70,3.94,0.484,0.497,0.269,0.0301,0.0500
5900,-22.98422,-6.72023,-16.26399,-6.56168,-9.12008,-0.58224,0.9554,162.27,0.1714,20.58,3.88,0.484,0.497,0.269,0.0301,0.0500
5925,-22.86669,-6.65563,-16.21106,-6.55033,-9.06750,-0.59322,0.9537,160.66,0.1692,21.13,3.59,0.484,0.497,0.269,0.0301,0.0500
5950,-22.94389,-6.75019,-16.19370,-6.56054,-9.05279,-0.58036,0.9552,342.27,0.3615,20.59,3.75,0.484,0.497,0.269,0.0301,0.0500
5975,-23.10304,-6.79002,-16.31302,-6.59427,-9.14816,-0.57058,0.9601,409.84,0.4334,20.68,3.84,0.484,0.497,0.269,0.0301,0.0500
6000,-23.11321,-6.84101,-16.27220,-6.56014,-9.12345,-0.58861,0.9552,251.59,0.2648,20.89,3.78,0.484,0.497,0.255,0.0286,0.0500
6025,-23.16489,-6.87571,-16.28918,-6.59349,-9.10547,-0.59022,0.9600,343.61,0.3616,20.63,3.88,0.484,0.497,0.255,0.0286,0.0500
6050,-23.05921,-6.85027,-16.20894,-6.56294,-9.07985,-0.56615,0.9556,428.79,0.4512,20.95,3.98,0.484,0.497,0.255,0.0286,0.0500
6075,-23.15465,-6.88316,-16.27150,-6.59117,-9.09174,-0.58859,0.9597,336.86,0.3544,21.37,3.16,0.483,0.497,0.255,0.0286,0.0500
6100,-23.06257,-6.84280,-16.21977,-6.56903,-9.07361,-0.57713,0.9565,156.09,0.1642,20.76,4.03,0.483,0.497,0.255,0.0286,0.0500
6125,-23.05650,-6.82444,-16.23205,-6.56890,-9.08666,-0.57650,0.9565,159.43,0.1684,20.51,3.89,0.483,0.497,0.255,0.0286,0.0500
6150,-23.08725,-6.87125,-16.21599,-6.53559,-9.12200,-0.55841,0.9516,128.95,0.1363,20.27,4.26,0.483,0.497,0.255,0.0286,0.0500
6175,-23.08998,-6.87428,-16.21570,-6.53823,-9.09047,-0.58700,0.9520,251.30,0.2653,20.26,4.40,0.483,0.497,0.255,0.0286,0.0500
6200,-23.11866,-6.83199,-16.28668,-6.56567,-9.15558,-0.56543,0.9560,308.00,0.3256,20.42,4.16,0.483,0.497,0.255,0.0286,0.0500
6225,-23.12407,-6.86607,-16.25800,-6.56731,-9.10827,-0.58242,0.9562,341.89,0.3610,20.44,3.87,0.483,0.498,0.255,0.0286,0.0500
6250,-23.05108,-6.75923,-16.29185,-6.56708,-9.15151,-0.57326,0.9562,160.53,0.1689,20.31,4.18,0.483,0.498,0.255,0.0286,0.0500
6275,-23.16265,-6.89736,-16.26529,-6.59570,-9.08660,-0.58299,0.9604,160.75,0.1697,20.35,3.99,0.483,0.498,0.255,0.0286,0.0500
6300,-23.13371,-6.92776,-16.20595,-6.55798,-9.06436,-0.58361,0.9549,126.49,0.1337,20.35,3.98,0.483,0.498,0.255,0.0286,0.0500
6325,-23.13500,-6.84334,-16.29166,-6.59591,-9.13921,-0.55654,0.9604,124.63,0.1317,20.07,4.24,0.483,0.498,0.255,0.0286,0.0500
6350,-23.16889,-6.88673,-16.28216,-6.60335,-9.15012,-0.52869,0.9615,216.83,0.2292,20.36,4.23,0.483,0.498,0.255,0.0286,0.0500
6375,-23.10570,-6.81567,-16.29002,-6.62324,-9.11624,-0.55055,0.9644,128.62,0.1360,20.34,3.90,0.483,0.498,0.255,0.0286,0.0500
6400,-23.11070,-6.87230,-16.23840,-6.55394,-9.10740,-0.57705,0.9543,127.68,0.1350,20.04,4.14,0.483,0.498,0.255,0.0286,0.0500
6425,-23.09612,-6.86581,-16.23031,-6.56510,-9.12083,-0.54438,0.9559,217.18,0.2297,19.84,4.44,0.483,0.498,0.255,0.0286,0.0500
6450,-23.12847,-6.84905,-16.27942,-6.57550,-9.14153,-0.56239,0.9574,215.20,0.2276,19.94,4.19,0.483,0.498,0.255,0.0286,0.0500
6475,-23.18558,-6.94681,-16.23877,-6.57877,-9.12037,-0.53964,0.9579,308.30,0.3260,19.79,4.54,0.483,0.498,0.255,0.0286,0.0500
6500,-23.24087,-7.03311,-16.20776,-6.54419,-9.07725,-0.58632,0.9529,399.58,0.4225,20.03,4.61,0.483,0.498,0.255,0.0286,0.0500
6525,-23.18644,-6.93969,-16.24674,-6.56712,-9.09379,-0.58583,0.9562,218.22,0.2307,20.15,4.59,0.483,0.498,0.255,0.0286,0.0500
6550,-23.24636,-6.95278,-16.29358,-6.57850,-9.16005,-0.55503,0.9578,398.22,0.4211,20.01,4.40,0.483,0.498,0.255,0.0286,0.0500
6575,-23.15325,-6.91474,-16.23851,-6.57287,-9.08041,-0.58523,0.9570,308.41,0.3261,20.03,4.16,0.482,0.498,0.255,0.0286,0.0500
6600,-23.14484,-6.86433,-16.28051,-6.58504,-9.13352,-0.56195,0.9588,522.43,0.5517,20.15,4.35,0.482,0.498,0.255,0.0286,0.0500
6625,-23.14891,-6.87432,-16.27459,-6.56347,-9.14876,-0.56236,0.9557,251.87,0.2661,19.97,4.42,0.482,0.498,0.255,0.0286,0.0500
6650,-23.13100,-6.83525,-16.29575,-6.56766,-9.15122,-0.57687,0.9563,248.14,0.2621,20.16,4.40,0.482,0.498,0.255,0.0286,0.0500
6675,-23.10872,-6.82723,-16.28149,-6.56935,-9.16628,-0.54586,0.9565,249.13,0.2631,20.08,4.51,0.482,0.499,0.255,0.0286,0.0500
6700,-23.12547,-6.86304,-16.26243,-6.56341,-9.10649,-0.59254,0.9557,133.70,0.1414,20.25,4.42,0.482,0.499,0.255,0.0286,0.0500
6725,-23.22697,-6.95767,-16.26930,-6.55954,-9.13813,-0.57162,0.9551,44.81,0.0474,20.48,4.42,0.482,0.499,0.255,0.0286,0.0500
6750,-23.08275,-6.86736,-16.21539,-6.56566,-9.05536,-0.59437,0.9560,42.92,0.0454,20.51,4.28,0.482,0.499,0.255,0.0286,0.0500
6775,-23.23442,-6.90535,-16.32907,-6.56690,-9.16956,-0.59261,0.9562,158.42,0.1674,20.59,4.03,0.482,0.499,0.255,0.0286,0.0500
6800,-23.16084,-6.86008,-16.30076,-6.59511,-9.17070,-0.53495,0.9603,41.38,0.0438,20.18,4.65,0.482,0.499,0.255,0.0286,0.0500
6825,-23.22825,-6.92556,-16.30269,-6.57546,-9.15530,-0.57193,0.9574,41.51,0.0439,20.08,4.69,0.482,0.499,0.255,0.0286,0.0500
6850,-23.15561,-6.87872,-16.27690,-6.54850,-9.12506,-0.60334,0.9535,41.84,0.0443,20.24,4.18,0.482,0.499,0.255,0.0286,0.0500
6875,-23.17840,-6.86552,-16.31288,-6.56458,-9.16287,-0.58543,0.9558,-136.43,-0.1443,20.32,3.99,0.482,0.499,0.255,0.0286,0.0500
6900,-23.33412,-6.99044,-16.34367,-6.57739,-9.20560,-0.56068,0.9577,-136.99,-0.1449,20.42,4.26,0.482,0.499,0.255,0.0286,0.0500
6925,-23.31077,-6.97080,-16.33997,-6.61303,-9.17712,-0.54982,0.9629,41.38,0.0438,20.31,3.98,0.482,0.499,0.255,0.0286,0.0500
6950,-23.25501,-6.93964,-16.31537,-6.58342,-9.14923,-0.58272,0.9586,133.30,0.1410,20.26,3.83,0.482,0.499,0.255,0.0286,0.0500
6975,-23.13460,-6.86804,-16.26656,-6.56961,-9.12407,-0.57287,0.9566,43.43,0.0459,20.07,4.17,0.482,0.499,0.255,0.0286,0.0500
7000,-23.15615,-6.86841,-16.28775,-6.57881,-9.18375,-0.52519,0.9579,133.82,0.1415,20.20,3.91,0.482,0.499,0.242,0.0272,0.0500
7025,-23.21754,-6.92741,-16.29014,-6.56616,-9.14312,-0.58086,0.9561,-47.35,-0.0501,20.43,4.06,0.482,0.499,0.242,0.0272,0.0500
7050,-23.14799,-6.88992,-16.25807,-6.54778,-9.11839,-0.59190,0.9534,54.60,0.0577,20.24,4.78,0.482,0.499,0.242,0.0272,0.0500
7075,-23.12039,-6.82139,-16.29901,-6.57685,-9.14091,-0.58125,0.9576,-35.84,-0.0379,20.42,4.13,0.482,0.499,0.242,0.0272,0.0500
7100,-23.10606,-6.87280,-16.23326,-6.55207,-9.08178,-0.59940,0.9540,142.53,0.1507,20.18,4.38,0.482,0.499,0.242,0.0272,0.0500
7125,-23.06905,-6.83733,-16.23172,-6.56907,-9.06511,-0.59754,0.9565,-124.06,-0.1312,20.44,3.89,0.482,0.499,0.242,0.0272,0.0500
7150,-23.22006,-6.92991,-16.29015,-6.59653,-9.14038,-0.55324,0.9605,-35.27,-0.0373,20.37,4.09,0.482,0.499,0.242,0.0272,0.0500
7175,-23.20242,-6.94852,-16.25389,-6.56453,-9.10816,-0.58120,0.9558,-32.95,-0.0348,20.41,3.98,0.482,0.499,0.242,0.0272,0.0500
7200,-23.19322,-6.97795,-16.21526,-6.54641,-9.06947,-0.59939,0.9532,56.72,0.0600,20.16,4.07,0.482,0.499,0.242,0.0272,0.0500
7225,-23.17690,-6.90936,-16.26753,-6.57944,-9.12074,-0.56736,0.9580,-33.76,-0.0357,20.41,4.03,0.482,0.499,0.242,0.0272,0.0500
7250,-23.28611,-6.95860,-16.32751,-6.60042,-9.16052,-0.56657,0.9610,55.83,0.0590,20.53,3.67,0.482,0.499,0.242,0.0272,0.0500
7275,-23.22630,-6.90294,-16.32336,-6.57734,-9.17499,-0.57104,0.9577,46.67,0.0493,20.45,3.73,0.482,0.499,0.242,0.0272,0.0500
7300,-23.13785,-6.84111,-16.29674,-6.55884,-9.13687,-0.60103,0.9550,146.41,0.1547,20.69,3.41,0.482,0.499,0.242,0.0272,0.0500
7325,-23.21611,-6.90524,-16.31087,-6.58413,-9.14834,-0.57839,0.9587,-136.98,-0.1448,20.74,4.02,0.482,0.499,0.242,0.0272,0.0500
7350,-23.20962,-6.94718,-16.26244,-6.57376,-9.10722,-0.58146,0.9572,-125.35,-0.1325,20.70,4.14,0.482,0.499,0.242,0.0272,0.0500
7375,-23.23846,-6.96903,-16.26944,-6.56027,-9.13625,-0.57292,0.9552,-215.18,-0.2274,20.63,4.29,0.482,0.499,0.242,0.0272,0.0500
7400,-23.22698,-6.97248,-16.25450,-6.58827,-9.09327,-0.57296,0.9593,-36.66,-0.0388,20.30,4.50,0.482,0.499,0.242,0.0272,0.0500
7425,-23.19156,-6.93317,-16.25838,-6.60831,-9.10340,-0.54668,0.9622,-122.02,-0.1290,20.78,4.40,0.482,0.499,0.242,0.0272,0.0500
7450,-23.31720,-6.98184,-16.33536,-6.60387,-9.14888,-0.58261,0.9615,56.08,0.0593,20.45,4.45,0.482,0.499,0.242,0.0272,0.0500
7475,-23.25741,-6.95928,-16.29813,-6.57722,-9.14254,-0.57837,0.9577,146.04,0.1544,20.28,4.51,0.482,0.499,0.242,0.0272,0.0500
7500,-23.28461,-6.97836,-16.30625,-6.56617,-9.14014,-0.59994,0.9561,-33.45,-0.0354,20.88,3.96,0.482,0.499,0.242,0.0272,0.0500
7525,-23.36473,-7.06392,-16.30081,-6.60053,-9.12410,-0.57618,0.9611,55.53,0.0587,20.44,3.82,0.482,0.499,0.242,0.0272,0.0500
7550,-23.33386,-7.09767,-16.23619,-6.57660,-9.08922,-0.57037,0.9576,234.40,0.2478,20.65,3.40,0.482,0.499,0.242,0.0272,0.0500
7575,-23.33109,-7.00326,-16.32782,-6.58870,-9.14705,-0.59208,0.9593,325.81,0.3445,20.60,3.66,0.482,0.499,0.242,0.0272,0.0500
7600,-23.17436,-6.94448,-16.22987,-6.57510,-9.07590,-0.57888,0.9574,237.64,0.2514,20.79,3.22,0.482,0.499,0.242,0.0272,0.0500
7625,-23.29754,-7.01163,-16.28591,-6.61203,-9.14301,-0.53087,0.9627,327.08,0.3459,20.61,3.65,0.482,0.499,0.242,0.0272,0.0500
7650,-23.37434,-7.04737,-16.32698,-6.59971,-9.15322,-0.57405,0.9609,286.17,0.2973,20.71,3.72,0.482,0.499,0.242,0.0272,0.0500
7675,-23.24307,-6.96834,-16.27473,-6.57932,-9.14824,-0.54717,0.9580,368.33,0.3827,20.59,3.74,0.482,0.499,0.242,0.0272,0.0500
7700,-23.20828,-6.97033,-16.23794,-6.57438,-9.09835,-0.56521,0.9572,48.30,0.0511,20.36,4.14,0.482,0.499,0.242,0.0272,0.0500
7725,-23.24586,-6.99314,-16.25273,-6.59271,-9.10167,-0.55835,0.9599,-31.13,-0.0329,20.21,4.23,0.483,0.499,0.242,0.0272,0.0500
7750,-23.33319,-7.02753,-16.30565,-6.58324,-9.16645,-0.55597,0.9585,59.68,0.0632,20.28,4.23,0.483,0.499,0.242,0.0272,0.0500
7775,-23.25922,-6.93732,-16.32190,-6.59006,-9.13502,-0.59682,0.9595,229.90,0.2432,20.45,3.98,0.483,0.499,0.242,0.0272,0.0500
7800,-23.21992,-6.96785,-16.25207,-6.58015,-9.09486,-0.57706,0.9581,230.54,0.2439,20.55,3.90,0.483,0.499,0.242,0.0272,0.0500
7825,-23.24188,-6.96659,-16.27528,-6.57267,-9.08855,-0.61407,0.9570,201.82,0.2096,20.66,3.62,0.483,0.499,0.242,0.0272,0.0500
7850,-23.15650,-6.93597,-16.22053,-6.55416,-9.07207,-0.59430,0.9543,279.51,0.2903,20.52,3.99,0.483,0.499,0.242,0.0272,0.0500
7875,-23.13945,-6.88461,-16.25484,-6.56455,-9.10818,-0.58211,0.9558,-119.68,-0.1266,20.44,4.16,0.483,0.499,0.242,0.0272,0.0500
7900,-23.18642,-6.92395,-16.26247,-6.60150,-9.09635,-0.56462,0.9612,-107.47,-0.1137,20.23,4.39,0.483,0.499,0.242,0.0272,0.0500
7925,-23.10786,-6.85097,-16.25689,-6.57739,-9.12263,-0.55687,0.9577,-26.73,-0.0283,20.62,4.02,0.483,0.499,0.242,0.0272,0.0500
7950,-23.08734,-6.85106,-16.23627,-6.54418,-9.08681,-0.60528,0.9529,-118.91,-0.1258,20.46,4.26,0.483,0.499,0.242,0.0272,0.0500
7975,-23.25644,-6.96065,-16.29579,-6.59820,-9.12864,-0.56895,0.9607,47.57,0.0511,20.55,4.15,0.483,0.499,0.242,0.0272,0.0500
8000,-23.23862,-6.94628,-16.29233,-6.57825,-9.16682,-0.54727,0.9578,49.23,0.0530,20.61,4.27,0.483,0.499,0.230,0.0258,0.0500
8025,-23.16921,-6.92362,-16.24559,-6.53013,-9.10800,-0.60746,0.9508,48.30,0.0519,20.89,4.03,0.483,0.499,0.230,0.0258,0.0500
8050,-23.14429,-6.94252,-16.20177,-6.55964,-9.09208,-0.55005,0.9551,140.01,0.1507,20.53,3.83,0.483,0.499,0.230,0.0258,0.0500
8075,-23.19900,-6.99351,-16.20549,-6.52613,-9.08331,-0.59605,0.9502,230.53,0.2482,20.51,4.23,0.484,0.499,0.230,0.0258,0.0500
8100,-23.33346,-7.02693,-16.30653,-6.60374,-9.13867,-0.56412,0.9615,320.00,0.3445,20.64,4.29,0.484,0.499,0.230,0.0258,0.0500
8125,-23.24044,-6.99347,-16.24697,-6.58662,-9.09329,-0.56706,0.9590,319.86,0.3442,20.63,4.34,0.484,0.499,0.230,0.0258,0.0500
8150,-23.27649,-7.02389,-16.25260,-6.60506,-9.09832,-0.54921,0.9617,137.18,0.1472,20.22,4.66,0.484,0.499,0.230,0.0258,0.0500
8175,-23.28216,-7.05400,-16.22816,-6.57652,-9.06907,-0.58257,0.9576,48.66,0.0523,20.97,3.67,0.484,0.499,0.230,0.0258,0.0500
8200,-23.26127,-7.05122,-16.21005,-6.57917,-9.07051,-0.56037,0.9579,230.47,0.2480,20.51,4.27,0.484,0.499,0.230,0.0258,0.0500
8225,-23.32097,-7.03796,-16.28300,-6.58693,-9.13296,-0.56312,0.9591,-41.20,-0.0443,20.88,3.66,0.484,0.499,0.230,0.0258,0.0500
8250,-23.31605,-7.02142,-16.29463,-6.58355,-9.14453,-0.56655,0.9586,227.67,0.2447,20.69,4.00,0.484,0.499,0.230,0.0258,0.0500
8275,-23.30431,-7.06257,-16.24174,-6.55679,-9.08691,-0.59804,0.9547,49.30,0.0530,20.80,3.71,0.484,0.499,0.230,0.0258,0.0500
8300,-23.31485,-7.13874,-16.17611,-6.54471,-9.04598,-0.58543,0.9529,93.07,0.0999,21.33,3.57,0.484,0.499,0.230,0.0258,0.0500
8325,-23.36937,-7.03950,-16.32987,-6.58936,-9.18057,-0.55994,0.9594,93.40,0.1003,20.65,4.20,0.484,0.500,0.230,0.0258,0.0500
8350,-23.23083,-7.01824,-16.21259,-6.56297,-9.05523,-0.59439,0.9556,4.88,0.0052,20.66,4.40,0.484,0.500,0.230,0.0258,0.0500
8375,-23.31592,-7.05382,-16.26209,-6.57844,-9.10219,-0.58146,0.9578,49.70,0.0534,21.03,3.38,0.485,0.500,0.230,0.0258,0.0500
8400,-23.12451,-6.92329,-16.20122,-6.54330,-9.07863,-0.57930,0.9527,139.08,0.1495,21.01,3.30,0.485,0.500,0.230,0.0258,0.0500
8425,-23.22032,-6.98399,-16.23633,-6.56182,-9.10161,-0.57290,0.9554,49.87,0.0536,20.74,3.60,0.485,0.500,0.230,0.0258,0.0500
8450,-23.29211,-7.10630,-16.18582,-6.53815,-9.04580,-0.60187,0.9520,112.24,0.1182,21.02,3.77,0.485,0.500,0.230,0.0258,0.0500
8475,-23.44225,-7.17803,-16.26421,-6.53240,-9.14219,-0.58962,0.9511,-38.30,-0.0412,21.11,3.47,0.485,0.500,0.230,0.0258,0.0500
8500,-23.42500,-7.17946,-16.24554,-6.55658,-9.08986,-0.59910,0.9547,145.43,0.1563,20.94,3.59,0.485,0.500,0.230,0.0258,0.0500
8525,-23.39575,-7.16320,-16.23256,-6.59522,-9.07854,-0.55879,0.9603,322.79,0.3468,20.95,4.10,0.485,0.500,0.230,0.0258,0.0500
8550,-23.41491,-7.13320,-16.28171,-6.58209,-9.10797,-0.59165,0.9584,324.29,0.3487,20.89,3.93,0.485,0.500,0.230,0.0258,0.0500
8575,-23.48962,-7.20973,-16.27989,-6.58261,-9.10887,-0.58840,0.9584,323.64,0.3479,21.12,3.84,0.485,0.500,0.230,0.0258,0.0500
8600,-23.42454,-7.19582,-16.22872,-6.55778,-9.09336,-0.57758,0.9548,324.94,0.3490,21.33,3.61,0.485,0.500,0.230,0.0258,0.0500
8625,-23.39752,-7.16424,-16.23327,-6.55217,-9.11131,-0.56979,0.9540,144.73,0.1556,21.07,3.69,0.485,0.500,0.230,0.0258,0.0500
8650,-23.58993,-7.20738,-16.38256,-6.61406,-9.20574,-0.56276,0.9630,327.06,0.3517,21.01,3.80,0.485,0.500,0.230,0.0258,0.0500
8675,-23.54289,-7.24276,-16.30013,-6.56733,-9.14196,-0.59084,0.9562,326.33,0.3509,21.13,3.61,0.485,0.500,0.230,0.0258,0.0500
8700,-23.44934,-7.19998,-16.24936,-6.54009,-9.11232,-0.59695,0.9523,193.21,0.2073,21.36,3.57,0.485,0.500,0.230,0.0258,0.0500
8725,-23.45980,-7.18228,-16.27751,-6.57163,-9.13345,-0.57244,0.9568,392.43,0.4137,20.88,3.62,0.485,0.500,0.230,0.0258,0.0500
8750,-23.49217,-7.17876,-16.31341,-6.56945,-9.13795,-0.60601,0.9565,326.48,0.3509,20.60,4.00,0.485,0.500,0.230,0.0258,0.0500
8775,-23.53857,-7.26643,-16.27214,-6.57186,-9.10997,-0.59031,0.9569,231.42,0.2487,20.62,4.01,0.485,0.500,0.230,0.0258,0.0500
8800,-23.51456,-7.19552,-16.31905,-6.58648,-9.14860,-0.58396,0.9590,231.70,0.2490,20.52,4.33,0.485,0.500,0.230,0.0258,0.0500
8825,-23.40907,-7.14616,-16.26292,-6.51513,-9.15843,-0.58936,0.9486,116.41,0.1226,20.86,3.98,0.485,0.500,0.230,0.0258,0.0500
8850,-23.53088,-7.27890,-16.25198,-6.56856,-9.09404,-0.58938,0.9564,33.54,0.0346,20.64,4.23,0.485,0.500,0.230,0.0258,0.0500
8875,-23.49864,-7.22587,-16.27277,-6.56957,-9.12457,-0.57862,0.9565,33.34,0.0344,20.68,4.26,0.485,0.500,0.230,0.0258,0.0500
8900,-23.63893,-7.29216,-16.34677,-6.57920,-9.17031,-0.59726,0.9580,121.32,0.1252,20.95,3.97,0.485,0.500,0.230,0.0258,0.0500
8925,-23.45088,-7.18281,-16.26807,-6.56323,-9.15162,-0.55322,0.9556,91.59,0.0947,20.49,4.12,0.485,0.500,0.230,0.0258,0.0500
8950,-23.52926,-7.27315,-16.25611,-6.55829,-9.11770,-0.58012,0.9549,30.53,0.0322,20.51,4.00,0.485,0.500,0.230,0.0258,0.0500
8975,-23.51477,-7.20252,-16.31225,-6.57154,-9.13728,-0.60344,0.9568,203.50,0.2102,20.64,4.23,0.485,0.500,0.230,0.0258,0.0500
9000,-23.46739,-7.15782,-16.30957,-6.57733,-9.14447,-0.58777,0.9577,206.45,0.2132,20.73,4.45,0.485,0.500,0.242,0.0271,0.0500
9025,-23.35895,-7.10572,-16.25323,-6.55822,-9.13712,-0.55789,0.9549,115.42,0.1192,20.67,4.42,0.485,0.500,0.242,0.0271,0.0500
9050,-23.36157,-7.12795,-16.23362,-6.56301,-9.07113,-0.59948,0.9556,208.08,0.2148,20.64,4.47,0.485,0.500,0.242,0.0271,0.0500
9075,-23.45424,-7.16657,-16.28767,-6.59019,-9.13444,-0.56304,0.9596,299.85,0.3159,20.47,4.43,0.486,0.500,0.242,0.0271,0.0500
9100,-23.40155,-7.21128,-16.19027,-6.53586,-9.06517,-0.58923,0.9516,297.63,0.3137,20.65,4.43,0.486,0.500,0.242,0.0271,0.0500
9125,-23.56658,-7.25581,-16.31077,-6.57479,-9.13797,-0.59801,0.9573,321.16,0.3383,20.60,4.44,0.485,0.500,0.242,0.0271,0.0500
9150,-23.58904,-7.28980,-16.29924,-6.56375,-9.16617,-0.56933,0.9557,116.84,0.1206,20.59,4.60,0.485,0.500,0.242,0.0271,0.0500
9175,-23.49665,-7.22582,-16.27083,-6.56939,-9.12711,-0.57433,0.9565,205.62,0.2123,20.76,4.47,0.485,0.500,0.242,0.0271,0.0500
9200,-23.54150,-7.26765,-16.27384,-6.57125,-9.10364,-0.59896,0.9568,299.38,0.3089,20.66,4.69,0.485,0.500,0.242,0.0271,0.0500
9225,-23.59916,-7.28797,-16.31119,-6.58772,-9.15594,-0.56752,0.9592,211.78,0.2185,20.53,4.58,0.485,0.500,0.242,0.0271,0.0500
9250,-23.53491,-7.29057,-16.24434,-6.56125,-9.09119,-0.59190,0.9553,118.53,0.1223,20.44,4.39,0.485,0.500,0.242,0.0271,0.0500
9275,-23.65397,-7.37651,-16.27746,-6.58549,-9.09355,-0.59842,0.9589,144.57,0.1522,20.18,4.35,0.485,0.500,0.242,0.0271,0.0500
9300,-23.69210,-7.36871,-16.32340,-6.57712,-9.15938,-0.58690,0.9576,145.19,0.1528,20.54,4.42,0.485,0.500,0.242,0.0271,0.0500
9325,-23.61935,-7.27856,-16.34079,-6.59874,-9.12896,-0.61308,0.9608,144.67,0.1555,20.33,4.37,0.485,0.500,0.242,0.0271,0.0500
9350,-23.65006,-7.38102,-16.26904,-6.59295,-9.06530,-0.61079,0.9600,237.41,0.2500,20.82,3.99,0.485,0.500,0.242,0.0271,0.0500
9375,-23.62125,-7.39229,-16.22896,-6.56762,-9.09020,-0.57114,0.9563,233.79,0.2461,20.67,4.38,0.485,0.500,0.242,0.0271,0.0500
9400,-23.55783,-7.26299,-16.29484,-6.59422,-9.12048,-0.58015,0.9601,262.54,0.2709,20.43,4.64,0.485,0.500,0.242,0.0271,0.0500
9425,-23.63368,-7.36751,-16.26618,-6.58559,-9.10700,-0.57359,0.9589,239.78,0.2524,20.30,4.92,0.485,0.500,0.242,0.0271,0.0500
9450,-23.55107,-7.28724,-16.26384,-6.58925,-9.09787,-0.57672,0.9594,241.51,0.2542,20.28,4.79,0.485,0.500,0.242,0.0271,0.0500
9475,-23.60529,-7.33248,-16.27281,-6.54683,-9.14571,-0.58027,0.9532,331.58,0.3490,20.26,4.57,0.485,0.500,0.242,0.0271,0.0500
9500,-23.71619,-7.44866,-16.26753,-6.54665,-9.12993,-0.59095,0.9532,272.23,0.2809,20.26,4.87,0.485,0.500,0.242,0.0271,0.0500
9525,-23.71876,-7.43438,-16.28438,-6.57414,-9.10149,-0.60875,0.9572,272.77,0.2815,20.32,4.93,0.485,0.500,0.242,0.0271,0.0500
9550,-23.82714,-7.47090,-16.35623,-6.59799,-9.18576,-0.57248,0.9607,271.44,0.2801,20.21,4.88,0.485,0.500,0.242,0.0271,0.0500
9575,-23.63091,-7.31894,-16.31197,-6.56493,-9.16081,-0.58622,0.9559,246.70,0.2597,20.52,4.31,0.485,0.500,0.242,0.0271,0.0500
9600,-23.58587,-7.31433,-16.27154,-6.56977,-9.12135,-0.58043,0.9566,245.21,0.2580,20.38,4.41,0.485,0.500,0.242,0.0271,0.0500
9625,-23.71643,-7.36021,-16.35622,-6.59701,-9.17118,-0.58803,0.9605,337.07,0.3548,20.50,4.11,0.485,0.500,0.242,0.0271,0.0500
9650,-23.71666,-7.37648,-16.34018,-6.59024,-9.17761,-0.57234,0.9596,338.43,0.3562,20.71,3.97,0.484,0.500,0.242,0.0271,0.0500
9675,-23.78236,-7.43242,-16.34994,-6.56064,-9.16475,-0.62455,0.9552,334.20,0.3519,20.31,4.29,0.484,0.500,0.242,0.0271,0.0500
9700,-23.78309,-7.49877,-16.28432,-6.57441,-9.09981,-0.61010,0.9573,155.51,0.1637,20.53,4.24,0.484,0.500,0.242,0.0271,0.0500
9725,-23.64880,-7.32954,-16.31927,-6.59442,-9.13027,-0.59458,0.9602,67.83,0.0714,20.82,3.92,0.484,0.500,0.242,0.0271,0.0500
9750,-23.74132,-7.43708,-16.30424,-6.59025,-9.11243,-0.60155,0.9596,154.93,0.1631,20.67,4.06,0.484,0.500,0.242,0.0271,0.0500
9775,-23.67070,-7.37154,-16.29916,-6.58768,-9.13658,-0.57490,0.9592,337.40,0.3552,20.91,3.92,0.484,0.500,0.242,0.0271,0.0500
9800,-23.66754,-7.35583,-16.31171,-6.56890,-9.14661,-0.59620,0.9565,248.33,0.2615,20.64,4.20,0.484,0.500,0.242,0.0271,0.0500
9825,-23.63550,-7.32530,-16.31020,-6.56865,-9.15604,-0.58551,0.9564,244.92,0.2578,20.89,3.90,0.484,0.500,0.242,0.0271,0.0500
9850,-23.56947,-7.28669,-16.28278,-6.58758,-9.08899,-0.60621,0.9592,242.75,0.2555,20.47,4.26,0.484,0.500,0.242,0.0271,0.0500
9875,-23.52442,-7.29724,-16.22718,-6.56393,-9.11849,-0.54475,0.9557,151.34,0.1592,20.20,4.90,0.484,0.500,0.242,0.0271,0.0500
9900,-23.63444,-7.30247,-16.33198,-6.60744,-9.13777,-0.58677,0.9621,150.98,0.1588,20.15,4.81,0.484,0.500,0.242,0.0271,0.0500
9925,-23.29434,-7.10441,-16.18993,-6.54703,-9.05072,-0.59218,0.9533,329.71,0.3467,20.59,4.67,0.484,0.500,0.242,0.0271,0.0500
9950,-23.42955,-7.16681,-16.26274,-6.56356,-9.10107,-0.59811,0.9557,240.19,0.2526,20.29,4.99,0.484,0.500,0.242,0.0271,0.0500
9975,-23.49455,-7.22597,-16.26858,-6.56670,-9.09107,-0.61082,0.9561,328.76,0.3458,20.52,4.70,0.484,0.500,0.242,0.0271,0.0500
10000,-23.55433,-7.24689,-16.30745,-6.58435,-9.12490,-0.59820,0.9587,335.52,0.3531,20.26,4.87,0.484,0.500,0.230,0.0258,0.0500
10025,-23.50125,-7.26783,-16.23342,-6.55758,-9.07139,-0.60445,0.9548,245.00,0.2578,20.48,4.34,0.484,0.500,0.230,0.0258,0.0500
10050,-23.52868,-7.26107,-16.26761,-6.59603,-9.08853,-0.58305,0.9604,243.63,0.2562,20.21,4.87,0.484,0.500,0.230,0.0258,0.0500
10075,-23.51881,-7.28601,-16.23280,-6.54236,-9.08090,-0.60955,0.9526,422.50,0.4444,20.53,4.78,0.484,0.500,0.230,0.0258,0.0500
10100,-23.53959,-7.28893,-16.25066,-6.53312,-9.10850,-0.60905,0.9512,332.38,0.3496,20.35,4.85,0.484,0.500,0.230,0.0258,0.0500
10125,-23.59800,-7.28937,-16.30863,-6.60317,-9.15338,-0.55208,0.9614,259.26,0.2677,20.86,4.38,0.484,0.500,0.230,0.0258,0.0500
10150,-23.55961,-7.29608,-16.26353,-6.54997,-9.13052,-0.58303,0.9537,438.14,0.4525,20.62,4.59,0.484,0.500,0.230,0.0258,0.0500
10175,-23.62254,-7.31749,-16.30505,-6.57124,-9.09960,-0.63421,0.9568,258.56,0.2671,20.85,4.39,0.484,0.500,0.230,0.0258,0.0500
10200,-23.61777,-7.38472,-16.23305,-6.52331,-9.10274,-0.60701,0.9498,336.98,0.3478,20.22,4.72,0.484,0.500,0.230,0.0258,0.0500
10225,-23.57041,-7.31322,-16.25719,-6.55323,-9.08119,-0.62278,0.9542,420.07,0.4420,20.32,5.01,0.484,0.500,0.230,0.0258,0.0500
10250,-23.63990,-7.40969,-16.23021,-6.56070,-9.08767,-0.58184,0.9553,425.89,0.4395,20.31,4.63,0.484,0.500,0.230,0.0258,0.0500
10275,-23.59820,-7.31667,-16.28153,-6.58058,-9.13924,-0.56172,0.9582,424.46,0.4379,20.49,4.70,0.484,0.501,0.230,0.0258,0.0500
10300,-23.65459,-7.33212,-16.32247,-6.60169,-9.11552,-0.60526,0.9612,337.82,0.3484,20.10,4.85,0.484,0.501,0.230,0.0258,0.0500
10325,-23.63998,-7.37286,-16.26712,-6.55583,-9.10373,-0.60756,0.9545,336.56,0.3470,20.22,4.84,0.484,0.501,0.230,0.0258,0.0500
10350,-23.69541,-7.38579,-16.30962,-6.59966,-9.11433,-0.59563,0.9609,428.60,0.4419,20.40,4.84,0.484,0.501,0.230,0.0258,0.0500
10375,-23.58065,-7.37958,-16.20107,-6.54932,-9.06502,-0.58673,0.9536,429.17,0.4424,20.08,4.97,0.484,0.501,0.230,0.0258,0.0500
10400,-23.59659,-7.33119,-16.26541,-6.55746,-9.13562,-0.57233,0.9548,441.17,0.4554,20.42,4.93,0.484,0.501,0.230,0.0258,0.0500
10425,-23.55887,-7.33957,-16.21931,-6.55052,-9.07043,-0.59835,0.9538,330.92,0.3480,20.64,4.77,0.484,0.501,0.230,0.0258,0.0500
10450,-23.71904,-7.42117,-16.29787,-6.60160,-9.10791,-0.58836,0.9612,421.25,0.4429,20.54,4.62,0.484,0.501,0.230,0.0258,0.0500
10475,-23.71941,-7.39526,-16.32415,-6.59411,-9.13838,-0.59166,0.9601,510.66,0.5369,20.62,4.50,0.484,0.501,0.230,0.0258,0.0500
10500,-23.68863,-7.44282,-16.24582,-6.55486,-9.08842,-0.60254,0.9544,420.86,0.4426,20.35,4.66,0.484,0.501,0.230,0.0258,0.0500
10525,-23.63407,-7.40922,-16.22485,-6.53457,-9.07979,-0.61048,0.9515,527.91,0.5450,20.41,4.63,0.484,0.501,0.230,0.0258,0.0500
10550,-23.68804,-7.42879,-16.25925,-6.53849,-9.13333,-0.58743,0.9520,605.82,0.6248,20.12,4.81,0.484,0.501,0.230,0.0258,0.0500
10575,-23.83152,-7.48994,-16.34157,-6.57402,-9.19359,-0.57396,0.9572,514.77,0.5311,20.20,4.87,0.484,0.501,0.230,0.0258,0.0500
10600,-23.82084,-7.49096,-16.32987,-6.58564,-9.15298,-0.59125,0.9589,507.97,0.5344,20.38,4.50,0.484,0.501,0.230,0.0258,0.0500
10625,-23.77372,-7.45465,-16.31907,-6.57224,-9.15675,-0.59009,0.9569,509.16,0.5358,20.55,4.70,0.484,0.501,0.230,0.0258,0.0500
10650,-23.85782,-7.53428,-16.32354,-6.57147,-9.15355,-0.59853,0.9568,510.00,0.5366,20.71,4.36,0.484,0.501,0.230,0.0258,0.0500
10675,-23.83703,-7.50055,-16.33649,-6.58539,-9.14428,-0.60682,0.9589,633.40,0.6536,20.47,4.63,0.484,0.501,0.230,0.0258,0.0500
10700,-23.62944,-7.38956,-16.23988,-6.54846,-9.08001,-0.61141,0.9535,364.28,0.3759,20.58,4.66,0.484,0.501,0.230,0.0258,0.0500
10725,-23.79737,-7.48348,-16.31389,-6.56936,-9.16487,-0.57966,0.9565,421.66,0.4436,20.67,4.23,0.484,0.501,0.230,0.0258,0.0500
10750,-23.80584,-7.46975,-16.33608,-6.59401,-9.18674,-0.55533,0.9601,520.58,0.5372,20.42,4.56,0.484,0.501,0.230,0.0258,0.0500
10775,-23.71946,-7.44326,-16.27620,-6.54288,-9.14933,-0.58399,0.9527,420.43,0.4423,20.37,4.50,0.484,0.501,0.230,0.0258,0.0500
10800,-23.80748,-7.49246,-16.31502,-6.56150,-9.16019,-0.59333,0.9554,330.40,0.3475,20.54,4.48,0.484,0.501,0.230,0.0258,0.0500
10825,-23.69488,-7.39393,-16.30096,-6.56775,-9.15263,-0.58058,0.9563,193.92,0.2036,20.85,4.32,0.484,0.501,0.230,0.0258,0.0500
10850,-23.70894,-7.44838,-16.26056,-6.57527,-9.11882,-0.56647,0.9574,240.79,0.2533,20.41,4.81,0.484,0.501,0.230,0.0258,0.0500
10875,-23.87170,-7.53771,-16.33399,-6.57140,-9.16884,-0.59375,0.9568,330.87,0.3480,20.26,4.99,0.484,0.501,0.230,0.0258,0.0500
10900,-23.75379,-7.45763,-16.29616,-6.59352,-9.11154,-0.59110,0.9600,329.29,0.3462,20.29,4.72,0.484,0.501,0.230,0.0258,0.0500
10925,-23.70524,-7.49476,-16.21048,-6.55124,-9.05195,-0.60730,0.9539,432.26,0.4459,20.25,4.80,0.484,0.501,0.230,0.0258,0.0500
10950,-23.69362,-7.39889,-16.29474,-6.58079,-9.13152,-0.58242,0.9582,522.75,0.5394,20.33,4.89,0.484,0.501,0.230,0.0258,0.0500
10975,-23.64030,-7.41632,-16.22398,-6.52109,-9.10424,-0.59864,0.9495,342.86,0.3538,20.28,4.93,0.484,0.501,0.230,0.0258,0.0500
11000,-23.69321,-7.41971,-16.27351,-6.54594,-9.08149,-0.64608,0.9531,422.31,0.4444,20.97,4.20,0.484,0.501,0.218,0.0245,0.0500
11025,-23.72495,-7.45591,-16.26904,-6.55471,-9.12366,-0.59067,0.9544,243.75,0.2565,21.17,3.99,0.484,0.501,0.218,0.0245,0.0500
11050,-23.72736,-7.39607,-16.33129,-6.60275,-9.14506,-0.58348,0.9614,431.64,0.4454,20.49,4.81,0.484,0.501,0.218,0.0245,0.0500
11075,-23.80994,-7.52316,-16.28678,-6.59169,-9.11039,-0.58470,0.9598,429.51,0.4432,20.43,4.80,0.484,0.501,0.218,0.0245,0.0500
11100,-23.68295,-7.43338,-16.24957,-6.58184,-9.07307,-0.59466,0.9583,283.67,0.2979,20.52,4.73,0.485,0.501,0.218,0.0245,0.0500
11125,-23.67777,-7.36894,-16.30883,-6.61714,-9.13415,-0.55753,0.9635,381.14,0.3925,20.73,4.58,0.485,0.501,0.218,0.0245,0.0500
11150,-23.67767,-7.38986,-16.28782,-6.58999,-9.13061,-0.56722,0.9595,428.99,0.4427,20.47,4.94,0.485,0.501,0.218,0.0245,0.0500
11175,-23.68304,-7.45478,-16.22826,-6.58071,-9.06507,-0.58249,0.9582,426.42,0.4401,20.47,4.81,0.485,0.501,0.218,0.0245,0.0500
11200,-23.67789,-7.40857,-16.26932,-6.56985,-9.10658,-0.59289,0.9566,507.55,0.5341,20.37,4.55,0.485,0.501,0.218,0.0245,0.0500
11225,-23.56082,-7.34802,-16.21280,-6.54218,-9.06429,-0.60633,0.9526,327.73,0.3448,20.38,4.71,0.485,0.501,0.218,0.0245,0.0500
11250,-23.55069,-7.33368,-16.21702,-6.57962,-9.05081,-0.58659,0.9580,237.94,0.2503,20.45,4.61,0.485,0.501,0.218,0.0245,0.0500
11275,-23.67044,-7.38877,-16.28168,-6.58166,-9.12540,-0.57462,0.9583,335.52,0.3462,20.37,4.71,0.485,0.501,0.218,0.0245,0.0500
11300,-23.65848,-7.36255,-16.29593,-6.60704,-9.12481,-0.56409,0.9620,336.19,0.3469,20.48,4.55,0.485,0.501,0.218,0.0245,0.0500
11325,-23.47102,-7.26609,-16.20493,-6.58985,-9.03951,-0.57558,0.9595,515.37,0.5319,20.26,4.83,0.485,0.501,0.218,0.0245,0.0500
11350,-23.61637,-7.33083,-16.28553,-6.60860,-9.09944,-0.57750,0.9622,337.27,0.3480,20.19,4.99,0.485,0.501,0.218,0.0245,0.0500
11375,-23.58646,-7.31905,-16.26741,-6.57756,-9.10351,-0.58634,0.9577,339.33,0.3501,20.23,4.78,0.485,0.501,0.218,0.0245,0.0500
11400,-23.64166,-7.37778,-16.26389,-6.60657,-9.05499,-0.60232,0.9619,507.44,0.5341,20.38,4.73,0.485,0.501,0.218,0.0245,0.0500
11425,-23.65771,-7.38063,-16.27708,-6.59457,-9.07641,-0.60611,0.9602,337.82,0.3485,20.12,4.84,0.485,0.501,0.218,0.0245,0.0500
11450,-23.62575,-7.38990,-16.23585,-6.56411,-9.06053,-0.61121,0.9558,291.21,0.2998,20.63,4.92,0.485,0.501,0.218,0.0245,0.0500
11475,-23.61285,-7.29693,-16.31592,-6.59771,-9.12638,-0.59183,0.9606,290.78,0.2993,20.50,4.96,0.485,0.501,0.218,0.0245,0.0500
11500,-23.54810,-7.34629,-16.20181,-6.57393,-9.06742,-0.56046,0.9572,247.57,0.2554,20.32,5.01,0.485,0.501,0.218,0.0245,0.0500
11525,-23.64128,-7.35472,-16.28656,-6.57533,-9.12986,-0.58136,0.9574,148.04,0.1558,20.38,4.88,0.485,0.501,0.218,0.0245,0.0500
11550,-23.60232,-7.39062,-16.21171,-6.56607,-9.05502,-0.59061,0.9560,370.64,0.3893,20.36,4.64,0.485,0.501,0.218,0.0245,0.0500
11575,-23.58932,-7.32013,-16.26920,-6.58497,-9.09699,-0.58724,0.9588,289.96,0.2986,20.42,4.55,0.485,0.501,0.218,0.0245,0.0500
11600,-23.59725,-7.35000,-16.24725,-6.56310,-9.09671,-0.58744,0.9556,290.43,0.2991,20.44,4.95,0.486,0.501,0.218,0.0245,0.0500
11625,-23.67225,-7.41132,-16.26093,-6.58376,-9.05422,-0.62295,0.9586,389.41,0.4014,20.58,4.75,0.486,0.501,0.218,0.0245,0.0500
11650,-23.90943,-7.59166,-16.31777,-6.60646,-9.13226,-0.57904,0.9619,372.29,0.3908,20.74,4.55,0.486,0.501,0.218,0.0245,0.0500
11675,-23.64013,-7.43054,-16.20959,-6.58423,-9.04833,-0.57703,0.9587,281.68,0.2958,20.81,4.47,0.486,0.501,0.218,0.0245,0.0500
11700,-23.77278,-7.50064,-16.27215,-6.59617,-9.07413,-0.60185,0.9604,326.15,0.3432,20.41,4.75,0.486,0.501,0.218,0.0245,0.0500
11725,-23.68299,-7.41850,-16.26449,-6.59091,-9.08199,-0.59159,0.9597,462.30,0.4853,20.55,4.59,0.486,0.501,0.218,0.0245,0.0500
11750,-23.63632,-7.40264,-16.23368,-6.56226,-9.05550,-0.61592,0.9555,372.01,0.3906,20.61,4.43,0.486,0.501,0.218,0.0245,0.0500
11775,-23.78802,-7.47135,-16.31667,-6.58704,-9.10455,-0.62507,0.9591,327.12,0.3442,20.46,4.57,0.486,0.501,0.218,0.0245,0.0500
11800,-23.82151,-7.52404,-16.29747,-6.58861,-9.10331,-0.60555,0.9593,237.39,0.2498,20.71,3.99,0.486,0.501,0.218,0.0245,0.0500
11825,-23.74135,-7.48982,-16.25153,-6.56915,-9.09054,-0.59184,0.9565,328.10,0.3452,20.57,4.28,0.486,0.501,0.218,0.0245,0.0500
11850,-23.90192,-7.60999,-16.29193,-6.57641,-9.12183,-0.59368,0.9575,149.11,0.1569,20.44,4.47,0.486,0.501,0.218,0.0245,0.0500
11875,-23.86347,-7.58378,-16.27969,-6.56764,-9.11281,-0.59924,0.9563,58.89,0.0620,20.08,4.77,0.486,0.501,0.218,0.0245,0.0500
11900,-23.87571,-7.68369,-16.19202,-6.54959,-9.04423,-0.59819,0.9536,148.72,0.1565,20.40,4.67,0.486,0.501,0.218,0.0245,0.0500
11925,-23.94849,-7.66932,-16.27917,-6.57800,-9.08146,-0.61971,0.9578,239.15,0.2517,20.55,4.49,0.486,0.501,0.218,0.0245,0.0500
11950,-23.81214,-7.58205,-16.23008,-6.54318,-9.07678,-0.61012,0.9527,239.07,0.2516,20.71,4.36,0.486,0.501,0.218,0.0245,0.0500
11975,-23.93332,-7.61842,-16.31490,-6.61180,-9.10700,-0.59610,0.9627,429.76,0.4433,20.58,4.47,0.486,0.501,0.218,0.0245,0.0500
12000,-23.87871,-7.54820,-16.33052,-6.59687,-9.14243,-0.59122,0.9605,239.62,0.2521,20.51,4.14,0.486,0.501,0.207,0.0233,0.0500
12025,-23.75371,-7.50668,-16.24704,-6.56505,-9.10166,-0.58033,0.9559,238.83,0.2512,20.28,4.64,0.486,0.501,0.207,0.0233,0.0500
12050,-23.83348,-7.56303,-16.27045,-6.57980,-9.07536,-0.61529,0.9580,327.86,0.3448,20.24,4.79,0.486,0.501,0.207,0.0233,0.0500
12075,-23.85344,-7.58015,-16.27329,-6.57124,-9.08370,-0.61835,0.9568,327.11,0.3441,20.28,4.71,0.486,0.501,0.207,0.0233,0.0500
12100,-23.82819,-7.57592,-16.25226,-6.58875,-9.06983,-0.59368,0.9593,237.63,0.2500,20.27,4.72,0.486,0.501,0.207,0.0233,0.0500
12125,-23.85992,-7.54062,-16.31930,-6.61295,-9.11686,-0.58949,0.9629,148.45,0.1562,20.23,4.62,0.486,0.501,0.207,0.0233,0.0500
12150,-23.85070,-7.54124,-16.30946,-6.57124,-9.14234,-0.59588,0.9568,238.29,0.2507,20.20,4.74,0.486,0.501,0.207,0.0233,0.0500
12175,-23.91266,-7.66051,-16.25215,-6.58002,-9.06809,-0.60403,0.9581,152.69,0.1606,20.31,4.67,0.486,0.501,0.207,0.0233,0.0500
12200,-23.86458,-7.61304,-16.25153,-6.54174,-9.10323,-0.60657,0.9525,152.10,0.1600,20.37,4.48,0.486,0.501,0.207,0.0233,0.0500
12225,-23.96409,-7.70408,-16.26001,-6.57993,-9.07844,-0.60164,0.9581,151.75,0.1597,20.28,4.53,0.486,0.501,0.207,0.0233,0.0500
12250,-23.92829,-7.67778,-16.25050,-6.55417,-9.09388,-0.60245,0.9543,152.17,0.1601,20.06,4.64,0.486,0.501,0.207,0.0233,0.0500
12275,-23.98684,-7.68509,-16.30175,-6.56626,-9.10352,-0.63198,0.9561,241.29,0.2539,20.12,4.65,0.486,0.501,0.207,0.0233,0.0500
12300,-24.02950,-7.66617,-16.36334,-6.60214,-9.16247,-0.59873,0.9613,375.67,0.3945,20.27,4.67,0.486,0.501,0.207,0.0233,0.0500
12325,-24.06728,-7.74994,-16.31734,-6.58363,-9.13631,-0.59740,0.9586,150.22,0.1581,20.44,4.43,0.486,0.501,0.207,0.0233,0.0500
12350,-24.08667,-7.78269,-16.30398,-6.58551,-9.12550,-0.59297,0.9589,150.51,0.1584,20.05,4.54,0.486,0.501,0.207,0.0233,0.0500
12375,-24.09133,-7.72963,-16.36170,-6.58290,-9.16069,-0.61811,0.9585,150.87,0.1588,20.39,4.32,0.486,0.501,0.207,0.0233,0.0500
12400,-24.01943,-7.68915,-16.33028,-6.58320,-9.12496,-0.62212,0.9585,152.03,0.1600,20.72,4.49,0.486,0.501,0.207,0.0233,0.0500
12425,-24.03677,-7.74389,-16.29288,-6.58225,-9.13127,-0.57936,0.9584,198.27,0.2082,20.60,4.51,0.486,0.501,0.207,0.0233,0.0500
12450,-24.08072,-7.78200,-16.29872,-6.57011,-9.13595,-0.59266,0.9566,151.51,0.1594,20.20,4.68,0.486,0.501,0.207,0.0233,0.0500
12475,-23.99490,-7.72379,-16.27111,-6.54981,-9.07908,-0.64222,0.9537,151.13,0.1590,20.32,4.96,0.486,0.501,0.207,0.0233,0.0500
12500,-23.87072,-7.64198,-16.22874,-6.54461,-9.06343,-0.62069,0.9529,-53.31,-0.0550,20.68,4.28,0.486,0.501,0.207,0.0233,0.0500
12525,-23.98473,-7.69712,-16.28761,-6.56066,-9.12204,-0.60492,0.9553,212.00,0.2188,20.25,4.81,0.486,0.502,0.207,0.0233,0.0500
12550,-23.95985,-7.65803,-16.30182,-6.58194,-9.13652,-0.58336,0.9583,303.95,0.3137,20.23,4.64,0.486,0.502,0.207,0.0233,0.0500
12575,-23.89066,-7.62967,-16.26100,-6.58360,-9.08454,-0.59286,0.9586,331.07,0.3484,19.84,5.12,0.486,0.502,0.207,0.0233,0.0500
12600,-23.93410,-7.65215,-16.28195,-6.57095,-9.11048,-0.60052,0.9567,60.80,0.0640,20.20,4.68,0.486,0.502,0.207,0.0233,0.0500
12625,-23.85094,-7.59370,-16.25724,-6.55857,-9.07943,-0.61924,0.9549,60.91,0.0641,19.96,4.94,0.486,0.502,0.207,0.0233,0.0500
12650,-24.02778,-7.72183,-16.30595,-6.56180,-9.13201,-0.61215,0.9554,239.43,0.2519,20.16,4.59,0.486,0.502,0.207,0.0233,0.0500
12675,-23.93123,-7.68176,-16.24947,-6.55604,-9.07164,-0.62178,0.9546,239.47,0.2519,20.22,4.60,0.486,0.502,0.207,0.0233,0.0500
12700,-23.90896,-7.59864,-16.31032,-6.58975,-9.13328,-0.58729,0.9595,149.94,0.1577,20.20,5.02,0.486,0.502,0.207,0.0233,0.0500
12725,-23.93894,-7.61037,-16.32857,-6.57812,-9.13604,-0.61440,0.9578,21.69,0.0228,20.56,4.97,0.487,0.502,0.207,0.0233,0.0500
12750,-23.99779,-7.61334,-16.38445,-6.57505,-9.18956,-0.61984,0.9573,111.34,0.1169,20.18,5.11,0.487,0.502,0.207,0.0233,0.0500
12775,-24.02526,-7.64702,-16.37824,-6.59404,-9.20821,-0.57599,0.9601,240.11,0.2526,20.43,4.56,0.487,0.502,0.207,0.0233,0.0500
12800,-23.97692,-7.62368,-16.35325,-6.57189,-9.17374,-0.60763,0.9569,59.33,0.0624,20.41,4.21,0.487,0.502,0.207,0.0233,0.0500
12825,-23.84851,-7.53442,-16.31408,-6.57276,-9.16025,-0.58108,0.9570,329.50,0.3466,20.36,4.86,0.487,0.502,0.207,0.0233,0.0500
12850,-23.95697,-7.64437,-16.31260,-6.55001,-9.15419,-0.60839,0.9537,239.08,0.2514,20.51,4.68,0.487,0.502,0.207,0.0233,0.0500
12875,-24.01898,-7.67766,-16.34132,-6.58013,-9.17036,-0.59083,0.9581,149.33,0.1571,20.24,4.68,0.487,0.502,0.207,0.0233,0.0500
12900,-23.91849,-7.59050,-16.32800,-6.58252,-9.13960,-0.60588,0.9584,57.58,0.0606,20.38,4.56,0.487,0.502,0.207,0.0233,0.0500
12925,-23.93427,-7.61208,-16.32219,-6.56695,-9.14086,-0.61438,0.9562,-33.08,-0.0348,20.59,4.22,0.487,0.502,0.207,0.0233,0.0500
12950,-23.97957,-7.67941,-16.30016,-6.55741,-9.13609,-0.60665,0.9548,147.67,0.1554,20.19,4.58,0.487,0.502,0.207,0.0233,0.0500
12975,-23.98370,-7.62825,-16.35545,-6.56310,-9.19050,-0.60185,0.9556,328.20,0.3453,20.10,4.60,0.487,0.502,0.207,0.0233,0.0500
13000,-24.01836,-7.69828,-16.32008,-6.56820,-9.14684,-0.60504,0.9563,239.81,0.2522,20.20,4.58,0.487,0.502,0.218,0.0244,0.0500
13025,-24.00449,-7.65352,-16.35097,-6.61831,-9.14826,-0.58440,0.9636,239.16,0.2515,20.04,4.66,0.487,0.502,0.218,0.0244,0.0500
13050,-23.96259,-7.65753,-16.30506,-6.57116,-9.15432,-0.57958,0.9568,241.31,0.2537,20.09,4.64,0.487,0.502,0.218,0.0244,0.0500
13075,-24.00878,-7.68015,-16.32863,-6.56372,-9.15239,-0.61252,0.9557,-27.82,-0.0293,20.31,4.55,0.487,0.502,0.218,0.0244,0.0500
13100,-23.94133,-7.64806,-16.29327,-6.57999,-9.10716,-0.60612,0.9581,-28.04,-0.0295,20.69,4.34,0.487,0.502,0.218,0.0244,0.0500
13125,-23.94313,-7.66486,-16.27828,-6.57548,-9.10564,-0.59715,0.9574,-29.12,-0.0306,20.50,4.61,0.487,0.502,0.218,0.0244,0.0500
13150,-23.80572,-7.59265,-16.21307,-6.55812,-9.05353,-0.60142,0.9549,-161.64,-0.1703,20.61,4.38,0.487,0.502,0.218,0.0244,0.0500
13175,-23.98940,-7.68072,-16.30868,-6.57051,-9.12056,-0.61761,0.9567,-249.77,-0.2631,20.96,3.97,0.487,0.502,0.218,0.0244,0.0500
13200,-23.93106,-7.66926,-16.26180,-6.57096,-9.07858,-0.61226,0.9568,-159.81,-0.1683,20.93,3.86,0.487,0.502,0.218,0.0244,0.0500
13225,-24.00550,-7.77848,-16.22702,-6.55192,-9.04603,-0.62907,0.9540,-122.00,-0.1310,21.01,3.99,0.487,0.502,0.218,0.0244,0.0500
13250,-23.99067,-7.64632,-16.34435,-6.59329,-9.13880,-0.61226,0.9600,-31.13,-0.0334,21.24,3.66,0.487,0.502,0.218,0.0244,0.0500
13275,-23.92721,-7.64849,-16.27872,-6.58501,-9.09594,-0.59777,0.9588,58.56,0.0629,21.24,3.70,0.487,0.502,0.218,0.0244,0.0500
13300,-23.95880,-7.63072,-16.32809,-6.59930,-9.12134,-0.60744,0.9609,57.72,0.0620,21.25,3.52,0.487,0.502,0.218,0.0244,0.0500
13325,-23.95460,-7.61473,-16.33987,-6.61015,-9.15798,-0.57175,0.9625,56.36,0.0605,20.91,3.80,0.487,0.502,0.218,0.0244,0.0500
13350,-23.86076,-7.60376,-16.25700,-6.54984,-9.05999,-0.64717,0.9537,-31.90,-0.0343,20.88,3.96,0.487,0.502,0.218,0.0244,0.0500
13375,-23.93449,-7.71025,-16.22424,-6.55546,-9.03791,-0.63087,0.9545,57.92,0.0622,20.91,3.85,0.487,0.502,0.218,0.0244,0.0500
13400,-23.95767,-7.69787,-16.25980,-6.60326,-9.05641,-0.60013,0.9615,-124.25,-0.1334,20.96,3.83,0.487,0.502,0.218,0.0244,0.0500
13425,-24.01268,-7.73759,-16.27509,-6.58474,-9.08595,-0.60440,0.9588,-123.98,-0.1331,21.00,3.91,0.487,0.502,0.218,0.0244,0.0500
13450,-23.87694,-7.61544,-16.26150,-6.57859,-9.09499,-0.58792,0.9579,-34.30,-0.0368,20.91,3.84,0.487,0.502,0.218,0.0244,0.0500
13475,-23.98780,-7.69887,-16.28893,-6.56882,-9.09871,-0.62139,0.9564,-123.42,-0.1326,21.18,3.86,0.487,0.502,0.218,0.0244,0.0500
13500,-24.05499,-7.77920,-16.27580,-6.55795,-9.08307,-0.63478,0.9549,-33.74,-0.0362,21.19,3.76,0.487,0.502,0.218,0.0244,0.0500
13525,-24.14223,-7.78248,-16.35975,-6.61919,-9.14638,-0.59418,0.9638,145.42,0.1562,20.99,3.74,0.487,0.502,0.218,0.0244,0.0500
13550,-23.92010,-7.75537,-16.16473,-6.53255,-8.98061,-0.65158,0.9512,144.72,0.1555,20.95,3.91,0.487,0.502,0.218,0.0244,0.0500
13575,-24.09953,-7.78797,-16.31156,-6.57173,-9.09756,-0.64227,0.9569,-47.63,-0.0506,20.68,4.12,0.487,0.502,0.218,0.0244,0.0500
13600,-23.93581,-7.72261,-16.21320,-6.56002,-9.02541,-0.62777,0.9552,133.09,0.1414,20.53,4.34,0.487,0.502,0.218,0.0244,0.0500
13625,-24.11837,-7.84533,-16.27304,-6.57571,-9.08009,-0.61724,0.9574,-124.32,-0.1336,20.93,4.10,0.487,0.502,0.218,0.0244,0.0500
13650,-24.10758,-7.80340,-16.30418,-6.56773,-9.13963,-0.59682,0.9563,-34.26,-0.0368,20.64,4.02,0.487,0.502,0.218,0.0244,0.0500
13675,-24.04964,-7.78720,-16.26244,-6.55595,-9.09239,-0.61410,0.9546,-123.97,-0.1332,21.03,3.76,0.487,0.502,0.218,0.0244,0.0500
13700,-24.00644,-7.75034,-16.25610,-6.56105,-9.08190,-0.61315,0.9553,-33.54,-0.0360,21.48,3.50,0.487,0.502,0.218,0.0244,0.0500
13725,-23.96790,-7.73417,-16.23374,-6.55820,-9.03330,-0.64223,0.9549,-161.73,-0.1696,21.40,3.81,0.487,0.502,0.218,0.0244,0.0500
13750,-23.86774,-7.66270,-16.20504,-6.53723,-9.07895,-0.58886,0.9518,-162.14,-0.1700,21.40,3.98,0.487,0.502,0.218,0.0244,0.0500
13775,-23.89183,-7.68776,-16.20407,-6.55202,-9.03331,-0.61873,0.9540,-71.28,-0.0750,21.33,4.07,0.487,0.502,0.218,0.0244,0.0500
13800,-24.01188,-7.66004,-16.35184,-6.60808,-9.16495,-0.57881,0.9622,63.73,0.0685,21.22,4.53,0.487,0.502,0.218,0.0244,0.0500
13825,-24.01661,-7.78765,-16.22896,-6.59812,-9.02773,-0.60312,0.9607,-30.27,-0.0325,21.21,3.98,0.487,0.502,0.218,0.0244,0.0500
13850,-24.04082,-7.69457,-16.34625,-6.59751,-9.15576,-0.59298,0.9606,109.82,0.1155,21.37,3.85,0.487,0.502,0.218,0.0244,0.0500
13875,-23.88576,-7.59670,-16.28906,-6.56147,-9.09582,-0.63178,0.9554,149.18,0.1603,21.46,3.87,0.487,0.502,0.218,0.0244,0.0500
13900,-23.95392,-7.62186,-16.33206,-6.58952,-9.12524,-0.61730,0.9595,-68.65,-0.0720,21.19,3.88,0.487,0.502,0.218,0.0244,0.0500
13925,-23.87509,-7.53041,-16.34468,-6.56710,-9.15399,-0.62359,0.9562,-75.14,-0.0787,21.03,4.06,0.487,0.502,0.218,0.0244,0.0500
13950,-23.89453,-7.63015,-16.26439,-6.55765,-9.10572,-0.60102,0.9548,36.96,0.0393,21.32,3.98,0.487,0.502,0.218,0.0244,0.0500
13975,-24.00924,-7.68510,-16.32414,-6.59148,-9.12702,-0.60564,0.9597,-37.12,-0.0390,21.18,3.74,0.487,0.502,0.218,0.0244,0.0500
14000,-23.96891,-7.70639,-16.26252,-6.56448,-9.09674,-0.60131,0.9558,50.77,0.0534,21.28,3.80,0.487,0.502,0.207,0.0232,0.0500
14025,-23.98238,-7.65671,-16.32567,-6.56328,-9.13437,-0.62802,0.9556,-41.27,-0.0434,21.11,3.72,0.487,0.502,0.207,0.0232,0.0500
14050,-23.97978,-7.69259,-16.28719,-6.57407,-9.09723,-0.61590,0.9572,-42.40,-0.0446,20.98,3.91,0.487,0.502,0.207,0.0232,0.0500
14075,-23.97323,-7.65519,-16.31804,-6.59650,-9.10789,-0.61365,0.9605,48.34,0.0508,21.02,3.86,0.487,0.502,0.207,0.0232,0.0500
14100,-23.88559,-7.57098,-16.31460,-6.58503,-9.10870,-0.62087,0.9588,57.48,0.0605,21.05,4.11,0.487,0.502,0.207,0.0232,0.0500
14125,-23.92562,-7.63232,-16.29330,-6.60603,-9.08497,-0.60229,0.9619,24.99,0.0262,20.63,4.20,0.487,0.502,0.207,0.0232,0.0500
14150,-23.96710,-7.64799,-16.31911,-6.58235,-9.11617,-0.62059,0.9584,-64.28,-0.0674,20.74,4.04,0.487,0.502,0.207,0.0232,0.0500
14175,-23.94114,-7.62410,-16.31704,-6.57420,-9.14105,-0.60179,0.9572,205.42,0.2153,20.70,4.23,0.487,0.502,0.207,0.0232,0.0500
14200,-24.01481,-7.69145,-16.32336,-6.55496,-9.14693,-0.62147,0.9544,-64.31,-0.0674,20.93,4.09,0.487,0.502,0.207,0.0232,0.0500
14225,-24.00075,-7.67595,-16.32481,-6.58420,-9.11921,-0.62140,0.9587,26.87,0.0282,20.97,4.10,0.487,0.502,0.207,0.0232,0.0500
14250,-24.15780,-7.78225,-16.37555,-6.59467,-9.17341,-0.60747,0.9602,25.54,0.0268,20.95,4.11,0.487,0.502,0.207,0.0232,0.0500
14275,-24.15950,-7.80995,-16.34955,-6.56286,-9.15707,-0.62963,0.9556,-63.62,-0.0667,20.96,4.10,0.487,0.502,0.207,0.0232,0.0500
14300,-23.96777,-7.70792,-16.25985,-6.54737,-9.10148,-0.61099,0.9533,-42.50,-0.0447,21.18,3.84,0.487,0.502,0.207,0.0232,0.0500
14325,-23.99425,-7.72462,-16.26963,-6.56140,-9.07771,-0.63052,0.9554,57.23,0.0602,21.19,3.88,0.487,0.502,0.207,0.0232,0.0500
14350,-24.02525,-7.76095,-16.26430,-6.54674,-9.13206,-0.58549,0.9532,58.50,0.0615,21.03,4.01,0.488,0.502,0.207,0.0232,0.0500
14375,-23.99809,-7.76548,-16.23261,-6.55123,-9.08481,-0.59657,0.9539,49.68,0.0522,21.29,3.75,0.488,0.502,0.207,0.0232,0.0500
14400,-24.17680,-7.80758,-16.36922,-6.60162,-9.16301,-0.60459,0.9612,51.59,0.0542,21.10,4.15,0.488,0.502,0.207,0.0232,0.0500
14425,-24.16566,-7.84274,-16.32293,-6.54315,-9.13760,-0.64218,0.9527,231.00,0.2427,21.15,4.23,0.488,0.502,0.207,0.0232,0.0500
14450,-24.12180,-7.85796,-16.26385,-6.55476,-9.09893,-0.61016,0.9544,232.11,0.2439,21.10,4.04,0.488,0.502,0.207,0.0232,0.0500
14475,-24.13776,-7.80818,-16.32958,-6.56824,-9.16555,-0.59579,0.9564,139.48,0.1466,21.05,3.88,0.488,0.502,0.207,0.0232,0.0500
14500,-24.17500,-7.84711,-16.32789,-6.55806,-9.14787,-0.62196,0.9549,-29.73,-0.0313,20.86,4.21,0.488,0.502,0.207,0.0232,0.0500
14525,-24.05552,-7.74184,-16.31368,-6.58255,-9.13340,-0.59773,0.9584,-119.22,-0.1253,20.80,4.06,0.488,0.502,0.207,0.0232,0.0500
14550,-24.07756,-7.77000,-16.30756,-6.56867,-9.13403,-0.60485,0.9564,241.92,0.2542,20.80,4.46,0.488,0.502,0.207,0.0232,0.0500
14575,-24.07090,-7.75451,-16.31639,-6.56755,-9.12303,-0.62581,0.9563,60.74,0.0638,20.31,4.70,0.488,0.502,0.207,0.0232,0.0500
14600,-23.96119,-7.68336,-16.27784,-6.57738,-9.11396,-0.58650,0.9577,150.94,0.1587,20.59,4.39,0.488,0.502,0.207,0.0232,0.0500
14625,-24.11888,-7.78287,-16.33601,-6.59216,-9.12294,-0.62090,0.9598,-68.55,-0.0719,20.71,4.49,0.488,0.502,0.207,0.0232,0.0500
14650,-24.02424,-7.81711,-16.20713,-6.52665,-9.06512,-0.61536,0.9503,201.96,0.2116,20.87,4.28,0.488,0.502,0.207,0.0232,0.0500
14675,-24.06987,-7.78617,-16.28370,-6.54753,-9.11312,-0.62305,0.9533,-54.54,-0.0560,20.78,4.36,0.488,0.502,0.207,0.0232,0.0500
14700,-24.25593,-7.89546,-16.36047,-6.59554,-9.15671,-0.60822,0.9603,214.69,0.2204,20.93,4.34,0.488,0.502,0.207,0.0232,0.0500
14725,-24.20650,-7.84944,-16.35706,-6.58692,-9.17953,-0.59061,0.9591,302.51,0.3105,20.87,4.19,0.488,0.502,0.207,0.0232,0.0500
14750,-24.25593,-7.91515,-16.34079,-6.59485,-9.12897,-0.61697,0.9602,221.70,0.2278,20.86,4.38,0.488,0.502,0.207,0.0232,0.0500
14775,-24.19643,-7.86133,-16.33510,-6.56356,-9.14711,-0.62444,0.9557,41.60,0.0427,20.99,4.48,0.488,0.502,0.207,0.0232,0.0500
14800,-24.24274,-7.87634,-16.36640,-6.57621,-9.15036,-0.63983,0.9575,42.24,0.0434,20.81,4.44,0.488,0.502,0.207,0.0232,0.0500
14825,-24.21076,-7.88099,-16.32977,-6.55953,-9.15265,-0.61759,0.9551,313.67,0.3224,20.67,4.56,0.488,0.502,0.207,0.0232,0.0500
14850,-24.23603,-7.91351,-16.32251,-6.56602,-9.15458,-0.60190,0.9560,136.10,0.1398,20.77,4.54,0.488,0.502,0.207,0.0232,0.0500
14875,-24.24579,-7.86198,-16.38381,-6.60918,-9.19051,-0.58412,0.9623,47.12,0.0484,20.66,4.64,0.488,0.502,0.207,0.0232,0.0500
14900,-24.20510,-7.84515,-16.35995,-6.56291,-9.18212,-0.61493,0.9556,-43.99,-0.0452,20.91,4.26,0.488,0.502,0.207,0.0232,0.0500
14925,-24.24595,-7.95520,-16.29076,-6.55453,-9.13044,-0.60578,0.9544,-136.05,-0.1399,21.05,4.09,0.488,0.502,0.207,0.0232,0.0500
14950,-24.26975,-7.99433,-16.27542,-6.56463,-9.10602,-0.60477,0.9558,25.37,0.0266,21.20,4.23,0.488,0.502,0.207,0.0232,0.0500
14975,-24.28189,-7.96646,-16.31543,-6.56693,-9.16320,-0.58530,0.9562,-63.29,-0.0663,21.20,4.18,0.488,0.502,0.207,0.0232,0.0500
15000,-24.31737,-7.99392,-16.32346,-6.57931,-9.14863,-0.59552,0.9580,48.35,0.0497,20.85,4.19,0.488,0.502,0.217,0.0244,0.0500
15025,-24.34793,-7.99913,-16.34880,-6.58672,-9.12799,-0.63409,0.9590,30.37,0.0318,21.12,4.27,0.488,0.502,0.217,0.0244,0.0500
15050,-24.20123,-7.94480,-16.25643,-6.56539,-9.06403,-0.62700,0.9559,123.41,0.1268,20.85,4.09,0.488,0.502,0.217,0.0244,0.0500
15075,-24.27515,-7.97670,-16.29845,-6.57762,-9.09625,-0.62459,0.9577,120.42,0.1261,21.26,3.94,0.488,0.502,0.217,0.0244,0.0500
15100,-24.22428,-7.94009,-16.28419,-6.57540,-9.09674,-0.61204,0.9574,136.60,0.1404,21.03,4.00,0.488,0.502,0.217,0.0244,0.0500
15125,-24.33228,-8.02831,-16.30396,-6.59704,-9.09247,-0.61445,0.9605,-58.70,-0.0615,21.67,3.76,0.488,0.502,0.217,0.0244,0.0500
15150,-24.29576,-7.98651,-16.30926,-6.56201,-9.12147,-0.62578,0.9554,33.11,0.0347,21.52,3.92,0.488,0.502,0.217,0.0244,0.0500
15175,-24.35088,-8.03851,-16.31237,-6.59112,-9.14247,-0.57877,0.9597,122.55,0.1284,21.57,3.86,0.488,0.502,0.217,0.0244,0.0500
15200,-24.29698,-7.95296,-16.34402,-6.57509,-9.17146,-0.59747,0.9574,-57.41,-0.0601,21.67,3.73,0.488,0.502,0.217,0.0244,0.0500
15225,-24.16505,-7.82569,-16.33936,-6.57425,-9.15060,-0.61450,0.9572,-30.86,-0.0317,21.23,3.95,0.488,0.502,0.217,0.0244,0.0500
15250,-24.25576,-7.94292,-16.31283,-6.55067,-9.12883,-0.63332,0.9538,-59.23,-0.0620,21.48,3.74,0.488,0.502,0.217,0.0244,0.0500
15275,-24.31749,-7.95779,-16.35970,-6.59751,-9.14295,-0.61924,0.9606,56.49,0.0580,21.86,3.54,0.488,0.502,0.217,0.0244,0.0500
15300,-24.21209,-7.89604,-16.31605,-6.58353,-9.14184,-0.59069,0.9586,46.48,0.0478,21.57,3.67,0.488,0.502,0.217,0.0244,0.0500
15325,-24.29051,-7.95418,-16.33634,-6.54663,-9.16689,-0.62282,0.9532,-121.08,-0.1244,21.43,3.89,0.488,0.502,0.217,0.0244,0.0500
15350,-24.23567,-7.93014,-16.30553,-6.56181,-9.11953,-0.62419,0.9554,27.74,0.0290,21.47,3.75,0.488,0.502,0.217,0.0244,0.0500
15375,-24.23815,-7.91837,-16.31979,-6.55968,-9.12456,-0.63555,0.9551,27.89,0.0292,21.43,3.89,0.488,0.502,0.217,0.0244,0.0500
15400,-24.24263,-7.91216,-16.33047,-6.56924,-9.14969,-0.61154,0.9565,117.77,0.1233,21.27,3.85,0.488,0.502,0.217,0.0244,0.0500
15425,-24.20309,-7.88395,-16.31914,-6.60608,-9.11998,-0.59308,0.9619,29.19,0.0306,21.24,3.88,0.488,0.502,0.217,0.0244,0.0500
15450,-24.29594,-7.96094,-16.33500,-6.56567,-9.14006,-0.62927,0.9560,-58.30,-0.0610,21.52,3.84,0.488,0.502,0.217,0.0244,0.0500
15475,-24.17831,-7.83878,-16.33953,-6.58734,-9.15188,-0.60030,0.9591,-147.97,-0.1550,21.20,4.01,0.488,0.502,0.217,0.0244,0.0500
15500,-24.07649,-7.84040,-16.23609,-6.56394,-9.05104,-0.62111,0.9557,-60.37,-0.0632,21.31,3.92,0.488,0.502,0.217,0.0244,0.0500
15525,-24.19473,-7.86155,-16.33319,-6.57857,-9.14058,-0.61404,0.9579,118.27,0.1239,21.42,3.88,0.488,0.502,0.217,0.0244,0.0500
15550,-24.10335,-7.83975,-16.26360,-6.56693,-9.08664,-0.61004,0.9562,116.90,0.1224,21.41,3.76,0.488,0.502,0.217,0.0244,0.0500
15575,-24.25878,-7.92648,-16.33231,-6.58427,-9.12396,-0.62408,0.9587,207.47,0.2173,21.41,3.74,0.488,0.502,0.217,0.0244,0.0500
15600,-24.30037,-7.93234,-16.36802,-6.57229,-9.19292,-0.60282,0.9569,207.93,0.2178,21.35,3.80,0.488,0.502,0.217,0.0244,0.0500
15625,-24.29985,-7.92982,-16.37003,-6.60236,-9.18128,-0.58639,0.9613,295.53,0.3095,21.50,3.69,0.488,0.502,0.217,0.0244,0.0500
15650,-24.25993,-7.94923,-16.31070,-6.58592,-9.12248,-0.60230,0.9589,204.32,0.2140,21.38,3.82,0.488,0.502,0.217,0.0244,0.0500
15675,-24.12521,-7.82335,-16.30186,-6.59013,-9.09750,-0.61423,0.9595,25.04,0.0262,20.93,4.15,0.488,0.502,0.217,0.0244,0.0500
15700,-24.27233,-7.93654,-16.33579,-6.56599,-9.16222,-0.60758,0.9560,117.10,0.1226,21.15,4.06,0.488,0.502,0.217,0.0244,0.0500
15725,-24.23553,-7.91675,-16.31878,-6.58580,-9.13668,-0.59630,0.9589,25.02,0.0262,21.27,4.10,0.488,0.502,0.217,0.0244,0.0500
15750,-24.27274,-7.95011,-16.32262,-6.56709,-9.14206,-0.61347,0.9562,203.37,0.2129,21.33,3.98,0.488,0.502,0.217,0.0244,0.0500
15775,-24.24273,-7.88991,-16.35281,-6.56243,-9.17063,-0.61976,0.9555,116.19,0.1217,21.69,3.56,0.488,0.502,0.217,0.0244,0.0500
15800,-24.14496,-7.91937,-16.22559,-6.54728,-9.06067,-0.61764,0.9533,206.58,0.2164,21.73,3.42,0.488,0.502,0.217,0.0244,0.0500
15825,-24.12321,-7.79850,-16.32470,-6.58247,-9.13532,-0.60691,0.9584,27.77,0.0291,21.75,3.56,0.488,0.502,0.217,0.0244,0.0500
15850,-24.19500,-7.81872,-16.37629,-6.59800,-9.18000,-0.59829,0.9607,118.52,0.1242,21.57,3.56,0.488,0.502,0.217,0.0244,0.0500
15875,-24.27517,-7.86566,-16.40951,-6.60692,-9.19462,-0.60796,0.9620,28.64,0.0300,21.58,3.49,0.488,0.502,0.217,0.0244,0.0500
15900,-24.19833,-7.87931,-16.31902,-6.56149,-9.12796,-0.62957,0.9554,-62.29,-0.0653,21.56,3.59,0.488,0.502,0.217,0.0244,0.0500
15925,-24.14852,-7.77576,-16.37276,-6.59292,-9.16744,-0.61240,0.9599,27.15,0.0288,21.56,3.75,0.488,0.502,0.217,0.0244,0.0500
15950,-24.20846,-7.84243,-16.36603,-6.57578,-9.16351,-0.62675,0.9575,119.14,0.1249,21.36,3.89,0.488,0.502,0.217,0.0244,0.0500
15975,-24.23308,-7.81760,-16.41549,-6.59333,-9.17940,-0.64276,0.9600,-154.32,-0.1640,21.11,4.02,0.488,0.502,0.217,0.0244,0.0500
16000,-24.28151,-7.93386,-16.34766,-6.55991,-9.16073,-0.62701,0.9551,24.85,0.0260,21.34,3.80,0.488,0.502,0.206,0.0231,0.0500
16025,-24.31587,-7.89522,-16.42065,-6.56793,-9.22451,-0.62820,0.9563,27.30,0.0286,21.13,3.88,0.488,0.502,0.206,0.0231,0.0500
16050,-24.21653,-7.83038,-16.38615,-6.57969,-9.16926,-0.63720,0.9580,-60.86,-0.0638,21.19,3.64,0.488,0.502,0.206,0.0231,0.0500
16075,-24.26214,-7.88084,-16.38130,-6.58220,-9.18057,-0.61852,0.9584,-150.85,-0.1580,21.55,3.67,0.488,0.502,0.206,0.0231,0.0500
16100,-24.23551,-7.80955,-16.42597,-6.58461,-9.19874,-0.64261,0.9587,-59.03,-0.0618,21.38,3.84,0.488,0.502,0.206,0.0231,0.0500
16125,-24.10951,-7.70696,-16.40255,-6.58651,-9.20490,-0.61115,0.9590,-149.69,-0.1568,21.60,3.59,0.488,0.502,0.206,0.0231,0.0500
16150,-24.18595,-7.79031,-16.39564,-6.59416,-9.18599,-0.61550,0.9601,-61.70,-0.0646,21.17,4.02,0.488,0.502,0.206,0.0231,0.0500
16175,-24.11746,-7.76310,-16.35436,-6.57162,-9.14784,-0.63490,0.9568,30.49,0.0319,21.34,3.66,0.488,0.502,0.206,0.0231,0.0500
16200,-23.99123,-7.66188,-16.32934,-6.57635,-9.14933,-0.60366,0.9575,-150.65,-0.1578,21.47,3.85,0.488,0.502,0.206,0.0231,0.0500
16225,-24.08072,-7.70267,-16.37805,-6.56986,-9.16852,-0.63968,0.9566,29.74,0.0312,21.55,3.71,0.488,0.502,0.206,0.0231,0.0500
16250,-24.16323,-7.81693,-16.34630,-6.54266,-9.17646,-0.62719,0.9526,-151.65,-0.1588,20.93,3.89,0.488,0.502,0.206,0.0231,0.0500
16275,-24.15420,-7.73861,-16.41559,-6.57991,-9.20560,-0.63008,0.9581,-59.88,-0.0627,21.07,3.80,0.488,0.502,0.206,0.0231,0.0500
16300,-24.05611,-7.72261,-16.33351,-6.56832,-9.14119,-0.62401,0.9564,31.35,0.0328,21.19,3.77,0.488,0.502,0.206,0.0231,0.0500
16325,-24.25831,-7.85843,-16.39987,-6.58285,-9.21524,-0.60178,0.9585,-56.49,-0.0592,21.26,3.74,0.488,0.502,0.206,0.0231,0.0500
16350,-24.25446,-7.84912,-16.40534,-6.56903,-9.22671,-0.60959,0.9565,-56.32,-0.0590,21.29,4.01,0.488,0.502,0.206,0.0231,0.0500
16375,-24.25816,-7.88028,-16.37788,-6.59260,-9.17948,-0.60580,0.9599,-236.62,-0.2479,21.24,3.80,0.488,0.502,0.206,0.0231,0.0500
16400,-24.26977,-7.86140,-16.40838,-6.59594,-9.18447,-0.62797,0.9604,32.47,0.0340,21.11,3.73,0.488,0.502,0.206,0.0231,0.0500
16425,-24.32542,-7.91149,-16.41393,-6.59886,-9.20108,-0.61399,0.9608,-57.31,-0.0600,21.04,3.87,0.488,0.502,0.206,0.0231,0.0500
16450,-24.04312,-7.71419,-16.32893,-6.54485,-9.17633,-0.60775,0.9529,34.19,0.0358,21.13,3.91,0.488,0.502,0.206,0.0231,0.0500
16475,-24.20533,-7.79433,-16.41101,-6.61614,-9.19971,-0.59516,0.9633,34.04,0.0356,21.20,3.90,0.488,0.502,0.206,0.0231,0.0500
16500,-24.22318,-7.82464,-16.39854,-6.58917,-9.18715,-0.62222,0.9594,-54.71,-0.0572,21.23,3.77,0.488,0.502,0.206,0.0231,0.0500
16525,-24.36315,-7.89656,-16.46658,-6.62098,-9.24108,-0.60453,0.9640,-144.37,-0.1511,21.55,3.53,0.488,0.502,0.206,0.0231,0.0500
16550,-24.30668,-7.98314,-16.32354,-6.55281,-9.13429,-0.63644,0.9541,-144.28,-0.1510,21.32,3.85,0.488,0.502,0.206,0.0231,0.0500
16575,-24.35689,-7.96935,-16.38754,-6.55903,-9.21940,-0.60911,0.9550,-143.27,-0.1500,21.33,3.71,0.488,0.502,0.206,0.0231,0.0500
16600,-24.47681,-8.06184,-16.41496,-6.60584,-9.19831,-0.61081,0.9618,-144.76,-0.1515,21.09,3.89,0.488,0.502,0.206,0.0231,0.0500
16625,-24.28182,-7.97843,-16.30340,-6.53606,-9.15474,-0.61259,0.9517,36.05,0.0377,21.30,3.66,0.488,0.502,0.206,0.0231,0.0500
16650,-24.34916,-8.01076,-16.33839,-6.55288,-9.13754,-0.64798,0.9541,35.19,0.0368,21.07,4.04,0.488,0.502,0.206,0.0231,0.0500
16675,-24.38345,-8.02737,-16.35608,-6.55608,-9.16256,-0.63744,0.9546,33.13,0.0347,21.26,3.96,0.488,0.502,0.206,0.0231,0.0500
16700,-24.24759,-7.94078,-16.30681,-6.56621,-9.11330,-0.62730,0.9561,34.65,0.0363,21.36,4.06,0.488,0.502,0.206,0.0231,0.0500
16725,-24.24733,-7.87524,-16.37209,-6.62275,-9.15118,-0.59817,0.9643,-54.63,-0.0572,21.33,3.98,0.488,0.502,0.206,0.0231,0.0500
16750,-24.35490,-8.00800,-16.34690,-6.57551,-9.15563,-0.61576,0.9574,125.23,0.1311,21.57,3.65,0.488,0.503,0.206,0.0231,0.0500
16775,-24.23601,-7.93503,-16.30098,-6.54940,-9.13699,-0.61460,0.9536,124.94,0.1307,21.43,3.86,0.488,0.503,0.206,0.0231,0.0500
16800,-24.31483,-7.94405,-16.37078,-6.60565,-9.15081,-0.61432,0.9618,33.38,0.0349,21.51,3.97,0.488,0.503,0.206,0.0231,0.0500
16825,-24.27879,-7.91090,-16.36789,-6.54263,-9.16125,-0.66401,0.9526,122.20,0.1278,21.43,3.93,0.488,0.503,0.206,0.0231,0.0500
16850,-24.26178,-7.89994,-16.36185,-6.58851,-9.14484,-0.62850,0.9593,32.11,0.0336,21.19,4.06,0.488,0.503,0.206,0.0231,0.0500
16875,-24.26455,-7.91566,-16.34889,-6.58319,-9.14101,-0.62468,0.9585,-150.01,-0.1568,21.12,4.19,0.488,0.503,0.206,0.0231,0.0500
16900,-24.19302,-7.82361,-16.36941,-6.56928,-9.16717,-0.63295,0.9565,-151.72,-0.1586,21.43,3.98,0.488,0.503,0.206,0.0231,0.0500
16925,-24.10469,-7.70924,-16.39545,-6.58565,-9.19252,-0.61727,0.9589,209.73,0.2193,21.42,3.70,0.488,0.503,0.206,0.0231,0.0500
16950,-24.17010,-7.79493,-16.37517,-6.57076,-9.18610,-0.61830,0.9567,28.44,0.0297,21.32,3.79,0.488,0.503,0.206,0.0231,0.0500
16975,-24.34939,-7.96930,-16.38009,-6.55499,-9.17252,-0.65258,0.9544,-62.72,-0.0656,21.30,3.83,0.488,0.503,0.206,0.0231,0.0500
17000,-24.21975,-7.81255,-16.40720,-6.59680,-9.20420,-0.60619,0.9605,-60.40,-0.0632,21.17,4.12,0.488,0.503,0.196,0.0220,0.0500
17025,-24.25730,-7.89472,-16.36258,-6.58557,-9.13737,-0.63964,0.9589,-60.54,-0.0633,21.08,4.00,0.489,0.503,0.196,0.0220,0.0500
17050,-24.31878,-7.91887,-16.39990,-6.60436,-9.18453,-0.61101,0.9616,-150.24,-0.1572,21.21,3.91,0.489,0.503,0.196,0.0220,0.0500
17075,-24.26534,-7.84474,-16.42061,-6.59227,-9.19581,-0.63253,0.9599,-60.85,-0.0637,21.36,3.91,0.489,0.503,0.196,0.0220,0.0500
17100,-24.32520,-7.94642,-16.37878,-6.59928,-9.16684,-0.61266,0.9609,29.64,0.0310,21.27,3.90,0.489,0.503,0.196,0.0220,0.0500
17125,-24.25487,-7.92427,-16.33060,-6.58340,-9.12197,-0.62524,0.9586,121.24,0.1269,21.30,3.97,0.489,0.503,0.196,0.0220,0.0500
17150,-24.32844,-7.95701,-16.37143,-6.56088,-9.16795,-0.64261,0.9553,29.89,0.0313,21.18,4.12,0.489,0.503,0.196,0.0220,0.0500
17175,-24.18379,-7.84086,-16.34293,-6.59228,-9.12125,-0.62941,0.9599,-58.51,-0.0612,21.62,3.88,0.489,0.503,0.196,0.0220,0.0500
17200,-24.27897,-7.93824,-16.34073,-6.57735,-9.12419,-0.63920,0.9577,-328.57,-0.3439,21.50,3.99,0.489,0.503,0.196,0.0220,0.0500
17225,-24.23184,-7.83544,-16.39639,-6.58318,-9.17884,-0.63438,0.9585,-237.40,-0.2485,21.53,3.88,0.489,0.503,0.196,0.0220,0.0500
17250,-24.30834,-7.92719,-16.38115,-6.57575,-9.19197,-0.61344,0.9574,-147.17,-0.1540,21.47,3.95,0.489,0.503,0.196,0.0220,0.0500
17275,-24.23411,-7.86891,-16.36521,-6.56802,-9.14644,-0.65075,0.9563,-235.58,-0.2465,21.35,4.08,0.489,0.503,0.196,0.0220,0.0500
17300,-24.17985,-7.86088,-16.31897,-6.55029,-9.11726,-0.65143,0.9537,-145.74,-0.1525,21.12,4.13,0.489,0.503,0.196,0.0220,0.0500
17325,-24.33084,-7.94201,-16.38883,-6.58043,-9.16884,-0.63955,0.9581,-54.22,-0.0567,21.38,3.93,0.489,0.503,0.196,0.0220,0.0500
17350,-24.19709,-7.81681,-16.38027,-6.55610,-9.17874,-0.64544,0.9546,213.73,0.2236,21.03,3.97,0.489,0.503,0.196,0.0220,0.0500
17375,-24.27948,-7.91465,-16.36482,-6.57465,-9.15330,-0.63688,0.9573,-145.86,-0.1526,21.42,3.99,0.489,0.503,0.196,0.0220,0.0500
17400,-24.38600,-7.90271,-16.48329,-6.60411,-9.25345,-0.62572,0.9616,-54.95,-0.0575,21.14,4.15,0.489,0.503,0.196,0.0220,0.0500
17425,-24.18646,-7.86470,-16.32175,-6.56544,-9.11837,-0.63795,0.9559,33.62,0.0352,21.13,4.20,0.489,0.503,0.196,0.0220,0.0500
17450,-24.14863,-7.85151,-16.29711,-6.54836,-9.10981,-0.63894,0.9535,33.31,0.0349,21.18,4.02,0.489,0.503,0.196,0.0220,0.0500
17475,-24.19832,-7.83788,-16.36044,-6.59124,-9.14237,-0.62684,0.9597,123.17,0.1289,21.23,4.04,0.489,0.502,0.196,0.0220,0.0500
17500,-24.22201,-7.87372,-16.34829,-6.56746,-9.13893,-0.64190,0.9562,212.43,0.2223,20.98,4.15,0.489,0.502,0.196,0.0220,0.0500
17525,-24.30196,-7.93999,-16.36197,-6.56329,-9.13949,-0.65919,0.9556,120.91,0.1266,21.12,3.88,0.489,0.502,0.196,0.0220,0.0500
17550,-24.24467,-7.93312,-16.31155,-6.56817,-9.11623,-0.62716,0.9563,121.69,0.1274,21.11,3.89,0.489,0.502,0.196,0.0220,0.0500
17575,-24.32554,-7.94203,-16.38350,-6.61360,-9.19828,-0.57162,0.9630,211.42,0.2212,21.18,4.04,0.489,0.502,0.196,0.0220,0.0500
17600,-24.37590,-7.99891,-16.37699,-6.58419,-9.13983,-0.65297,0.9587,209.80,0.2195,21.18,3.95,0.489,0.502,0.196,0.0220,0.0500
17625,-24.24238,-7.93337,-16.30900,-6.56172,-9.10944,-0.63784,0.9554,28.90,0.0302,21.27,3.96,0.489,0.502,0.196,0.0220,0.0500
17650,-24.25660,-7.89598,-16.36062,-6.56672,-9.15325,-0.64065,0.9561,-59.79,-0.0626,21.41,3.71,0.489,0.502,0.196,0.0220,0.0500
17675,-24.19934,-7.85788,-16.34146,-6.56548,-9.12326,-0.65272,0.9560,28.61,0.0299,21.68,3.72,0.489,0.502,0.196,0.0220,0.0500
17700,-24.21050,-7.89895,-16.31155,-6.54299,-9.13449,-0.63407,0.9527,119.38,0.1249,21.62,3.53,0.489,0.502,0.196,0.0220,0.0500
17725,-24.18512,-7.86942,-16.31570,-6.55547,-9.12505,-0.63518,0.9545,209.66,0.2194,21.82,3.61,0.489,0.502,0.196,0.0220,0.0500
17750,-24.19601,-7.87123,-16.32477,-6.56456,-9.14923,-0.61098,0.9558,118.56,0.1241,21.80,3.62,0.489,0.502,0.196,0.0220,0.0500
17775,-24.27364,-7.90686,-16.36679,-6.57465,-9.15613,-0.63600,0.9573,388.60,0.4066,21.90,3.55,0.489,0.502,0.196,0.0220,0.0500
17800,-24.22000,-7.90777,-16.31224,-6.57707,-9.09274,-0.64243,0.9576,-64.57,-0.0676,21.68,3.72,0.489,0.502,0.196,0.0220,0.0500
17825,-24.27578,-7.88115,-16.39463,-6.60868,-9.14549,-0.64046,0.9622,-65.88,-0.0689,21.42,3.64,0.489,0.502,0.196,0.0220,0.0500
17850,-24.19927,-7.87186,-16.32741,-6.55697,-9.13438,-0.63606,0.9547,-63.07,-0.0660,21.52,3.85,0.489,0.502,0.196,0.0220,0.0500
17875,-24.33043,-7.90654,-16.42389,-6.58581,-9.19517,-0.64291,0.9589,28.45,0.0298,21.30,3.88,0.489,0.502,0.196,0.0220,0.0500
17900,-24.33875,-7.89098,-16.44777,-6.59545,-9.19885,-0.65347,0.9603,30.53,0.0319,21.51,3.63,0.489,0.502,0.196,0.0220,0.0500
17925,-24.24074,-7.88248,-16.35825,-6.58006,-9.13568,-0.64251,0.9581,32.19,0.0337,21.57,3.76,0.489,0.502,0.196,0.0220,0.0500
17950,-24.08125,-7.81492,-16.26634,-6.55550,-9.10602,-0.60482,0.9545,-57.11,-0.0598,21.52,3.92,0.490,0.502,0.196,0.0220,0.0500
17975,-24.27039,-7.88190,-16.38850,-6.57147,-9.19499,-0.62204,0.9568,-146.36,-0.1531,21.51,3.90,0.490,0.502,0.196,0.0220,0.0500
18000,-24.29409,-7.89800,-16.39609,-6.59541,-9.16934,-0.63135,0.9603,-238.37,-0.2494,21.42,3.74,0.490,0.502,0.206,0.0231,0.0500
18025,-24.33149,-7.93731,-16.39418,-6.56800,-9.18851,-0.63766,0.9563,31.56,0.0331,21.39,3.74,0.490,0.502,0.206,0.0231,0.0500
18050,-24.22740,-7.87156,-16.35584,-6.57788,-9.13560,-0.64236,0.9578,33.94,0.0356,21.23,3.87,0.490,0.502,0.206,0.0231,0.0500
18075,-24.36968,-7.93313,-16.43655,-6.56391,-9.24109,-0.63156,0.9557,32.13,0.0337,21.43,3.87,0.490,0.502,0.206,0.0231,0.0500
18100,-24.30544,-7.86599,-16.43944,-6.59428,-9.23258,-0.61259,0.9601,32.34,0.0339,21.43,3.87,0.490,0.502,0.206,0.0231,0.0500
18125,-24.40949,-7.99419,-16.41530,-6.59641,-9.19482,-0.62408,0.9605,33.61,0.0352,21.51,3.83,0.490,0.502,0.206,0.0231,0.0500
18150,-24.33427,-7.98537,-16.34890,-6.54112,-9.16627,-0.64151,0.9524,120.54,0.1263,21.36,3.98,0.490,0.502,0.206,0.0231,0.0500
18175,-24.37498,-8.06414,-16.31084,-6.52774,-9.13200,-0.65110,0.9505,29.45,0.0309,21.40,3.88,0.490,0.502,0.206,0.0231,0.0500
18200,-24.32030,-7.94175,-16.37855,-6.59472,-9.17245,-0.61137,0.9602,117.57,0.1232,21.63,3.62,0.490,0.502,0.206,0.0231,0.0500
18225,-24.35403,-7.96534,-16.38870,-6.59565,-9.16023,-0.63282,0.9603,118.96,0.1247,21.50,3.62,0.490,0.502,0.206,0.0231,0.0500
18250,-24.37156,-8.01413,-16.35744,-6.56427,-9.16352,-0.62965,0.9558,122.34,0.1283,21.46,3.73,0.490,0.502,0.206,0.0231,0.0500
18275,-24.43435,-7.98582,-16.44853,-6.60395,-9.20170,-0.64289,0.9616,122.10,0.1281,21.58,3.72,0.490,0.502,0.206,0.0231,0.0500
18300,-24.37366,-8.02217,-16.35150,-6.57525,-9.13724,-0.63901,0.9574,301.79,0.3165,21.37,3.88,0.490,0.502,0.206,0.0231,0.0500
18325,-24.46742,-8.04601,-16.42141,-6.58393,-9.20091,-0.63656,0.9586,302.69,0.3174,21.15,3.96,0.490,0.503,0.206,0.0231,0.0500
18350,-24.30270,-7.92805,-16.37465,-6.57337,-9.15985,-0.64144,0.9571,303.15,0.3179,21.36,3.76,0.490,0.503,0.206,0.0231,0.0500
18375,-24.39026,-7.96850,-16.42176,-6.56853,-9.20774,-0.64550,0.9564,123.07,0.1290,21.10,3.90,0.490,0.503,0.206,0.0231,0.0500
18400,-24.43995,-8.04695,-16.39301,-6.57649,-9.19513,-0.62139,0.9576,212.84,0.2232,21.33,3.75,0.490,0.503,0.206,0.0231,0.0500
18425,-24.42431,-7.98113,-16.44318,-6.57805,-9.21315,-0.65199,0.9578,214.05,0.2244,21.60,3.68,0.490,0.503,0.206,0.0231,0.0500
18450,-24.41721,-7.98449,-16.43273,-6.55660,-9.22015,-0.65598,0.9547,213.78,0.2242,21.41,3.68,0.490,0.503,0.206,0.0231,0.0500
18475,-24.37435,-7.97522,-16.39913,-6.57658,-9.20296,-0.61959,0.9576,124.63,0.1305,21.61,3.88,0.490,0.503,0.206,0.0231,0.0500
18500,-24.35078,-7.95405,-16.39673,-6.56325,-9.19704,-0.63643,0.9556,36.52,0.0382,21.59,3.82,0.490,0.503,0.206,0.0231,0.0500
18525,-24.34970,-7.99700,-16.35270,-6.57132,-9.16644,-0.61494,0.9568,216.94,0.2276,21.46,3.86,0.490,0.503,0.206,0.0231,0.0500
18550,-24.25617,-7.92949,-16.32668,-6.56494,-9.12812,-0.63362,0.9559,128.88,0.1349,21.55,3.90,0.490,0.503,0.206,0.0231,0.0500
18575,-24.31225,-7.93926,-16.37298,-6.57134,-9.16311,-0.63853,0.9568,127.68,0.1339,21.36,3.74,0.490,0.503,0.206,0.0231,0.0500
18600,-24.36478,-7.98005,-16.38473,-6.59598,-9.15286,-0.63588,0.9604,219.71,0.2298,21.38,3.69,0.490,0.503,0.206,0.0231,0.0500
18625,-24.40346,-7.93197,-16.47149,-6.59781,-9.22735,-0.64633,0.9607,-230.36,-0.2411,21.60,3.63,0.490,0.503,0.206,0.0231,0.0500
18650,-24.37630,-7.97810,-16.39821,-6.54944,-9.21446,-0.63431,0.9536,-319.49,-0.3343,21.55,3.67,0.490,0.503,0.206,0.0231,0.0500
18675,-24.37255,-7.98857,-16.38398,-6.56139,-9.16475,-0.65784,0.9554,-51.67,-0.0541,21.53,3.78,0.490,0.503,0.206,0.0231,0.0500
18700,-24.36697,-7.92703,-16.43995,-6.60475,-9.23102,-0.60417,0.9617,-51.19,-0.0535,21.34,3.68,0.490,0.503,0.206,0.0231,0.0500
18725,-24.42499,-8.02138,-16.40361,-6.55607,-9.20627,-0.64127,0.9546,-52.68,-0.0551,21.49,3.88,0.490,0.503,0.206,0.0231,0.0500
18750,-24.41665,-8.00516,-16.41149,-6.54180,-9.21326,-0.65642,0.9525,-53.19,-0.0556,21.41,3.93,0.490,0.503,0.206,0.0231,0.0500
18775,-24.36464,-7.96786,-16.39678,-6.54787,-9.19395,-0.65497,0.9534,-232.44,-0.2432,21.45,3.89,0.490,0.503,0.206,0.0231,0.0500
18800,-24.37825,-7.96433,-16.41392,-6.59293,-9.19659,-0.62440,0.9599,-141.92,-0.1485,21.43,3.87,0.490,0.503,0.206,0.0231,0.0500
18825,-24.36225,-8.05072,-16.31153,-6.55248,-9.13604,-0.62300,0.9541,126.69,0.1326,21.39,3.85,0.490,0.503,0.206,0.0231,0.0500
18850,-24.41896,-7.99651,-16.42245,-6.59059,-9.19775,-0.63411,0.9596,306.73,0.3210,21.32,3.93,0.490,0.503,0.206,0.0231,0.0500
18875,-24.52454,-8.09385,-16.43069,-6.56989,-9.22798,-0.63282,0.9566,129.06,0.1351,21.38,4.02,0.490,0.503,0.206,0.0231,0.0500
18900,-24.57109,-8.14446,-16.42663,-6.58093,-9.20041,-0.64529,0.9582,36.52,0.0382,21.51,3.91,0.490,0.503,0.206,0.0231,0.0500
18925,-24.61302,-8.21912,-16.39390,-6.59217,-9.17764,-0.62409,0.9598,125.09,0.1309,21.29,4.15,0.489,0.503,0.206,0.0231,0.0500
18950,-24.51665,-8.11856,-16.39809,-6.58734,-9.18290,-0.62784,0.9591,-53.22,-0.0557,21.32,4.00,0.489,0.503,0.206,0.0231,0.0500
18975,-24.55399,-8.11156,-16.44244,-6.57158,-9.22385,-0.64700,0.9568,306.48,0.3205,21.20,3.83,0.489,0.503,0.206,0.0231,0.0500
19000,-24.52689,-8.18295,-16.34393,-6.55439,-9.12829,-0.66125,0.9543,-55.24,-0.0578,21.43,3.90,0.489,0.503,0.195,0.0219,0.0500
19025,-24.57702,-8.14635,-16.43067,-6.57989,-9.22886,-0.62192,0.9581,124.75,0.1305,21.32,3.92,0.489,0.503,0.195,0.0219,0.0500
19050,-24.55426,-8.16032,-16.39394,-6.59427,-9.17087,-0.62880,0.9601,36.64,0.0383,21.32,3.95,0.489,0.503,0.195,0.0219,0.0500
19075,-24.39744,-8.12097,-16.27647,-6.54417,-9.11545,-0.61685,0.9529,126.76,0.1326,21.34,3.96,0.489,0.503,0.195,0.0219,0.0500
19100,-24.56290,-8.15681,-16.40609,-6.60471,-9.20913,-0.59225,0.9617,-53.05,-0.0555,21.52,3.72,0.490,0.503,0.195,0.0219,0.0500
19125,-24.54423,-8.14877,-16.39545,-6.57904,-9.20174,-0.61467,0.9579,216.62,0.2265,21.47,3.67,0.489,0.503,0.195,0.0219,0.0500
19150,-24.45064,-8.06329,-16.38735,-6.59908,-9.17957,-0.60871,0.9608,-142.71,-0.1492,21.53,3.75,0.489,0.503,0.195,0.0219,0.0500
19175,-24.64966,-8.21305,-16.43661,-6.58760,-9.21564,-0.63337,0.9592,127.35,0.1332,21.54,3.82,0.490,0.503,0.195,0.0219,0.0500
19200,-24.50854,-8.14489,-16.36365,-6.57216,-9.14658,-0.64491,0.9569,127.86,0.1337,21.56,3.84,0.490,0.503,0.195,0.0219,0.0500
19225,-24.39042,-8.03097,-16.35944,-6.57458,-9.15604,-0.62882,0.9573,-143.58,-0.1502,21.73,3.73,0.490,0.503,0.195,0.0219,0.0500
19250,-24.52988,-8.07593,-16.45395,-6.57736,-9.25428,-0.62231,0.9577,36.12,0.0378,21.52,3.97,0.490,0.503,0.195,0.0219,0.0500
19275,-24.44414,-8.06730,-16.37683,-6.57037,-9.17018,-0.63628,0.9567,-232.97,-0.2437,21.11,4.24,0.490,0.503,0.195,0.0219,0.0500
19300,-24.45070,-8.06182,-16.38889,-6.56605,-9.20559,-0.61725,0.9560,-142.78,-0.1494,21.56,3.73,0.490,0.503,0.195,0.0219,0.0500
19325,-24.44401,-8.07946,-16.36455,-6.57061,-9.16015,-0.63379,0.9567,-325.30,-0.3403,21.67,3.89,0.490,0.503,0.195,0.0219,0.0500
19350,-24.23025,-7.97582,-16.25443,-6.52495,-9.10710,-0.62238,0.9501,-55.33,-0.0579,21.34,3.95,0.490,0.503,0.195,0.0219,0.0500
19375,-24.48427,-8.07035,-16.41393,-6.60182,-9.21167,-0.60043,0.9612,34.58,0.0362,21.11,4.01,0.490,0.503,0.195,0.0219,0.0500
19400,-24.46370,-8.09415,-16.36956,-6.58992,-9.16440,-0.61524,0.9595,-54.67,-0.0572,21.39,3.84,0.490,0.503,0.195,0.0219,0.0500
19425,-24.34215,-8.02552,-16.31663,-6.56956,-9.11602,-0.63105,0.9565,-284.55,-0.2923,21.41,4.24,0.490,0.503,0.195,0.0219,0.0500
19450,-24.36801,-7.95592,-16.41209,-6.56788,-9.22772,-0.61649,0.9563,35.66,0.0373,21.52,4.03,0.490,0.503,0.195,0.0219,0.0500
19475,-24.35827,-7.90832,-16.44995,-6.61289,-9.22764,-0.60942,0.9629,-56.05,-0.0587,21.37,3.99,0.490,0.503,0.195,0.0219,0.0500
19500,-24.33244,-7.89324,-16.43920,-6.58099,-9.22816,-0.63004,0.9582,-54.99,-0.0576,21.22,4.07,0.490,0.503,0.195,0.0219,0.0500
19525,-24.21222,-7.90466,-16.30756,-6.56734,-9.14580,-0.59441,0.9562,-56.01,-0.0586,21.28,4.05,0.490,0.503,0.195,0.0219,0.0500
19550,-24.33232,-7.96665,-16.36567,-6.57437,-9.18025,-0.61105,0.9572,34.35,0.0360,21.43,3.96,0.490,0.503,0.195,0.0219,0.0500
19575,-24.34134,-7.91496,-16.42638,-6.58843,-9.21529,-0.62266,0.9593,-56.03,-0.0586,21.73,3.77,0.490,0.503,0.195,0.0219,0.0500
19600,-24.39994,-7.99793,-16.40201,-6.54216,-9.21611,-0.64374,0.9526,32.38,0.0339,21.54,3.82,0.490,0.503,0.195,0.0219,0.0500
19625,-24.40115,-8.00593,-16.39522,-6.57474,-9.18491,-0.63557,0.9573,33.13,0.0347,21.47,3.99,0.490,0.503,0.195,0.0219,0.0500
19650,-24.47399,-8.03101,-16.44298,-6.55824,-9.23679,-0.64795,0.9549,32.41,0.0339,21.29,3.95,0.490,0.503,0.195,0.0219,0.0500
19675,-24.52210,-8.13044,-16.39166,-6.58378,-9.18329,-0.62459,0.9586,31.66,0.0331,21.32,4.01,0.490,0.503,0.195,0.0219,0.0500
19700,-24.42219,-7.97739,-16.44480,-6.60891,-9.22205,-0.61384,0.9623,-57.86,-0.0605,21.63,3.86,0.490,0.503,0.195,0.0219,0.0500
19725,-24.57470,-8.10917,-16.46553,-6.61328,-9.22333,-0.62892,0.9629,31.99,0.0335,21.66,3.84,0.490,0.503,0.195,0.0219,0.0500
19750,-24.45567,-8.07524,-16.38043,-6.55591,-9.19691,-0.62761,0.9546,-58.05,-0.0608,21.55,3.96,0.490,0.503,0.195,0.0219,0.0500
19775,-24.34255,-8.00949,-16.33306,-6.53029,-9.15605,-0.64672,0.9508,211.36,0.2213,21.30,3.68,0.490,0.503,0.195,0.0219,0.0500
19800,-24.38192,-8.00027,-16.38165,-6.57554,-9.17533,-0.63079,0.9574,210.03,0.2199,21.71,3.69,0.490,0.503,0.195,0.0219,0.0500
19825,-24.34126,-7.98422,-16.35705,-6.58202,-9.13874,-0.63628,0.9584,-60.09,-0.0629,21.58,3.69,0.490,0.503,0.195,0.0219,0.0500
19850,-24.40617,-7.97146,-16.43471,-6.59185,-9.19899,-0.64387,0.9598,118.21,0.1238,21.51,3.95,0.490,0.503,0.195,0.0219,0.0500
19875,-24.38158,-7.96592,-16.41566,-6.56248,-9.21552,-0.63766,0.9555,118.50,0.1241,21.73,3.79,0.490,0.503,0.195,0.0219,0.0500
19900,-24.30912,-7.91253,-16.39659,-6.60419,-9.14934,-0.64306,0.9616,114.53,0.1199,21.84,3.72,0.490,0.503,0.195,0.0219,0.0500
19925,-24.27488,-7.84505,-16.42983,-6.59008,-9.19935,-0.64040,0.9595,114.40,0.1197,21.69,3.81,0.490,0.503,0.195,0.0219,0.0500
19950,-24.37743,-7.97131,-16.40612,-6.54772,-9.21513,-0.64328,0.9534,203.82,0.2134,21.56,3.85,0.490,0.503,0.195,0.0219,0.0500
19975,-24.42608,-8.04726,-16.37882,-6.56101,-9.22269,-0.59512,0.9553,109.14,0.1142,21.48,3.90,0.490,0.503,0.195,0.0219,0.0500
20000,-24.50479,-8.06301,-16.44178,-6.59314,-9.24292,-0.60572,0.9600,18.15,0.0190,21.75,3.61,0.490,0.503,0.205,0.0230,0.0500
20025,-24.40283,-8.04201,-16.36082,-6.56965,-9.17512,-0.61605,0.9566,-161.34,-0.1689,21.56,3.89,0.490,0.503,0.205,0.0230,0.0500
20050,-24.39146,-7.99927,-16.39219,-6.58130,-9.17869,-0.63220,0.9583,108.73,0.1138,21.64,3.84,0.490,0.503,0.205,0.0230,0.0500
20075,-24.42669,-8.03320,-16.39349,-6.57917,-9.18413,-0.63019,0.9579,199.10,0.2085,21.53,3.87,0.490,0.503,0.205,0.0230,0.0500
20100,-24.41898,-8.01404,-16.40494,-6.57552,-9.17972,-0.64970,0.9574,200.33,0.2098,21.63,3.79,0.490,0.503,0.205,0.0230,0.0500
20125,-24.48477,-8.03113,-16.45364,-6.59990,-9.22021,-0.63353,0.9610,109.17,0.1144,21.73,3.83,0.490,0.503,0.205,0.0230,0.0500
20150,-24.40642,-7.98917,-16.41725,-6.58545,-9.23250,-0.59930,0.9589,198.71,0.2082,21.64,3.81,0.490,0.503,0.205,0.0230,0.0500
20175,-24.40574,-7.97760,-16.42814,-6.57540,-9.20248,-0.65026,0.9574,-70.04,-0.0734,21.59,4.07,0.490,0.503,0.205,0.0230,0.0500
20200,-24.32415,-7.92259,-16.40156,-6.55624,-9.22282,-0.62250,0.9546,-72.14,-0.0756,21.48,4.13,0.490,0.503,0.205,0.0230,0.0500
20225,-24.39564,-7.92241,-16.47323,-6.56697,-9.25203,-0.65424,0.9562,-163.58,-0.1715,21.64,3.95,0.490,0.503,0.205,0.0230,0.0500
20250,-24.42739,-7.99670,-16.43069,-6.56928,-9.22458,-0.63683,0.9565,-196.15,-0.2021,21.52,4.06,0.490,0.503,0.205,0.0230,0.0500
20275,-24.34542,-7.98955,-16.35587,-6.55822,-9.13021,-0.66745,0.9549,-106.25,-0.1095,21.46,4.00,0.490,0.503,0.205,0.0230,0.0500
20300,-24.45082,-8.07407,-16.37675,-6.58039,-9.19633,-0.60003,0.9581,-106.28,-0.1095,21.34,4.09,0.490,0.503,0.205,0.0230,0.0500
20325,-24.42786,-8.02922,-16.39864,-6.54574,-9.21310,-0.63980,0.9531,-195.87,-0.2018,21.48,3.98,0.490,0.503,0.205,0.0230,0.0500
20350,-24.53365,-8.10872,-16.42494,-6.56176,-9.22897,-0.63421,0.9554,-105.25,-0.1084,21.41,4.15,0.490,0.503,0.205,0.0230,0.0500
20375,-24.60805,-8.16720,-16.44085,-6.58246,-9.22304,-0.63534,0.9584,-196.50,-0.2024,21.61,4.08,0.490,0.503,0.205,0.0230,0.0500
20400,-24.50500,-8.08726,-16.41774,-6.55701,-9.23333,-0.62740,0.9547,-195.66,-0.2016,21.56,4.14,0.490,0.503,0.205,0.0230,0.0500
20425,-24.54723,-8.12394,-16.42329,-6.55963,-9.22301,-0.64065,0.9551,-195.64,-0.2016,21.47,4.03,0.490,0.503,0.205,0.0230,0.0500
20450,-24.51794,-8.12466,-16.39328,-6.57088,-9.18330,-0.63910,0.9567,-15.45,-0.0159,21.38,4.19,0.490,0.503,0.205,0.0230,0.0500
20475,-24.54214,-8.12764,-16.41450,-6.56630,-9.20085,-0.64735,0.9561,-16.58,-0.0171,21.52,4.10,0.490,0.503,0.205,0.0230,0.0500
20500,-24.45853,-8.06784,-16.39069,-6.52375,-9.22127,-0.64567,0.9499,-256.27,-0.2687,21.56,4.08,0.490,0.503,0.205,0.0230,0.0500
20525,-24.44926,-8.06035,-16.38891,-6.52716,-9.22107,-0.64068,0.9504,14.29,0.0150,21.28,4.24,0.490,0.503,0.205,0.0230,0.0500
20550,-24.47157,-8.05115,-16.42042,-6.56188,-9.23336,-0.62518,0.9554,105.02,0.1101,21.57,3.99,0.490,0.503,0.205,0.0230,0.0500
20575,-24.50522,-8.05165,-16.45357,-6.57234,-9.26393,-0.61730,0.9570,16.20,0.0170,21.27,4.30,0.490,0.503,0.205,0.0230,0.0500
20600,-24.54332,-8.10927,-16.43405,-6.53686,-9.26188,-0.63532,0.9518,-17.25,-0.0178,21.49,4.05,0.490,0.503,0.205,0.0230,0.0500
20625,-24.42225,-8.01780,-16.40446,-6.56122,-9.21053,-0.63271,0.9553,-74.63,-0.0782,21.64,3.93,0.490,0.503,0.205,0.0230,0.0500
20650,-24.42702,-8.00227,-16.42475,-6.56362,-9.21412,-0.64702,0.9557,-74.90,-0.0785,21.69,3.92,0.490,0.503,0.205,0.0230,0.0500
20675,-24.45306,-8.05933,-16.39373,-6.55641,-9.22256,-0.61477,0.9546,-15.86,-0.0163,21.50,4.21,0.490,0.503,0.205,0.0230,0.0500
20700,-24.42602,-7.99990,-16.42612,-6.56843,-9.22535,-0.63234,0.9564,-75.96,-0.0796,21.62,3.77,0.490,0.503,0.205,0.0230,0.0500
20725,-24.54142,-8.10122,-16.44020,-6.58180,-9.23910,-0.61929,0.9583,-74.84,-0.0784,21.69,3.96,0.490,0.503,0.205,0.0230,0.0500
20750,-24.65258,-8.24587,-16.40671,-6.57802,-9.21502,-0.61367,0.9578,-166.34,-0.1743,21.70,3.84,0.490,0.503,0.205,0.0230,0.0500
20775,-24.55513,-8.14749,-16.40763,-6.54806,-9.23524,-0.62433,0.9534,-76.96,-0.0806,21.59,3.90,0.490,0.503,0.205,0.0230,0.0500
20800,-24.70841,-8.26840,-16.44002,-6.58047,-9.21048,-0.64907,0.9581,-193.62,-0.1993,21.40,4.13,0.490,0.503,0.205,0.0230,0.0500
20825,-24.68340,-8.19631,-16.48709,-6.60404,-9.27191,-0.61114,0.9616,-284.06,-0.2923,21.51,3.99,0.490,0.503,0.205,0.0230,0.0500
20850,-24.61673,-8.17340,-16.44334,-6.55715,-9.26391,-0.62228,0.9547,-282.67,-0.2908,21.48,3.91,0.490,0.503,0.205,0.0230,0.0500
20875,-24.52563,-8.07405,-16.45158,-6.56249,-9.26455,-0.62454,0.9555,-189.58,-0.1951,21.36,4.07,0.490,0.503,0.205,0.0230,0.0500
20900,-24.68302,-8.19319,-16.48983,-6.57204,-9.30364,-0.61415,0.9569,-279.71,-0.2878,21.50,3.91,0.490,0.503,0.205,0.0230,0.0500
20925,-24.73247,-8.27572,-16.45675,-6.58564,-9.25576,-0.61536,0.9589,-99.95,-0.1029,21.60,3.89,0.490,0.503,0.205,0.0230,0.0500
20950,-24.71529,-8.19910,-16.51620,-6.58866,-9.30119,-0.62634,0.9593,-11.16,-0.0115,21.60,3.94,0.490,0.503,0.205,0.0230,0.0500
20975,-24.49420,-8.06902,-16.42518,-6.52772,-9.25020,-0.64727,0.9505,-9.57,-0.0098,21.52,3.98,0.490,0.503,0.205,0.0230,0.0500
21000,-24.59092,-8.13494,-16.45599,-6.56603,-9.24929,-0.64067,0.9560,-275.69,-0.2836,21.63,3.80,0.490,0.503,0.195,0.0219,0.0500
21025,-24.64251,-8.17144,-16.47107,-6.55800,-9.27782,-0.63524,0.9549,-364.80,-0.3752,21.50,3.93,0.490,0.503,0.195,0.0219,0.0500
21050,-24.60473,-8.18895,-16.41578,-6.56823,-9.23781,-0.60974,0.9564,-183.70,-0.1889,21.64,3.87,0.490,0.503,0.195,0.0219,0.0500
21075,-24.68105,-8.21332,-16.46774,-6.58554,-9.28198,-0.60022,0.9589,-185.09,-0.1904,21.44,3.86,0.490,0.503,0.195,0.0219,0.0500
21100,-24.64401,-8.16316,-16.48084,-6.58050,-9.26869,-0.63165,0.9581,-365.13,-0.3755,21.33,4.03,0.490,0.503,0.195,0.0219,0.0500
21125,-24.56799,-8.13183,-16.43616,-6.56001,-9.21800,-0.65814,0.9552,-249.06,-0.2608,21.41,4.05,0.490,0.503,0.195,0.0219,0.0500
21150,-24.67620,-8.22822,-16.44799,-6.54557,-9.24645,-0.65597,0.9531,-248.91,-0.2606,21.53,3.78,0.490,0.503,0.195,0.0219,0.0500
21175,-24.81644,-8.34332,-16.47312,-6.58722,-9.25779,-0.62811,0.9591,-337.31,-0.3532,21.37,3.99,0.490,0.503,0.195,0.0219,0.0500
21200,-24.74448,-8.34941,-16.39507,-6.54931,-9.22003,-0.62573,0.9536,-247.68,-0.2593,21.46,3.77,0.490,0.503,0.195,0.0219,0.0500
21225,-24.70730,-8.30537,-16.40193,-6.54515,-9.21740,-0.63938,0.9530,-250.45,-0.2621,21.44,3.78,0.490,0.503,0.195,0.0219,0.0500
21250,-24.74935,-8.25829,-16.49106,-6.58631,-9.27275,-0.63200,0.9590,113.29,0.1186,21.20,3.89,0.490,0.503,0.195,0.0219,0.0500
21275,-24.61462,-8.20620,-16.40841,-6.55357,-9.22421,-0.63063,0.9542,-246.46,-0.2579,21.52,3.74,0.490,0.503,0.195,0.0219,0.0500
21300,-24.65689,-8.21607,-16.44083,-6.57265,-9.24156,-0.62661,0.9570,-67.02,-0.0702,21.52,3.76,0.490,0.503,0.195,0.0219,0.0500
21325,-24.82356,-8.34409,-16.47947,-6.58558,-9.25041,-0.64348,0.9589,-158.40,-0.1659,21.49,3.81,0.490,0.503,0.195,0.0219,0.0500
21350,-24.65611,-8.26625,-16.38986,-6.57665,-9.17149,-0.64171,0.9576,-158.75,-0.1662,21.77,3.68,0.489,0.503,0.195,0.0219,0.0500
21375,-24.69373,-8.23417,-16.45955,-6.59752,-9.26350,-0.59854,0.9606,-158.12,-0.1656,21.85,3.65,0.490,0.503,0.195,0.0219,0.0500
21400,-24.70681,-8.26217,-16.44464,-6.57365,-9.24013,-0.63087,0.9571,-65.74,-0.0689,21.56,3.87,0.490,0.503,0.195,0.0219,0.0500
21425,-24.66134,-8.28070,-16.38064,-6.52203,-9.19371,-0.66489,0.9496,25.06,0.0262,21.60,3.93,0.490,0.503,0.195,0.0219,0.0500
21450,-24.79686,-8.32740,-16.46946,-6.56603,-9.27996,-0.62347,0.9560,25.68,0.0269,21.56,3.89,0.490,0.503,0.195,0.0219,0.0500
21475,-24.83534,-8.36433,-16.47101,-6.57121,-9.27374,-0.62606,0.9568,115.85,0.1213,21.58,3.82,0.490,0.503,0.195,0.0219,0.0500
21500,-24.87111,-8.37839,-16.49272,-6.57078,-9.28883,-0.63310,0.9567,206.87,0.2167,21.56,3.87,0.490,0.503,0.195,0.0219,0.0500
21525,-24.81587,-8.30608,-16.50980,-6.59287,-9.27755,-0.63938,0.9599,-63.18,-0.0662,21.40,3.82,0.490,0.503,0.195,0.0219,0.0500
21550,-24.94070,-8.40233,-16.53837,-6.59919,-9.32082,-0.61836,0.9609,26.98,0.0283,21.62,3.67,0.490,0.503,0.195,0.0219,0.0500
21575,-24.81601,-8.35010,-16.46590,-6.56487,-9.25207,-0.64896,0.9559,28.30,0.0296,21.54,3.84,0.490,0.503,0.195,0.0219,0.0500
21600,-24.82865,-8.38064,-16.44801,-6.56731,-9.24346,-0.63723,0.9562,117.49,0.1231,21.60,3.70,0.490,0.503,0.195,0.0219,0.0500
21625,-24.74660,-8.39984,-16.34676,-6.52521,-9.15800,-0.66354,0.9501,-242.64,-0.2541,21.63,3.86,0.490,0.503,0.195,0.0219,0.0500
21650,-24.84554,-8.39918,-16.44636,-6.56740,-9.22754,-0.65142,0.9562,27.33,0.0286,21.55,3.81,0.490,0.503,0.195,0.0219,0.0500
21675,-24.82062,-8.36189,-16.45873,-6.55085,-9.25717,-0.65072,0.9538,-152.07,-0.1592,21.56,3.75,0.490,0.503,0.195,0.0219,0.0500
21700,-24.90958,-8.38997,-16.51961,-6.60246,-9.29348,-0.62368,0.9613,-241.97,-0.2533,21.49,3.84,0.490,0.503,0.195,0.0219,0.0500
21725,-24.79090,-8.30300,-16.48790,-6.57725,-9.26802,-0.64264,0.9577,-357.43,-0.3675,21.41,3.84,0.490,0.503,0.195,0.0219,0.0500
21750,-24.82288,-8.35741,-16.46547,-6.58027,-9.24609,-0.63911,0.9581,28.68,0.0300,21.60,3.71,0.489,0.503,0.195,0.0219,0.0500
21775,-24.78587,-8.35713,-16.42874,-6.55453,-9.21929,-0.65492,0.9544,-330.98,-0.3466,21.63,3.69,0.490,0.503,0.195,0.0219,0.0500
21800,-24.78762,-8.38101,-16.40661,-6.56889,-9.22726,-0.61046,0.9565,28.56,0.0299,21.43,3.70,0.490,0.503,0.195,0.0219,0.0500
21825,-24.78758,-8.32035,-16.46723,-6.56685,-9.27080,-0.62957,0.9562,28.81,0.0302,21.31,3.95,0.490,0.503,0.195,0.0219,0.0500
21850,-24.76753,-8.31959,-16.44795,-6.55118,-9.24183,-0.65494,0.9539,1.21,0.0012,21.10,3.97,0.490,0.503,0.195,0.0219,0.0500
21875,-24.73840,-8.29361,-16.44479,-6.57222,-9.22128,-0.65129,0.9569,-61.50,-0.0644,21.42,3.74,0.490,0.503,0.195,0.0219,0.0500
21900,-24.79869,-8.34777,-16.45092,-6.56733,-9.22989,-0.65369,0.9562,-88.85,-0.0914,21.46,3.88,0.490,0.503,0.195,0.0219,0.0500
21925,-24.79970,-8.39524,-16.40445,-6.57092,-9.20302,-0.63051,0.9567,-268.56,-0.2762,21.37,3.85,0.489,0.503,0.195,0.0219,0.0500
21950,-24.93399,-8.45225,-16.48174,-6.58725,-9.24069,-0.65380,0.9591,-177.33,-0.1824,21.30,3.79,0.490,0.503,0.195,0.0219,0.0500
21975,-24.91989,-8.45266,-16.46723,-6.58392,-9.22988,-0.65343,0.9586,-268.08,-0.2757,21.57,3.60,0.489,0.503,0.195,0.0219,0.0500
22000,-24.91659,-8.48231,-16.43427,-6.53465,-9.23399,-0.66563,0.9515,-177.30,-0.1823,21.48,3.81,0.489,0.503,0.185,0.0208,0.0500
22025,-25.02770,-8.52319,-16.50452,-6.58511,-9.26956,-0.64985,0.9588,-177.26,-0.1823,21.32,3.86,0.489,0.503,0.185,0.0208,0.0500
22050,-24.89592,-8.43494,-16.46098,-6.54392,-9.25329,-0.66378,0.9528,-357.04,-0.3671,21.22,3.95,0.489,0.503,0.185,0.0208,0.0500
22075,-25.04673,-8.54003,-16.50670,-6.60364,-9.28533,-0.61774,0.9615,-356.36,-0.3663,21.14,3.86,0.489,0.503,0.185,0.0208,0.0500
22100,-24.98565,-8.46002,-16.52563,-6.57597,-9.31601,-0.63364,0.9575,-267.01,-0.2745,21.25,3.85,0.489,0.503,0.185,0.0208,0.0500
22125,-24.91825,-8.43463,-16.48362,-6.54169,-9.30648,-0.63545,0.9525,-356.31,-0.3664,21.26,3.93,0.489,0.503,0.185,0.0208,0.0500
22150,-25.03288,-8.50863,-16.52425,-6.57621,-9.28616,-0.66189,0.9575,-86.52,-0.0890,21.19,4.01,0.489,0.503,0.185,0.0208,0.0500
22175,-25.04066,-8.51676,-16.52389,-6.57295,-9.31099,-0.63996,0.9570,-267.55,-0.2751,21.47,3.71,0.489,0.503,0.185,0.0208,0.0500
22200,-25.03992,-8.55031,-16.48961,-6.57926,-9.29033,-0.62001,0.9580,-177.14,-0.1821,21.28,3.81,0.489,0.503,0.185,0.0208,0.0500
22225,-25.01447,-8.48777,-16.52670,-6.58205,-9.29478,-0.64987,0.9584,-536.09,-0.5509,21.34,3.80,0.489,0.503,0.185,0.0208,0.0500
22250,-25.09705,-8.55567,-16.54137,-6.59256,-9.31371,-0.63511,0.9599,-176.55,-0.1814,21.42,3.81,0.489,0.503,0.185,0.0208,0.0500
22275,-25.14249,-8.60525,-16.53724,-6.57236,-9.31084,-0.65405,0.9570,-356.23,-0.3660,21.27,4.00,0.489,0.503,0.185,0.0208,0.0500
22300,-25.09733,-8.56114,-16.53619,-6.58471,-9.30948,-0.64199,0.9588,-356.13,-0.3660,21.45,3.95,0.489,0.503,0.185,0.0208,0.0500
22325,-25.08399,-8.57293,-16.51106,-6.55895,-9.29589,-0.65622,0.9550,-333.35,-0.3404,21.32,3.84,0.489,0.503,0.185,0.0208,0.0500
22350,-24.96795,-8.49866,-16.46929,-6.55464,-9.24701,-0.66764,0.9544,-263.16,-0.2704,21.27,3.97,0.489,0.503,0.185,0.0208,0.0500
22375,-25.22599,-8.67615,-16.54984,-6.59733,-9.29561,-0.65690,0.9606,-441.94,-0.4542,21.46,3.79,0.489,0.503,0.185,0.0208,0.0500
22400,-25.21443,-8.60692,-16.60752,-6.59724,-9.36326,-0.64701,0.9606,-442.30,-0.4543,21.19,3.79,0.489,0.503,0.185,0.0208,0.0500
22425,-24.94356,-8.46934,-16.47422,-6.56571,-9.27281,-0.63570,0.9560,-442.97,-0.4549,21.23,3.80,0.489,0.503,0.185,0.0208,0.0500
22450,-25.12374,-8.58150,-16.54224,-6.58655,-9.33386,-0.62182,0.9590,-441.25,-0.4531,21.35,3.76,0.489,0.503,0.185,0.0208,0.0500
22475,-25.04560,-8.51865,-16.52694,-6.56332,-9.32770,-0.63593,0.9556,-324.56,-0.3395,21.47,3.66,0.489,0.503,0.185,0.0208,0.0500
22500,-25.03289,-8.53195,-16.50094,-6.58724,-9.27095,-0.64274,0.9591,-329.45,-0.3363,21.60,3.53,0.489,0.503,0.185,0.0208,0.0500
22525,-24.93213,-8.46273,-16.46940,-6.53812,-9.28754,-0.64374,0.9520,-168.95,-0.1735,21.36,3.83,0.489,0.503,0.185,0.0208,0.0500
22550,-25.02381,-8.52033,-16.50348,-6.58449,-9.28324,-0.63575,0.9587,-79.15,-0.0813,21.37,3.83,0.489,0.503,0.185,0.0208,0.0500
22575,-25.12264,-8.54141,-16.58123,-6.58099,-9.35521,-0.64503,0.9582,12.55,0.0129,21.56,3.66,0.489,0.503,0.185,0.0208,0.0500
22600,-25.10976,-8.59190,-16.51787,-6.53755,-9.34276,-0.63756,0.9519,13.43,0.0138,21.50,3.67,0.489,0.503,0.185,0.0208,0.0500
22625,-25.14685,-8.62850,-16.51835,-6.56211,-9.30241,-0.65383,0.9555,13.20,0.0136,21.70,3.55,0.489,0.503,0.185,0.0208,0.0500
22650,-25.09991,-8.60682,-16.49309,-6.54310,-9.30697,-0.64302,0.9527,303.90,0.3103,21.61,3.61,0.489,0.503,0.185,0.0208,0.0500
22675,-25.04321,-8.56026,-16.48295,-6.56056,-9.27597,-0.64642,0.9552,123.82,0.1265,21.87,3.54,0.489,0.503,0.185,0.0208,0.0500
22700,-25.12534,-8.57986,-16.54548,-6.57848,-9.33043,-0.63658,0.9578,-55.05,-0.0562,21.68,3.70,0.489,0.503,0.185,0.0208,0.0500
22725,-25.17454,-8.62991,-16.54463,-6.56835,-9.34548,-0.63080,0.9564,-145.63,-0.1487,21.20,3.93,0.489,0.503,0.185,0.0208,0.0500
22750,-25.03305,-8.55107,-16.48198,-6.56302,-9.28562,-0.63334,0.9556,-144.36,-0.1474,21.36,3.91,0.489,0.503,0.185,0.0208,0.0500
22775,-25.15567,-8.61454,-16.54114,-6.58283,-9.29927,-0.65904,0.9585,-145.08,-0.1482,21.45,3.73,0.489,0.503,0.185,0.0208,0.0500
22800,-25.18902,-8.63041,-16.55861,-6.58373,-9.31212,-0.66276,0.9586,-57.12,-0.0583,21.43,3.72,0.489,0.503,0.185,0.0208,0.0500
22825,-25.25690,-8.70035,-16.55654,-6.60454,-9.31241,-0.63959,0.9616,-327.56,-0.3343,21.37,3.76,0.489,0.503,0.185,0.0208,0.0500
22850,-25.22439,-8.67538,-16.54901,-6.58760,-9.31936,-0.64205,0.9592,-416.39,-0.4251,21.44,3.65,0.489,0.503,0.185,0.0208,0.0500
22875,-25.18884,-8.64210,-16.54674,-6.58621,-9.34203,-0.61850,0.9590,-56.52,-0.0577,21.52,3.75,0.489,0.503,0.185,0.0208,0.0500
22900,-25.01834,-8.57366,-16.44468,-6.56760,-9.23826,-0.63882,0.9563,124.74,0.1274,21.66,3.64,0.489,0.503,0.185,0.0208,0.0500
22925,-24.98950,-8.60441,-16.38509,-6.53610,-9.20407,-0.64492,0.9517,-146.29,-0.1494,21.37,3.86,0.489,0.503,0.185,0.0208,0.0500
22950,-25.02781,-8.50709,-16.52071,-6.58961,-9.30036,-0.63075,0.9595,221.56,0.2320,21.58,3.76,0.489,0.503,0.185,0.0208,0.0500
22975,-24.98983,-8.49344,-16.49639,-6.59826,-9.27250,-0.62562,0.9607,-255.94,-0.2630,21.37,3.68,0.489,0.503,0.185,0.0208,0.0500
23000,-25.00192,-8.47352,-16.52840,-6.60451,-9.28567,-0.63822,0.9616,-165.67,-0.1702,21.33,3.94,0.489,0.503,0.176,0.0197,0.0500
23025,-25.09232,-8.54315,-16.54916,-6.59108,-9.33407,-0.62402,0.9597,-76.07,-0.0782,21.25,3.97,0.489,0.503,0.176,0.0197,0.0500
23050,-24.89594,-8.49328,-16.40266,-6.55429,-9.20572,-0.64264,0.9543,-76.08,-0.0782,21.14,3.93,0.489,0.503,0.176,0.0197,0.0500
23075,-24.98746,-8.50858,-16.47889,-6.54973,-9.24915,-0.68000,0.9537,-75.01,-0.0771,21.23,3.89,0.489,0.503,0.176,0.0197,0.0500
23100,-24.88366,-8.46224,-16.42142,-6.55878,-9.21840,-0.64424,0.9550,-433.45,-0.4453,21.06,4.04,0.489,0.503,0.176,0.0197,0.0500
23125,-24.99504,-8.57760,-16.41745,-6.56468,-9.20750,-0.64527,0.9558,-432.20,-0.4440,21.17,4.01,0.489,0.503,0.176,0.0197,0.0500
23150,-24.91990,-8.51216,-16.40774,-6.55717,-9.18125,-0.66932,0.9547,-504.82,-0.5153,21.10,4.01,0.489,0.503,0.176,0.0197,0.0500
23175,-25.09070,-8.57679,-16.51392,-6.58428,-9.30556,-0.62408,0.9587,-430.31,-0.4420,21.31,3.82,0.489,0.503,0.176,0.0197,0.0500
23200,-25.13210,-8.53982,-16.59227,-6.60126,-9.36362,-0.62740,0.9612,-322.91,-0.3297,21.44,3.87,0.489,0.503,0.176,0.0197,0.0500
23225,-25.11624,-8.54108,-16.57516,-6.56716,-9.34994,-0.65806,0.9562,-322.13,-0.3289,21.48,3.92,0.489,0.503,0.176,0.0197,0.0500
23250,-25.08694,-8.52311,-16.56383,-6.58545,-9.33462,-0.64375,0.9589,-413.34,-0.4220,21.23,3.91,0.489,0.503,0.176,0.0197,0.0500
23275,-25.03238,-8.53686,-16.49552,-6.57702,-9.28135,-0.63715,0.9576,-412.44,-0.4210,21.22,4.00,0.489,0.503,0.176,0.0197,0.0500
23300,-24.98927,-8.42296,-16.56631,-6.59886,-9.33278,-0.63467,0.9608,-503.01,-0.5134,21.32,4.08,0.489,0.503,0.176,0.0197,0.0500
23325,-25.02686,-8.50443,-16.52243,-6.58995,-9.29858,-0.63390,0.9595,-413.97,-0.4228,21.30,3.81,0.489,0.503,0.176,0.0197,0.0500
23350,-25.13492,-8.57059,-16.56432,-6.58666,-9.33605,-0.64161,0.9590,-323.11,-0.3300,21.12,3.95,0.489,0.503,0.176,0.0197,0.0500
23375,-25.02649,-8.53064,-16.49586,-6.53670,-9.30125,-0.65790,0.9518,-322.54,-0.3294,21.22,3.75,0.489,0.503,0.176,0.0197,0.0500
23400,-25.09791,-8.50723,-16.59068,-6.60884,-9.36508,-0.61676,0.9623,-682.17,-0.6967,21.46,3.62,0.489,0.503,0.176,0.0197,0.0500
23425,-25.03079,-8.49513,-16.53566,-6.59480,-9.32266,-0.61820,0.9602,-411.63,-0.4206,21.38,3.67,0.490,0.503,0.176,0.0197,0.0500
23450,-25.03367,-8.52522,-16.50846,-6.58099,-9.27916,-0.64830,0.9582,-159.70,-0.1642,21.34,3.74,0.490,0.503,0.176,0.0197,0.0500
23475,-24.99571,-8.45829,-16.53742,-6.56833,-9.30156,-0.66753,0.9564,-159.50,-0.1640,21.22,3.93,0.490,0.503,0.176,0.0197,0.0500
23499,-25.03831,-8.45766,-16.58066,-6.58346,-9.36863,-0.62857,0.9586,-68.87,-0.0708,21.24,3.88,0.490,0.503,0.176,0.0197,0.0500
