cycle,Eall,EvdW,Emag,Ez,Edd,Ea,Mz,twist_deg,twist_rate,width_nm,coil_nm,acc_mech,acc_mag,delta_s,delta_a,delta_tw
0,-9.57709,-4.61948,-4.95761,-0.32969,-3.83664,-0.79128,0.1199,-17.57,-0.0182,30.48,0.85,0.374,0.714,1.337,0.1500,0.0500
25,-15.59190,-5.15318,-10.43872,-1.65810,-8.22405,-0.55656,0.6028,63.06,0.0653,31.55,2.05,0.290,0.686,1.207,0.1354,0.0500
50,-15.96645,-5.29445,-10.67199,-1.84133,-8.24068,-0.58998,0.6695,-26.23,-0.0272,31.11,2.74,0.277,0.672,1.035,0.1161,0.0500
75,-16.41548,-5.50545,-10.91003,-2.12150,-8.23373,-0.55480,0.7713,-25.73,-0.0266,30.97,2.18,0.275,0.657,0.934,0.1048,0.0500
100,-16.61718,-5.63746,-10.97972,-2.16842,-8.25722,-0.55408,0.7884,-13.14,-0.0136,30.91,2.38,0.277,0.643,0.801,0.0898,0.0500
125,-16.77002,-5.74223,-11.02779,-2.22406,-8.22137,-0.58236,0.8086,-13.54,-0.0140,30.84,0.73,0.282,0.627,0.722,0.0811,0.0500
150,-17.01680,-5.86354,-11.15326,-2.34321,-8.24233,-0.56772,0.8519,-14.79,-0.0153,30.73,0.74,0.291,0.611,0.619,0.0695,0.0500
175,-17.05436,-5.90673,-11.14762,-2.37379,-8.23614,-0.53770,0.8630,-15.49,-0.0161,30.70,1.35,0.303,0.596,0.559,0.0627,0.0500
200,-17.13306,-5.93861,-11.19445,-2.41384,-8.19773,-0.58288,0.8776,-18.32,-0.0190,30.89,0.93,0.315,0.584,0.479,0.0538,0.0500
225,-17.12704,-5.95392,-11.17313,-2.40354,-8.19653,-0.57305,0.8739,-18.82,-0.0195,31.32,1.63,0.330,0.575,0.433,0.0485,0.0500
250,-17.13263,-5.96323,-11.16940,-2.39312,-8.19816,-0.57813,0.8701,-109.39,-0.1132,31.21,3.95,0.346,0.567,0.410,0.0460,0.0500
275,-17.27657,-6.02678,-11.24979,-2.42851,-8.25288,-0.56840,0.8829,-18.52,-0.0192,31.46,1.47,0.359,0.561,0.409,0.0459,0.0500
300,-17.28622,-6.06638,-11.21984,-2.41430,-8.21594,-0.58959,0.8778,-18.42,-0.0191,30.99,1.32,0.370,0.556,0.387,0.0435,0.0500
325,-17.33684,-6.10356,-11.23328,-2.41891,-8.22465,-0.58972,0.8794,-18.41,-0.0191,30.94,1.02,0.380,0.552,0.387,0.0434,0.0500
350,-17.24483,-6.10082,-11.14401,-2.44060,-8.12997,-0.57344,0.8873,-19.65,-0.0204,31.13,1.14,0.388,0.548,0.366,0.0411,0.0500
375,-17.33307,-6.11809,-11.21498,-2.43667,-8.18490,-0.59340,0.8859,-20.24,-0.0210,30.98,1.03,0.396,0.546,0.365,0.0410,0.0500
400,-17.38616,-6.20180,-11.18436,-2.45142,-8.13595,-0.59700,0.8913,-20.66,-0.0214,30.99,1.12,0.403,0.543,0.383,0.0429,0.0500
425,-17.40100,-6.20310,-11.19789,-2.45979,-8.16810,-0.57000,0.8943,-21.41,-0.0222,30.99,1.20,0.408,0.541,0.345,0.0387,0.0500
450,-17.39715,-6.18065,-11.21650,-2.45651,-8.18231,-0.57768,0.8931,-21.26,-0.0220,30.96,1.07,0.413,0.539,0.362,0.0406,0.0500
475,-17.43400,-6.22615,-11.20785,-2.46832,-8.15946,-0.58007,0.8974,-20.55,-0.0213,30.91,0.97,0.417,0.536,0.361,0.0405,0.0500
500,-17.44290,-6.25714,-11.18576,-2.45032,-8.13811,-0.59732,0.8909,-109.98,-0.1139,30.86,1.50,0.422,0.535,0.342,0.0384,0.0500
525,-17.45624,-6.20921,-11.24703,-2.44784,-8.20570,-0.59349,0.8900,-20.29,-0.0210,30.40,2.53,0.426,0.533,0.341,0.0383,0.0500
550,-17.42136,-6.21569,-11.20568,-2.48480,-8.15111,-0.56977,0.9034,-19.99,-0.0207,30.66,1.91,0.429,0.531,0.357,0.0401,0.0500
575,-17.46530,-6.26116,-11.20414,-2.47183,-8.15615,-0.57616,0.8987,-20.30,-0.0210,30.82,1.97,0.432,0.530,0.356,0.0400,0.0500
600,-17.41486,-6.20890,-11.20596,-2.48795,-8.14074,-0.57727,0.9045,-20.41,-0.0211,31.03,1.91,0.435,0.529,0.338,0.0379,0.0500
625,-17.45588,-6.24103,-11.21486,-2.45106,-8.15786,-0.60594,0.8911,-19.65,-0.0203,30.74,2.58,0.437,0.528,0.337,0.0378,0.0500
650,-17.51142,-6.29813,-11.21329,-2.46600,-8.13719,-0.61010,0.8966,-19.17,-0.0199,30.83,2.63,0.440,0.527,0.353,0.0396,0.0500
675,-17.51206,-6.27861,-11.23345,-2.46420,-8.18147,-0.58779,0.8959,-19.76,-0.0205,30.72,1.31,0.442,0.526,0.352,0.0395,0.0500
700,-17.51022,-6.28220,-11.22802,-2.47078,-8.17799,-0.57925,0.8983,-16.10,-0.0167,30.40,1.90,0.444,0.525,0.333,0.0374,0.0500
725,-17.54532,-6.35055,-11.19477,-2.46337,-8.13363,-0.59777,0.8956,-17.15,-0.0178,30.64,2.64,0.446,0.524,0.333,0.0373,0.0500
750,-17.64548,-6.45952,-11.18596,-2.45899,-8.13488,-0.59209,0.8940,-18.02,-0.0187,31.19,3.63,0.447,0.523,0.315,0.0354,0.0500
775,-17.65384,-6.39857,-11.25527,-2.47525,-8.18245,-0.59757,0.8999,-111.16,-0.1151,30.94,4.10,0.449,0.523,0.314,0.0353,0.0500
800,-17.72947,-6.49353,-11.23594,-2.47179,-8.15273,-0.61142,0.8987,75.27,0.0776,30.79,4.62,0.450,0.522,0.329,0.0369,0.0500
825,-17.70640,-6.48853,-11.21787,-2.47401,-8.14782,-0.59603,0.8995,-14.10,-0.0145,30.50,4.88,0.452,0.522,0.328,0.0369,0.0500
850,-17.67390,-6.44423,-11.22967,-2.48024,-8.17110,-0.57833,0.9017,75.74,0.0781,30.88,4.95,0.453,0.521,0.344,0.0386,0.0500
875,-17.64782,-6.41381,-11.23400,-2.46473,-8.16854,-0.60073,0.8961,-14.47,-0.0149,30.57,5.02,0.455,0.521,0.343,0.0385,0.0500
900,-17.66230,-6.39323,-11.26907,-2.45901,-8.21479,-0.59527,0.8940,-18.57,-0.0192,30.78,4.69,0.456,0.520,0.325,0.0365,0.0500
925,-17.61110,-6.41755,-11.19355,-2.41295,-8.17447,-0.60613,0.8773,-13.30,-0.0137,31.26,4.20,0.457,0.520,0.324,0.0364,0.0500
950,-17.62420,-6.40552,-11.21868,-2.42260,-8.21786,-0.57822,0.8808,76.40,0.0788,31.00,4.61,0.458,0.519,0.340,0.0381,0.0500
975,-17.71029,-6.50159,-11.20870,-2.42022,-8.18134,-0.60713,0.8799,-13.38,-0.0138,30.82,5.07,0.459,0.519,0.307,0.0344,0.0500
1000,-17.81060,-6.52643,-11.28417,-2.44140,-8.24321,-0.59956,0.8876,76.21,0.0786,30.70,4.83,0.460,0.518,0.321,0.0360,0.0500
1025,-17.75823,-6.51950,-11.23873,-2.42839,-8.20042,-0.60992,0.8829,-13.96,-0.0144,30.79,4.81,0.461,0.518,0.320,0.0359,0.0500
1050,-17.76188,-6.50082,-11.26106,-2.42282,-8.21683,-0.62141,0.8809,-15.84,-0.0163,30.42,5.05,0.462,0.517,0.304,0.0341,0.0500
1075,-17.68222,-6.39804,-11.28419,-2.44168,-8.23661,-0.60589,0.8877,-14.19,-0.0146,30.75,4.43,0.463,0.517,0.303,0.0340,0.0500
1100,-17.73060,-6.46574,-11.26486,-2.42497,-8.22749,-0.61240,0.8817,-15.04,-0.0155,30.62,5.43,0.464,0.517,0.287,0.0322,0.0500
1125,-17.71778,-6.46801,-11.24977,-2.41074,-8.21327,-0.62575,0.8765,-11.95,-0.0123,30.92,4.43,0.465,0.516,0.316,0.0355,0.0500
1150,-17.73085,-6.46876,-11.26210,-2.43490,-8.22203,-0.60516,0.8853,-12.57,-0.0129,31.04,4.05,0.466,0.516,0.331,0.0372,0.0500
1175,-17.71820,-6.51160,-11.20660,-2.42123,-8.16322,-0.62215,0.8803,-10.46,-0.0108,30.56,3.70,0.467,0.516,0.331,0.0371,0.0500
1200,-17.81373,-6.56604,-11.24769,-2.41995,-8.21235,-0.61540,0.8798,-9.53,-0.0098,31.13,4.45,0.467,0.515,0.313,0.0351,0.0500
1225,-17.84922,-6.58472,-11.26450,-2.43368,-8.22072,-0.61011,0.8848,-10.03,-0.0103,31.06,5.07,0.468,0.515,0.283,0.0317,0.0500
1250,-17.86463,-6.59231,-11.27232,-2.42007,-8.23272,-0.61954,0.8799,-11.41,-0.0118,31.15,5.04,0.469,0.515,0.327,0.0367,0.0500
1275,-17.83650,-6.58673,-11.24977,-2.42667,-8.19192,-0.63118,0.8823,-10.91,-0.0112,31.34,4.93,0.469,0.514,0.326,0.0366,0.0500
1300,-17.81704,-6.59084,-11.22620,-2.41205,-8.19624,-0.61791,0.8770,-100.12,-0.1032,31.49,4.72,0.469,0.514,0.309,0.0347,0.0500
1325,-17.89549,-6.61837,-11.27713,-2.43170,-8.22126,-0.62416,0.8841,-9.35,-0.0096,30.98,4.83,0.470,0.514,0.309,0.0346,0.0500
1350,-17.94970,-6.64499,-11.30471,-2.44233,-8.26567,-0.59672,0.8880,-11.20,-0.0116,30.88,4.45,0.471,0.514,0.292,0.0328,0.0500
1375,-17.93146,-6.66616,-11.26530,-2.43219,-8.21862,-0.61449,0.8843,-13.66,-0.0142,31.62,4.06,0.471,0.514,0.292,0.0327,0.0500
1400,-17.91733,-6.66393,-11.25340,-2.42654,-8.20638,-0.62048,0.8822,-11.00,-0.0113,31.69,4.16,0.471,0.513,0.276,0.0310,0.0500
1425,-17.84693,-6.59203,-11.25490,-2.42088,-8.21247,-0.62154,0.8802,-11.96,-0.0123,30.40,4.39,0.472,0.513,0.305,0.0342,0.0500
1450,-17.90730,-6.61359,-11.29370,-2.41362,-8.25625,-0.62384,0.8775,-10.39,-0.0107,30.94,4.14,0.473,0.513,0.289,0.0324,0.0500
1475,-17.94999,-6.64349,-11.30651,-2.43791,-8.23743,-0.63116,0.8864,-10.48,-0.0108,31.06,4.51,0.473,0.513,0.288,0.0323,0.0500
1500,-17.89392,-6.60334,-11.29058,-2.42522,-8.24550,-0.61986,0.8817,-6.46,-0.0067,31.04,5.03,0.474,0.512,0.302,0.0338,0.0500
1525,-17.89718,-6.58278,-11.31440,-2.43815,-8.28306,-0.59319,0.8864,-9.12,-0.0094,30.76,4.87,0.474,0.512,0.301,0.0338,0.0500
1550,-17.97027,-6.68675,-11.28352,-2.41537,-8.23562,-0.63253,0.8782,-9.31,-0.0096,30.91,5.46,0.474,0.512,0.285,0.0320,0.0500
1575,-17.94009,-6.62097,-11.31912,-2.43437,-8.27474,-0.61001,0.8851,-9.15,-0.0094,30.97,5.23,0.475,0.512,0.284,0.0319,0.0500
1600,-17.95866,-6.65496,-11.30371,-2.42988,-8.26432,-0.60951,0.8834,-8.91,-0.0092,31.27,5.14,0.475,0.512,0.270,0.0302,0.0500
1625,-17.89092,-6.62278,-11.26814,-2.41898,-8.21811,-0.63105,0.8795,-10.64,-0.0110,30.63,4.92,0.476,0.511,0.297,0.0333,0.0500
1650,-18.01301,-6.71524,-11.29777,-2.39818,-8.27163,-0.62796,0.8719,-11.37,-0.0117,31.14,4.70,0.476,0.511,0.282,0.0316,0.0500
1675,-18.00265,-6.69720,-11.30545,-2.42514,-8.25071,-0.62960,0.8817,-12.45,-0.0128,30.73,5.34,0.477,0.511,0.310,0.0348,0.0500
1700,-17.95703,-6.69028,-11.26675,-2.43123,-8.21132,-0.62420,0.8839,-11.73,-0.0121,30.62,5.34,0.477,0.511,0.294,0.0330,0.0500
1725,-18.05783,-6.77896,-11.27887,-2.42397,-8.21088,-0.64402,0.8813,-12.01,-0.0124,31.21,4.56,0.477,0.511,0.293,0.0329,0.0500
1750,-18.07002,-6.80589,-11.26413,-2.44207,-8.21099,-0.61106,0.8879,-12.98,-0.0134,31.41,4.76,0.478,0.511,0.278,0.0312,0.0500
1775,-17.98590,-6.75095,-11.23495,-2.42609,-8.18140,-0.62746,0.8821,78.05,0.0805,30.99,4.82,0.478,0.511,0.277,0.0311,0.0500
1800,-18.10383,-6.82909,-11.27474,-2.45950,-8.20015,-0.61509,0.8942,-11.78,-0.0121,31.32,4.95,0.478,0.511,0.291,0.0326,0.0500
1825,-18.05452,-6.75793,-11.29658,-2.42903,-8.22878,-0.63878,0.8831,-11.70,-0.0121,30.86,4.93,0.479,0.511,0.290,0.0325,0.0500
1850,-18.07975,-6.78182,-11.29793,-2.44688,-8.23629,-0.61476,0.8896,78.23,0.0806,31.09,4.74,0.479,0.510,0.275,0.0308,0.0500
1875,-18.09974,-6.83863,-11.26111,-2.40227,-8.21171,-0.64713,0.8734,-13.59,-0.0140,30.89,5.00,0.479,0.510,0.274,0.0307,0.0500
1900,-18.09904,-6.84992,-11.24912,-2.42573,-8.19926,-0.62413,0.8819,-14.07,-0.0145,31.14,4.81,0.480,0.510,0.287,0.0322,0.0500
1925,-18.08363,-6.84214,-11.24149,-2.39971,-8.19312,-0.64867,0.8725,-13.20,-0.0136,30.20,5.67,0.480,0.510,0.286,0.0321,0.0500
1950,-18.08942,-6.82971,-11.25970,-2.43439,-8.20458,-0.62073,0.8851,-14.28,-0.0147,30.61,5.33,0.480,0.510,0.271,0.0304,0.0500
1975,-18.18178,-6.89902,-11.28276,-2.43881,-8.22660,-0.61735,0.8867,-13.51,-0.0139,30.74,5.20,0.480,0.510,0.271,0.0304,0.0500
2000,-18.12671,-6.82334,-11.30337,-2.42240,-8.24313,-0.63784,0.8807,-14.19,-0.0146,30.84,5.03,0.481,0.509,0.283,0.0318,0.0500
2025,-18.10872,-6.85755,-11.25117,-2.41961,-8.18462,-0.64695,0.8797,-13.92,-0.0143,31.05,4.83,0.481,0.509,0.283,0.0318,0.0500
2050,-18.14534,-6.90336,-11.24199,-2.41943,-8.18851,-0.63405,0.8796,-14.01,-0.0144,30.89,4.99,0.481,0.509,0.283,0.0318,0.0500
2075,-18.21263,-6.94102,-11.27161,-2.43125,-8.20580,-0.63457,0.8839,-13.82,-0.0142,30.75,5.35,0.481,0.509,0.283,0.0318,0.0500
2100,-18.19724,-6.96851,-11.22873,-2.44381,-8.14295,-0.64197,0.8885,-13.85,-0.0143,31.59,4.53,0.481,0.509,0.283,0.0318,0.0500
2125,-18.33460,-7.03783,-11.29677,-2.43720,-8.22172,-0.63785,0.8861,76.24,0.0785,30.71,4.59,0.481,0.509,0.283,0.0318,0.0500
2150,-18.18689,-6.93523,-11.25166,-2.42757,-8.20288,-0.62121,0.8826,-13.87,-0.0143,30.78,4.57,0.481,0.508,0.283,0.0318,0.0500
2175,-18.24919,-6.98097,-11.26823,-2.43389,-8.21767,-0.61667,0.8849,-12.40,-0.0128,30.38,4.59,0.481,0.508,0.283,0.0318,0.0500
2200,-18.22327,-6.99048,-11.23279,-2.43112,-8.16521,-0.63646,0.8839,257.13,0.2648,30.75,4.89,0.481,0.508,0.283,0.0318,0.0500
2225,-18.30156,-7.01763,-11.28393,-2.45212,-8.21532,-0.61650,0.8915,-102.89,-0.1060,30.76,4.09,0.481,0.508,0.283,0.0318,0.0500
2250,-18.31104,-7.05554,-11.25549,-2.44832,-8.17765,-0.62952,0.8901,-103.07,-0.1061,30.00,5.27,0.481,0.508,0.283,0.0318,0.0500
2275,-18.31991,-7.01641,-11.30350,-2.43641,-8.22887,-0.63823,0.8858,-283.64,-0.2920,30.61,4.85,0.481,0.508,0.283,0.0318,0.0500
2300,-18.31678,-7.05649,-11.26029,-2.43117,-8.19990,-0.62922,0.8839,-102.85,-0.1060,30.80,4.78,0.481,0.507,0.283,0.0318,0.0500
2325,-18.32236,-7.03502,-11.28735,-2.44625,-8.22446,-0.61663,0.8894,-192.04,-0.1980,30.72,4.56,0.481,0.507,0.283,0.0318,0.0500
2350,-18.32514,-7.04313,-11.28201,-2.44164,-8.20653,-0.63384,0.8877,-102.53,-0.1056,30.42,4.54,0.481,0.507,0.283,0.0318,0.0500
2375,-18.29425,-7.01664,-11.27761,-2.42577,-8.18194,-0.66991,0.8819,-103.38,-0.1065,31.22,4.79,0.481,0.507,0.283,0.0318,0.0500
2400,-18.35756,-7.02558,-11.33198,-2.45443,-8.24394,-0.63360,0.8924,-13.53,-0.0139,30.01,5.30,0.481,0.507,0.283,0.0318,0.0500
2425,-18.28571,-7.05065,-11.23506,-2.42814,-8.17595,-0.63098,0.8828,-103.92,-0.1071,30.20,4.89,0.481,0.507,0.283,0.0318,0.0500
2450,-18.37242,-7.07487,-11.29754,-2.43901,-8.24301,-0.61553,0.8868,-13.10,-0.0135,30.54,5.07,0.481,0.506,0.283,0.0318,0.0500
2475,-18.37633,-7.07439,-11.30194,-2.44981,-8.22589,-0.62624,0.8907,-13.38,-0.0138,30.76,4.37,0.481,0.506,0.283,0.0318,0.0500
2500,-18.30163,-7.04010,-11.26153,-2.42953,-8.17782,-0.65418,0.8833,-104.28,-0.1074,30.87,5.09,0.481,0.506,0.283,0.0318,0.0500
2525,-18.31885,-7.07898,-11.23987,-2.43528,-8.16402,-0.64058,0.8854,-13.65,-0.0141,31.24,4.39,0.481,0.506,0.283,0.0318,0.0500
2550,-18.33690,-7.07329,-11.26361,-2.41810,-8.18413,-0.66138,0.8792,-13.90,-0.0143,31.24,4.67,0.481,0.506,0.283,0.0318,0.0500
2575,-18.29940,-7.06987,-11.22953,-2.43270,-8.14851,-0.64832,0.8845,73.46,0.0756,31.42,4.87,0.481,0.506,0.283,0.0318,0.0500
2600,-18.31357,-7.07906,-11.23451,-2.44283,-8.14745,-0.64423,0.8881,-17.59,-0.0181,31.16,4.99,0.481,0.506,0.283,0.0318,0.0500
2625,-18.29445,-7.04794,-11.24651,-2.44300,-8.16753,-0.63598,0.8882,-107.51,-0.1107,31.11,5.08,0.481,0.506,0.283,0.0318,0.0500
2650,-18.26478,-7.03192,-11.23286,-2.45116,-8.15592,-0.62579,0.8912,-18.66,-0.0192,30.47,4.88,0.481,0.505,0.283,0.0318,0.0500
2675,-18.29211,-7.04634,-11.24577,-2.43706,-8.16699,-0.64172,0.8860,-109.31,-0.1125,31.04,4.48,0.481,0.505,0.283,0.0318,0.0500
2700,-18.42077,-7.12460,-11.29617,-2.45420,-8.19179,-0.65017,0.8923,-108.88,-0.1121,30.56,5.24,0.481,0.505,0.283,0.0318,0.0500
2725,-18.40736,-7.15181,-11.25555,-2.42078,-8.21474,-0.62004,0.8801,-16.42,-0.0169,30.72,5.30,0.481,0.505,0.283,0.0318,0.0500
2750,-18.39264,-7.13054,-11.26210,-2.42080,-8.18410,-0.65721,0.8801,-107.08,-0.1103,30.36,5.15,0.481,0.505,0.283,0.0318,0.0500
2775,-18.44267,-7.17075,-11.27191,-2.43696,-8.18505,-0.64990,0.8860,-107.26,-0.1104,30.54,4.86,0.481,0.505,0.283,0.0318,0.0500
2800,-18.42988,-7.13679,-11.29309,-2.42461,-8.19950,-0.66899,0.8815,-197.49,-0.2034,30.63,4.83,0.481,0.505,0.283,0.0318,0.0500
2825,-18.43779,-7.14868,-11.28911,-2.43054,-8.20552,-0.65305,0.8837,-102.62,-0.1058,30.55,5.20,0.481,0.505,0.283,0.0318,0.0500
2850,-18.39921,-7.13383,-11.26538,-2.43667,-8.18564,-0.64307,0.8859,-102.14,-0.1053,30.33,5.46,0.481,0.505,0.283,0.0318,0.0500
2875,-18.43187,-7.16796,-11.26391,-2.45354,-8.17690,-0.63347,0.8920,-11.39,-0.0117,31.27,5.12,0.481,0.504,0.283,0.0318,0.0500
2900,-18.45338,-7.20034,-11.25304,-2.41815,-8.16711,-0.66779,0.8792,-15.77,-0.0162,31.09,4.82,0.481,0.504,0.283,0.0318,0.0500
2925,-18.46068,-7.18865,-11.27203,-2.42573,-8.20092,-0.64538,0.8819,-100.56,-0.1037,30.94,5.23,0.481,0.504,0.283,0.0318,0.0500
2950,-18.45965,-7.16680,-11.29285,-2.43429,-8.22310,-0.63547,0.8850,-11.37,-0.0117,31.10,4.96,0.481,0.504,0.283,0.0318,0.0500
2975,-18.40080,-7.12766,-11.27313,-2.43048,-8.18330,-0.65936,0.8837,-100.61,-0.1037,31.21,4.71,0.480,0.504,0.283,0.0318,0.0500
3000,-18.46765,-7.20714,-11.26051,-2.44195,-8.18025,-0.63830,0.8878,-10.54,-0.0109,31.04,5.09,0.480,0.504,0.269,0.0302,0.0500
3025,-18.40578,-7.17570,-11.23008,-2.43769,-8.14860,-0.64379,0.8863,-12.55,-0.0130,31.46,4.59,0.480,0.504,0.269,0.0302,0.0500
3050,-18.44779,-7.22148,-11.22631,-2.42740,-8.16240,-0.63650,0.8825,-14.68,-0.0152,31.25,5.07,0.481,0.504,0.269,0.0302,0.0500
3075,-18.52580,-7.22274,-11.30306,-2.45048,-8.22982,-0.62276,0.8909,-12.11,-0.0125,31.31,4.73,0.481,0.504,0.269,0.0302,0.0500
3100,-18.44091,-7.18726,-11.25365,-2.42776,-8.18030,-0.64559,0.8827,-9.53,-0.0098,30.93,5.10,0.481,0.504,0.269,0.0302,0.0500
3125,-18.46261,-7.22301,-11.23960,-2.42299,-8.14006,-0.67655,0.8809,-10.72,-0.0110,31.18,5.29,0.481,0.504,0.269,0.0302,0.0500
3150,-18.55087,-7.26364,-11.28723,-2.46282,-8.19836,-0.62605,0.8954,-10.87,-0.0112,31.17,4.93,0.481,0.504,0.269,0.0302,0.0500
3175,-18.51072,-7.24804,-11.26269,-2.42256,-8.20711,-0.63301,0.8808,-10.94,-0.0113,30.93,5.33,0.481,0.504,0.269,0.0302,0.0500
3200,-18.50359,-7.23295,-11.27064,-2.45127,-8.18914,-0.63024,0.8912,-101.00,-0.1040,30.68,5.54,0.481,0.504,0.269,0.0302,0.0500
3225,-18.48459,-7.25283,-11.23177,-2.44562,-8.13644,-0.64971,0.8892,78.82,0.0813,31.06,5.57,0.481,0.504,0.269,0.0302,0.0500
3250,-18.47183,-7.24871,-11.22312,-2.43743,-8.14521,-0.64048,0.8862,77.31,0.0796,30.27,5.79,0.481,0.504,0.269,0.0302,0.0500
3275,-18.60156,-7.30045,-11.30111,-2.44921,-8.21563,-0.63627,0.8905,-13.09,-0.0135,30.21,5.89,0.481,0.504,0.269,0.0302,0.0500
3300,-18.45517,-7.20922,-11.24595,-2.44230,-8.16581,-0.63784,0.8880,-12.43,-0.0128,31.05,5.44,0.481,0.504,0.269,0.0302,0.0500
3325,-18.56307,-7.26285,-11.30022,-2.44868,-8.19941,-0.65213,0.8903,-13.28,-0.0137,31.03,5.50,0.481,0.504,0.269,0.0302,0.0500
3350,-18.50520,-7.22701,-11.27819,-2.43132,-8.20298,-0.64390,0.8840,77.31,0.0796,30.73,5.36,0.481,0.504,0.269,0.0302,0.0500
3375,-18.49092,-7.26311,-11.22781,-2.45119,-8.15154,-0.62508,0.8912,-11.25,-0.0116,30.77,5.09,0.481,0.504,0.269,0.0302,0.0500
3400,-18.64455,-7.32473,-11.31982,-2.44781,-8.22781,-0.64420,0.8900,-191.12,-0.1969,30.83,5.59,0.481,0.504,0.269,0.0302,0.0500
3425,-18.54093,-7.28976,-11.25117,-2.43832,-8.16423,-0.64862,0.8865,78.44,0.0808,30.49,5.36,0.481,0.504,0.269,0.0302,0.0500
3450,-18.56481,-7.29244,-11.27237,-2.43899,-8.19153,-0.64186,0.8867,-100.98,-0.1040,31.08,5.49,0.481,0.504,0.269,0.0302,0.0500
3475,-18.51800,-7.22277,-11.29523,-2.43778,-8.20267,-0.65478,0.8863,-10.83,-0.0112,30.59,5.95,0.481,0.504,0.269,0.0302,0.0500
3500,-18.54458,-7.27623,-11.26834,-2.43250,-8.18792,-0.64792,0.8844,-101.99,-0.1051,30.43,6.00,0.481,0.504,0.269,0.0302,0.0500
3525,-18.56101,-7.31873,-11.24228,-2.42583,-8.17730,-0.63915,0.8820,-100.48,-0.1035,30.98,5.93,0.481,0.504,0.269,0.0302,0.0500
3550,-18.58939,-7.32550,-11.26389,-2.42332,-8.21731,-0.62327,0.8810,-99.67,-0.1027,30.93,6.11,0.481,0.505,0.269,0.0302,0.0500
3575,-18.51035,-7.25711,-11.25324,-2.42272,-8.19069,-0.63983,0.8808,-10.96,-0.0113,31.20,5.52,0.481,0.505,0.269,0.0302,0.0500
3600,-18.55674,-7.27508,-11.28166,-2.43734,-8.21725,-0.62707,0.8861,-11.37,-0.0117,31.64,5.40,0.481,0.505,0.269,0.0302,0.0500
3625,-18.55489,-7.24217,-11.31272,-2.42528,-8.24417,-0.64326,0.8818,-11.24,-0.0116,31.31,5.33,0.481,0.505,0.269,0.0302,0.0500
3650,-18.55999,-7.25654,-11.30344,-2.43845,-8.22963,-0.63537,0.8865,-11.82,-0.0122,30.84,5.78,0.481,0.505,0.269,0.0302,0.0500
3675,-18.59916,-7.29106,-11.30810,-2.43326,-8.21872,-0.65612,0.8847,-11.60,-0.0119,30.77,5.77,0.481,0.505,0.269,0.0302,0.0500
3700,-18.64254,-7.33084,-11.31170,-2.42375,-8.22456,-0.66340,0.8812,-102.73,-0.1058,30.66,5.61,0.481,0.505,0.269,0.0302,0.0500
3725,-18.69644,-7.33994,-11.35650,-2.44280,-8.27945,-0.63424,0.8881,-103.42,-0.1065,31.00,5.86,0.481,0.505,0.269,0.0302,0.0500
3750,-18.64761,-7.34637,-11.30124,-2.44274,-8.21387,-0.64462,0.8881,-13.06,-0.0135,31.45,5.40,0.481,0.505,0.269,0.0302,0.0500
3775,-18.63286,-7.35277,-11.28009,-2.42996,-8.20415,-0.64598,0.8835,-193.47,-0.1993,31.36,5.84,0.481,0.505,0.269,0.0302,0.0500
3800,-18.64018,-7.31934,-11.32084,-2.43935,-8.24505,-0.63645,0.8869,-103.21,-0.1063,31.28,5.77,0.481,0.505,0.269,0.0302,0.0500
3825,-18.75132,-7.41653,-11.33479,-2.43605,-8.26820,-0.63053,0.8857,-101.67,-0.1047,30.51,6.25,0.481,0.505,0.269,0.0302,0.0500
3850,-18.66796,-7.40568,-11.26228,-2.42711,-8.20499,-0.63018,0.8824,-9.94,-0.0102,30.70,5.75,0.481,0.505,0.269,0.0302,0.0500
3875,-18.76768,-7.45045,-11.31723,-2.43753,-8.26345,-0.61625,0.8862,168.36,0.1733,30.68,6.16,0.481,0.505,0.269,0.0302,0.0500
3900,-18.70399,-7.41820,-11.28579,-2.42950,-8.20828,-0.64801,0.8833,-10.78,-0.0111,30.91,5.95,0.481,0.505,0.269,0.0302,0.0500
3925,-18.73393,-7.44346,-11.29047,-2.42943,-8.21210,-0.64895,0.8833,-99.85,-0.1028,30.61,5.88,0.480,0.505,0.269,0.0302,0.0500
3950,-18.76987,-7.45976,-11.31012,-2.41493,-8.26122,-0.63397,0.8780,81.73,0.0842,31.13,5.47,0.480,0.505,0.269,0.0302,0.0500
3975,-18.70790,-7.40653,-11.30137,-2.40510,-8.24084,-0.65543,0.8744,-8.25,-0.0085,30.58,5.69,0.480,0.505,0.269,0.0302,0.0500
4000,-18.68696,-7.45705,-11.22991,-2.42492,-8.15741,-0.64757,0.8816,81.00,0.0834,31.16,5.61,0.480,0.505,0.256,0.0287,0.0500
4025,-18.75905,-7.42913,-11.32992,-2.42282,-8.26172,-0.64538,0.8809,81.37,0.0838,30.76,5.73,0.480,0.505,0.256,0.0287,0.0500
4050,-18.75379,-7.45946,-11.29433,-2.40311,-8.20893,-0.68230,0.8737,-9.13,-0.0094,30.79,6.14,0.480,0.505,0.256,0.0287,0.0500
4075,-18.76141,-7.47297,-11.28844,-2.40311,-8.22870,-0.65663,0.8737,171.93,0.1770,30.75,6.54,0.480,0.505,0.256,0.0287,0.0500
4100,-18.81053,-7.44771,-11.36282,-2.41925,-8.28485,-0.65872,0.8796,-98.77,-0.1017,31.32,5.93,0.480,0.504,0.256,0.0287,0.0500
4125,-18.74140,-7.44107,-11.30033,-2.41364,-8.23395,-0.65275,0.8775,-8.33,-0.0086,30.95,6.37,0.480,0.504,0.256,0.0287,0.0500
4150,-18.74967,-7.42719,-11.32248,-2.41953,-8.28032,-0.62262,0.8797,-9.32,-0.0096,30.94,6.20,0.480,0.504,0.256,0.0287,0.0500
4175,-18.81135,-7.46806,-11.34330,-2.42478,-8.26984,-0.64867,0.8816,-10.26,-0.0106,30.54,5.74,0.480,0.504,0.256,0.0287,0.0500
4200,-18.68678,-7.40137,-11.28541,-2.40436,-8.22370,-0.65734,0.8742,80.69,0.0831,30.71,6.05,0.480,0.504,0.256,0.0287,0.0500
4225,-18.74248,-7.42426,-11.31823,-2.42204,-8.24580,-0.65039,0.8806,-9.53,-0.0098,31.21,5.83,0.480,0.504,0.256,0.0287,0.0500
4250,-18.79273,-7.44680,-11.34593,-2.41173,-8.24960,-0.68460,0.8768,-100.54,-0.1036,30.67,6.27,0.480,0.504,0.256,0.0287,0.0500
4275,-18.82823,-7.48247,-11.34575,-2.39579,-8.26256,-0.68741,0.8710,-11.02,-0.0113,31.30,5.90,0.480,0.504,0.256,0.0287,0.0500
4300,-18.73991,-7.43710,-11.30281,-2.42789,-8.22876,-0.64616,0.8827,78.99,0.0814,30.99,6.05,0.480,0.504,0.256,0.0287,0.0500
4325,-18.82111,-7.53974,-11.28137,-2.41693,-8.20572,-0.65872,0.8787,-11.57,-0.0119,30.87,6.15,0.480,0.504,0.256,0.0287,0.0500
4350,-18.86780,-7.50642,-11.36138,-2.44350,-8.28585,-0.63203,0.8884,167.45,0.1725,30.68,6.54,0.480,0.504,0.256,0.0287,0.0500
4375,-18.87419,-7.55456,-11.31963,-2.41467,-8.24906,-0.65590,0.8779,77.32,0.0796,30.90,6.14,0.480,0.504,0.256,0.0287,0.0500
4400,-18.83764,-7.47818,-11.35946,-2.42103,-8.26561,-0.67282,0.8802,78.52,0.0809,30.79,5.93,0.480,0.504,0.256,0.0287,0.0500
4425,-18.88694,-7.53726,-11.34967,-2.43699,-8.26257,-0.65011,0.8860,258.83,0.2666,30.82,5.74,0.480,0.504,0.256,0.0287,0.0500
4450,-18.90334,-7.57098,-11.33236,-2.40995,-8.26839,-0.65402,0.8762,259.93,0.2677,30.97,5.89,0.480,0.503,0.256,0.0287,0.0500
4475,-18.81698,-7.48739,-11.32960,-2.41593,-8.27209,-0.64157,0.8784,349.66,0.3601,30.69,5.93,0.480,0.503,0.256,0.0287,0.0500
4500,-18.88393,-7.53985,-11.34407,-2.42689,-8.27534,-0.64185,0.8823,-189.16,-0.1948,30.87,5.93,0.480,0.503,0.256,0.0287,0.0500
4525,-18.90725,-7.52849,-11.37876,-2.42734,-8.30436,-0.64707,0.8825,169.19,0.1742,30.96,5.79,0.480,0.503,0.256,0.0287,0.0500
4550,-18.86664,-7.56412,-11.30252,-2.42029,-8.22054,-0.66168,0.8799,168.76,0.1737,30.69,5.88,0.480,0.503,0.256,0.0287,0.0500
4575,-18.90523,-7.56937,-11.33586,-2.42126,-8.25100,-0.66360,0.8803,78.72,0.0811,30.99,6.15,0.480,0.503,0.256,0.0287,0.0500
4600,-18.92553,-7.59664,-11.32889,-2.41919,-8.23943,-0.67027,0.8795,77.16,0.0795,31.07,6.18,0.480,0.503,0.256,0.0287,0.0500
4625,-18.90993,-7.57549,-11.33444,-2.42946,-8.24879,-0.65619,0.8833,76.96,0.0792,30.95,6.13,0.479,0.503,0.256,0.0287,0.0500
4650,-18.89310,-7.55406,-11.33904,-2.43723,-8.25091,-0.65090,0.8861,255.70,0.2634,31.11,6.00,0.479,0.503,0.256,0.0287,0.0500
4675,-19.01470,-7.64131,-11.37338,-2.44314,-8.27794,-0.65231,0.8883,74.69,0.0769,30.80,6.27,0.479,0.503,0.256,0.0287,0.0500
4700,-18.92873,-7.60253,-11.32621,-2.42603,-8.23228,-0.66789,0.8820,-14.76,-0.0152,30.62,6.29,0.479,0.503,0.256,0.0287,0.0500
4725,-18.89155,-7.54881,-11.34274,-2.42171,-8.26412,-0.65691,0.8805,-14.86,-0.0153,30.76,6.23,0.479,0.503,0.256,0.0287,0.0500
4750,-18.87217,-7.53521,-11.33696,-2.41767,-8.25177,-0.66751,0.8790,73.79,0.0760,30.99,6.29,0.479,0.503,0.256,0.0287,0.0500
4775,-18.90025,-7.53766,-11.36259,-2.43431,-8.27289,-0.65539,0.8850,163.86,0.1688,30.71,6.41,0.479,0.503,0.256,0.0287,0.0500
4800,-18.87739,-7.52165,-11.35573,-2.43555,-8.26557,-0.65462,0.8855,-16.30,-0.0168,30.53,6.54,0.479,0.503,0.256,0.0287,0.0500
4825,-18.96395,-7.63793,-11.32601,-2.42287,-8.24206,-0.66109,0.8809,253.71,0.2614,30.48,6.32,0.479,0.502,0.256,0.0287,0.0500
4850,-18.88432,-7.58767,-11.29665,-2.42622,-8.22256,-0.64787,0.8821,253.03,0.2607,30.63,6.15,0.479,0.502,0.256,0.0287,0.0500
4875,-18.96473,-7.65037,-11.31435,-2.41414,-8.23052,-0.66969,0.8777,344.26,0.3546,30.96,6.34,0.479,0.502,0.256,0.0287,0.0500
4900,-18.95428,-7.62263,-11.33165,-2.43642,-8.23603,-0.65920,0.8858,-15.55,-0.0160,30.55,6.33,0.479,0.502,0.256,0.0287,0.0500
4925,-18.98348,-7.62769,-11.35579,-2.40507,-8.29797,-0.65275,0.8744,163.06,0.1680,30.37,6.60,0.479,0.502,0.256,0.0287,0.0500
4950,-18.92828,-7.61786,-11.31042,-2.42267,-8.21887,-0.66889,0.8808,162.72,0.1677,31.20,6.13,0.479,0.502,0.256,0.0287,0.0500
4975,-18.90900,-7.61786,-11.29114,-2.40774,-8.20534,-0.67807,0.8754,74.82,0.0771,30.77,6.37,0.479,0.502,0.256,0.0287,0.0500
5000,-18.95836,-7.59958,-11.35878,-2.43538,-8.25324,-0.67017,0.8854,74.89,0.0772,30.27,6.74,0.479,0.502,0.243,0.0273,0.0500
5025,-18.89341,-7.55395,-11.33946,-2.44143,-8.26376,-0.63427,0.8876,164.41,0.1694,31.34,6.22,0.479,0.502,0.243,0.0273,0.0500
5050,-18.95443,-7.66294,-11.29149,-2.42876,-8.19098,-0.67176,0.8830,-16.82,-0.0173,30.46,6.81,0.479,0.502,0.243,0.0273,0.0500
5075,-19.02710,-7.69389,-11.33321,-2.43216,-8.24522,-0.65583,0.8843,73.34,0.0756,30.79,6.44,0.479,0.502,0.243,0.0273,0.0500
5100,-19.02529,-7.68810,-11.33718,-2.44980,-8.22853,-0.65885,0.8907,162.77,0.1677,30.65,6.81,0.479,0.502,0.243,0.0273,0.0500
5125,-18.94823,-7.56351,-11.38471,-2.44247,-8.27934,-0.66290,0.8880,252.35,0.2601,30.87,6.59,0.479,0.502,0.243,0.0273,0.0500
5150,-19.03263,-7.64140,-11.39123,-2.44616,-8.30149,-0.64358,0.8894,72.15,0.0744,30.99,6.21,0.479,0.502,0.243,0.0273,0.0500
5175,-18.97204,-7.64926,-11.32279,-2.43906,-8.22826,-0.65547,0.8868,162.57,0.1676,30.81,6.47,0.479,0.502,0.243,0.0273,0.0500
5200,-18.98814,-7.60474,-11.38340,-2.41429,-8.30893,-0.66018,0.8778,-17.95,-0.0185,30.80,6.54,0.479,0.502,0.243,0.0273,0.0500
5225,-19.00610,-7.61946,-11.38664,-2.43753,-8.30556,-0.64356,0.8862,342.52,0.3532,31.21,6.20,0.479,0.502,0.243,0.0273,0.0500
5250,-19.00432,-7.64462,-11.35970,-2.43810,-8.25820,-0.66340,0.8864,251.48,0.2593,30.92,6.35,0.479,0.502,0.243,0.0273,0.0500
5275,-19.07636,-7.71527,-11.36109,-2.42600,-8.27253,-0.66256,0.8820,339.63,0.3502,31.03,6.24,0.479,0.502,0.243,0.0273,0.0500
5300,-19.03613,-7.68093,-11.35521,-2.42818,-8.25855,-0.66848,0.8828,159.10,0.1640,31.25,6.16,0.479,0.502,0.243,0.0273,0.0500
5325,-19.06263,-7.72592,-11.33671,-2.44378,-8.21616,-0.67677,0.8885,161.87,0.1669,31.16,5.91,0.479,0.502,0.243,0.0273,0.0500
5350,-19.08985,-7.71483,-11.37502,-2.46190,-8.26433,-0.64878,0.8951,251.50,0.2592,31.51,5.63,0.479,0.502,0.243,0.0273,0.0500
5375,-19.02973,-7.69070,-11.33903,-2.46578,-8.21516,-0.65809,0.8965,71.98,0.0742,31.22,6.42,0.479,0.502,0.243,0.0273,0.0500
5400,-19.02924,-7.68787,-11.34138,-2.46147,-8.21534,-0.66456,0.8949,341.71,0.3521,31.35,6.28,0.479,0.502,0.243,0.0273,0.0500
5425,-18.94315,-7.61299,-11.33016,-2.44733,-8.21514,-0.66769,0.8898,250.98,0.2586,31.30,5.99,0.479,0.502,0.243,0.0273,0.0500
5450,-19.02090,-7.65421,-11.36669,-2.46063,-8.23750,-0.66856,0.8946,161.27,0.1662,30.88,6.41,0.479,0.502,0.243,0.0273,0.0500
5475,-18.98820,-7.66799,-11.32021,-2.44672,-8.20415,-0.66934,0.8896,161.89,0.1668,30.61,6.40,0.479,0.502,0.243,0.0273,0.0500
5500,-18.95932,-7.62134,-11.33798,-2.48730,-8.21517,-0.63551,0.9043,71.14,0.0733,30.91,6.06,0.479,0.502,0.243,0.0273,0.0500
5525,-19.05968,-7.70833,-11.35135,-2.48522,-8.22734,-0.63879,0.9036,162.59,0.1676,31.18,5.66,0.479,0.502,0.243,0.0273,0.0500
5550,-18.96214,-7.64050,-11.32164,-2.46414,-8.18701,-0.67049,0.8959,73.67,0.0759,30.18,6.57,0.479,0.502,0.243,0.0273,0.0500
5575,-18.92617,-7.58693,-11.33924,-2.47796,-8.20445,-0.65683,0.9009,166.28,0.1714,30.27,6.49,0.479,0.502,0.243,0.0273,0.0500
5600,-18.92097,-7.59825,-11.32272,-2.47557,-8.17911,-0.66805,0.9000,75.91,0.0783,31.12,6.49,0.479,0.502,0.243,0.0273,0.0500
5625,-18.96507,-7.59677,-11.36829,-2.48693,-8.22686,-0.65451,0.9042,166.02,0.1712,31.15,6.63,0.479,0.503,0.243,0.0273,0.0500
5650,-18.96943,-7.63808,-11.33135,-2.48575,-8.19231,-0.65329,0.9037,-14.98,-0.0154,30.78,6.45,0.479,0.503,0.243,0.0273,0.0500
5675,-19.04834,-7.68217,-11.36617,-2.47616,-8.21504,-0.67498,0.9003,73.77,0.0760,30.64,6.29,0.479,0.503,0.243,0.0273,0.0500
5700,-18.97790,-7.68202,-11.29588,-2.46399,-8.17101,-0.66088,0.8958,-18.50,-0.0191,31.09,5.98,0.479,0.503,0.243,0.0273,0.0500
5725,-18.99968,-7.70166,-11.29802,-2.47444,-8.16890,-0.65467,0.8996,72.26,0.0745,30.94,6.03,0.479,0.503,0.243,0.0273,0.0500
5750,-18.97894,-7.57082,-11.40812,-2.50753,-8.26238,-0.63821,0.9117,71.68,0.0739,30.94,6.53,0.479,0.503,0.243,0.0273,0.0500
5775,-18.99264,-7.64230,-11.35034,-2.47157,-8.21998,-0.65879,0.8986,71.53,0.0737,31.19,6.53,0.479,0.503,0.243,0.0273,0.0500
5800,-18.89840,-7.54982,-11.34857,-2.47995,-8.20835,-0.66028,0.9016,161.02,0.1660,30.54,7.04,0.479,0.503,0.243,0.0273,0.0500
5825,-18.97491,-7.62285,-11.35206,-2.47599,-8.20783,-0.66823,0.9002,71.82,0.0740,30.49,7.03,0.479,0.503,0.243,0.0273,0.0500
5850,-18.91422,-7.57985,-11.33438,-2.47419,-8.20522,-0.65497,0.8995,71.88,0.0741,30.92,6.92,0.479,0.503,0.243,0.0273,0.0500
5875,-18.89604,-7.58768,-11.30836,-2.46630,-8.18541,-0.65666,0.8967,70.65,0.0728,30.77,7.05,0.479,0.503,0.243,0.0273,0.0500
5900,-18.92787,-7.61320,-11.31467,-2.47142,-8.19182,-0.65142,0.8985,161.52,0.1665,30.91,6.90,0.479,0.503,0.243,0.0273,0.0500
5925,-18.99440,-7.64876,-11.34564,-2.47056,-8.23847,-0.63661,0.8982,72.35,0.0746,30.46,7.01,0.479,0.503,0.243,0.0273,0.0500
5950,-18.91662,-7.62815,-11.28847,-2.47656,-8.15510,-0.65682,0.9004,74.22,0.0765,30.80,6.41,0.479,0.503,0.243,0.0273,0.0500
5975,-18.95970,-7.60273,-11.35696,-2.49141,-8.20955,-0.65600,0.9058,-106.84,-0.1101,30.75,6.15,0.479,0.503,0.243,0.0273,0.0500
6000,-18.98560,-7.65584,-11.32976,-2.46635,-8.18561,-0.67780,0.8967,163.91,0.1689,30.93,6.03,0.479,0.503,0.231,0.0259,0.0500
6025,-18.92396,-7.64772,-11.27624,-2.48263,-8.13128,-0.66233,0.9026,-15.80,-0.0163,30.68,6.22,0.479,0.503,0.231,0.0259,0.0500
6050,-18.89420,-7.62478,-11.26942,-2.45530,-8.14742,-0.66670,0.8927,-14.73,-0.0152,30.73,5.75,0.479,0.503,0.231,0.0259,0.0500
6075,-18.97118,-7.64232,-11.32886,-2.48223,-8.19083,-0.65581,0.9025,-103.66,-0.1068,30.65,5.77,0.479,0.503,0.231,0.0259,0.0500
6100,-18.98760,-7.64638,-11.34122,-2.47312,-8.18828,-0.67983,0.8992,-16.08,-0.0166,30.90,5.65,0.479,0.503,0.231,0.0259,0.0500
6125,-18.96854,-7.64847,-11.32007,-2.46966,-8.18921,-0.66120,0.8979,-15.66,-0.0161,31.06,6.08,0.479,0.503,0.231,0.0259,0.0500
6150,-19.06149,-7.68648,-11.37501,-2.47414,-8.23477,-0.66610,0.8995,-15.06,-0.0155,30.82,6.03,0.479,0.502,0.231,0.0259,0.0500
6175,-19.05716,-7.67594,-11.38123,-2.48591,-8.23279,-0.66253,0.9038,-103.61,-0.1067,31.21,5.96,0.479,0.502,0.231,0.0259,0.0500
6200,-19.08889,-7.73060,-11.35829,-2.48524,-8.22678,-0.64626,0.9036,-13.94,-0.0144,30.81,5.96,0.480,0.502,0.231,0.0259,0.0500
6225,-19.00540,-7.65338,-11.35201,-2.48600,-8.20496,-0.66105,0.9038,-104.67,-0.1078,30.74,6.15,0.480,0.502,0.231,0.0259,0.0500
6250,-18.93546,-7.59383,-11.34162,-2.47172,-8.19910,-0.67080,0.8986,-194.52,-0.2003,30.50,6.08,0.480,0.502,0.231,0.0259,0.0500
6275,-18.93931,-7.59614,-11.34316,-2.46967,-8.20565,-0.66784,0.8979,-103.31,-0.1064,30.44,6.18,0.480,0.502,0.231,0.0259,0.0500
6300,-19.01237,-7.65370,-11.35867,-2.47775,-8.22602,-0.65490,0.9008,-13.58,-0.0140,30.54,6.07,0.480,0.502,0.231,0.0259,0.0500
6325,-19.01074,-7.69089,-11.31985,-2.46994,-8.15050,-0.69941,0.8980,-12.38,-0.0127,30.94,6.14,0.480,0.502,0.231,0.0259,0.0500
6350,-18.90573,-7.57644,-11.32929,-2.45267,-8.19891,-0.67770,0.8917,-13.63,-0.0140,30.86,6.23,0.480,0.502,0.231,0.0259,0.0500
6375,-18.96639,-7.64299,-11.32341,-2.48498,-8.18738,-0.65105,0.9035,-12.20,-0.0126,31.28,5.92,0.480,0.502,0.231,0.0259,0.0500
6400,-19.01566,-7.63098,-11.38468,-2.49078,-8.22944,-0.66446,0.9056,-193.96,-0.2002,30.80,6.04,0.480,0.502,0.231,0.0259,0.0500
6425,-19.04717,-7.64343,-11.40374,-2.49205,-8.23723,-0.67446,0.9060,-284.05,-0.2931,31.41,5.88,0.480,0.502,0.231,0.0259,0.0500
6450,-18.91926,-7.58457,-11.33468,-2.48952,-8.20596,-0.63920,0.9051,-193.38,-0.1996,31.52,6.18,0.481,0.502,0.231,0.0259,0.0500
6475,-18.90411,-7.56636,-11.33776,-2.46118,-8.20074,-0.67584,0.8948,-195.04,-0.2014,32.06,5.84,0.481,0.502,0.231,0.0259,0.0500
6500,-18.99413,-7.62025,-11.37388,-2.48808,-8.22104,-0.66475,0.9046,-286.30,-0.2948,32.18,5.82,0.481,0.502,0.231,0.0259,0.0500
6525,-18.91404,-7.58288,-11.33116,-2.48467,-8.19180,-0.65470,0.9034,-283.27,-0.2919,30.98,6.33,0.481,0.502,0.231,0.0259,0.0500
6550,-18.98493,-7.65746,-11.32747,-2.47448,-8.17515,-0.67783,0.8997,-102.55,-0.1057,31.17,5.98,0.481,0.502,0.231,0.0259,0.0500
6575,-19.06474,-7.72846,-11.33628,-2.48398,-8.19125,-0.66104,0.9031,77.16,0.0795,30.70,6.39,0.481,0.502,0.231,0.0259,0.0500
6600,-19.01855,-7.70147,-11.31708,-2.47341,-8.17822,-0.66545,0.8993,76.99,0.0793,30.98,6.06,0.481,0.502,0.231,0.0259,0.0500
6625,-19.01203,-7.64857,-11.36346,-2.46322,-8.20452,-0.69572,0.8956,-102.07,-0.1052,31.01,6.10,0.481,0.502,0.231,0.0259,0.0500
6650,-19.06797,-7.69455,-11.37342,-2.47022,-8.24193,-0.66126,0.8981,76.26,0.0786,31.11,5.97,0.481,0.502,0.231,0.0259,0.0500
6675,-19.04116,-7.67315,-11.36802,-2.47635,-8.22015,-0.67152,0.9003,-15.59,-0.0161,31.13,5.81,0.481,0.502,0.231,0.0259,0.0500
6700,-19.04219,-7.73983,-11.30236,-2.47011,-8.16096,-0.67129,0.8981,-15.57,-0.0161,31.25,5.68,0.481,0.502,0.231,0.0259,0.0500
6725,-19.11932,-7.74107,-11.37825,-2.49634,-8.23020,-0.65172,0.9076,-12.82,-0.0132,31.13,6.03,0.481,0.502,0.231,0.0259,0.0500
6750,-19.14684,-7.79552,-11.35132,-2.47519,-8.21958,-0.65656,0.8999,-12.21,-0.0126,30.88,6.45,0.481,0.502,0.231,0.0259,0.0500
6775,-19.09714,-7.74355,-11.35358,-2.49529,-8.22129,-0.63701,0.9072,-16.14,-0.0167,31.08,6.23,0.481,0.501,0.231,0.0259,0.0500
6800,-19.07740,-7.73651,-11.34089,-2.47132,-8.20698,-0.66259,0.8985,-15.73,-0.0162,31.30,6.07,0.482,0.501,0.231,0.0259,0.0500
6825,-19.10817,-7.74725,-11.36092,-2.47811,-8.22890,-0.65391,0.9010,74.21,0.0765,31.07,6.22,0.482,0.501,0.231,0.0259,0.0500
6850,-19.05375,-7.73843,-11.31532,-2.47314,-8.16209,-0.68010,0.8992,164.27,0.1694,30.86,6.26,0.482,0.501,0.231,0.0259,0.0500
6875,-19.11330,-7.75759,-11.35571,-2.48045,-8.21175,-0.66351,0.9018,-16.51,-0.0170,31.28,6.25,0.482,0.501,0.231,0.0259,0.0500
6900,-19.05014,-7.71191,-11.33823,-2.47140,-8.19894,-0.66789,0.8985,-16.42,-0.0169,30.84,6.31,0.482,0.501,0.231,0.0259,0.0500
6925,-19.19281,-7.80514,-11.38767,-2.46621,-8.24123,-0.68023,0.8966,73.58,0.0759,31.16,5.80,0.482,0.501,0.231,0.0259,0.0500
6950,-19.19310,-7.81785,-11.37524,-2.48031,-8.22755,-0.66737,0.9018,162.72,0.1679,30.84,6.44,0.482,0.501,0.231,0.0259,0.0500
6975,-19.18250,-7.81886,-11.36364,-2.48152,-8.21966,-0.66245,0.9022,70.41,0.0727,31.34,5.99,0.482,0.501,0.231,0.0259,0.0500
7000,-19.20129,-7.87640,-11.32489,-2.46356,-8.19091,-0.67042,0.8957,70.74,0.0730,31.71,6.12,0.482,0.501,0.219,0.0246,0.0500
7025,-19.22047,-7.85022,-11.37026,-2.46397,-8.23931,-0.66698,0.8958,70.83,0.0731,31.85,5.81,0.482,0.501,0.219,0.0246,0.0500
7050,-19.23310,-7.87297,-11.36013,-2.48123,-8.20058,-0.67831,0.9021,-20.18,-0.0208,30.58,6.71,0.482,0.501,0.219,0.0246,0.0500
7075,-19.24280,-7.90968,-11.33312,-2.49418,-8.16315,-0.67578,0.9068,-20.17,-0.0208,31.05,6.42,0.482,0.501,0.219,0.0246,0.0500
7100,-19.21446,-7.84636,-11.36810,-2.47460,-8.24409,-0.64940,0.8997,-20.30,-0.0210,30.66,6.84,0.482,0.501,0.219,0.0246,0.0500
7125,-19.27866,-7.89578,-11.38287,-2.47911,-8.25766,-0.64611,0.9013,70.11,0.0724,31.21,6.24,0.482,0.501,0.219,0.0246,0.0500
7150,-19.15435,-7.82904,-11.32530,-2.45991,-8.19984,-0.66555,0.8944,-19.26,-0.0199,31.54,5.96,0.482,0.501,0.219,0.0246,0.0500
7175,-19.15406,-7.82307,-11.33099,-2.47252,-8.20138,-0.65709,0.8989,-20.18,-0.0208,31.22,6.34,0.482,0.501,0.219,0.0246,0.0500
7200,-19.10110,-7.71755,-11.38355,-2.48282,-8.25029,-0.65044,0.9027,160.10,0.1653,30.47,6.66,0.482,0.501,0.219,0.0246,0.0500
7225,-19.14353,-7.78709,-11.35643,-2.47653,-8.22038,-0.65952,0.9004,68.35,0.0706,31.34,5.87,0.483,0.501,0.219,0.0246,0.0500
7250,-19.12275,-7.77672,-11.34603,-2.47014,-8.18359,-0.69229,0.8981,247.51,0.2555,30.53,6.69,0.483,0.501,0.219,0.0246,0.0500
7275,-19.16281,-7.79103,-11.37178,-2.47629,-8.24036,-0.65513,0.9003,162.37,0.1675,30.95,6.27,0.483,0.501,0.219,0.0246,0.0500
7300,-19.19312,-7.82727,-11.36585,-2.48311,-8.22630,-0.65644,0.9028,71.81,0.0741,31.12,5.87,0.483,0.501,0.219,0.0246,0.0500
7325,-19.22582,-7.84950,-11.37632,-2.46591,-8.25427,-0.65614,0.8965,157.77,0.1628,31.35,6.27,0.483,0.501,0.219,0.0246,0.0500
7350,-19.16369,-7.81632,-11.34736,-2.47624,-8.21201,-0.65911,0.9003,246.58,0.2544,31.22,6.09,0.483,0.501,0.219,0.0246,0.0500
7375,-19.22559,-7.84720,-11.37839,-2.47837,-8.25309,-0.64694,0.9011,167.50,0.1726,30.77,6.31,0.483,0.501,0.219,0.0246,0.0500
7400,-19.28075,-7.93249,-11.34826,-2.46693,-8.20641,-0.67492,0.8969,256.76,0.2646,30.81,6.23,0.483,0.501,0.219,0.0246,0.0500
7425,-19.30582,-7.90397,-11.40185,-2.48196,-8.26044,-0.65945,0.9024,167.95,0.1730,31.08,6.05,0.483,0.501,0.219,0.0246,0.0500
7450,-19.29897,-7.90812,-11.39085,-2.46673,-8.24690,-0.67722,0.8968,168.35,0.1734,30.94,6.19,0.483,0.501,0.219,0.0246,0.0500
7475,-19.21365,-7.83112,-11.38253,-2.48235,-8.24283,-0.65734,0.9025,166.00,0.1710,30.98,6.33,0.483,0.501,0.219,0.0246,0.0500
7500,-19.28065,-7.92877,-11.35188,-2.48163,-8.20585,-0.66440,0.9022,166.15,0.1713,30.82,6.31,0.483,0.501,0.219,0.0246,0.0500
7525,-19.30013,-7.92350,-11.37664,-2.47554,-8.22277,-0.67833,0.9000,-12.50,-0.0129,31.20,5.99,0.483,0.502,0.219,0.0246,0.0500
7550,-19.26554,-7.89748,-11.36805,-2.47866,-8.23086,-0.65853,0.9012,-12.42,-0.0128,31.51,6.02,0.483,0.502,0.219,0.0246,0.0500
7575,-19.29646,-7.92773,-11.36873,-2.47846,-8.23909,-0.65118,0.9011,166.60,0.1716,31.28,5.99,0.483,0.502,0.219,0.0246,0.0500
7600,-19.33441,-7.97434,-11.36007,-2.45702,-8.22260,-0.68045,0.8933,255.83,0.2637,31.14,6.11,0.483,0.502,0.219,0.0246,0.0500
7625,-19.33093,-7.96783,-11.36311,-2.47136,-8.22001,-0.67173,0.8985,166.02,0.1710,31.24,5.93,0.483,0.502,0.219,0.0246,0.0500
7650,-19.23424,-7.91017,-11.32406,-2.46329,-8.16924,-0.69154,0.8956,163.67,0.1688,31.20,6.05,0.483,0.502,0.219,0.0246,0.0500
7675,-19.31337,-7.95449,-11.35888,-2.48899,-8.22482,-0.64507,0.9049,-102.59,-0.1057,31.03,6.40,0.483,0.502,0.219,0.0246,0.0500
7700,-19.27824,-7.90147,-11.37677,-2.46104,-8.24453,-0.67120,0.8948,167.26,0.1724,30.37,6.62,0.483,0.502,0.219,0.0246,0.0500
7725,-19.25138,-7.85822,-11.39315,-2.48832,-8.24489,-0.65994,0.9047,256.92,0.2648,31.10,5.78,0.483,0.502,0.219,0.0246,0.0500
7750,-19.21206,-7.86356,-11.34850,-2.46970,-8.18980,-0.68900,0.8979,76.62,0.0790,30.48,6.74,0.483,0.502,0.219,0.0246,0.0500
7775,-19.24811,-7.89996,-11.34814,-2.47703,-8.19901,-0.67210,0.9006,162.91,0.1680,31.11,6.38,0.483,0.502,0.219,0.0246,0.0500
7800,-19.32280,-7.94925,-11.37355,-2.49165,-8.19815,-0.68374,0.9059,73.34,0.0757,30.64,6.62,0.483,0.502,0.219,0.0246,0.0500
7825,-19.30311,-7.94286,-11.36025,-2.47996,-8.20586,-0.67442,0.9016,-100.48,-0.1036,31.17,5.97,0.483,0.502,0.219,0.0246,0.0500
7850,-19.25045,-7.94929,-11.30116,-2.47345,-8.14778,-0.67993,0.8993,-10.91,-0.0112,31.05,6.08,0.483,0.502,0.219,0.0246,0.0500
7875,-19.39167,-8.00784,-11.38383,-2.48253,-8.23460,-0.66670,0.9026,78.35,0.0807,31.32,5.87,0.484,0.502,0.219,0.0246,0.0500
7900,-19.35273,-7.99319,-11.35954,-2.47684,-8.21188,-0.67082,0.9005,253.87,0.2619,30.82,6.33,0.484,0.502,0.219,0.0246,0.0500
7925,-19.27372,-7.94185,-11.33187,-2.48727,-8.18920,-0.65539,0.9043,164.10,0.1692,30.84,6.57,0.484,0.502,0.219,0.0246,0.0500
7950,-19.25805,-7.93621,-11.32184,-2.46550,-8.18328,-0.67305,0.8964,166.89,0.1722,31.41,5.79,0.484,0.502,0.219,0.0246,0.0500
7975,-19.26023,-7.91058,-11.34965,-2.46834,-8.19123,-0.69008,0.8974,163.63,0.1687,30.85,6.32,0.484,0.502,0.219,0.0246,0.0500
8000,-19.24351,-7.89577,-11.34774,-2.46249,-8.20031,-0.68495,0.8953,-16.12,-0.0166,31.31,6.27,0.484,0.502,0.208,0.0234,0.0500
8025,-19.31785,-7.96352,-11.35433,-2.49492,-8.18577,-0.67364,0.9071,168.15,0.1733,31.51,5.88,0.484,0.502,0.208,0.0234,0.0500
8050,-19.33248,-7.95208,-11.38039,-2.48833,-8.21007,-0.68199,0.9047,168.20,0.1734,30.88,6.18,0.484,0.502,0.208,0.0234,0.0500
8075,-19.37998,-7.97131,-11.40868,-2.49090,-8.24369,-0.67409,0.9056,168.65,0.1738,30.93,6.12,0.484,0.502,0.208,0.0234,0.0500
8100,-19.38944,-8.02685,-11.36259,-2.46868,-8.21453,-0.67937,0.8975,78.61,0.0810,30.86,6.11,0.484,0.502,0.208,0.0234,0.0500
8125,-19.39249,-8.01730,-11.37519,-2.47496,-8.23358,-0.66665,0.8998,170.48,0.1758,30.59,6.15,0.484,0.502,0.208,0.0234,0.0500
8150,-19.35211,-7.98385,-11.36826,-2.47990,-8.21932,-0.66904,0.9016,81.04,0.0835,30.67,6.04,0.484,0.502,0.208,0.0234,0.0500
8175,-19.35252,-7.96789,-11.38463,-2.46083,-8.24420,-0.67960,0.8947,82.05,0.0846,30.81,6.03,0.484,0.502,0.208,0.0234,0.0500
8200,-19.29563,-7.95799,-11.33764,-2.48321,-8.18570,-0.66873,0.9028,171.72,0.1770,30.68,6.25,0.484,0.501,0.208,0.0234,0.0500
8225,-19.35690,-8.01727,-11.33963,-2.47056,-8.20416,-0.66490,0.8982,-8.09,-0.0083,31.05,6.00,0.484,0.501,0.208,0.0234,0.0500
8250,-19.30298,-7.93461,-11.36836,-2.48501,-8.20275,-0.68060,0.9035,80.00,0.0825,30.68,6.33,0.485,0.501,0.208,0.0234,0.0500
8275,-19.27502,-7.93756,-11.33746,-2.47086,-8.20153,-0.66507,0.8983,-9.81,-0.0101,30.96,6.04,0.485,0.501,0.208,0.0234,0.0500
8300,-19.34492,-8.00882,-11.33611,-2.48353,-8.16148,-0.69109,0.9029,-9.80,-0.0101,30.65,6.46,0.485,0.501,0.208,0.0234,0.0500
8325,-19.32085,-7.94436,-11.37648,-2.48325,-8.22933,-0.66391,0.9028,-9.07,-0.0093,30.82,6.44,0.485,0.501,0.208,0.0234,0.0500
8350,-19.23590,-7.91933,-11.31657,-2.46565,-8.17493,-0.67600,0.8964,77.50,0.0799,30.77,6.52,0.485,0.501,0.208,0.0234,0.0500
8375,-19.24124,-7.93332,-11.30792,-2.46371,-8.15539,-0.68881,0.8957,167.43,0.1727,30.78,6.49,0.485,0.501,0.208,0.0234,0.0500
8400,-19.32584,-7.94854,-11.37730,-2.50094,-8.22063,-0.65573,0.9093,-12.02,-0.0124,30.45,6.60,0.485,0.501,0.208,0.0234,0.0500
8425,-19.28923,-7.91818,-11.37104,-2.49543,-8.19012,-0.68549,0.9073,-11.65,-0.0120,30.49,6.63,0.485,0.501,0.208,0.0234,0.0500
8450,-19.38630,-8.00687,-11.37943,-2.48613,-8.21960,-0.67369,0.9039,76.81,0.0793,30.38,6.89,0.485,0.501,0.208,0.0234,0.0500
8475,-19.33205,-8.01372,-11.31833,-2.46734,-8.17399,-0.67700,0.8971,256.15,0.2643,30.57,6.71,0.485,0.501,0.208,0.0234,0.0500
8500,-19.29276,-7.99259,-11.30017,-2.46207,-8.15860,-0.67949,0.8951,165.06,0.1704,30.86,6.64,0.485,0.501,0.208,0.0234,0.0500
8525,-19.40021,-8.08995,-11.31026,-2.45855,-8.17000,-0.68171,0.8939,-106.03,-0.1094,30.71,6.56,0.485,0.501,0.208,0.0234,0.0500
8550,-19.39383,-8.03805,-11.35578,-2.47736,-8.20030,-0.67812,0.9007,74.48,0.0769,30.98,6.34,0.485,0.501,0.208,0.0234,0.0500
8575,-19.36878,-8.02292,-11.34586,-2.46839,-8.20766,-0.66981,0.8974,73.88,0.0762,31.03,5.89,0.485,0.501,0.208,0.0234,0.0500
8600,-19.43105,-8.03248,-11.39857,-2.46575,-8.24382,-0.68900,0.8965,164.16,0.1693,31.59,5.73,0.485,0.501,0.208,0.0234,0.0500
8625,-19.43629,-8.09407,-11.34222,-2.46665,-8.19795,-0.67762,0.8968,-14.98,-0.0154,30.80,6.48,0.485,0.501,0.208,0.0234,0.0500
8650,-19.41959,-8.07330,-11.34629,-2.46042,-8.21642,-0.66946,0.8945,-15.07,-0.0155,30.70,6.71,0.486,0.501,0.208,0.0234,0.0500
8675,-19.44363,-8.08274,-11.36090,-2.47138,-8.21942,-0.67010,0.8985,-15.21,-0.0157,30.84,6.34,0.486,0.501,0.208,0.0234,0.0500
8700,-19.44499,-8.11018,-11.33481,-2.46198,-8.18471,-0.68812,0.8951,74.90,0.0772,31.28,6.14,0.486,0.501,0.208,0.0234,0.0500
8725,-19.42711,-8.07438,-11.35272,-2.46054,-8.20532,-0.68687,0.8946,75.72,0.0781,30.97,6.46,0.486,0.501,0.208,0.0234,0.0500
8750,-19.46612,-8.12069,-11.34543,-2.46834,-8.19812,-0.67897,0.8974,75.71,0.0781,31.07,6.04,0.486,0.501,0.208,0.0234,0.0500
8775,-19.47301,-8.10169,-11.37132,-2.46662,-8.22170,-0.68300,0.8968,346.93,0.3580,31.10,6.50,0.486,0.501,0.208,0.0234,0.0500
8800,-19.44744,-8.10553,-11.34191,-2.47167,-8.19309,-0.67715,0.8986,257.20,0.2654,30.89,6.42,0.486,0.501,0.208,0.0234,0.0500
8825,-19.45698,-8.10273,-11.35425,-2.47065,-8.21359,-0.67001,0.8983,-14.68,-0.0151,30.93,6.23,0.486,0.501,0.208,0.0234,0.0500
8850,-19.51353,-8.12973,-11.38380,-2.46998,-8.23654,-0.67727,0.8980,76.58,0.0790,30.75,6.30,0.486,0.501,0.208,0.0234,0.0500
8875,-19.46945,-8.14180,-11.32766,-2.46929,-8.17571,-0.68265,0.8978,-14.11,-0.0146,30.77,6.38,0.486,0.501,0.208,0.0234,0.0500
8900,-19.51189,-8.18491,-11.32698,-2.47299,-8.17306,-0.68093,0.8991,-13.28,-0.0137,30.72,6.26,0.486,0.501,0.208,0.0234,0.0500
8925,-19.56496,-8.18851,-11.37645,-2.49361,-8.20593,-0.67691,0.9066,165.84,0.1710,30.83,6.50,0.486,0.501,0.208,0.0234,0.0500
8950,-19.49026,-8.14612,-11.34413,-2.46998,-8.20100,-0.67315,0.8980,76.74,0.0791,30.75,6.54,0.486,0.501,0.208,0.0234,0.0500
8975,-19.47359,-8.13985,-11.33374,-2.45974,-8.17639,-0.69761,0.8943,-13.21,-0.0136,30.59,6.68,0.486,0.501,0.208,0.0234,0.0500
9000,-19.52796,-8.17172,-11.35623,-2.47958,-8.19735,-0.67931,0.9015,345.40,0.3562,30.74,6.60,0.486,0.501,0.219,0.0245,0.0500
9025,-19.54258,-8.18578,-11.35680,-2.48134,-8.21420,-0.66125,0.9021,256.28,0.2644,30.63,6.67,0.486,0.501,0.219,0.0245,0.0500
9050,-19.50346,-8.15363,-11.34982,-2.46504,-8.20974,-0.67505,0.8962,345.36,0.3562,30.53,6.58,0.486,0.501,0.219,0.0245,0.0500
9075,-19.38488,-8.05385,-11.33103,-2.47645,-8.20502,-0.64956,0.9004,257.29,0.2654,30.61,6.55,0.486,0.501,0.219,0.0245,0.0500
9100,-19.47989,-8.10449,-11.37539,-2.46684,-8.22296,-0.68559,0.8969,167.32,0.1726,31.12,6.43,0.486,0.501,0.219,0.0245,0.0500
9125,-19.50811,-8.15325,-11.35486,-2.45933,-8.22098,-0.67455,0.8941,168.34,0.1737,30.78,6.50,0.486,0.501,0.219,0.0245,0.0500
9150,-19.51035,-8.12790,-11.38245,-2.48324,-8.22413,-0.67508,0.9028,166.64,0.1719,30.98,6.37,0.486,0.501,0.219,0.0245,0.0500
9175,-19.52876,-8.16192,-11.36684,-2.47518,-8.21128,-0.68037,0.8999,166.92,0.1721,31.19,6.23,0.486,0.501,0.219,0.0245,0.0500
9200,-19.53595,-8.16658,-11.36937,-2.49788,-8.18003,-0.69145,0.9082,169.01,0.1742,31.49,5.91,0.486,0.501,0.219,0.0245,0.0500
9225,-19.53786,-8.19122,-11.34664,-2.46629,-8.19921,-0.68113,0.8967,84.70,0.0872,31.26,5.83,0.486,0.501,0.219,0.0245,0.0500
9250,-19.52332,-8.15227,-11.37106,-2.48924,-8.22194,-0.65988,0.9050,265.00,0.2730,30.97,6.26,0.486,0.501,0.219,0.0245,0.0500
9275,-19.56077,-8.17175,-11.38902,-2.49822,-8.18483,-0.70598,0.9083,174.52,0.1799,30.39,6.76,0.486,0.501,0.219,0.0245,0.0500
9300,-19.53831,-8.14098,-11.39733,-2.50279,-8.22852,-0.66602,0.9099,261.23,0.2691,30.72,6.44,0.486,0.501,0.219,0.0245,0.0500
9325,-19.48498,-8.17167,-11.31331,-2.48298,-8.15853,-0.67180,0.9027,79.68,0.0821,30.50,6.61,0.486,0.501,0.219,0.0245,0.0500
9350,-19.57978,-8.24119,-11.33860,-2.48466,-8.16984,-0.68410,0.9034,170.67,0.1758,30.70,6.69,0.486,0.501,0.219,0.0245,0.0500
9375,-19.53876,-8.19174,-11.34702,-2.49329,-8.15662,-0.69711,0.9065,81.02,0.0834,30.70,6.83,0.486,0.501,0.219,0.0245,0.0500
9400,-19.51975,-8.23309,-11.28666,-2.47744,-8.12283,-0.68639,0.9007,80.42,0.0828,30.85,6.75,0.486,0.501,0.219,0.0245,0.0500
9425,-19.56345,-8.21991,-11.34354,-2.49809,-8.16272,-0.68273,0.9082,170.08,0.1751,30.73,6.40,0.486,0.501,0.219,0.0245,0.0500
9450,-19.53638,-8.19429,-11.34209,-2.49764,-8.16409,-0.68036,0.9081,80.31,0.0827,30.41,6.53,0.486,0.501,0.219,0.0245,0.0500
9475,-19.50508,-8.15564,-11.34944,-2.48620,-8.18614,-0.67710,0.9039,-9.64,-0.0099,30.49,6.54,0.486,0.501,0.219,0.0245,0.0500
9500,-19.53911,-8.22074,-11.31837,-2.48316,-8.14971,-0.68550,0.9028,-8.59,-0.0088,30.39,6.76,0.486,0.501,0.219,0.0245,0.0500
9525,-19.61159,-8.23080,-11.38079,-2.49420,-8.21938,-0.66720,0.9068,170.81,0.1759,30.70,6.87,0.486,0.501,0.219,0.0245,0.0500
9550,-19.63378,-8.24508,-11.38870,-2.50248,-8.20257,-0.68365,0.9098,80.91,0.0833,30.77,6.74,0.486,0.501,0.219,0.0245,0.0500
9575,-19.63630,-8.27476,-11.36154,-2.49940,-8.18101,-0.68113,0.9087,263.08,0.2709,30.42,6.77,0.486,0.501,0.219,0.0245,0.0500
9600,-19.61002,-8.23703,-11.37299,-2.49998,-8.20171,-0.67131,0.9089,353.50,0.3640,30.34,6.96,0.486,0.501,0.219,0.0245,0.0500
9625,-19.68871,-8.32052,-11.36819,-2.49648,-8.19092,-0.68079,0.9076,351.20,0.3617,30.38,6.94,0.486,0.501,0.219,0.0245,0.0500
9650,-19.61950,-8.28522,-11.33427,-2.47459,-8.16435,-0.69534,0.8997,169.52,0.1746,30.40,7.12,0.486,0.501,0.219,0.0245,0.0500
9675,-19.65176,-8.29996,-11.35180,-2.48516,-8.17393,-0.69271,0.9035,170.32,0.1753,30.49,6.88,0.486,0.501,0.219,0.0245,0.0500
9700,-19.66121,-8.28073,-11.38048,-2.51834,-8.20483,-0.65731,0.9156,170.97,0.1760,30.46,7.01,0.486,0.501,0.219,0.0245,0.0500
9725,-19.71797,-8.33882,-11.37915,-2.49958,-8.20562,-0.67395,0.9088,174.13,0.1791,30.32,7.03,0.486,0.501,0.219,0.0245,0.0500
9750,-19.66988,-8.31150,-11.35839,-2.48716,-8.16868,-0.70254,0.9043,360.05,0.3703,30.58,6.88,0.486,0.501,0.219,0.0245,0.0500
9775,-19.65959,-8.26867,-11.39091,-2.52533,-8.19722,-0.66836,0.9181,268.90,0.2766,31.03,6.54,0.486,0.501,0.219,0.0245,0.0500
9800,-19.62354,-8.29671,-11.32683,-2.50293,-8.13753,-0.68637,0.9100,183.03,0.1883,30.78,6.77,0.486,0.501,0.219,0.0245,0.0500
9825,-19.67010,-8.30978,-11.36032,-2.49486,-8.16748,-0.69797,0.9071,3.59,0.0037,30.67,6.92,0.486,0.501,0.219,0.0245,0.0500
9850,-19.64440,-8.30779,-11.33662,-2.48529,-8.15824,-0.69309,0.9036,183.50,0.1887,30.67,6.73,0.486,0.501,0.219,0.0245,0.0500
9875,-19.62081,-8.27963,-11.34118,-2.49532,-8.16122,-0.68463,0.9072,179.78,0.1851,30.35,7.21,0.486,0.501,0.219,0.0245,0.0500
9900,-19.65017,-8.25954,-11.39063,-2.50246,-8.22814,-0.66003,0.9098,93.17,0.0959,30.29,7.19,0.486,0.501,0.219,0.0245,0.0500
9925,-19.68270,-8.32958,-11.35311,-2.50748,-8.15919,-0.68644,0.9117,91.57,0.0942,30.32,7.06,0.486,0.501,0.219,0.0245,0.0500
9950,-19.63188,-8.28709,-11.34479,-2.48986,-8.17076,-0.68416,0.9052,181.79,0.1870,30.41,7.13,0.486,0.501,0.219,0.0245,0.0500
9975,-19.67422,-8.32754,-11.34668,-2.51469,-8.17715,-0.65485,0.9143,2.91,0.0030,30.36,7.04,0.486,0.501,0.219,0.0245,0.0500
10000,-19.76407,-8.39019,-11.37388,-2.51199,-8.18061,-0.68128,0.9133,179.93,0.1850,30.66,6.63,0.486,0.501,0.208,0.0233,0.0500
10025,-19.71754,-8.36640,-11.35114,-2.49904,-8.17312,-0.67898,0.9086,94.21,0.0968,30.72,6.55,0.486,0.501,0.208,0.0233,0.0500
10050,-19.75011,-8.35760,-11.39251,-2.49701,-8.19706,-0.69844,0.9078,175.81,0.1809,30.67,6.87,0.486,0.501,0.208,0.0233,0.0500
10075,-19.75476,-8.37544,-11.37932,-2.50425,-8.19018,-0.68489,0.9105,175.39,0.1804,30.61,7.00,0.486,0.501,0.208,0.0233,0.0500
10100,-19.74073,-8.39001,-11.35073,-2.49137,-8.17604,-0.68332,0.9058,2.84,0.0029,30.67,6.86,0.486,0.501,0.208,0.0233,0.0500
10125,-19.76149,-8.42060,-11.34089,-2.48238,-8.16503,-0.69348,0.9025,-3.27,-0.0034,30.72,6.56,0.486,0.501,0.208,0.0233,0.0500
10150,-19.72485,-8.38843,-11.33642,-2.46813,-8.15417,-0.71412,0.8973,90.60,0.0931,31.11,6.43,0.486,0.501,0.208,0.0233,0.0500
10175,-19.79676,-8.43660,-11.36016,-2.46923,-8.19851,-0.69242,0.8977,0.21,0.0002,31.26,6.30,0.486,0.501,0.208,0.0233,0.0500
10200,-19.73339,-8.37882,-11.35457,-2.48284,-8.19594,-0.67578,0.9027,-89.67,-0.0922,31.15,6.29,0.486,0.501,0.208,0.0233,0.0500
10225,-19.72178,-8.43098,-11.29080,-2.50088,-8.12409,-0.66584,0.9092,-89.46,-0.0920,31.25,6.31,0.486,0.501,0.208,0.0233,0.0500
10250,-19.82056,-8.46135,-11.35922,-2.50338,-8.18326,-0.67258,0.9102,-2.87,-0.0030,31.24,6.33,0.486,0.501,0.208,0.0233,0.0500
10275,-19.79444,-8.48973,-11.30470,-2.46566,-8.13617,-0.70287,0.8964,87.58,0.0901,30.87,6.60,0.486,0.501,0.208,0.0233,0.0500
10300,-19.67212,-8.38523,-11.28689,-2.44871,-8.12058,-0.71759,0.8903,266.10,0.2737,30.44,7.01,0.486,0.501,0.208,0.0233,0.0500
10325,-19.76310,-8.43162,-11.33149,-2.46906,-8.16057,-0.70185,0.8977,177.90,0.1830,30.27,7.12,0.486,0.501,0.208,0.0233,0.0500
10350,-19.87230,-8.49305,-11.37925,-2.45454,-8.22296,-0.70175,0.8924,177.67,0.1828,30.02,7.45,0.486,0.501,0.208,0.0233,0.0500
10375,-19.79405,-8.42492,-11.36913,-2.48334,-8.18819,-0.69760,0.9029,267.20,0.2748,30.47,7.28,0.486,0.501,0.208,0.0233,0.0500
10400,-19.74431,-8.39775,-11.34656,-2.46846,-8.18695,-0.69116,0.8975,177.18,0.1822,30.58,7.10,0.486,0.501,0.208,0.0233,0.0500
10425,-19.62621,-8.31559,-11.31062,-2.49125,-8.12108,-0.69829,0.9057,177.80,0.1828,30.75,6.95,0.486,0.501,0.208,0.0233,0.0500
10450,-19.67646,-8.35722,-11.31924,-2.45177,-8.17465,-0.69282,0.8914,182.09,0.1872,30.75,6.75,0.486,0.501,0.208,0.0233,0.0500
10475,-19.71245,-8.35886,-11.35359,-2.47400,-8.20659,-0.67300,0.8995,88.26,0.0907,30.95,6.69,0.486,0.501,0.208,0.0233,0.0500
10500,-19.75327,-8.38764,-11.36563,-2.47569,-8.18743,-0.70251,0.9001,2.71,0.0028,30.20,7.15,0.486,0.501,0.208,0.0233,0.0500
10525,-19.71248,-8.39168,-11.32080,-2.47758,-8.17690,-0.66632,0.9008,87.11,0.0896,31.03,6.69,0.486,0.501,0.208,0.0233,0.0500
10550,-19.76630,-8.41203,-11.35427,-2.48311,-8.18007,-0.69109,0.9028,90.55,0.0931,30.39,6.93,0.486,0.501,0.208,0.0233,0.0500
10575,-19.68379,-8.34045,-11.34334,-2.46664,-8.18010,-0.69660,0.8968,-4.05,-0.0042,30.14,7.14,0.486,0.501,0.208,0.0233,0.0500
10600,-19.64636,-8.32616,-11.32020,-2.46323,-8.16774,-0.68922,0.8956,-4.10,-0.0042,30.26,6.94,0.486,0.501,0.208,0.0233,0.0500
10625,-19.74748,-8.38841,-11.35907,-2.46895,-8.20524,-0.68488,0.8976,85.32,0.0877,31.31,6.40,0.486,0.501,0.208,0.0233,0.0500
10650,-19.82118,-8.47189,-11.34929,-2.48393,-8.17042,-0.69494,0.9031,86.08,0.0887,31.94,5.90,0.486,0.501,0.208,0.0233,0.0500
10675,-19.72825,-8.38412,-11.34413,-2.45231,-8.19135,-0.70047,0.8916,85.52,0.0881,31.67,5.98,0.486,0.501,0.208,0.0233,0.0500
10700,-19.76690,-8.40279,-11.36411,-2.47127,-8.21281,-0.68003,0.8985,175.08,0.1804,31.41,6.19,0.486,0.501,0.208,0.0233,0.0500
10725,-19.68192,-8.30316,-11.37876,-2.47088,-8.20953,-0.69836,0.8983,86.10,0.0887,31.31,6.19,0.486,0.500,0.208,0.0233,0.0500
10750,-19.69748,-8.28450,-11.41299,-2.47913,-8.23820,-0.69565,0.9013,-3.26,-0.0034,31.22,6.20,0.486,0.500,0.208,0.0233,0.0500
10775,-19.65940,-8.30206,-11.35734,-2.46473,-8.21206,-0.68055,0.8961,86.30,0.0889,31.38,6.34,0.486,0.500,0.208,0.0233,0.0500
10800,-19.68320,-8.30618,-11.37702,-2.49845,-8.20524,-0.67333,0.9084,-3.43,-0.0035,31.52,5.87,0.486,0.500,0.208,0.0233,0.0500
10825,-19.64663,-8.30928,-11.33735,-2.46472,-8.18531,-0.68732,0.8961,2.23,0.0023,31.69,5.80,0.486,0.500,0.208,0.0233,0.0500
10850,-19.62627,-8.29199,-11.33428,-2.46057,-8.17464,-0.69907,0.8946,-87.50,-0.0902,31.07,6.36,0.486,0.500,0.208,0.0233,0.0500
10875,-19.66437,-8.32895,-11.33542,-2.45264,-8.17743,-0.70535,0.8917,-92.29,-0.0951,30.99,6.41,0.486,0.500,0.208,0.0233,0.0500
10900,-19.64611,-8.26491,-11.38120,-2.47589,-8.22746,-0.67785,0.9002,-3.10,-0.0032,30.71,6.84,0.486,0.500,0.208,0.0233,0.0500
10925,-19.71809,-8.35438,-11.36371,-2.49462,-8.17462,-0.69447,0.9070,-91.44,-0.0942,31.37,6.41,0.486,0.500,0.208,0.0233,0.0500
10950,-19.77367,-8.39809,-11.37558,-2.46260,-8.22891,-0.68407,0.8953,3.67,0.0038,30.97,6.51,0.486,0.500,0.208,0.0233,0.0500
10975,-19.74229,-8.42936,-11.31293,-2.46732,-8.16085,-0.68476,0.8970,-87.68,-0.0904,31.42,5.95,0.486,0.500,0.208,0.0233,0.0500
11000,-19.74290,-8.36548,-11.37742,-2.47458,-8.22118,-0.68167,0.8997,88.03,0.0907,30.84,6.45,0.486,0.500,0.197,0.0221,0.0500
11025,-19.67677,-8.36735,-11.30942,-2.47377,-8.15797,-0.67768,0.8994,110.20,0.1146,30.58,6.58,0.486,0.500,0.197,0.0221,0.0500
11050,-19.77964,-8.38442,-11.39522,-2.46748,-8.23126,-0.69647,0.8971,110.51,0.1149,30.92,6.40,0.486,0.500,0.197,0.0221,0.0500
11075,-19.73059,-8.35901,-11.37158,-2.46194,-8.20516,-0.70448,0.8951,110.59,0.1150,30.64,6.55,0.486,0.500,0.197,0.0221,0.0500
11100,-19.66671,-8.31461,-11.35210,-2.47314,-8.19540,-0.68356,0.8992,7.64,0.0079,30.57,6.92,0.486,0.500,0.197,0.0221,0.0500
11125,-19.69817,-8.31771,-11.38046,-2.47831,-8.21743,-0.68472,0.9010,161.63,0.1682,30.55,6.81,0.486,0.500,0.197,0.0221,0.0500
11150,-19.69737,-8.35334,-11.34402,-2.46907,-8.19014,-0.68481,0.8977,-17.67,-0.0184,30.89,6.68,0.486,0.500,0.197,0.0221,0.0500
11175,-19.79007,-8.42034,-11.36973,-2.47909,-8.21192,-0.67873,0.9013,-19.57,-0.0204,30.78,6.78,0.487,0.500,0.197,0.0221,0.0500
11200,-19.79837,-8.40785,-11.39052,-2.47139,-8.23554,-0.68359,0.8985,159.74,0.1660,31.09,6.76,0.487,0.500,0.197,0.0221,0.0500
11225,-19.77319,-8.39239,-11.38080,-2.46701,-8.23570,-0.67810,0.8969,188.77,0.1947,30.74,7.09,0.487,0.500,0.197,0.0221,0.0500
11250,-19.71479,-8.35005,-11.36474,-2.47749,-8.19928,-0.68797,0.9007,-20.88,-0.0217,31.10,6.93,0.487,0.500,0.197,0.0221,0.0500
11275,-19.76042,-8.38918,-11.37123,-2.48781,-8.21957,-0.66385,0.9045,-21.54,-0.0224,30.80,6.82,0.487,0.500,0.197,0.0221,0.0500
11300,-19.70182,-8.36493,-11.33689,-2.45550,-8.16932,-0.71207,0.8927,69.65,0.0725,31.04,6.44,0.487,0.500,0.197,0.0221,0.0500
11325,-19.78956,-8.37335,-11.41621,-2.47734,-8.25796,-0.68091,0.9007,1.93,0.0020,31.26,6.85,0.487,0.500,0.197,0.0221,0.0500
11350,-19.77107,-8.37351,-11.39756,-2.48213,-8.22878,-0.68665,0.9024,2.63,0.0027,31.46,6.68,0.487,0.500,0.197,0.0221,0.0500
11375,-19.74397,-8.39624,-11.34774,-2.46864,-8.19192,-0.68718,0.8975,-92.94,-0.0958,31.69,6.29,0.487,0.500,0.197,0.0221,0.0500
11400,-19.80364,-8.43975,-11.36389,-2.48413,-8.19881,-0.68095,0.9032,2.70,0.0028,31.67,6.43,0.487,0.500,0.197,0.0221,0.0500
11425,-19.72854,-8.38955,-11.33899,-2.46148,-8.18763,-0.68989,0.8949,-22.09,-0.0230,31.19,6.74,0.487,0.500,0.197,0.0221,0.0500
11450,-19.75438,-8.39515,-11.35923,-2.47717,-8.20210,-0.67996,0.9006,69.31,0.0721,30.86,7.21,0.487,0.500,0.197,0.0221,0.0500
11475,-19.80300,-8.39209,-11.41090,-2.48268,-8.26864,-0.65958,0.9026,5.82,0.0060,31.43,6.44,0.487,0.501,0.197,0.0221,0.0500
11500,-19.70528,-8.36561,-11.33967,-2.45559,-8.19158,-0.69250,0.8928,12.28,0.0126,30.72,6.69,0.487,0.501,0.197,0.0221,0.0500
11525,-19.65552,-8.30330,-11.35222,-2.46454,-8.19118,-0.69650,0.8960,194.42,0.2002,30.81,7.08,0.487,0.501,0.197,0.0221,0.0500
11550,-19.77587,-8.39395,-11.38192,-2.46450,-8.24660,-0.67083,0.8960,281.12,0.2898,31.29,7.06,0.487,0.501,0.197,0.0221,0.0500
11575,-19.74991,-8.40496,-11.34495,-2.46819,-8.19142,-0.68534,0.8974,101.59,0.1046,31.01,6.99,0.487,0.501,0.197,0.0221,0.0500
11600,-19.73534,-8.37611,-11.35922,-2.48821,-8.21897,-0.65204,0.9046,10.35,0.0107,31.05,7.45,0.487,0.501,0.197,0.0221,0.0500
11625,-19.70239,-8.35336,-11.34903,-2.45506,-8.21500,-0.67897,0.8926,-78.51,-0.0810,30.87,7.23,0.487,0.501,0.197,0.0221,0.0500
11650,-19.74262,-8.39895,-11.34367,-2.46835,-8.19347,-0.68186,0.8974,105.79,0.1091,30.98,7.12,0.487,0.501,0.197,0.0221,0.0500
11675,-19.73088,-8.39708,-11.33380,-2.47031,-8.18909,-0.67440,0.8981,105.72,0.1088,30.76,7.18,0.487,0.501,0.197,0.0221,0.0500
11700,-19.70600,-8.34967,-11.35633,-2.48499,-8.19279,-0.67855,0.9035,14.72,0.0152,31.01,7.05,0.488,0.501,0.197,0.0221,0.0500
11725,-19.68540,-8.33147,-11.35392,-2.44974,-8.19787,-0.70631,0.8907,13.58,0.0140,31.37,6.75,0.488,0.501,0.197,0.0221,0.0500
11750,-19.71148,-8.37317,-11.33831,-2.47315,-8.16275,-0.70240,0.8992,14.68,0.0151,31.24,6.89,0.488,0.501,0.197,0.0221,0.0500
11775,-19.75320,-8.38623,-11.36697,-2.46316,-8.24609,-0.65772,0.8955,12.36,0.0127,31.52,6.51,0.488,0.501,0.197,0.0221,0.0500
11800,-19.83601,-8.44286,-11.39315,-2.47548,-8.22664,-0.69104,0.9000,10.69,0.0110,31.45,6.49,0.488,0.501,0.197,0.0221,0.0500
11825,-19.78633,-8.41476,-11.37157,-2.47376,-8.19054,-0.70727,0.8994,-22.11,-0.0230,31.09,6.49,0.488,0.501,0.197,0.0221,0.0500
11850,-19.76234,-8.41410,-11.34823,-2.45405,-8.19995,-0.69423,0.8922,96.45,0.0995,31.24,6.41,0.488,0.501,0.197,0.0221,0.0500
11875,-19.78978,-8.42787,-11.36191,-2.46446,-8.21956,-0.67788,0.8960,96.73,0.0998,31.26,6.60,0.488,0.501,0.197,0.0221,0.0500
11900,-19.74515,-8.39491,-11.35024,-2.45934,-8.20089,-0.69000,0.8941,14.28,0.0147,31.35,6.61,0.488,0.501,0.197,0.0221,0.0500
11925,-19.82084,-8.47181,-11.34903,-2.48515,-8.18939,-0.67449,0.9035,193.49,0.1994,31.49,6.83,0.488,0.501,0.197,0.0221,0.0500
11950,-19.73617,-8.39665,-11.33952,-2.46847,-8.18548,-0.68557,0.8975,104.42,0.1077,31.55,6.95,0.488,0.501,0.197,0.0221,0.0500
11975,-19.75442,-8.40039,-11.35403,-2.44946,-8.19994,-0.70463,0.8906,283.76,0.2925,31.51,6.91,0.488,0.501,0.197,0.0221,0.0500
12000,-19.69722,-8.31903,-11.37819,-2.46382,-8.22554,-0.68883,0.8958,245.68,0.2556,30.93,7.03,0.488,0.501,0.207,0.0233,0.0500
12025,-19.76330,-8.39601,-11.36729,-2.46461,-8.22463,-0.67805,0.8961,-74.79,-0.0771,31.21,6.49,0.488,0.501,0.207,0.0233,0.0500
12050,-19.75925,-8.36404,-11.39521,-2.49609,-8.23157,-0.66754,0.9075,14.61,0.0151,31.21,6.44,0.488,0.501,0.207,0.0233,0.0500
12075,-19.71975,-8.36400,-11.35575,-2.46197,-8.20837,-0.68541,0.8951,104.40,0.1076,31.11,6.74,0.488,0.501,0.207,0.0233,0.0500
12100,-19.77335,-8.41619,-11.35716,-2.46228,-8.19024,-0.70464,0.8952,-77.10,-0.0796,30.51,7.21,0.488,0.501,0.207,0.0233,0.0500
12125,-19.79414,-8.42569,-11.36845,-2.46299,-8.20958,-0.69589,0.8955,163.98,0.1706,30.56,7.04,0.488,0.501,0.207,0.0233,0.0500
12150,-19.76424,-8.42783,-11.33641,-2.44432,-8.19377,-0.69832,0.8887,73.57,0.0764,30.61,7.22,0.488,0.501,0.207,0.0233,0.0500
12175,-19.74178,-8.41344,-11.32834,-2.45575,-8.19106,-0.68153,0.8928,163.24,0.1699,30.90,7.11,0.488,0.501,0.207,0.0233,0.0500
12200,-19.82194,-8.46163,-11.36031,-2.45489,-8.22323,-0.68219,0.8925,163.65,0.1701,30.83,7.03,0.488,0.501,0.207,0.0233,0.0500
12225,-19.83650,-8.51053,-11.32596,-2.46765,-8.16149,-0.69682,0.8972,64.65,0.0672,30.91,6.96,0.488,0.501,0.207,0.0233,0.0500
12250,-19.86062,-8.49878,-11.36184,-2.46727,-8.18566,-0.70890,0.8970,-115.44,-0.1200,30.75,6.98,0.488,0.501,0.207,0.0233,0.0500
12275,-19.84195,-8.45831,-11.38364,-2.45992,-8.24829,-0.67543,0.8944,-204.89,-0.2130,30.65,6.99,0.488,0.501,0.207,0.0233,0.0500
12300,-19.89107,-8.51306,-11.37801,-2.47008,-8.20860,-0.69933,0.8981,65.00,0.0676,30.99,7.01,0.488,0.501,0.207,0.0233,0.0500
12325,-19.83660,-8.49584,-11.34076,-2.46458,-8.18271,-0.69348,0.8961,-58.49,-0.0603,31.09,6.97,0.488,0.501,0.207,0.0233,0.0500
12350,-19.85203,-8.49125,-11.36078,-2.45595,-8.21670,-0.68814,0.8929,65.35,0.0679,30.43,7.34,0.488,0.501,0.207,0.0233,0.0500
12375,-19.90127,-8.55278,-11.34849,-2.45654,-8.18944,-0.70252,0.8931,-54.07,-0.0558,30.46,7.25,0.488,0.500,0.207,0.0233,0.0500
12400,-19.86091,-8.48223,-11.37867,-2.45769,-8.21638,-0.70461,0.8935,164.43,0.1708,30.71,6.88,0.488,0.500,0.207,0.0233,0.0500
12425,-19.90134,-8.48276,-11.41857,-2.47727,-8.23289,-0.70842,0.9007,155.38,0.1615,30.93,6.83,0.488,0.500,0.207,0.0233,0.0500
12450,-19.80184,-8.45113,-11.35070,-2.47298,-8.19254,-0.68519,0.8991,-15.56,-0.0162,31.40,6.50,0.488,0.500,0.207,0.0233,0.0500
12475,-19.80157,-8.44822,-11.35335,-2.46372,-8.19408,-0.69555,0.8957,-13.70,-0.0142,31.43,6.48,0.488,0.500,0.207,0.0233,0.0500
12500,-19.96460,-8.53889,-11.42571,-2.48067,-8.25240,-0.69265,0.9019,-14.45,-0.0150,31.66,6.41,0.488,0.500,0.207,0.0233,0.0500
12525,-19.79857,-8.48662,-11.31195,-2.45606,-8.16629,-0.68959,0.8930,-53.51,-0.0551,31.90,6.10,0.488,0.500,0.207,0.0233,0.0500
12550,-19.82978,-8.45946,-11.37032,-2.47725,-8.20176,-0.69130,0.9007,19.60,0.0202,31.60,6.20,0.488,0.500,0.207,0.0233,0.0500
12575,-19.81261,-8.44565,-11.36696,-2.47345,-8.23369,-0.65982,0.8993,-105.70,-0.1099,31.36,6.29,0.488,0.500,0.207,0.0233,0.0500
12600,-19.85455,-8.42724,-11.42731,-2.47415,-8.26806,-0.68510,0.8995,-105.57,-0.1098,31.17,6.53,0.488,0.500,0.207,0.0233,0.0500
12625,-19.82494,-8.46713,-11.35781,-2.46139,-8.20338,-0.69303,0.8949,-113.29,-0.1180,31.24,6.68,0.488,0.500,0.207,0.0233,0.0500
12650,-19.92052,-8.51778,-11.40274,-2.46846,-8.24797,-0.68630,0.8975,65.39,0.0681,30.57,7.04,0.488,0.500,0.207,0.0233,0.0500
12675,-19.95884,-8.52826,-11.43058,-2.48359,-8.28172,-0.66527,0.9030,155.64,0.1621,30.63,6.94,0.488,0.500,0.207,0.0233,0.0500
12700,-19.87592,-8.45363,-11.42229,-2.48536,-8.26098,-0.67595,0.9036,66.19,0.0689,30.57,7.19,0.488,0.500,0.207,0.0233,0.0500
12725,-19.86200,-8.46619,-11.39581,-2.47213,-8.25706,-0.66662,0.8988,66.96,0.0697,30.97,6.88,0.488,0.500,0.207,0.0233,0.0500
12750,-19.94117,-8.55365,-11.38752,-2.47683,-8.24143,-0.66925,0.9005,67.39,0.0702,31.20,6.76,0.488,0.500,0.207,0.0233,0.0500
12775,-19.87132,-8.46758,-11.40374,-2.46877,-8.24808,-0.68689,0.8976,246.55,0.2570,30.65,7.24,0.488,0.500,0.207,0.0233,0.0500
12800,-19.93488,-8.54278,-11.39210,-2.47603,-8.23693,-0.67914,0.9002,220.16,0.2274,31.00,7.29,0.488,0.500,0.207,0.0233,0.0500
12825,-19.92770,-8.49402,-11.43368,-2.48545,-8.27511,-0.67312,0.9036,-23.46,-0.0244,30.80,7.11,0.488,0.500,0.207,0.0233,0.0500
12850,-19.92347,-8.53364,-11.38983,-2.47598,-8.21409,-0.69977,0.9002,195.92,0.2023,30.52,7.17,0.488,0.500,0.207,0.0233,0.0500
12875,-19.90914,-8.52921,-11.37993,-2.47364,-8.20233,-0.70396,0.8993,-50.50,-0.0521,30.74,6.98,0.488,0.500,0.207,0.0233,0.0500
12900,-19.84684,-8.51055,-11.33630,-2.46064,-8.18060,-0.69506,0.8946,194.63,0.2009,30.71,7.16,0.488,0.500,0.207,0.0233,0.0500
12925,-19.86367,-8.45517,-11.40850,-2.46484,-8.25225,-0.69141,0.8961,23.61,0.0244,30.90,6.96,0.488,0.500,0.207,0.0233,0.0500
12950,-19.80875,-8.42922,-11.37953,-2.48412,-8.21623,-0.67919,0.9032,-66.67,-0.0688,30.84,6.97,0.488,0.500,0.207,0.0233,0.0500
12975,-19.91893,-8.48056,-11.43837,-2.47176,-8.26945,-0.69716,0.8987,13.65,0.0141,30.68,6.75,0.488,0.500,0.207,0.0233,0.0500
13000,-19.97487,-8.54192,-11.43296,-2.48707,-8.26576,-0.68013,0.9042,102.49,0.1058,30.83,6.89,0.488,0.500,0.197,0.0221,0.0500
13025,-19.88871,-8.46003,-11.42868,-2.48541,-8.26473,-0.67854,0.9036,246.97,0.2575,30.85,6.74,0.488,0.500,0.197,0.0221,0.0500
13050,-19.84137,-8.42189,-11.41948,-2.48385,-8.27203,-0.66360,0.9031,282.93,0.2921,30.79,6.81,0.488,0.500,0.197,0.0221,0.0500
13075,-19.91592,-8.51493,-11.40099,-2.46153,-8.25398,-0.68547,0.8949,282.51,0.2917,30.67,7.19,0.488,0.500,0.197,0.0221,0.0500
13100,-19.94561,-8.51451,-11.43110,-2.46438,-8.27484,-0.69188,0.8960,13.25,0.0137,30.76,6.94,0.488,0.500,0.197,0.0221,0.0500
13125,-19.85800,-8.50125,-11.35675,-2.44128,-8.23142,-0.68405,0.8876,12.95,0.0134,30.84,7.08,0.488,0.500,0.197,0.0221,0.0500
13150,-19.93378,-8.53673,-11.39706,-2.47412,-8.22599,-0.69695,0.8995,-73.43,-0.0757,30.78,7.06,0.488,0.500,0.197,0.0221,0.0500
13175,-19.95841,-8.54720,-11.41122,-2.46685,-8.25989,-0.68447,0.8969,-74.47,-0.0767,31.51,6.44,0.488,0.500,0.197,0.0221,0.0500
13200,-19.99432,-8.58416,-11.41017,-2.47214,-8.25680,-0.68123,0.8988,-76.21,-0.0786,31.63,5.96,0.488,0.500,0.197,0.0221,0.0500
13225,-19.97340,-8.57306,-11.40034,-2.46868,-8.24116,-0.69050,0.8975,-78.59,-0.0810,31.17,6.26,0.488,0.500,0.197,0.0221,0.0500
13250,-20.04766,-8.62005,-11.42761,-2.48500,-8.26073,-0.68188,0.9035,-166.40,-0.1715,31.21,6.48,0.488,0.500,0.197,0.0221,0.0500
13275,-19.96679,-8.58564,-11.38116,-2.46649,-8.21182,-0.70285,0.8967,-75.72,-0.0781,31.27,6.46,0.488,0.500,0.197,0.0221,0.0500
13300,-20.02566,-8.61774,-11.40792,-2.47548,-8.23727,-0.69517,0.9000,-75.28,-0.0776,31.57,6.06,0.488,0.500,0.197,0.0221,0.0500
13325,-20.02344,-8.59060,-11.43284,-2.49366,-8.26189,-0.67729,0.9066,-74.50,-0.0768,31.63,6.28,0.488,0.500,0.197,0.0221,0.0500
13350,-20.03008,-8.62034,-11.40975,-2.48144,-8.25315,-0.67516,0.9022,-72.51,-0.0756,31.67,5.93,0.488,0.500,0.197,0.0221,0.0500
13375,-19.97630,-8.59711,-11.37918,-2.46900,-8.22653,-0.68365,0.8977,1.70,0.0018,30.85,6.18,0.488,0.500,0.197,0.0221,0.0500
13400,-20.01374,-8.59714,-11.41660,-2.47420,-8.25977,-0.68263,0.8995,91.21,0.0942,31.03,6.64,0.488,0.500,0.197,0.0221,0.0500
13425,-20.07263,-8.67250,-11.40013,-2.47480,-8.23805,-0.68727,0.8998,92.48,0.0955,30.95,6.96,0.488,0.500,0.197,0.0221,0.0500
13450,-19.99151,-8.56552,-11.42598,-2.46365,-8.28427,-0.67806,0.8957,180.96,0.1869,30.80,7.04,0.488,0.500,0.197,0.0221,0.0500
13475,-19.96900,-8.57041,-11.39859,-2.46727,-8.23829,-0.69303,0.8970,183.23,0.1893,30.85,6.61,0.488,0.500,0.197,0.0221,0.0500
13500,-20.00971,-8.61723,-11.39247,-2.47462,-8.22491,-0.69294,0.8997,182.38,0.1883,30.68,6.60,0.488,0.500,0.197,0.0221,0.0500
13525,-20.02172,-8.67678,-11.34494,-2.47840,-8.18274,-0.68381,0.9011,91.35,0.0943,30.92,6.61,0.488,0.500,0.197,0.0221,0.0500
13550,-19.98783,-8.57599,-11.41184,-2.46994,-8.25410,-0.68780,0.8980,272.15,0.2812,31.12,6.24,0.488,0.500,0.197,0.0221,0.0500
13575,-19.91395,-8.54207,-11.37187,-2.45452,-8.22298,-0.69438,0.8924,94.51,0.0976,30.96,6.58,0.489,0.500,0.197,0.0221,0.0500
13600,-19.98547,-8.62840,-11.35707,-2.45828,-8.20102,-0.69777,0.8938,184.01,0.1900,31.02,6.47,0.489,0.500,0.197,0.0221,0.0500
13625,-20.05388,-8.62866,-11.42521,-2.46984,-8.26989,-0.68548,0.8980,184.66,0.1907,31.00,6.66,0.489,0.500,0.197,0.0221,0.0500
13650,-20.02955,-8.64044,-11.38911,-2.46042,-8.23793,-0.69075,0.8945,92.67,0.0957,31.09,6.70,0.489,0.500,0.197,0.0221,0.0500
13675,-20.07017,-8.71380,-11.35636,-2.46298,-8.21288,-0.68050,0.8955,182.00,0.1879,30.77,6.94,0.489,0.500,0.197,0.0221,0.0500
13700,-20.04548,-8.64994,-11.39553,-2.48465,-8.22026,-0.69063,0.9033,1.98,0.0020,30.83,6.67,0.489,0.500,0.197,0.0221,0.0500
13725,-19.96286,-8.61671,-11.34615,-2.45919,-8.18147,-0.70549,0.8941,2.69,0.0028,31.13,6.54,0.489,0.500,0.197,0.0221,0.0500
13750,-19.96003,-8.58920,-11.37084,-2.48152,-8.21140,-0.67791,0.9022,1.55,0.0016,31.02,6.62,0.489,0.500,0.197,0.0221,0.0500
13775,-20.03934,-8.65496,-11.38438,-2.46321,-8.21858,-0.70258,0.8956,89.49,0.0924,31.32,6.48,0.489,0.500,0.197,0.0221,0.0500
13800,-20.02599,-8.63518,-11.39081,-2.46800,-8.24768,-0.67513,0.8973,-0.20,-0.0002,31.02,6.62,0.489,0.500,0.197,0.0221,0.0500
13825,-19.89421,-8.54013,-11.35408,-2.46679,-8.18389,-0.70340,0.8969,-0.51,-0.0005,30.97,6.59,0.489,0.500,0.197,0.0221,0.0500
13850,-19.94102,-8.55824,-11.38278,-2.46158,-8.23176,-0.68944,0.8950,-181.04,-0.1870,31.14,6.55,0.489,0.500,0.197,0.0221,0.0500
13875,-20.09930,-8.69825,-11.40105,-2.47122,-8.22877,-0.70107,0.8985,89.14,0.0921,31.10,6.31,0.489,0.500,0.197,0.0221,0.0500
13900,-20.04765,-8.64412,-11.40352,-2.47793,-8.25602,-0.66957,0.9009,18.35,0.0190,31.16,6.29,0.489,0.500,0.197,0.0221,0.0500
13925,-20.06291,-8.67028,-11.39263,-2.47763,-8.22495,-0.69005,0.9008,6.76,0.0070,30.97,6.31,0.489,0.500,0.197,0.0221,0.0500
13950,-19.96788,-8.62654,-11.34134,-2.47181,-8.17328,-0.69625,0.8987,6.79,0.0070,30.93,6.44,0.489,0.501,0.197,0.0221,0.0500
13975,-20.02338,-8.64276,-11.38062,-2.47306,-8.22225,-0.68530,0.8991,67.83,0.0707,30.76,6.53,0.489,0.501,0.197,0.0221,0.0500
14000,-20.04041,-8.62476,-11.41565,-2.47958,-8.25988,-0.67619,0.9015,-202.16,-0.2107,30.93,6.76,0.489,0.501,0.187,0.0210,0.0500
14025,-20.08099,-8.69285,-11.38814,-2.48490,-8.23118,-0.67206,0.9034,-202.32,-0.2109,30.95,6.66,0.489,0.501,0.187,0.0210,0.0500
14050,-19.98302,-8.63438,-11.34864,-2.46906,-8.20515,-0.67443,0.8977,-203.13,-0.2117,31.22,6.14,0.489,0.500,0.187,0.0210,0.0500
14075,-20.05344,-8.64844,-11.40500,-2.47031,-8.23596,-0.69873,0.8981,-203.63,-0.2122,30.85,6.78,0.489,0.500,0.187,0.0210,0.0500
14100,-20.01702,-8.64922,-11.36780,-2.47970,-8.20096,-0.68714,0.9015,-203.25,-0.2119,31.34,6.47,0.489,0.500,0.187,0.0210,0.0500
14125,-19.88855,-8.58900,-11.29955,-2.47573,-8.14181,-0.68201,0.9001,-115.27,-0.1201,31.20,6.26,0.489,0.500,0.187,0.0210,0.0500
14150,-20.12221,-8.68374,-11.43847,-2.50650,-8.27113,-0.66084,0.9113,-115.46,-0.1203,31.13,6.50,0.489,0.500,0.187,0.0210,0.0500
14175,-20.00611,-8.63921,-11.36690,-2.48223,-8.19727,-0.68740,0.9025,-115.25,-0.1202,31.34,6.52,0.489,0.500,0.187,0.0210,0.0500
14200,-19.91696,-8.56929,-11.34767,-2.50138,-8.16273,-0.68356,0.9094,-115.11,-0.1200,31.39,6.49,0.489,0.500,0.187,0.0210,0.0500
14225,-19.92476,-8.56220,-11.36256,-2.50014,-8.19649,-0.66593,0.9090,-114.57,-0.1195,31.21,6.54,0.489,0.500,0.187,0.0210,0.0500
14250,-19.94817,-8.54179,-11.40637,-2.49711,-8.22299,-0.68627,0.9079,-113.88,-0.1188,31.29,6.65,0.489,0.500,0.187,0.0210,0.0500
14275,-19.95737,-8.58411,-11.37326,-2.48204,-8.18115,-0.71007,0.9024,-113.78,-0.1187,30.87,6.48,0.489,0.500,0.187,0.0210,0.0500
14300,-19.96000,-8.61973,-11.34026,-2.49015,-8.15163,-0.69849,0.9053,-115.72,-0.1207,31.51,6.58,0.489,0.500,0.187,0.0210,0.0500
14325,-20.02767,-8.70182,-11.32586,-2.47660,-8.16435,-0.68491,0.9004,-153.99,-0.1591,31.36,6.61,0.489,0.500,0.187,0.0210,0.0500
14350,-20.03491,-8.61661,-11.41830,-2.49505,-8.22734,-0.69591,0.9071,-155.24,-0.1604,31.23,6.80,0.489,0.500,0.187,0.0210,0.0500
14375,-19.96665,-8.62977,-11.33687,-2.48965,-8.15117,-0.69606,0.9052,25.03,0.0258,31.17,6.89,0.489,0.500,0.187,0.0210,0.0500
14400,-19.95914,-8.57771,-11.38143,-2.49255,-8.20526,-0.68363,0.9062,-153.03,-0.1581,31.37,6.64,0.489,0.500,0.187,0.0210,0.0500
14425,-19.98139,-8.57043,-11.41096,-2.49821,-8.22167,-0.69108,0.9083,-152.46,-0.1575,31.29,6.54,0.489,0.500,0.187,0.0210,0.0500
14450,-19.94285,-8.56987,-11.37298,-2.49068,-8.20015,-0.68216,0.9055,-125.75,-0.1314,30.85,6.51,0.489,0.500,0.187,0.0210,0.0500
14475,-20.12952,-8.67760,-11.45192,-2.48613,-8.26711,-0.69868,0.9039,-37.52,-0.0392,31.04,6.46,0.490,0.500,0.187,0.0210,0.0500
14500,-20.07655,-8.65082,-11.42573,-2.48438,-8.23367,-0.70768,0.9033,-28.02,-0.0292,31.26,6.39,0.490,0.500,0.187,0.0210,0.0500
14525,-19.93856,-8.55784,-11.38072,-2.48370,-8.21053,-0.68649,0.9030,-118.53,-0.1237,31.54,6.32,0.490,0.500,0.187,0.0210,0.0500
14550,-19.94924,-8.58199,-11.36725,-2.47166,-8.20740,-0.68819,0.8986,-119.33,-0.1245,31.51,6.14,0.490,0.500,0.187,0.0210,0.0500
14575,-19.97566,-8.62067,-11.35498,-2.48346,-8.17415,-0.69738,0.9029,-155.34,-0.1605,31.59,6.40,0.490,0.500,0.187,0.0210,0.0500
14600,-20.05427,-8.67233,-11.38194,-2.48636,-8.21127,-0.68431,0.9040,-153.41,-0.1585,31.07,6.56,0.490,0.500,0.187,0.0210,0.0500
14625,-19.95322,-8.58293,-11.37030,-2.48051,-8.20811,-0.68168,0.9018,-154.48,-0.1596,30.96,6.62,0.490,0.500,0.187,0.0210,0.0500
14650,-19.98849,-8.57735,-11.41114,-2.48550,-8.25440,-0.67123,0.9037,-155.09,-0.1603,31.13,6.57,0.490,0.500,0.187,0.0210,0.0500
14675,-19.92667,-8.54087,-11.38580,-2.47188,-8.23486,-0.67907,0.8987,-130.16,-0.1360,31.08,6.33,0.490,0.500,0.187,0.0210,0.0500
14700,-19.98017,-8.60755,-11.37261,-2.48328,-8.18271,-0.70663,0.9028,-155.96,-0.1611,31.09,6.34,0.490,0.500,0.187,0.0210,0.0500
14725,-20.01656,-8.59797,-11.41859,-2.49473,-8.22215,-0.70171,0.9070,-244.42,-0.2526,31.19,6.31,0.490,0.500,0.187,0.0210,0.0500
14750,-20.09465,-8.67718,-11.41747,-2.48262,-8.23151,-0.70334,0.9026,-120.33,-0.1256,30.98,6.24,0.490,0.500,0.187,0.0210,0.0500
14775,-20.11431,-8.68691,-11.42740,-2.49731,-8.23266,-0.69743,0.9080,-120.74,-0.1260,31.04,6.34,0.490,0.500,0.187,0.0210,0.0500
14800,-20.11841,-8.72056,-11.39785,-2.49463,-8.20631,-0.69691,0.9070,-122.89,-0.1282,30.87,6.26,0.490,0.500,0.187,0.0210,0.0500
14825,-20.11072,-8.72817,-11.38255,-2.48289,-8.20360,-0.69605,0.9027,-156.20,-0.1613,31.08,6.45,0.490,0.500,0.187,0.0210,0.0500
14850,-20.19494,-8.77514,-11.41980,-2.47629,-8.25102,-0.69249,0.9003,-313.51,-0.3276,31.25,6.26,0.490,0.500,0.187,0.0210,0.0500
14875,-20.09072,-8.71990,-11.37082,-2.47880,-8.19254,-0.69949,0.9012,-244.89,-0.2530,30.95,6.38,0.490,0.500,0.187,0.0210,0.0500
14900,-20.15378,-8.72919,-11.42459,-2.49277,-8.23043,-0.70139,0.9063,-136.24,-0.1424,30.95,6.07,0.490,0.500,0.187,0.0210,0.0500
14925,-20.08754,-8.67751,-11.41003,-2.47922,-8.25211,-0.67870,0.9014,-136.12,-0.1422,31.01,6.18,0.490,0.500,0.187,0.0210,0.0500
14950,-20.10853,-8.67422,-11.43431,-2.49332,-8.25245,-0.68854,0.9065,46.13,0.0484,30.92,6.54,0.490,0.500,0.187,0.0210,0.0500
14975,-20.14566,-8.74224,-11.40342,-2.48346,-8.22604,-0.69393,0.9029,47.04,0.0494,31.10,6.55,0.490,0.500,0.187,0.0210,0.0500
15000,-20.15734,-8.71586,-11.44148,-2.49474,-8.24503,-0.70171,0.9070,-131.60,-0.1375,31.20,6.37,0.490,0.500,0.196,0.0220,0.0500
15025,-20.24789,-8.78823,-11.45966,-2.49238,-8.27359,-0.69369,0.9062,-134.11,-0.1407,30.82,6.49,0.490,0.500,0.196,0.0220,0.0500
15050,-20.10708,-8.72536,-11.38172,-2.50040,-8.19070,-0.69062,0.9091,-45.40,-0.0476,31.02,6.45,0.490,0.500,0.196,0.0220,0.0500
15075,-20.15896,-8.68224,-11.47672,-2.50354,-8.28517,-0.68801,0.9102,45.80,0.0481,31.15,6.27,0.490,0.500,0.196,0.0220,0.0500
15100,-20.16879,-8.68307,-11.48571,-2.48856,-8.29834,-0.69882,0.9048,-146.84,-0.1517,31.09,6.32,0.490,0.500,0.196,0.0220,0.0500
15125,-20.13530,-8.70044,-11.43486,-2.48693,-8.25403,-0.69391,0.9042,-124.40,-0.1298,31.56,6.08,0.490,0.500,0.196,0.0220,0.0500
15150,-20.16739,-8.72858,-11.43881,-2.48369,-8.26058,-0.69455,0.9030,-32.77,-0.0342,31.35,6.48,0.490,0.500,0.196,0.0220,0.0500
15175,-20.19140,-8.76621,-11.42518,-2.48885,-8.25437,-0.68196,0.9049,-123.66,-0.1291,31.68,5.74,0.490,0.500,0.196,0.0220,0.0500
15200,-20.14127,-8.71872,-11.42255,-2.49494,-8.24506,-0.68255,0.9071,-214.60,-0.2241,31.05,6.41,0.490,0.500,0.196,0.0220,0.0500
15225,-20.13636,-8.68567,-11.45069,-2.49039,-8.26651,-0.69379,0.9054,-125.54,-0.1310,30.79,6.40,0.490,0.500,0.196,0.0220,0.0500
15250,-20.11845,-8.74675,-11.37170,-2.48306,-8.18484,-0.70379,0.9028,-125.02,-0.1305,31.07,6.17,0.490,0.500,0.196,0.0220,0.0500
15275,-20.14071,-8.71916,-11.42155,-2.48978,-8.25703,-0.67475,0.9052,-144.71,-0.1495,30.95,6.57,0.490,0.500,0.196,0.0220,0.0500
15300,-20.19536,-8.74896,-11.44641,-2.50440,-8.25310,-0.68890,0.9105,-126.15,-0.1317,31.10,6.22,0.490,0.500,0.196,0.0220,0.0500
15325,-20.16022,-8.73636,-11.42386,-2.49088,-8.24066,-0.69231,0.9056,-125.44,-0.1310,30.98,6.27,0.490,0.500,0.196,0.0220,0.0500
15350,-20.18495,-8.78472,-11.40023,-2.48984,-8.21949,-0.69090,0.9052,-126.21,-0.1318,31.01,6.23,0.490,0.500,0.196,0.0220,0.0500
15375,-20.14142,-8.71523,-11.42619,-2.48154,-8.24458,-0.70007,0.9022,-125.46,-0.1309,31.28,6.16,0.490,0.500,0.196,0.0220,0.0500
15400,-20.09308,-8.69409,-11.39899,-2.47984,-8.22502,-0.69413,0.9016,-253.48,-0.2619,31.04,6.55,0.490,0.500,0.196,0.0220,0.0500
15425,-20.10622,-8.66900,-11.43722,-2.49833,-8.26699,-0.67190,0.9083,-165.58,-0.1711,31.33,6.37,0.490,0.500,0.196,0.0220,0.0500
15450,-20.04076,-8.63326,-11.40750,-2.49726,-8.22760,-0.68264,0.9079,-127.04,-0.1326,31.37,6.11,0.490,0.500,0.196,0.0220,0.0500
15475,-20.12786,-8.74097,-11.38689,-2.49949,-8.20827,-0.67913,0.9087,-166.43,-0.1719,31.19,6.42,0.490,0.500,0.196,0.0220,0.0500
15500,-20.12667,-8.74369,-11.38298,-2.47091,-8.20883,-0.70325,0.8984,-165.53,-0.1710,31.09,6.44,0.490,0.500,0.196,0.0220,0.0500
15525,-20.10300,-8.70997,-11.39302,-2.49828,-8.18897,-0.70578,0.9083,-73.62,-0.0760,31.00,6.51,0.490,0.500,0.196,0.0220,0.0500
15550,-20.06756,-8.68212,-11.38544,-2.48448,-8.18617,-0.71478,0.9033,-162.00,-0.1673,31.16,6.39,0.490,0.500,0.196,0.0220,0.0500
15575,-20.08033,-8.66990,-11.41044,-2.50407,-8.21047,-0.69590,0.9104,-162.07,-0.1674,31.37,6.29,0.490,0.500,0.196,0.0220,0.0500
15600,-20.05495,-8.67104,-11.38391,-2.48356,-8.18410,-0.71624,0.9030,-124.84,-0.1303,30.83,6.37,0.490,0.500,0.196,0.0220,0.0500
15625,-20.07465,-8.68680,-11.38784,-2.50641,-8.18690,-0.69452,0.9113,-124.81,-0.1303,31.04,6.45,0.490,0.500,0.196,0.0220,0.0500
15650,-20.04521,-8.68583,-11.35938,-2.48844,-8.16911,-0.70183,0.9047,-214.18,-0.2236,31.20,6.29,0.490,0.500,0.196,0.0220,0.0500
15675,-20.06226,-8.68813,-11.37413,-2.50057,-8.19364,-0.67992,0.9091,-126.01,-0.1315,31.30,6.21,0.490,0.500,0.196,0.0220,0.0500
15700,-20.15310,-8.72642,-11.42668,-2.50273,-8.24149,-0.68246,0.9099,-70.50,-0.0729,31.27,6.41,0.490,0.500,0.196,0.0220,0.0500
15725,-20.11587,-8.71127,-11.40460,-2.49114,-8.23344,-0.68002,0.9057,-69.78,-0.0721,31.21,6.44,0.490,0.500,0.196,0.0220,0.0500
15750,-20.15464,-8.72550,-11.42914,-2.51613,-8.23714,-0.67587,0.9148,-159.55,-0.1649,30.95,6.51,0.490,0.500,0.196,0.0220,0.0500
15775,-20.12716,-8.71495,-11.41222,-2.49932,-8.24656,-0.66633,0.9087,-159.58,-0.1649,31.23,6.42,0.490,0.500,0.196,0.0220,0.0500
15800,-20.06031,-8.68091,-11.37941,-2.47489,-8.19412,-0.71040,0.8998,-68.90,-0.0712,30.78,6.51,0.490,0.500,0.196,0.0220,0.0500
15825,-20.13215,-8.71536,-11.41678,-2.48997,-8.24374,-0.68308,0.9053,-157.95,-0.1632,31.12,6.24,0.490,0.500,0.196,0.0220,0.0500
15850,-20.06759,-8.67153,-11.39605,-2.47511,-8.22766,-0.69328,0.8999,-69.41,-0.0718,31.17,6.30,0.490,0.500,0.196,0.0220,0.0500
15875,-20.08261,-8.70979,-11.37281,-2.48173,-8.18878,-0.70230,0.9023,-250.57,-0.2591,31.08,6.15,0.490,0.500,0.196,0.0220,0.0500
15900,-20.14936,-8.72840,-11.42096,-2.50029,-8.25317,-0.66751,0.9090,-251.47,-0.2600,31.27,6.23,0.490,0.500,0.196,0.0220,0.0500
15925,-20.02511,-8.66181,-11.36330,-2.48194,-8.19302,-0.68834,0.9024,21.87,0.0226,30.95,6.20,0.490,0.500,0.196,0.0220,0.0500
15950,-20.09569,-8.69812,-11.39758,-2.48755,-8.21283,-0.69720,0.9044,22.73,0.0235,31.55,5.99,0.490,0.500,0.196,0.0220,0.0500
15975,-20.19798,-8.74871,-11.44927,-2.50376,-8.25069,-0.69482,0.9103,106.14,0.1098,31.27,6.10,0.490,0.500,0.196,0.0220,0.0500
16000,-20.12358,-8.69991,-11.42367,-2.50080,-8.24654,-0.67633,0.9092,23.00,0.0238,30.97,6.27,0.490,0.500,0.187,0.0209,0.0500
16025,-20.19382,-8.72265,-11.47117,-2.49996,-8.28010,-0.69111,0.9089,113.45,0.1173,31.04,6.08,0.490,0.500,0.187,0.0209,0.0500
16050,-20.12985,-8.73132,-11.39854,-2.49541,-8.20830,-0.69483,0.9073,16.95,0.0175,31.06,6.07,0.490,0.500,0.187,0.0209,0.0500
16075,-20.15648,-8.73864,-11.41784,-2.48486,-8.22323,-0.70975,0.9034,14.62,0.0151,30.89,6.51,0.490,0.500,0.187,0.0209,0.0500
16100,-20.19010,-8.78485,-11.40526,-2.49379,-8.21060,-0.70087,0.9067,14.86,0.0154,31.10,6.04,0.490,0.500,0.187,0.0209,0.0500
16125,-20.16136,-8.70487,-11.45649,-2.51928,-8.24927,-0.68793,0.9159,15.57,0.0161,31.40,6.09,0.490,0.500,0.187,0.0209,0.0500
16150,-20.08557,-8.71512,-11.37045,-2.48275,-8.17837,-0.70933,0.9027,13.23,0.0137,31.29,6.10,0.490,0.500,0.187,0.0209,0.0500
16175,-20.12233,-8.68961,-11.43271,-2.49042,-8.24901,-0.69328,0.9054,-76.08,-0.0787,31.24,6.35,0.490,0.500,0.187,0.0209,0.0500
16200,-20.17650,-8.73500,-11.44150,-2.48098,-8.26189,-0.69863,0.9020,13.21,0.0137,31.24,6.24,0.490,0.500,0.187,0.0209,0.0500
16225,-20.13810,-8.72297,-11.41513,-2.49126,-8.23441,-0.68946,0.9058,103.37,0.1068,31.30,6.06,0.490,0.500,0.187,0.0209,0.0500
16250,-20.14117,-8.70601,-11.43517,-2.49140,-8.25435,-0.68941,0.9058,14.13,0.0146,31.49,5.96,0.490,0.500,0.187,0.0209,0.0500
16275,-20.12848,-8.71603,-11.41244,-2.47744,-8.23921,-0.69580,0.9007,102.81,0.1062,30.95,6.54,0.490,0.500,0.187,0.0209,0.0500
16300,-20.09358,-8.67744,-11.41614,-2.49399,-8.22118,-0.70097,0.9067,102.86,0.1063,30.84,6.64,0.491,0.500,0.187,0.0209,0.0500
16325,-20.14830,-8.72952,-11.41878,-2.49016,-8.25318,-0.67544,0.9054,11.97,0.0124,30.76,6.88,0.491,0.500,0.187,0.0209,0.0500
16350,-20.15572,-8.78064,-11.37508,-2.47776,-8.19713,-0.70019,0.9008,11.51,0.0119,30.69,6.79,0.491,0.500,0.187,0.0209,0.0500
16375,-20.09559,-8.71121,-11.38437,-2.49085,-8.21668,-0.67684,0.9056,-75.66,-0.0782,30.52,6.78,0.491,0.500,0.187,0.0209,0.0500
16400,-20.11485,-8.75346,-11.36139,-2.49615,-8.17588,-0.68935,0.9075,-75.22,-0.0778,30.58,7.07,0.491,0.500,0.187,0.0209,0.0500
16425,-20.18243,-8.76098,-11.42145,-2.50993,-8.22101,-0.69051,0.9125,-75.32,-0.0778,30.46,6.71,0.491,0.500,0.187,0.0209,0.0500
16450,-20.16162,-8.78925,-11.37237,-2.47602,-8.19527,-0.70108,0.9002,15.31,0.0158,30.59,6.84,0.491,0.500,0.187,0.0209,0.0500
16475,-20.25176,-8.82365,-11.42810,-2.49520,-8.22684,-0.70606,0.9072,-75.30,-0.0778,30.70,6.83,0.491,0.500,0.187,0.0209,0.0500
16500,-20.15513,-8.76213,-11.39301,-2.49199,-8.23202,-0.66900,0.9060,-76.12,-0.0787,30.44,6.92,0.491,0.500,0.187,0.0209,0.0500
16525,-20.17966,-8.74531,-11.43435,-2.49734,-8.24901,-0.68800,0.9080,-76.38,-0.0789,30.68,6.58,0.491,0.500,0.187,0.0209,0.0500
16550,-20.17668,-8.76763,-11.40905,-2.48709,-8.23367,-0.68829,0.9042,-76.92,-0.0795,30.81,6.52,0.491,0.500,0.187,0.0209,0.0500
16575,-20.12361,-8.77618,-11.34743,-2.47554,-8.16861,-0.70329,0.9000,-77.89,-0.0805,30.76,6.72,0.491,0.500,0.187,0.0209,0.0500
16600,-20.16913,-8.75951,-11.40961,-2.49113,-8.23550,-0.68298,0.9057,-78.64,-0.0813,30.67,6.51,0.491,0.500,0.187,0.0209,0.0500
16625,-20.14152,-8.70077,-11.44076,-2.49360,-8.24097,-0.70619,0.9066,12.63,0.0130,30.97,6.16,0.491,0.500,0.187,0.0209,0.0500
16650,-20.15518,-8.71906,-11.43612,-2.47899,-8.26280,-0.69434,0.9013,-80.00,-0.0827,31.01,6.24,0.491,0.500,0.187,0.0209,0.0500
16675,-20.12144,-8.70595,-11.41548,-2.48465,-8.23699,-0.69384,0.9033,8.07,0.0083,31.07,6.11,0.491,0.500,0.187,0.0209,0.0500
16700,-20.22197,-8.81328,-11.40868,-2.49620,-8.23184,-0.68064,0.9075,97.70,0.1009,30.98,6.13,0.491,0.500,0.187,0.0209,0.0500
16725,-20.12787,-8.75265,-11.37521,-2.47441,-8.21310,-0.68771,0.8996,8.42,0.0087,31.05,6.09,0.491,0.500,0.187,0.0209,0.0500
16750,-20.21384,-8.76395,-11.44988,-2.49548,-8.26676,-0.68764,0.9073,96.85,0.1001,31.18,5.92,0.491,0.500,0.187,0.0209,0.0500
16775,-20.19433,-8.77782,-11.41651,-2.49009,-8.23730,-0.68912,0.9053,7.91,0.0082,31.07,6.23,0.491,0.500,0.187,0.0209,0.0500
16800,-20.16169,-8.75766,-11.40403,-2.48446,-8.22739,-0.69218,0.9033,-84.02,-0.0869,30.90,6.19,0.491,0.500,0.187,0.0209,0.0500
16825,-20.19814,-8.76654,-11.43160,-2.49631,-8.25547,-0.67981,0.9076,-82.75,-0.0855,30.81,6.46,0.491,0.500,0.187,0.0209,0.0500
16850,-20.16305,-8.73179,-11.43127,-2.49554,-8.26285,-0.67288,0.9073,7.66,0.0079,30.94,6.19,0.491,0.500,0.187,0.0209,0.0500
16875,-20.16041,-8.78491,-11.37550,-2.46674,-8.21732,-0.69144,0.8968,97.68,0.1010,30.97,6.13,0.491,0.500,0.187,0.0209,0.0500
16900,-20.14420,-8.78653,-11.35767,-2.47885,-8.18007,-0.69876,0.9012,9.41,0.0097,30.87,6.36,0.491,0.500,0.187,0.0209,0.0500
16925,-20.24761,-8.80985,-11.43777,-2.50315,-8.23986,-0.69476,0.9101,-79.08,-0.0818,30.79,6.08,0.491,0.500,0.187,0.0209,0.0500
16950,-20.15337,-8.76871,-11.38466,-2.50145,-8.20509,-0.67812,0.9095,-77.66,-0.0803,30.88,6.05,0.491,0.500,0.187,0.0209,0.0500
16975,-20.24439,-8.83527,-11.40912,-2.49441,-8.22640,-0.68830,0.9069,13.91,0.0144,30.72,6.29,0.491,0.500,0.187,0.0209,0.0500
17000,-20.18592,-8.76728,-11.41864,-2.49415,-8.22901,-0.69548,0.9068,10.19,0.0105,30.72,6.31,0.491,0.500,0.196,0.0220,0.0500
17025,-20.17745,-8.79054,-11.38691,-2.48840,-8.22377,-0.67475,0.9047,11.30,0.0117,30.81,6.18,0.491,0.500,0.196,0.0220,0.0500
17050,-20.12462,-8.71527,-11.40935,-2.51258,-8.21795,-0.67881,0.9135,101.60,0.1050,30.64,6.40,0.491,0.500,0.196,0.0220,0.0500
17075,-20.14113,-8.76475,-11.37638,-2.50405,-8.20900,-0.66334,0.9104,13.59,0.0140,31.04,6.10,0.491,0.500,0.196,0.0220,0.0500
17100,-20.15173,-8.73954,-11.41219,-2.48442,-8.22807,-0.69970,0.9033,-75.26,-0.0778,30.86,6.27,0.491,0.500,0.196,0.0220,0.0500
17125,-20.09250,-8.74778,-11.34472,-2.46911,-8.19132,-0.68429,0.8977,-167.50,-0.1731,30.51,6.57,0.491,0.500,0.196,0.0220,0.0500
17150,-20.12272,-8.73998,-11.38274,-2.50807,-8.18584,-0.68883,0.9119,-167.08,-0.1727,30.98,6.10,0.491,0.500,0.196,0.0220,0.0500
17175,-20.15560,-8.77851,-11.37709,-2.48860,-8.19320,-0.69530,0.9048,-78.12,-0.0807,30.74,6.28,0.491,0.500,0.196,0.0220,0.0500
17200,-20.16977,-8.77823,-11.39154,-2.47107,-8.20948,-0.71099,0.8984,-170.76,-0.1767,30.68,6.63,0.491,0.500,0.196,0.0220,0.0500
17225,-20.14741,-8.74140,-11.40602,-2.49246,-8.23839,-0.67517,0.9062,-171.04,-0.1770,31.20,6.20,0.491,0.500,0.196,0.0220,0.0500
17250,-20.14095,-8.75550,-11.38545,-2.48260,-8.20139,-0.70146,0.9026,-170.99,-0.1769,30.99,6.22,0.491,0.500,0.196,0.0220,0.0500
17275,-20.11542,-8.75845,-11.35697,-2.47195,-8.19067,-0.69435,0.8987,-172.28,-0.1782,30.74,6.53,0.491,0.500,0.196,0.0220,0.0500
17300,-20.14686,-8.78357,-11.36329,-2.48419,-8.19681,-0.68230,0.9032,-81.70,-0.0845,30.77,6.46,0.491,0.500,0.196,0.0220,0.0500
17325,-20.12100,-8.76486,-11.35614,-2.47969,-8.17840,-0.69804,0.9015,-168.81,-0.1746,31.12,6.46,0.491,0.500,0.196,0.0220,0.0500
17350,-20.11914,-8.74502,-11.37412,-2.49022,-8.20035,-0.68354,0.9054,-79.14,-0.0818,30.83,6.37,0.491,0.500,0.196,0.0220,0.0500
17375,-20.17651,-8.78113,-11.39539,-2.48721,-8.21253,-0.69565,0.9043,-78.52,-0.0812,30.76,6.54,0.491,0.500,0.196,0.0220,0.0500
17400,-20.08573,-8.72705,-11.35868,-2.49811,-8.19133,-0.66924,0.9082,10.04,0.0104,31.13,6.41,0.491,0.500,0.196,0.0220,0.0500
17425,-20.14511,-8.72253,-11.42258,-2.49050,-8.23277,-0.69931,0.9055,-80.33,-0.0830,31.06,6.50,0.491,0.500,0.196,0.0220,0.0500
17450,-20.11934,-8.74418,-11.37516,-2.50316,-8.18709,-0.68492,0.9101,9.06,0.0094,31.20,6.52,0.491,0.500,0.196,0.0220,0.0500
17475,-20.10071,-8.71724,-11.38347,-2.49033,-8.19793,-0.69521,0.9054,-81.10,-0.0839,31.42,6.43,0.491,0.500,0.196,0.0220,0.0500
17500,-20.16179,-8.74251,-11.41929,-2.48283,-8.21234,-0.72411,0.9027,-80.72,-0.0835,31.12,6.54,0.491,0.500,0.196,0.0220,0.0500
17525,-20.07159,-8.68063,-11.39096,-2.49194,-8.21772,-0.68130,0.9060,-79.51,-0.0822,31.10,6.37,0.491,0.500,0.196,0.0220,0.0500
17550,-20.09926,-8.72143,-11.37783,-2.48839,-8.20781,-0.68163,0.9047,-79.25,-0.0820,31.35,6.31,0.491,0.500,0.196,0.0220,0.0500
17575,-20.16594,-8.76069,-11.40525,-2.50456,-8.21838,-0.68231,0.9106,-77.97,-0.0806,31.22,6.19,0.491,0.500,0.196,0.0220,0.0500
17600,-20.11771,-8.74043,-11.37728,-2.48321,-8.21371,-0.68036,0.9028,-79.85,-0.0826,31.03,6.19,0.491,0.500,0.196,0.0220,0.0500
17625,-20.14222,-8.73475,-11.40747,-2.49628,-8.25455,-0.65664,0.9076,-80.64,-0.0834,30.87,6.46,0.491,0.500,0.196,0.0220,0.0500
17650,-20.14697,-8.73011,-11.41686,-2.50089,-8.23463,-0.68134,0.9093,9.69,0.0100,30.94,6.46,0.491,0.500,0.196,0.0220,0.0500
17675,-20.19765,-8.77945,-11.41820,-2.48462,-8.25007,-0.68350,0.9033,9.59,0.0099,31.00,6.28,0.491,0.500,0.196,0.0220,0.0500
17700,-20.17565,-8.77954,-11.39611,-2.49621,-8.20815,-0.69175,0.9076,-80.60,-0.0833,31.18,6.17,0.491,0.500,0.196,0.0220,0.0500
17725,-20.23940,-8.82482,-11.41458,-2.50187,-8.21846,-0.69425,0.9096,-170.31,-0.1761,31.04,6.31,0.491,0.500,0.196,0.0220,0.0500
17750,-20.15496,-8.76917,-11.38580,-2.47925,-8.20937,-0.69717,0.9014,-170.93,-0.1767,30.97,6.43,0.491,0.500,0.196,0.0220,0.0500
17775,-20.11272,-8.73886,-11.37386,-2.46652,-8.24410,-0.66323,0.8968,-79.73,-0.0824,31.26,6.22,0.491,0.500,0.196,0.0220,0.0500
17800,-20.10855,-8.77930,-11.32925,-2.50174,-8.13430,-0.69321,0.9096,-168.93,-0.1747,31.19,6.14,0.491,0.500,0.196,0.0220,0.0500
17825,-20.14703,-8.81062,-11.33641,-2.47640,-8.15555,-0.70447,0.9003,-169.48,-0.1752,31.07,6.18,0.491,0.500,0.196,0.0220,0.0500
17850,-20.23115,-8.86641,-11.36474,-2.49483,-8.18805,-0.68186,0.9070,-169.96,-0.1758,30.62,6.33,0.491,0.500,0.196,0.0220,0.0500
17875,-20.23685,-8.85030,-11.38655,-2.50025,-8.19207,-0.69423,0.9090,-169.59,-0.1754,30.69,6.46,0.491,0.500,0.196,0.0220,0.0500
17900,-20.20638,-8.84622,-11.36016,-2.48649,-8.17439,-0.69928,0.9040,10.36,0.0107,30.57,6.38,0.491,0.500,0.196,0.0220,0.0500
17925,-20.11487,-8.79656,-11.31831,-2.48694,-8.14076,-0.69061,0.9042,-170.39,-0.1762,30.45,6.46,0.491,0.500,0.196,0.0220,0.0500
17950,-20.20374,-8.84699,-11.35675,-2.47495,-8.19497,-0.68683,0.8998,-168.79,-0.1746,30.44,6.59,0.491,0.500,0.196,0.0220,0.0500
17975,-20.23873,-8.83034,-11.40839,-2.46737,-8.23577,-0.70525,0.8971,-259.26,-0.2681,30.96,6.19,0.491,0.500,0.196,0.0220,0.0500
18000,-20.27088,-8.89195,-11.37893,-2.48814,-8.19350,-0.69729,0.9046,-39.08,-0.0408,30.44,6.47,0.491,0.500,0.186,0.0209,0.0500
18025,-20.26401,-8.90161,-11.36240,-2.48925,-8.17534,-0.69780,0.9050,-77.51,-0.0801,30.40,6.47,0.491,0.500,0.186,0.0209,0.0500
18050,-20.21641,-8.88078,-11.33563,-2.49777,-8.15234,-0.68552,0.9081,-38.23,-0.0399,30.52,6.29,0.491,0.500,0.186,0.0209,0.0500
18075,-20.23280,-8.83870,-11.39410,-2.50711,-8.20055,-0.68644,0.9115,-37.08,-0.0387,30.46,6.54,0.491,0.500,0.186,0.0209,0.0500
18100,-20.18524,-8.80465,-11.38059,-2.49963,-8.17248,-0.70848,0.9088,-36.94,-0.0386,30.88,6.12,0.491,0.500,0.186,0.0209,0.0500
18125,-20.18364,-8.80618,-11.37747,-2.49620,-8.17858,-0.70269,0.9075,53.22,0.0556,30.77,6.04,0.491,0.500,0.186,0.0209,0.0500
18150,-20.28965,-8.89846,-11.39119,-2.48245,-8.22815,-0.68059,0.9025,53.63,0.0560,30.65,6.22,0.491,0.500,0.186,0.0209,0.0500
18175,-20.24747,-8.86213,-11.38534,-2.48195,-8.21605,-0.68734,0.9024,53.79,0.0561,30.68,6.34,0.491,0.500,0.186,0.0209,0.0500
18200,-20.21017,-8.83475,-11.37542,-2.48509,-8.20666,-0.68368,0.9035,-35.29,-0.0368,30.76,6.25,0.491,0.500,0.186,0.0209,0.0500
18225,-20.17079,-8.82163,-11.34916,-2.48834,-8.15677,-0.70405,0.9047,142.98,0.1493,30.96,6.50,0.491,0.500,0.186,0.0209,0.0500
18250,-20.21310,-8.81402,-11.39908,-2.47498,-8.20261,-0.72149,0.8998,54.71,0.0571,30.85,6.32,0.491,0.500,0.186,0.0209,0.0500
18275,-20.20435,-8.86203,-11.34232,-2.48263,-8.16634,-0.69336,0.9026,64.73,0.0676,30.71,6.31,0.491,0.500,0.186,0.0209,0.0500
18300,-20.23566,-8.85446,-11.38120,-2.48888,-8.18598,-0.70634,0.9049,-35.40,-0.0370,30.78,6.06,0.491,0.500,0.186,0.0209,0.0500
18325,-20.20471,-8.82530,-11.37941,-2.49391,-8.20688,-0.67863,0.9067,-34.95,-0.0365,31.03,6.07,0.491,0.500,0.186,0.0209,0.0500
18350,-20.17433,-8.78589,-11.38844,-2.47829,-8.21223,-0.69792,0.9010,4.35,0.0045,30.91,6.43,0.491,0.500,0.186,0.0209,0.0500
18375,-20.27839,-8.86589,-11.41250,-2.48912,-8.20242,-0.72096,0.9050,95.98,0.0992,30.66,6.62,0.491,0.500,0.186,0.0209,0.0500
18400,-20.28169,-8.88375,-11.39794,-2.50111,-8.21939,-0.67745,0.9093,52.53,0.0548,30.42,6.57,0.491,0.500,0.186,0.0209,0.0500
18425,-20.24989,-8.82538,-11.42451,-2.49455,-8.23681,-0.69315,0.9069,-37.39,-0.0390,31.08,5.89,0.491,0.500,0.186,0.0209,0.0500
18450,-20.28028,-8.88221,-11.39807,-2.48525,-8.20501,-0.70781,0.9036,-35.88,-0.0375,30.60,6.20,0.491,0.500,0.186,0.0209,0.0500
18475,-20.27499,-8.85680,-11.41819,-2.49020,-8.23892,-0.68907,0.9054,-123.31,-0.1286,30.95,6.05,0.491,0.500,0.186,0.0209,0.0500
18500,-20.30723,-8.88117,-11.42606,-2.50255,-8.22399,-0.69953,0.9099,53.48,0.0558,30.80,6.44,0.491,0.500,0.186,0.0209,0.0500
18525,-20.20635,-8.79311,-11.41324,-2.47648,-8.24480,-0.69195,0.9004,52.68,0.0550,30.63,6.15,0.491,0.500,0.186,0.0209,0.0500
18550,-20.18453,-8.81999,-11.36454,-2.46585,-8.19320,-0.70549,0.8965,51.83,0.0541,30.82,6.09,0.491,0.500,0.186,0.0209,0.0500
18575,-20.35687,-8.92594,-11.43093,-2.50409,-8.22645,-0.70040,0.9104,141.83,0.1481,30.65,6.45,0.491,0.500,0.186,0.0209,0.0500
18600,-20.18359,-8.80484,-11.37875,-2.49128,-8.21108,-0.67639,0.9058,-127.67,-0.1333,30.38,6.40,0.491,0.500,0.186,0.0209,0.0500
18625,-20.16879,-8.77483,-11.39396,-2.48869,-8.21270,-0.69258,0.9048,-218.55,-0.2281,30.38,6.49,0.491,0.500,0.186,0.0209,0.0500
18650,-20.19694,-8.80183,-11.39511,-2.48920,-8.20815,-0.69775,0.9050,-38.87,-0.0406,30.81,6.29,0.491,0.500,0.186,0.0209,0.0500
18675,-20.26293,-8.82549,-11.43744,-2.50879,-8.24305,-0.68560,0.9121,52.58,0.0549,30.60,6.59,0.491,0.500,0.186,0.0209,0.0500
18700,-20.29307,-8.87593,-11.41715,-2.47508,-8.26122,-0.68084,0.8999,4.72,0.0049,30.70,6.73,0.491,0.500,0.186,0.0209,0.0500
18725,-20.31146,-8.91195,-11.39952,-2.48017,-8.22756,-0.69179,0.9017,1.61,0.0017,30.88,6.50,0.491,0.500,0.186,0.0209,0.0500
18750,-20.26250,-8.84266,-11.41984,-2.48919,-8.23827,-0.69238,0.9050,-42.89,-0.0448,30.76,6.60,0.491,0.500,0.186,0.0209,0.0500
18775,-20.28621,-8.86157,-11.42464,-2.49707,-8.23474,-0.69284,0.9079,-31.78,-0.0332,31.04,6.29,0.491,0.500,0.186,0.0209,0.0500
18800,-20.24482,-8.83539,-11.40943,-2.50340,-8.22077,-0.68526,0.9102,-28.36,-0.0296,30.72,6.36,0.491,0.500,0.186,0.0209,0.0500
18825,-20.28475,-8.85317,-11.43157,-2.51274,-8.24899,-0.66984,0.9136,-37.45,-0.0391,30.85,6.37,0.491,0.500,0.186,0.0209,0.0500
18850,-20.32854,-8.91208,-11.41646,-2.48890,-8.23481,-0.69276,0.9049,-39.69,-0.0414,30.83,6.41,0.491,0.500,0.186,0.0209,0.0500
18875,-20.30295,-8.89081,-11.41214,-2.49060,-8.22836,-0.69318,0.9055,-36.00,-0.0376,30.67,6.58,0.491,0.500,0.186,0.0209,0.0500
18900,-20.29568,-8.87144,-11.42424,-2.49449,-8.24072,-0.68904,0.9069,-39.44,-0.0411,30.79,6.51,0.491,0.500,0.186,0.0209,0.0500
18925,-20.26974,-8.89559,-11.37415,-2.48453,-8.18351,-0.70611,0.9033,-29.12,-0.0304,30.52,6.41,0.491,0.500,0.186,0.0209,0.0500
18950,-20.21572,-8.81837,-11.39735,-2.48792,-8.20797,-0.70147,0.9045,-30.24,-0.0316,30.56,6.25,0.491,0.500,0.186,0.0209,0.0500
18975,-20.25032,-8.83431,-11.41601,-2.49367,-8.21601,-0.70633,0.9066,91.97,0.0950,30.74,6.50,0.491,0.500,0.186,0.0209,0.0500
19000,-20.26585,-8.83188,-11.43397,-2.49527,-8.23878,-0.69992,0.9072,0.90,0.0009,30.41,6.50,0.492,0.500,0.195,0.0219,0.0500
19025,-20.33038,-8.90592,-11.42446,-2.49508,-8.24372,-0.68566,0.9071,-40.41,-0.0422,30.30,6.43,0.492,0.500,0.195,0.0219,0.0500
19050,-20.32822,-8.91612,-11.41210,-2.48298,-8.20689,-0.72223,0.9027,50.82,0.0530,30.57,6.43,0.491,0.500,0.195,0.0219,0.0500
19075,-20.33965,-8.93134,-11.40831,-2.50435,-8.21899,-0.68497,0.9105,140.80,0.1470,30.87,6.35,0.491,0.500,0.195,0.0219,0.0500
19100,-20.45064,-8.99917,-11.45147,-2.52012,-8.25470,-0.67665,0.9162,50.31,0.0525,30.94,6.21,0.491,0.500,0.195,0.0219,0.0500
19125,-20.40222,-8.99523,-11.40700,-2.47876,-8.23766,-0.69058,0.9012,-39.73,-0.0415,30.93,6.29,0.491,0.500,0.195,0.0219,0.0500
19150,-20.35019,-8.94893,-11.40126,-2.49119,-8.22596,-0.68411,0.9057,-129.08,-0.1348,31.04,6.32,0.491,0.500,0.195,0.0219,0.0500
19175,-20.30640,-8.88616,-11.42024,-2.50141,-8.22933,-0.68950,0.9094,-37.67,-0.0393,30.69,6.30,0.491,0.500,0.195,0.0219,0.0500
19200,-20.29330,-8.88635,-11.40695,-2.49455,-8.21288,-0.69952,0.9069,-32.85,-0.0343,30.73,6.50,0.491,0.500,0.195,0.0219,0.0500
19225,-20.33049,-8.88569,-11.44480,-2.49005,-8.23704,-0.71771,0.9053,88.09,0.0910,30.59,6.44,0.491,0.500,0.195,0.0219,0.0500
19250,-20.30904,-8.87182,-11.43723,-2.50392,-8.24953,-0.68378,0.9104,-1.18,-0.0012,30.67,6.38,0.491,0.500,0.195,0.0219,0.0500
19275,-20.38814,-8.96073,-11.42742,-2.51002,-8.23484,-0.68256,0.9126,-1.32,-0.0014,30.93,6.13,0.491,0.500,0.195,0.0219,0.0500
19300,-20.35562,-8.91447,-11.44115,-2.50424,-8.23516,-0.70175,0.9105,90.16,0.0931,30.73,6.35,0.491,0.500,0.195,0.0219,0.0500
19325,-20.27571,-8.90298,-11.37273,-2.47169,-8.19752,-0.70352,0.8986,-40.24,-0.0420,30.89,5.99,0.491,0.500,0.195,0.0219,0.0500
19350,-20.22086,-8.88490,-11.33597,-2.47281,-8.16570,-0.69746,0.8990,-219.97,-0.2296,30.85,6.06,0.491,0.500,0.195,0.0219,0.0500
19375,-20.35885,-8.93295,-11.42590,-2.49137,-8.23616,-0.69837,0.9058,-129.25,-0.1349,30.80,5.92,0.491,0.500,0.195,0.0219,0.0500
19400,-20.43153,-9.00357,-11.42795,-2.49516,-8.25239,-0.68041,0.9072,-219.78,-0.2293,30.76,5.86,0.491,0.500,0.195,0.0219,0.0500
19425,-20.50414,-9.03966,-11.46447,-2.50494,-8.28714,-0.67239,0.9107,60.02,0.0627,30.88,5.78,0.491,0.500,0.195,0.0219,0.0500
19450,-20.34054,-8.96729,-11.37326,-2.47598,-8.18168,-0.71559,0.9002,-128.61,-0.1341,30.84,6.30,0.491,0.500,0.195,0.0219,0.0500
19475,-20.37457,-8.91848,-11.45610,-2.48854,-8.26016,-0.70739,0.9048,-122.78,-0.1279,30.79,6.20,0.491,0.500,0.195,0.0219,0.0500
19500,-20.39295,-8.95455,-11.43839,-2.50480,-8.25042,-0.68317,0.9107,-128.77,-0.1344,30.75,5.94,0.491,0.500,0.195,0.0219,0.0500
19525,-20.40589,-8.97805,-11.42783,-2.49117,-8.24503,-0.69164,0.9057,-34.38,-0.0359,30.95,6.19,0.491,0.500,0.195,0.0219,0.0500
19550,-20.43063,-8.95335,-11.47728,-2.49871,-8.28233,-0.69624,0.9085,-3.08,-0.0032,31.06,6.15,0.491,0.500,0.195,0.0219,0.0500
19575,-20.36552,-8.90768,-11.45784,-2.50058,-8.25979,-0.69747,0.9091,-3.75,-0.0039,30.87,6.51,0.491,0.500,0.195,0.0219,0.0500
19600,-20.37585,-8.91599,-11.45986,-2.51817,-8.26896,-0.67274,0.9155,-2.81,-0.0029,30.79,6.16,0.491,0.500,0.195,0.0219,0.0500
19625,-20.31850,-8.88754,-11.43095,-2.47508,-8.25356,-0.70230,0.8999,-3.85,-0.0040,30.78,6.23,0.491,0.500,0.195,0.0219,0.0500
19650,-20.32463,-8.92107,-11.40356,-2.49068,-8.22583,-0.68706,0.9055,-3.06,-0.0032,30.61,6.28,0.491,0.500,0.195,0.0219,0.0500
19675,-20.36704,-8.92252,-11.44453,-2.49219,-8.26639,-0.68595,0.9061,85.48,0.0883,30.63,6.19,0.491,0.500,0.195,0.0219,0.0500
19700,-20.32992,-8.90760,-11.42232,-2.49425,-8.26214,-0.66593,0.9068,-4.09,-0.0042,30.69,6.25,0.491,0.500,0.195,0.0219,0.0500
19725,-20.30831,-8.88928,-11.41902,-2.49818,-8.24420,-0.67665,0.9083,-5.35,-0.0055,30.40,6.39,0.491,0.500,0.195,0.0219,0.0500
19750,-20.39274,-8.95683,-11.43592,-2.49640,-8.24989,-0.68963,0.9076,84.35,0.0871,30.53,6.30,0.491,0.500,0.195,0.0219,0.0500
19775,-20.47416,-9.02955,-11.44461,-2.47799,-8.27899,-0.68764,0.9009,-5.88,-0.0061,30.39,6.58,0.491,0.500,0.195,0.0219,0.0500
19800,-20.43315,-8.98333,-11.44983,-2.50362,-8.26491,-0.68130,0.9102,-95.91,-0.0991,30.40,6.58,0.491,0.500,0.195,0.0219,0.0500
19825,-20.48938,-9.00507,-11.48432,-2.50352,-8.29027,-0.69053,0.9102,-5.70,-0.0059,30.38,6.31,0.491,0.500,0.195,0.0219,0.0500
19850,-20.41803,-8.98053,-11.43750,-2.49953,-8.25814,-0.67983,0.9088,85.25,0.0881,30.43,6.55,0.491,0.500,0.195,0.0219,0.0500
19875,-20.40865,-8.99733,-11.41132,-2.49758,-8.23311,-0.68064,0.9080,-4.56,-0.0047,30.70,6.42,0.491,0.500,0.195,0.0219,0.0500
19900,-20.45727,-9.01702,-11.44025,-2.50478,-8.24213,-0.69335,0.9107,85.31,0.0881,30.35,6.53,0.491,0.500,0.195,0.0219,0.0500
19925,-20.45030,-8.99426,-11.45604,-2.50771,-8.27203,-0.67630,0.9117,-4.44,-0.0046,30.61,6.52,0.491,0.500,0.195,0.0219,0.0500
19950,-20.45158,-9.03188,-11.41970,-2.51057,-8.23494,-0.67419,0.9128,-4.59,-0.0047,31.05,6.23,0.491,0.500,0.195,0.0219,0.0500
19975,-20.54080,-9.05338,-11.48742,-2.51356,-8.28825,-0.68561,0.9139,-93.52,-0.0966,30.65,6.48,0.491,0.500,0.195,0.0219,0.0500
20000,-20.52269,-9.05944,-11.46325,-2.49355,-8.26743,-0.70227,0.9066,-3.67,-0.0038,30.54,6.60,0.491,0.500,0.186,0.0208,0.0500
20025,-20.53085,-9.03658,-11.49427,-2.50119,-8.29668,-0.69640,0.9094,87.49,0.0904,30.57,6.40,0.491,0.500,0.186,0.0208,0.0500
20050,-20.43409,-9.03386,-11.40023,-2.48493,-8.21428,-0.70102,0.9035,-2.20,-0.0023,30.65,6.37,0.491,0.500,0.186,0.0208,0.0500
20075,-20.53205,-9.06951,-11.46254,-2.50310,-8.29552,-0.66392,0.9101,-2.22,-0.0023,30.99,6.56,0.491,0.500,0.186,0.0208,0.0500
20100,-20.57057,-9.07611,-11.49447,-2.50458,-8.30425,-0.68563,0.9106,-2.69,-0.0028,30.58,6.40,0.491,0.500,0.186,0.0208,0.0500
20125,-20.43486,-8.99371,-11.44115,-2.49970,-8.24601,-0.69544,0.9088,-1.65,-0.0017,30.49,6.47,0.491,0.500,0.186,0.0208,0.0500
20150,-20.55084,-9.09628,-11.45456,-2.49959,-8.26061,-0.69437,0.9088,-3.07,-0.0032,30.59,6.35,0.491,0.500,0.186,0.0208,0.0500
20175,-20.51818,-9.09692,-11.42126,-2.50425,-8.23326,-0.68374,0.9105,88.77,0.0916,30.56,6.33,0.491,0.500,0.186,0.0208,0.0500
20200,-20.57391,-9.10877,-11.46514,-2.50552,-8.27643,-0.68319,0.9109,89.49,0.0924,30.62,6.46,0.491,0.500,0.186,0.0208,0.0500
20225,-20.52475,-9.09851,-11.42625,-2.48764,-8.25272,-0.68589,0.9044,89.64,0.0925,30.47,6.61,0.491,0.500,0.186,0.0208,0.0500
20250,-20.53256,-9.09327,-11.43929,-2.48989,-8.25854,-0.69086,0.9053,90.65,0.0936,30.40,6.43,0.491,0.500,0.186,0.0208,0.0500
20275,-20.55440,-9.08099,-11.47341,-2.49844,-8.28921,-0.68576,0.9084,179.91,0.1858,30.69,6.29,0.491,0.500,0.186,0.0208,0.0500
20300,-20.51443,-9.07581,-11.43862,-2.50722,-8.25009,-0.68131,0.9116,0.84,0.0009,30.96,6.14,0.491,0.500,0.186,0.0208,0.0500
20325,-20.48695,-9.07797,-11.40898,-2.48014,-8.24545,-0.68340,0.9017,1.51,0.0016,30.96,6.44,0.491,0.500,0.186,0.0208,0.0500
20350,-20.51221,-9.06152,-11.45069,-2.49477,-8.26235,-0.69357,0.9070,1.26,0.0013,30.85,6.39,0.491,0.500,0.186,0.0208,0.0500
20375,-20.44859,-8.99803,-11.45056,-2.50458,-8.26322,-0.68276,0.9106,91.55,0.0945,30.90,6.45,0.491,0.500,0.186,0.0208,0.0500
20400,-20.38656,-9.00051,-11.38605,-2.48841,-8.21092,-0.68671,0.9047,1.42,0.0015,30.66,6.61,0.491,0.500,0.186,0.0208,0.0500
20425,-20.47808,-9.03253,-11.44556,-2.49033,-8.26673,-0.68850,0.9054,-179.37,-0.1852,30.64,6.28,0.491,0.500,0.186,0.0208,0.0500
20450,-20.45714,-9.04836,-11.40878,-2.50475,-8.23196,-0.67207,0.9107,1.00,0.0010,30.88,6.50,0.491,0.500,0.186,0.0208,0.0500
20475,-20.50404,-9.11148,-11.39256,-2.49259,-8.20026,-0.69970,0.9062,-269.94,-0.2786,30.42,6.68,0.491,0.500,0.186,0.0208,0.0500
20500,-20.52460,-9.11795,-11.40665,-2.50378,-8.22069,-0.68218,0.9103,-89.82,-0.0927,30.65,6.60,0.491,0.500,0.186,0.0208,0.0500
20525,-20.56245,-9.16929,-11.39315,-2.50577,-8.22101,-0.66637,0.9110,-179.67,-0.1855,30.55,6.61,0.491,0.500,0.186,0.0208,0.0500
20550,-20.57303,-9.16153,-11.41150,-2.50933,-8.23197,-0.67020,0.9123,90.38,0.0933,30.52,6.92,0.491,0.500,0.186,0.0208,0.0500
20575,-20.52282,-9.10910,-11.41372,-2.48764,-8.22632,-0.69976,0.9044,1.19,0.0012,30.47,6.80,0.491,0.500,0.186,0.0208,0.0500
20600,-20.56484,-9.17678,-11.38806,-2.48218,-8.20627,-0.69961,0.9025,1.08,0.0011,30.70,6.41,0.491,0.500,0.186,0.0208,0.0500
20625,-20.55161,-9.14874,-11.40287,-2.48781,-8.22353,-0.69153,0.9045,-0.26,-0.0003,30.58,6.31,0.491,0.500,0.186,0.0208,0.0500
20650,-20.52729,-9.10358,-11.42370,-2.49450,-8.26341,-0.66580,0.9069,-0.25,-0.0003,30.63,6.36,0.491,0.500,0.186,0.0208,0.0500
20675,-20.48287,-9.10797,-11.37491,-2.48663,-8.18686,-0.70141,0.9041,-90.74,-0.0937,30.62,6.23,0.491,0.500,0.186,0.0208,0.0500
20700,-20.50245,-9.11293,-11.38952,-2.48806,-8.22099,-0.68047,0.9046,-3.47,-0.0036,31.14,5.93,0.491,0.500,0.186,0.0208,0.0500
20725,-20.48825,-9.09539,-11.39286,-2.48193,-8.24264,-0.66830,0.9024,87.29,0.0902,30.90,6.23,0.491,0.500,0.186,0.0208,0.0500
20750,-20.46585,-9.08821,-11.37765,-2.49351,-8.21222,-0.67191,0.9066,-3.87,-0.0040,30.82,6.28,0.491,0.500,0.186,0.0208,0.0500
20775,-20.54469,-9.12344,-11.42125,-2.49665,-8.23082,-0.69379,0.9077,-2.86,-0.0030,30.81,6.35,0.491,0.500,0.186,0.0208,0.0500
20800,-20.51431,-9.10828,-11.40603,-2.48898,-8.21333,-0.70372,0.9049,-184.46,-0.1904,30.80,6.51,0.491,0.500,0.186,0.0208,0.0500
20825,-20.49481,-9.11719,-11.37762,-2.50285,-8.18947,-0.68531,0.9100,-4.18,-0.0043,30.73,6.46,0.491,0.500,0.186,0.0208,0.0500
20850,-20.57046,-9.15508,-11.41538,-2.50776,-8.21070,-0.69692,0.9118,-274.64,-0.2836,30.91,6.50,0.491,0.500,0.186,0.0208,0.0500
20875,-20.50741,-9.13070,-11.37672,-2.50266,-8.18900,-0.68505,0.9099,-183.95,-0.1899,30.82,6.74,0.491,0.500,0.186,0.0208,0.0500
20900,-20.52812,-9.12816,-11.39996,-2.51084,-8.17318,-0.71594,0.9129,-95.15,-0.0982,31.07,6.11,0.491,0.500,0.186,0.0208,0.0500
20925,-20.55539,-9.13854,-11.41685,-2.50013,-8.23039,-0.68633,0.9090,-183.16,-0.1890,30.90,6.55,0.491,0.500,0.186,0.0208,0.0500
20950,-20.53932,-9.13713,-11.40219,-2.51849,-8.20635,-0.67735,0.9157,-184.38,-0.1902,30.79,6.77,0.491,0.500,0.186,0.0208,0.0500
20975,-20.58107,-9.14697,-11.43410,-2.49060,-8.24865,-0.69485,0.9055,-94.63,-0.0977,31.20,6.26,0.491,0.500,0.186,0.0208,0.0500
21000,-20.52826,-9.13283,-11.39543,-2.48753,-8.21565,-0.69225,0.9044,-185.26,-0.1912,30.83,6.62,0.491,0.500,0.176,0.0198,0.0500
21025,-20.48467,-9.09315,-11.39152,-2.48654,-8.22620,-0.67878,0.9040,-183.72,-0.1894,31.35,6.25,0.491,0.500,0.176,0.0198,0.0500
21050,-20.54492,-9.12784,-11.41708,-2.51944,-8.21896,-0.67868,0.9160,-3.12,-0.0032,31.19,6.36,0.491,0.500,0.176,0.0198,0.0500
21075,-20.58468,-9.20661,-11.37807,-2.48934,-8.20175,-0.68698,0.9051,86.58,0.0893,31.24,6.20,0.491,0.500,0.176,0.0198,0.0500
21100,-20.57691,-9.18106,-11.39585,-2.48168,-8.20838,-0.70579,0.9023,6.33,0.0065,31.05,6.23,0.491,0.500,0.176,0.0198,0.0500
21125,-20.56639,-9.13519,-11.43120,-2.50854,-8.23824,-0.68441,0.9120,86.28,0.0890,31.24,6.44,0.491,0.500,0.176,0.0198,0.0500
21150,-20.56260,-9.16943,-11.39316,-2.49502,-8.19885,-0.69928,0.9071,-82.72,-0.0852,31.30,6.22,0.491,0.500,0.176,0.0198,0.0500
21175,-20.58423,-9.12385,-11.46037,-2.51246,-8.25258,-0.69533,0.9135,97.59,0.1006,31.43,6.04,0.491,0.500,0.176,0.0198,0.0500
21200,-20.53894,-9.13019,-11.40875,-2.51637,-8.20441,-0.68797,0.9149,-5.17,-0.0053,31.35,6.04,0.491,0.500,0.176,0.0198,0.0500
21225,-20.49756,-9.09276,-11.40480,-2.47042,-8.23099,-0.70340,0.8982,-4.69,-0.0048,31.19,6.54,0.491,0.500,0.176,0.0198,0.0500
21250,-20.52528,-9.09674,-11.42855,-2.49356,-8.26520,-0.66978,0.9066,-96.06,-0.0991,31.23,6.49,0.491,0.500,0.176,0.0198,0.0500
21275,-20.51469,-9.08554,-11.42915,-2.48526,-8.23934,-0.70456,0.9036,-96.39,-0.0994,31.14,6.58,0.491,0.500,0.176,0.0198,0.0500
21300,-20.57133,-9.14586,-11.42547,-2.48336,-8.24003,-0.70208,0.9029,-95.46,-0.0985,30.87,6.51,0.491,0.500,0.176,0.0198,0.0500
21325,-20.51650,-9.10587,-11.41063,-2.48113,-8.25297,-0.67652,0.9021,173.44,0.1787,31.30,6.18,0.491,0.500,0.176,0.0198,0.0500
21350,-20.47710,-9.08132,-11.39578,-2.47553,-8.20378,-0.71647,0.9000,144.53,0.1504,31.27,6.24,0.491,0.500,0.176,0.0198,0.0500
21375,-20.47116,-9.10853,-11.36263,-2.48051,-8.19777,-0.68434,0.9018,-3.87,-0.0040,31.19,6.20,0.491,0.500,0.176,0.0198,0.0500
21400,-20.50554,-9.06140,-11.44413,-2.50336,-8.24065,-0.70012,0.9102,-34.43,-0.0358,31.61,6.09,0.491,0.500,0.176,0.0198,0.0500
21425,-20.53184,-9.07452,-11.45731,-2.50023,-8.26637,-0.69072,0.9090,56.61,0.0589,31.52,6.12,0.491,0.500,0.176,0.0198,0.0500
21450,-20.51831,-9.11237,-11.40594,-2.50686,-8.21451,-0.68458,0.9114,-94.77,-0.0977,31.20,6.28,0.491,0.500,0.176,0.0198,0.0500
21475,-20.52271,-9.13830,-11.38441,-2.50689,-8.18698,-0.69054,0.9114,56.10,0.0583,31.13,6.19,0.491,0.500,0.176,0.0198,0.0500
21500,-20.57461,-9.16277,-11.41184,-2.49654,-8.23598,-0.67932,0.9077,55.38,0.0576,30.88,6.39,0.491,0.500,0.176,0.0198,0.0500
21525,-20.64320,-9.20894,-11.43426,-2.49734,-8.25963,-0.67729,0.9080,173.54,0.1788,31.03,6.27,0.491,0.500,0.176,0.0198,0.0500
21550,-20.56385,-9.13345,-11.43041,-2.49181,-8.26384,-0.67476,0.9060,83.26,0.0858,30.97,6.28,0.491,0.500,0.176,0.0198,0.0500
21575,-20.59214,-9.16382,-11.42832,-2.50575,-8.24588,-0.67668,0.9110,-125.45,-0.1305,31.10,6.24,0.491,0.500,0.176,0.0198,0.0500
21600,-20.56194,-9.15143,-11.41051,-2.48931,-8.21693,-0.70427,0.9050,-35.44,-0.0369,31.26,6.01,0.491,0.500,0.176,0.0198,0.0500
21625,-20.56454,-9.15195,-11.41259,-2.49567,-8.22531,-0.69161,0.9074,-126.17,-0.1312,31.03,6.43,0.491,0.500,0.176,0.0198,0.0500
21650,-20.53081,-9.13330,-11.39751,-2.48357,-8.18902,-0.72492,0.9030,-126.54,-0.1316,31.06,6.33,0.491,0.500,0.176,0.0198,0.0500
21675,-20.52578,-9.15216,-11.37361,-2.47836,-8.18427,-0.71097,0.9011,-127.29,-0.1324,31.00,6.39,0.492,0.500,0.176,0.0198,0.0500
21700,-20.52909,-9.11808,-11.41101,-2.48803,-8.20894,-0.71404,0.9046,-126.57,-0.1317,30.90,6.54,0.492,0.500,0.176,0.0198,0.0500
21725,-20.55170,-9.14577,-11.40593,-2.49147,-8.21831,-0.69615,0.9058,-126.28,-0.1314,30.88,6.52,0.492,0.500,0.176,0.0198,0.0500
21750,-20.52869,-9.13221,-11.39648,-2.48472,-8.21288,-0.69887,0.9034,-37.23,-0.0387,30.94,6.67,0.492,0.500,0.176,0.0198,0.0500
21775,-20.58251,-9.12378,-11.45873,-2.50859,-8.25180,-0.69834,0.9121,-126.30,-0.1314,30.79,6.71,0.492,0.500,0.176,0.0198,0.0500
21800,-20.51507,-9.10213,-11.41293,-2.48124,-8.22416,-0.70753,0.9021,-36.04,-0.0375,30.94,6.42,0.492,0.500,0.176,0.0198,0.0500
21825,-20.53598,-9.08595,-11.45003,-2.49892,-8.27141,-0.67970,0.9085,-125.29,-0.1304,31.05,6.44,0.492,0.500,0.176,0.0198,0.0500
21850,-20.53924,-9.05999,-11.47925,-2.50383,-8.27245,-0.70297,0.9103,-34.68,-0.0361,30.85,6.64,0.492,0.500,0.176,0.0198,0.0500
21875,-20.36524,-8.99340,-11.37184,-2.47758,-8.18428,-0.70998,0.9008,-33.64,-0.0350,30.81,6.47,0.492,0.500,0.176,0.0198,0.0500
21900,-20.47542,-9.03717,-11.43825,-2.50458,-8.24379,-0.68988,0.9106,-123.34,-0.1283,31.05,6.28,0.492,0.500,0.176,0.0198,0.0500
21925,-20.52868,-9.08039,-11.44829,-2.50367,-8.24627,-0.69835,0.9103,-33.20,-0.0346,31.28,6.36,0.492,0.500,0.176,0.0198,0.0500
21950,-20.44753,-9.02035,-11.42718,-2.49789,-8.23714,-0.69215,0.9082,-33.93,-0.0353,30.85,6.17,0.492,0.500,0.176,0.0198,0.0500
21975,-20.47302,-9.02341,-11.44962,-2.49781,-8.28505,-0.66675,0.9081,-33.56,-0.0349,30.90,6.11,0.492,0.500,0.176,0.0198,0.0500
22000,-20.54274,-9.05671,-11.48602,-2.51790,-8.29449,-0.67364,0.9154,-33.54,-0.0349,31.12,6.16,0.492,0.500,0.185,0.0208,0.0500
22025,-20.51200,-9.07600,-11.43600,-2.49891,-8.24753,-0.68956,0.9085,-213.09,-0.2217,31.19,5.93,0.492,0.500,0.185,0.0208,0.0500
22050,-20.42952,-9.04085,-11.38868,-2.48511,-8.19984,-0.70373,0.9035,-123.25,-0.1284,31.12,5.94,0.492,0.500,0.185,0.0208,0.0500
22075,-20.49013,-9.03590,-11.45423,-2.49231,-8.28160,-0.68032,0.9061,-122.54,-0.1275,31.13,5.95,0.492,0.500,0.185,0.0208,0.0500
22100,-20.49025,-9.07319,-11.41706,-2.50334,-8.21769,-0.69603,0.9101,57.26,0.0596,31.21,5.87,0.492,0.500,0.185,0.0208,0.0500
22125,-20.47193,-9.06833,-11.40361,-2.49106,-8.23843,-0.67411,0.9057,55.92,0.0582,30.73,6.44,0.492,0.500,0.185,0.0208,0.0500
22150,-20.52435,-9.09151,-11.43284,-2.47836,-8.25430,-0.70018,0.9011,54.62,0.0568,30.59,6.22,0.492,0.500,0.185,0.0208,0.0500
22175,-20.54126,-9.08479,-11.45647,-2.50071,-8.25521,-0.70055,0.9092,142.51,0.1483,30.71,6.45,0.492,0.500,0.185,0.0208,0.0500
22200,-20.55448,-9.15422,-11.40026,-2.48038,-8.23073,-0.68914,0.9018,-37.67,-0.0392,30.78,6.25,0.492,0.500,0.185,0.0208,0.0500
22225,-20.53522,-9.11516,-11.42006,-2.49436,-8.22597,-0.69973,0.9069,52.13,0.0543,30.95,6.17,0.492,0.500,0.185,0.0208,0.0500
22250,-20.59065,-9.12790,-11.46275,-2.51226,-8.27352,-0.67697,0.9134,-37.82,-0.0394,30.77,6.31,0.492,0.500,0.185,0.0208,0.0500
22275,-20.46226,-9.01549,-11.44677,-2.51026,-8.25643,-0.68007,0.9127,-126.48,-0.1316,30.96,6.02,0.492,0.500,0.185,0.0208,0.0500
22300,-20.56945,-9.08564,-11.48381,-2.49092,-8.28174,-0.71114,0.9056,-36.09,-0.0376,31.00,5.97,0.492,0.500,0.185,0.0208,0.0500
22325,-20.46508,-9.05931,-11.40576,-2.49652,-8.22566,-0.68358,0.9077,-35.46,-0.0369,30.57,6.25,0.492,0.500,0.185,0.0208,0.0500
22350,-20.50168,-9.02493,-11.47675,-2.50469,-8.28788,-0.68419,0.9106,-126.46,-0.1316,30.60,6.32,0.492,0.500,0.185,0.0208,0.0500
22375,-20.47200,-9.05449,-11.41751,-2.47840,-8.24541,-0.69370,0.9011,-126.60,-0.1318,30.49,6.59,0.492,0.500,0.185,0.0208,0.0500
22400,-20.51044,-9.03062,-11.47983,-2.50262,-8.29508,-0.68213,0.9099,-215.62,-0.2245,30.44,6.57,0.492,0.500,0.185,0.0208,0.0500
22425,-20.52538,-9.06667,-11.45871,-2.50218,-8.27084,-0.68569,0.9097,-215.72,-0.2245,30.70,6.35,0.492,0.500,0.185,0.0208,0.0500
22450,-20.57451,-9.11198,-11.46252,-2.49841,-8.26636,-0.69775,0.9084,-36.17,-0.0376,30.79,6.47,0.492,0.500,0.185,0.0208,0.0500
22475,-20.48617,-9.06266,-11.42351,-2.49651,-8.23234,-0.69465,0.9077,-183.43,-0.1892,30.28,6.90,0.492,0.500,0.185,0.0208,0.0500
22500,-20.51960,-9.05834,-11.46125,-2.49727,-8.28254,-0.68144,0.9079,-93.20,-0.0961,30.51,6.78,0.492,0.500,0.185,0.0208,0.0500
22525,-20.45781,-9.03633,-11.42148,-2.48345,-8.23288,-0.70515,0.9029,-93.57,-0.0965,30.83,6.53,0.492,0.500,0.185,0.0208,0.0500
22550,-20.48693,-9.05528,-11.43165,-2.47704,-8.26096,-0.69365,0.9006,-93.98,-0.0969,30.79,6.57,0.492,0.500,0.185,0.0208,0.0500
22575,-20.46301,-9.09157,-11.37144,-2.46598,-8.18231,-0.72315,0.8966,-35.05,-0.0365,30.64,6.67,0.492,0.500,0.185,0.0208,0.0500
22600,-20.47423,-9.02990,-11.44432,-2.46877,-8.27484,-0.70072,0.8976,-36.65,-0.0382,30.81,6.31,0.492,0.500,0.185,0.0208,0.0500
22625,-20.53017,-9.03387,-11.49630,-2.50113,-8.30037,-0.69480,0.9093,-127.85,-0.1332,30.72,6.92,0.492,0.500,0.185,0.0208,0.0500
22650,-20.49177,-9.05812,-11.43366,-2.49257,-8.22693,-0.71416,0.9062,-127.51,-0.1328,31.18,6.42,0.492,0.500,0.185,0.0208,0.0500
22675,-20.52191,-9.05558,-11.46633,-2.51061,-8.28536,-0.67035,0.9128,-216.77,-0.2257,31.18,6.67,0.492,0.500,0.185,0.0208,0.0500
22700,-20.49630,-9.04862,-11.44768,-2.51552,-8.24350,-0.68866,0.9146,-217.20,-0.2261,30.63,6.63,0.492,0.500,0.185,0.0208,0.0500
22725,-20.48686,-9.02562,-11.46125,-2.51623,-8.26679,-0.67823,0.9148,-127.75,-0.1330,31.03,6.30,0.492,0.500,0.185,0.0208,0.0500
22750,-20.47431,-9.04373,-11.43057,-2.50718,-8.25390,-0.66949,0.9115,-217.49,-0.2264,31.09,6.29,0.492,0.500,0.185,0.0208,0.0500
22775,-20.52536,-9.10070,-11.42466,-2.49331,-8.22406,-0.70729,0.9065,-38.04,-0.0396,31.25,6.30,0.492,0.500,0.185,0.0208,0.0500
22800,-20.49512,-9.04346,-11.45166,-2.49605,-8.29115,-0.66447,0.9075,-4.18,-0.0043,31.04,6.46,0.492,0.500,0.185,0.0208,0.0500
22825,-20.55023,-9.10975,-11.44048,-2.50589,-8.22411,-0.71048,0.9111,-129.33,-0.1347,31.05,6.43,0.492,0.500,0.185,0.0208,0.0500
22850,-20.61559,-9.19091,-11.42469,-2.50690,-8.21172,-0.70606,0.9114,-220.18,-0.2292,30.64,6.39,0.492,0.500,0.185,0.0208,0.0500
22875,-20.54123,-9.12850,-11.41273,-2.47163,-8.22296,-0.71814,0.8986,-219.64,-0.2287,30.81,6.47,0.492,0.500,0.185,0.0208,0.0500
22900,-20.59520,-9.17430,-11.42090,-2.46561,-8.24557,-0.70972,0.8964,-219.98,-0.2290,30.94,6.53,0.492,0.500,0.185,0.0208,0.0500
22925,-20.59739,-9.11949,-11.47789,-2.50688,-8.28787,-0.68315,0.9114,-219.46,-0.2285,30.96,6.52,0.492,0.500,0.185,0.0208,0.0500
22950,-20.50897,-9.04321,-11.46576,-2.50580,-8.26964,-0.69032,0.9110,-309.21,-0.3219,31.07,6.31,0.492,0.500,0.185,0.0208,0.0500
22975,-20.49722,-9.08165,-11.41557,-2.49109,-8.20245,-0.72203,0.9057,-308.62,-0.3213,30.80,6.42,0.492,0.500,0.185,0.0208,0.0500
23000,-20.47922,-9.06870,-11.41052,-2.48652,-8.22325,-0.70075,0.9040,-397.67,-0.4139,31.12,6.29,0.492,0.500,0.176,0.0197,0.0500
23025,-20.50012,-9.07476,-11.42536,-2.48916,-8.23887,-0.69733,0.9050,-216.72,-0.2256,30.83,6.31,0.492,0.500,0.176,0.0197,0.0500
23050,-20.51947,-9.07625,-11.44322,-2.49597,-8.26491,-0.68235,0.9075,-307.20,-0.3198,31.05,6.27,0.492,0.500,0.176,0.0197,0.0500
23075,-20.53721,-9.06784,-11.46937,-2.50259,-8.27282,-0.69396,0.9099,-127.52,-0.1327,30.92,6.31,0.492,0.500,0.176,0.0197,0.0500
23100,-20.52752,-9.13123,-11.39629,-2.48854,-8.21564,-0.69210,0.9048,-37.76,-0.0393,30.77,6.49,0.492,0.500,0.176,0.0197,0.0500
23125,-20.58437,-9.15108,-11.43329,-2.49763,-8.25606,-0.67960,0.9081,-128.20,-0.1335,30.99,6.37,0.492,0.500,0.176,0.0197,0.0500
23150,-20.58913,-9.15645,-11.43268,-2.49009,-8.23924,-0.70335,0.9053,-128.05,-0.1333,30.86,6.47,0.492,0.500,0.176,0.0197,0.0500
23175,-20.59468,-9.12887,-11.46581,-2.50080,-8.26855,-0.69646,0.9092,-217.95,-0.2269,31.05,6.52,0.492,0.500,0.176,0.0197,0.0500
23200,-20.58105,-9.10966,-11.47139,-2.49488,-8.28343,-0.69308,0.9071,52.04,0.0542,31.19,6.55,0.492,0.500,0.176,0.0197,0.0500
23225,-20.59186,-9.13840,-11.45347,-2.48597,-8.26804,-0.69946,0.9038,-129.50,-0.1348,31.00,6.56,0.492,0.500,0.176,0.0197,0.0500
23250,-20.63743,-9.21380,-11.42363,-2.48182,-8.24491,-0.69690,0.9023,-39.77,-0.0414,31.01,6.51,0.492,0.500,0.176,0.0197,0.0500
23275,-20.64503,-9.20411,-11.44092,-2.48424,-8.27145,-0.68523,0.9032,-39.75,-0.0414,31.39,6.33,0.492,0.500,0.176,0.0197,0.0500
23300,-20.65442,-9.24874,-11.40568,-2.47119,-8.21660,-0.71789,0.8985,-218.22,-0.2273,31.01,6.49,0.492,0.500,0.176,0.0197,0.0500
23325,-20.64221,-9.19992,-11.44228,-2.50175,-8.27593,-0.66460,0.9096,-37.70,-0.0393,31.04,6.56,0.492,0.500,0.176,0.0197,0.0500
23350,-20.64398,-9.17262,-11.47136,-2.48267,-8.28677,-0.70192,0.9026,-129.00,-0.1344,30.91,6.35,0.492,0.500,0.176,0.0197,0.0500
23375,-20.60358,-9.19358,-11.41001,-2.48473,-8.22550,-0.69977,0.9034,-39.41,-0.0410,30.73,6.64,0.492,0.500,0.176,0.0197,0.0500
23400,-20.68543,-9.24287,-11.44257,-2.48923,-8.25901,-0.69433,0.9050,-38.98,-0.0406,30.84,6.41,0.492,0.500,0.176,0.0197,0.0500
23425,-20.65886,-9.23709,-11.42177,-2.46585,-8.24214,-0.71378,0.8965,-129.37,-0.1348,31.08,6.24,0.492,0.500,0.176,0.0197,0.0500
23450,-20.63081,-9.19032,-11.44049,-2.48844,-8.23202,-0.72003,0.9047,-129.64,-0.1351,30.98,6.51,0.492,0.500,0.176,0.0197,0.0500
23475,-20.67586,-9.20378,-11.47208,-2.48110,-8.28937,-0.70162,0.9021,-128.54,-0.1340,30.78,6.58,0.492,0.500,0.176,0.0197,0.0500
23499,-20.68681,-9.17758,-11.50923,-2.52231,-8.30053,-0.68639,0.9170,-217.84,-0.2270,30.78,6.44,0.492,0.500,0.176,0.0197,0.0500
