cycle,Eall,EvdW,Emag,Ez,Edd,Ea,Mz,twist_deg,twist_rate,width_nm,coil_nm,acc_mech,acc_mag,delta_s,delta_a,delta_tw
0,-17.88866,-11.67987,-6.20879,-1.90550,-3.53371,-0.76958,0.2774,-17.52,-0.0182,31.45,2.45,0.304,0.687,1.337,0.1500,0.0500
25,-29.20124,-13.96786,-15.23337,-6.53776,-8.35032,-0.34529,0.9519,-21.15,-0.0219,30.89,2.86,0.193,0.664,1.207,0.1354,0.0500
50,-30.45627,-15.22980,-15.22647,-6.52231,-8.31169,-0.39247,0.9497,-21.43,-0.0222,30.48,0.76,0.173,0.652,1.035,0.1161,0.0500
75,-31.42744,-16.24475,-15.18269,-6.51710,-8.26394,-0.40166,0.9489,-22.17,-0.0230,30.34,0.79,0.160,0.637,0.934,0.1048,0.0500
100,-32.23460,-17.02591,-15.20869,-6.50618,-8.28864,-0.41387,0.9473,-21.77,-0.0226,30.21,0.78,0.152,0.622,0.801,0.0898,0.0500
125,-32.64103,-17.48433,-15.15670,-6.48006,-8.23927,-0.43738,0.9435,-22.14,-0.0229,30.17,0.82,0.147,0.606,0.722,0.0811,0.0500
150,-33.06072,-17.84768,-15.21304,-6.52742,-8.27098,-0.41464,0.9504,-21.32,-0.0221,30.04,0.44,0.145,0.589,0.619,0.0695,0.0500
175,-33.40453,-18.24176,-15.16277,-6.48648,-8.23796,-0.43833,0.9445,-21.34,-0.0221,30.09,0.94,0.146,0.577,0.559,0.0627,0.0500
200,-33.75676,-18.56298,-15.19378,-6.50095,-8.26322,-0.42961,0.9466,-19.95,-0.0207,30.04,0.90,0.148,0.568,0.479,0.0538,0.0500
225,-33.97120,-18.77529,-15.19591,-6.49554,-8.25330,-0.44707,0.9458,-20.57,-0.0213,29.95,0.54,0.152,0.561,0.433,0.0485,0.0500
250,-34.21699,-19.03633,-15.18067,-6.48618,-8.23953,-0.45496,0.9444,-20.84,-0.0216,29.87,0.49,0.158,0.555,0.371,0.0416,0.0500
275,-34.40539,-19.22670,-15.17869,-6.49003,-8.23767,-0.45099,0.9450,-20.33,-0.0211,29.86,0.55,0.165,0.551,0.335,0.0376,0.0500
300,-34.50329,-19.35053,-15.15276,-6.47266,-8.22335,-0.45675,0.9424,-20.33,-0.0211,29.62,0.89,0.172,0.546,0.287,0.0322,0.0500
325,-34.81131,-19.58264,-15.22867,-6.51868,-8.27190,-0.43809,0.9491,-20.30,-0.0210,29.84,0.62,0.181,0.542,0.259,0.0291,0.0500
350,-34.86034,-19.69034,-15.17001,-6.44220,-8.24163,-0.48618,0.9380,-19.97,-0.0207,29.86,0.61,0.190,0.540,0.222,0.0249,0.0500
375,-35.02583,-19.83563,-15.19020,-6.48887,-8.23942,-0.46191,0.9448,-19.92,-0.0206,29.90,0.98,0.201,0.537,0.200,0.0225,0.0500
400,-35.17575,-19.96288,-15.21287,-6.50197,-8.26072,-0.45018,0.9467,-19.70,-0.0204,29.59,0.92,0.212,0.534,0.172,0.0193,0.0500
425,-35.22784,-20.06732,-15.16052,-6.47437,-8.22896,-0.45719,0.9427,-19.81,-0.0205,29.77,0.62,0.224,0.532,0.155,0.0174,0.0500
450,-35.32413,-20.14096,-15.18317,-6.48990,-8.23357,-0.45971,0.9449,-20.12,-0.0209,29.73,0.57,0.237,0.530,0.133,0.0149,0.0500
475,-35.36874,-20.15768,-15.21106,-6.50713,-8.24179,-0.46214,0.9475,-20.12,-0.0209,29.69,0.49,0.250,0.528,0.120,0.0135,0.0500
500,-35.41324,-20.20957,-15.20367,-6.51727,-8.23656,-0.44984,0.9489,-20.23,-0.0210,29.67,0.46,0.262,0.527,0.126,0.0141,0.0500
525,-35.36794,-20.19700,-15.17094,-6.49673,-8.21946,-0.45475,0.9459,-20.39,-0.0211,29.64,0.46,0.273,0.526,0.125,0.0141,0.0500
550,-35.53669,-20.30758,-15.22911,-6.51131,-8.26106,-0.45674,0.9481,-20.57,-0.0213,29.64,0.46,0.283,0.524,0.119,0.0133,0.0500
575,-35.55098,-20.32616,-15.22481,-6.50921,-8.26029,-0.45531,0.9478,-20.65,-0.0214,29.66,0.51,0.292,0.523,0.118,0.0133,0.0500
600,-35.59331,-20.38784,-15.20547,-6.49645,-8.25137,-0.45765,0.9459,-20.80,-0.0216,29.70,0.61,0.302,0.522,0.112,0.0126,0.0500
625,-35.71401,-20.44522,-15.26879,-6.55067,-8.27059,-0.44753,0.9538,-20.80,-0.0216,29.67,0.56,0.309,0.522,0.124,0.0139,0.0500
650,-35.61842,-20.44748,-15.17094,-6.45254,-8.23279,-0.48561,0.9395,-20.71,-0.0215,29.82,1.07,0.317,0.521,0.117,0.0132,0.0500
675,-35.68802,-20.45443,-15.23359,-6.48901,-8.27710,-0.46748,0.9448,-20.61,-0.0214,29.86,1.16,0.323,0.520,0.117,0.0131,0.0500
700,-35.62980,-20.44424,-15.18556,-6.49407,-8.20612,-0.48537,0.9456,-20.45,-0.0212,29.64,0.55,0.330,0.520,0.123,0.0138,0.0500
725,-35.80191,-20.56748,-15.23443,-6.49727,-8.28163,-0.45552,0.9460,-20.42,-0.0212,29.73,0.75,0.335,0.519,0.111,0.0124,0.0500
750,-35.77360,-20.63634,-15.13726,-6.49174,-8.17690,-0.46862,0.9452,-20.40,-0.0211,29.71,0.67,0.340,0.519,0.116,0.0130,0.0500
775,-35.94463,-20.72413,-15.22051,-6.49394,-8.24498,-0.48158,0.9455,-20.59,-0.0213,29.65,0.60,0.345,0.518,0.116,0.0130,0.0500
800,-35.95041,-20.77175,-15.17865,-6.49520,-8.21450,-0.46896,0.9457,-20.58,-0.0213,29.69,0.69,0.350,0.518,0.110,0.0123,0.0500
825,-35.97658,-20.78759,-15.18899,-6.47309,-8.22061,-0.49529,0.9425,-20.57,-0.0213,29.61,0.56,0.355,0.517,0.109,0.0123,0.0500
850,-36.05400,-20.83556,-15.21843,-6.45852,-8.26253,-0.49738,0.9404,-20.55,-0.0213,29.59,0.50,0.359,0.516,0.104,0.0116,0.0500
875,-36.10250,-20.88085,-15.22166,-6.50221,-8.24119,-0.47826,0.9467,-20.25,-0.0210,29.59,0.51,0.363,0.516,0.114,0.0128,0.0500
900,-36.01844,-20.84141,-15.17704,-6.49735,-8.20114,-0.47855,0.9460,-20.27,-0.0210,29.59,0.50,0.367,0.515,0.108,0.0121,0.0500
925,-36.12340,-20.91697,-15.20643,-6.46753,-8.26490,-0.47400,0.9417,-20.37,-0.0211,29.60,0.51,0.370,0.515,0.108,0.0121,0.0500
950,-36.19789,-20.93336,-15.26453,-6.53795,-8.27141,-0.45516,0.9519,-20.30,-0.0210,29.59,0.51,0.373,0.514,0.113,0.0127,0.0500
975,-36.21177,-20.97141,-15.24036,-6.52285,-8.25924,-0.45827,0.9497,-20.35,-0.0211,29.58,0.52,0.377,0.514,0.113,0.0126,0.0500
1000,-36.20833,-21.00405,-15.20428,-6.46276,-8.23507,-0.50645,0.9410,-20.50,-0.0212,29.55,0.52,0.380,0.514,0.107,0.0120,0.0500
1025,-36.26662,-21.05801,-15.20861,-6.47290,-8.24591,-0.48980,0.9425,-20.55,-0.0213,29.56,0.58,0.383,0.513,0.107,0.0120,0.0500
1050,-36.27207,-21.06805,-15.20402,-6.47235,-8.24696,-0.48471,0.9424,-20.57,-0.0213,29.56,0.57,0.386,0.513,0.101,0.0113,0.0500
1075,-36.32685,-21.14072,-15.18613,-6.48864,-8.21607,-0.48142,0.9448,-20.54,-0.0213,29.59,0.56,0.388,0.513,0.111,0.0125,0.0500
1100,-36.38211,-21.13384,-15.24827,-6.53455,-8.25219,-0.46153,0.9515,-20.45,-0.0212,29.56,0.62,0.391,0.513,0.105,0.0118,0.0500
1125,-36.31556,-21.14270,-15.17286,-6.47550,-8.20514,-0.49222,0.9429,-20.26,-0.0210,29.54,0.52,0.393,0.512,0.105,0.0118,0.0500
1150,-36.46952,-21.23027,-15.23925,-6.48083,-8.26432,-0.49409,0.9436,-19.95,-0.0207,29.53,0.52,0.396,0.512,0.100,0.0112,0.0500
1175,-36.43795,-21.23541,-15.20254,-6.50053,-8.22086,-0.48115,0.9465,-19.78,-0.0205,29.53,0.56,0.398,0.512,0.099,0.0112,0.0500
1200,-36.41426,-21.23470,-15.17956,-6.45630,-8.24643,-0.47683,0.9401,-19.88,-0.0206,29.53,0.56,0.400,0.512,0.104,0.0117,0.0500
1225,-36.54240,-21.32379,-15.21861,-6.46093,-8.26423,-0.49345,0.9407,-19.73,-0.0204,29.52,0.52,0.402,0.512,0.094,0.0105,0.0500
1250,-36.53076,-21.32886,-15.20190,-6.49266,-8.22136,-0.48788,0.9454,-19.72,-0.0204,29.53,0.57,0.404,0.511,0.098,0.0110,0.0500
1275,-36.55008,-21.35375,-15.19634,-6.46427,-8.23554,-0.49653,0.9412,-19.65,-0.0204,29.50,0.52,0.406,0.511,0.109,0.0122,0.0500
1300,-36.55600,-21.35601,-15.20000,-6.48670,-8.23177,-0.48153,0.9445,-19.86,-0.0206,29.50,0.46,0.408,0.511,0.103,0.0115,0.0500
1325,-36.57488,-21.36307,-15.21181,-6.49916,-8.24107,-0.47157,0.9463,-20.09,-0.0208,29.52,0.46,0.410,0.510,0.103,0.0115,0.0500
1350,-36.55172,-21.36854,-15.18318,-6.49215,-8.20890,-0.48213,0.9453,-19.96,-0.0207,29.53,0.51,0.411,0.510,0.097,0.0109,0.0500
1375,-36.59913,-21.34573,-15.25340,-6.48280,-8.28245,-0.48815,0.9439,-19.91,-0.0206,29.52,0.51,0.413,0.510,0.097,0.0109,0.0500
1400,-36.65425,-21.40355,-15.25070,-6.50713,-8.26393,-0.47964,0.9475,-20.21,-0.0209,29.53,0.57,0.414,0.510,0.102,0.0114,0.0500
1425,-36.46962,-21.31047,-15.15915,-6.47332,-8.20280,-0.48303,0.9425,-20.24,-0.0210,29.55,0.61,0.416,0.510,0.101,0.0114,0.0500
1450,-36.53214,-21.32921,-15.20293,-6.48321,-8.24328,-0.47644,0.9440,-20.45,-0.0212,29.56,0.61,0.417,0.509,0.106,0.0119,0.0500
1475,-36.61436,-21.37372,-15.24064,-6.51734,-8.25202,-0.47128,0.9489,-20.35,-0.0211,29.56,0.62,0.418,0.509,0.106,0.0119,0.0500
1500,-36.59600,-21.39187,-15.20413,-6.49870,-8.22104,-0.48439,0.9462,-20.26,-0.0210,29.55,0.56,0.420,0.509,0.100,0.0113,0.0500
1525,-36.63401,-21.39078,-15.24323,-6.50862,-8.25475,-0.47986,0.9477,-20.03,-0.0208,29.57,0.61,0.421,0.509,0.100,0.0112,0.0500
1550,-36.67006,-21.46675,-15.20331,-6.48405,-8.23774,-0.48151,0.9441,-20.01,-0.0207,29.54,0.57,0.423,0.509,0.105,0.0118,0.0500
1575,-36.62549,-21.43219,-15.19329,-6.47043,-8.23739,-0.48547,0.9421,-20.14,-0.0209,29.55,0.61,0.424,0.509,0.105,0.0117,0.0500
1600,-36.69339,-21.49152,-15.20187,-6.49433,-8.21591,-0.49163,0.9456,-19.94,-0.0207,29.54,0.57,0.425,0.509,0.099,0.0111,0.0500
1625,-36.63644,-21.43120,-15.20523,-6.51681,-8.19341,-0.49501,0.9489,-19.88,-0.0206,29.56,0.57,0.426,0.509,0.099,0.0111,0.0500
1650,-36.74211,-21.49944,-15.24267,-6.49364,-8.25619,-0.49285,0.9455,-19.81,-0.0205,29.56,0.57,0.427,0.509,0.104,0.0116,0.0500
1675,-36.75867,-21.56954,-15.18913,-6.46947,-8.22501,-0.49465,0.9420,-19.83,-0.0205,29.56,0.58,0.428,0.509,0.093,0.0105,0.0500
1700,-36.75479,-21.52324,-15.23155,-6.50430,-8.23942,-0.48783,0.9470,-19.87,-0.0206,29.56,0.57,0.429,0.508,0.098,0.0110,0.0500
1725,-36.76116,-21.55477,-15.20638,-6.47968,-8.23608,-0.49062,0.9435,-19.69,-0.0204,29.54,0.58,0.430,0.508,0.108,0.0121,0.0500
1750,-36.75081,-21.56541,-15.18541,-6.49298,-8.21250,-0.47994,0.9454,-19.84,-0.0205,29.54,0.58,0.431,0.508,0.102,0.0115,0.0500
1775,-36.79288,-21.58181,-15.21107,-6.49474,-8.23145,-0.48488,0.9457,-19.58,-0.0203,29.53,0.58,0.432,0.508,0.102,0.0114,0.0500
1800,-36.86073,-21.66388,-15.19685,-6.47850,-8.21571,-0.50264,0.9433,-19.59,-0.0203,29.52,0.59,0.433,0.508,0.097,0.0108,0.0500
1825,-36.84393,-21.58196,-15.26198,-6.51623,-8.26581,-0.47994,0.9488,-19.78,-0.0205,29.52,0.58,0.434,0.508,0.096,0.0108,0.0500
1850,-36.84618,-21.61742,-15.22875,-6.51084,-8.23547,-0.48244,0.9480,-19.75,-0.0205,29.55,0.68,0.435,0.508,0.101,0.0113,0.0500
1875,-36.84045,-21.66598,-15.17447,-6.46704,-8.20999,-0.49744,0.9416,-19.76,-0.0205,29.51,0.59,0.436,0.508,0.101,0.0113,0.0500
1900,-36.80047,-21.63174,-15.16873,-6.47940,-8.19095,-0.49837,0.9434,-19.91,-0.0206,29.55,0.63,0.436,0.508,0.095,0.0107,0.0500
1925,-36.93712,-21.76200,-15.17512,-6.48820,-8.19549,-0.49142,0.9447,-19.71,-0.0204,29.55,0.58,0.437,0.508,0.095,0.0107,0.0500
1950,-37.00404,-21.77515,-15.22889,-6.48591,-8.24708,-0.49590,0.9444,-19.68,-0.0204,29.55,0.58,0.438,0.507,0.100,0.0112,0.0500
1975,-36.97568,-21.76335,-15.21233,-6.50738,-8.24294,-0.46201,0.9475,-19.67,-0.0204,29.55,0.57,0.439,0.507,0.099,0.0112,0.0500
2000,-36.94851,-21.75830,-15.19021,-6.46373,-8.21728,-0.50920,0.9411,-19.53,-0.0202,29.55,0.57,0.440,0.507,0.094,0.0106,0.0500
2025,-36.99636,-21.76279,-15.23356,-6.51740,-8.23149,-0.48467,0.9490,-19.37,-0.0201,29.54,0.58,0.441,0.507,0.094,0.0106,0.0500
2050,-37.00039,-21.77204,-15.22834,-6.51559,-8.22842,-0.48433,0.9487,-19.52,-0.0202,29.55,0.63,0.441,0.507,0.094,0.0106,0.0500
2075,-37.05373,-21.85226,-15.20147,-6.50367,-8.20873,-0.48907,0.9470,-19.39,-0.0201,29.55,0.64,0.442,0.507,0.094,0.0106,0.0500
2100,-37.05175,-21.80343,-15.24832,-6.50179,-8.26358,-0.48294,0.9467,-19.26,-0.0200,29.57,0.64,0.443,0.507,0.094,0.0106,0.0500
2125,-36.97243,-21.77526,-15.19717,-6.50833,-8.20274,-0.48610,0.9476,-19.11,-0.0198,29.59,0.99,0.444,0.507,0.094,0.0106,0.0500
2150,-37.10404,-21.85320,-15.25084,-6.51632,-8.26655,-0.46796,0.9488,70.79,0.0734,29.57,1.27,0.444,0.507,0.094,0.0106,0.0500
2175,-37.02958,-21.81792,-15.21166,-6.49086,-8.21278,-0.50803,0.9451,70.75,0.0733,29.58,1.32,0.445,0.507,0.094,0.0106,0.0500
2200,-36.98254,-21.80329,-15.17925,-6.48684,-8.20009,-0.49232,0.9445,70.75,0.0733,29.59,1.34,0.446,0.507,0.094,0.0106,0.0500
2225,-37.02596,-21.78159,-15.24437,-6.51676,-8.25223,-0.47538,0.9489,-19.34,-0.0200,29.58,1.05,0.447,0.506,0.094,0.0106,0.0500
2250,-36.95575,-21.74506,-15.21068,-6.49940,-8.22950,-0.48178,0.9463,-19.23,-0.0199,29.60,1.11,0.448,0.506,0.094,0.0106,0.0500
2275,-37.04078,-21.84644,-15.19434,-6.48178,-8.22960,-0.48296,0.9438,-19.29,-0.0200,29.60,1.05,0.448,0.506,0.094,0.0106,0.0500
2300,-37.06437,-21.82962,-15.23475,-6.52523,-8.22990,-0.47963,0.9501,-19.39,-0.0201,29.62,1.05,0.449,0.506,0.094,0.0106,0.0500
2325,-37.01572,-21.77807,-15.23765,-6.54200,-8.22630,-0.46934,0.9525,-19.49,-0.0202,29.62,1.05,0.449,0.506,0.094,0.0106,0.0500
2350,-37.00708,-21.82884,-15.17824,-6.50268,-8.19117,-0.48440,0.9468,-19.44,-0.0201,29.59,0.75,0.450,0.506,0.094,0.0106,0.0500
2375,-37.15091,-21.90566,-15.24524,-6.51813,-8.24079,-0.48633,0.9491,-19.37,-0.0201,29.59,0.74,0.451,0.506,0.094,0.0106,0.0500
2400,-37.19105,-21.93781,-15.25324,-6.51844,-8.24984,-0.48496,0.9491,-19.36,-0.0201,29.58,0.71,0.451,0.506,0.094,0.0106,0.0500
2425,-37.10703,-21.87303,-15.23400,-6.51029,-8.22985,-0.49386,0.9479,-19.32,-0.0200,29.58,0.71,0.452,0.506,0.094,0.0106,0.0500
2450,-37.16394,-21.91451,-15.24943,-6.51172,-8.24829,-0.48941,0.9481,-19.50,-0.0202,29.60,0.78,0.452,0.506,0.094,0.0106,0.0500
2475,-37.26407,-21.99119,-15.27289,-6.52948,-8.25885,-0.48456,0.9507,-19.52,-0.0202,29.62,1.11,0.453,0.506,0.094,0.0106,0.0500
2500,-37.21549,-22.02281,-15.19269,-6.48514,-8.20967,-0.49788,0.9443,70.50,0.0730,29.63,1.40,0.453,0.506,0.094,0.0106,0.0500
2525,-37.26253,-21.99845,-15.26408,-6.51479,-8.26927,-0.48002,0.9486,-19.55,-0.0203,29.71,1.22,0.454,0.506,0.094,0.0106,0.0500
2550,-37.21979,-21.99007,-15.22971,-6.50438,-8.22529,-0.50005,0.9471,-19.49,-0.0202,29.70,1.17,0.454,0.506,0.094,0.0106,0.0500
2575,-37.23506,-21.99966,-15.23540,-6.51888,-8.24296,-0.47356,0.9492,-19.43,-0.0201,29.68,1.20,0.455,0.506,0.094,0.0106,0.0500
2600,-37.27358,-22.02143,-15.25215,-6.51677,-8.23797,-0.49742,0.9489,-19.46,-0.0202,29.60,0.81,0.455,0.505,0.094,0.0106,0.0500
2625,-37.18985,-21.97613,-15.21372,-6.48575,-8.21552,-0.51245,0.9443,-19.47,-0.0202,29.59,0.78,0.456,0.505,0.094,0.0106,0.0500
2650,-37.20033,-22.02202,-15.17831,-6.47404,-8.19894,-0.50533,0.9426,-19.49,-0.0202,29.68,1.21,0.456,0.505,0.094,0.0106,0.0500
2675,-37.26428,-22.05416,-15.21012,-6.49327,-8.20861,-0.50824,0.9454,-19.39,-0.0201,29.67,1.15,0.456,0.505,0.094,0.0106,0.0500
2700,-37.32508,-22.12156,-15.20352,-6.49184,-8.21927,-0.49241,0.9452,-19.28,-0.0200,29.67,1.18,0.457,0.505,0.094,0.0106,0.0500
2725,-37.39686,-22.17224,-15.22463,-6.49021,-8.22664,-0.50777,0.9450,-19.22,-0.0199,29.66,1.16,0.457,0.505,0.094,0.0106,0.0500
2750,-37.36120,-22.13552,-15.22568,-6.50888,-8.23087,-0.48594,0.9477,70.54,0.0731,29.60,1.40,0.457,0.505,0.094,0.0106,0.0500
2775,-37.37722,-22.16766,-15.20956,-6.50146,-8.21276,-0.49534,0.9466,-19.36,-0.0201,29.60,1.10,0.458,0.505,0.094,0.0106,0.0500
2800,-37.41770,-22.17998,-15.23772,-6.51528,-8.22551,-0.49694,0.9486,70.53,0.0731,29.58,1.38,0.458,0.505,0.094,0.0106,0.0500
2825,-37.35330,-22.11483,-15.23847,-6.47921,-8.26393,-0.49533,0.9434,-19.24,-0.0199,29.61,1.15,0.458,0.505,0.094,0.0106,0.0500
2850,-37.43124,-22.19048,-15.24076,-6.49953,-8.25806,-0.48316,0.9464,70.61,0.0732,29.57,1.38,0.459,0.505,0.094,0.0106,0.0500
2875,-37.33762,-22.12849,-15.20913,-6.46974,-8.21142,-0.52797,0.9420,-19.66,-0.0204,29.50,0.67,0.459,0.505,0.094,0.0106,0.0500
2900,-37.34008,-22.14586,-15.19422,-6.48410,-8.20132,-0.50880,0.9441,-19.79,-0.0205,29.53,0.71,0.459,0.505,0.094,0.0106,0.0500
2925,-37.39651,-22.19685,-15.19966,-6.47511,-8.21761,-0.50694,0.9428,-19.58,-0.0203,29.55,0.76,0.460,0.505,0.094,0.0106,0.0500
2950,-37.44747,-22.23307,-15.21440,-6.49898,-8.23676,-0.47866,0.9463,-19.75,-0.0205,29.58,1.10,0.460,0.505,0.094,0.0106,0.0500
2975,-37.44795,-22.19367,-15.25429,-6.52567,-8.23864,-0.48998,0.9502,-19.84,-0.0206,29.53,0.72,0.460,0.505,0.094,0.0106,0.0500
3000,-37.42250,-22.18441,-15.23809,-6.48868,-8.24302,-0.50638,0.9448,-19.88,-0.0206,29.51,0.62,0.460,0.505,0.099,0.0111,0.0500
3025,-37.42216,-22.21066,-15.21149,-6.47050,-8.22894,-0.51206,0.9421,-19.77,-0.0205,29.52,0.67,0.460,0.505,0.099,0.0111,0.0500
3050,-37.43963,-22.23672,-15.20290,-6.48073,-8.21493,-0.50724,0.9436,-19.79,-0.0205,29.53,0.72,0.461,0.505,0.099,0.0111,0.0500
3075,-37.47160,-22.22627,-15.24532,-6.50893,-8.21747,-0.51892,0.9477,-19.90,-0.0206,29.52,0.66,0.461,0.505,0.099,0.0111,0.0500
3100,-37.44856,-22.24662,-15.20194,-6.48681,-8.23763,-0.47750,0.9445,-19.89,-0.0206,29.53,0.72,0.461,0.505,0.099,0.0111,0.0500
3125,-37.52711,-22.28666,-15.24045,-6.51403,-8.23657,-0.48985,0.9485,-19.96,-0.0207,29.54,0.68,0.461,0.505,0.099,0.0111,0.0500
3150,-37.45511,-22.22344,-15.23167,-6.52358,-8.22811,-0.47998,0.9499,-20.10,-0.0208,29.57,0.99,0.461,0.505,0.099,0.0111,0.0500
3175,-37.43598,-22.18813,-15.24785,-6.53333,-8.23744,-0.47708,0.9513,-19.93,-0.0206,29.63,1.12,0.461,0.505,0.099,0.0111,0.0500
3200,-37.52149,-22.28585,-15.23564,-6.51948,-8.21504,-0.50112,0.9493,-19.66,-0.0204,29.56,1.06,0.461,0.505,0.099,0.0111,0.0500
3225,-37.49709,-22.24307,-15.25402,-6.51767,-8.24750,-0.48885,0.9490,-19.85,-0.0206,29.54,0.72,0.462,0.505,0.099,0.0111,0.0500
3250,-37.53584,-22.34490,-15.19094,-6.50710,-8.17789,-0.50595,0.9475,-19.77,-0.0205,29.55,0.65,0.462,0.506,0.099,0.0111,0.0500
3275,-37.49923,-22.30107,-15.19816,-6.49604,-8.19918,-0.50294,0.9458,-19.55,-0.0202,29.54,0.72,0.462,0.506,0.099,0.0111,0.0500
3300,-37.57927,-22.37009,-15.20919,-6.50717,-8.20846,-0.49356,0.9475,-19.54,-0.0202,29.56,0.77,0.462,0.506,0.099,0.0111,0.0500
3325,-37.57928,-22.35154,-15.22774,-6.49908,-8.22016,-0.50851,0.9463,-19.34,-0.0200,29.54,0.77,0.462,0.506,0.099,0.0111,0.0500
3350,-37.49475,-22.30836,-15.18640,-6.50247,-8.19898,-0.48494,0.9468,-19.12,-0.0198,29.55,0.77,0.462,0.506,0.099,0.0111,0.0500
3375,-37.56768,-22.31732,-15.25036,-6.52073,-8.23979,-0.48984,0.9494,-19.37,-0.0201,29.53,0.72,0.462,0.506,0.099,0.0111,0.0500
3400,-37.49493,-22.30979,-15.18514,-6.48531,-8.19070,-0.50913,0.9443,-19.27,-0.0200,29.53,0.71,0.462,0.506,0.099,0.0111,0.0500
3425,-37.51504,-22.25798,-15.25706,-6.52397,-8.25771,-0.47538,0.9499,-19.17,-0.0199,29.51,0.67,0.463,0.506,0.099,0.0111,0.0500
3450,-37.60725,-22.39591,-15.21134,-6.51110,-8.20953,-0.49071,0.9480,-19.03,-0.0197,29.56,0.67,0.463,0.506,0.099,0.0111,0.0500
3475,-37.59935,-22.36710,-15.23225,-6.50307,-8.23796,-0.49122,0.9469,-18.77,-0.0194,29.63,0.80,0.463,0.506,0.099,0.0111,0.0500
3500,-37.63188,-22.40399,-15.22789,-6.50698,-8.22420,-0.49670,0.9474,-18.84,-0.0195,29.53,0.72,0.463,0.506,0.099,0.0111,0.0500
3525,-37.58203,-22.35790,-15.22413,-6.50264,-8.21391,-0.50758,0.9468,-18.89,-0.0196,29.58,0.76,0.463,0.506,0.099,0.0111,0.0500
3550,-37.57738,-22.38192,-15.19546,-6.48737,-8.19409,-0.51401,0.9446,-18.82,-0.0195,29.60,0.74,0.463,0.506,0.099,0.0111,0.0500
3575,-37.57851,-22.35361,-15.22490,-6.48893,-8.21248,-0.52349,0.9448,-18.90,-0.0196,29.56,0.68,0.463,0.506,0.099,0.0111,0.0500
3600,-37.63929,-22.38685,-15.25244,-6.50599,-8.25700,-0.48945,0.9473,-18.87,-0.0195,29.64,0.79,0.463,0.506,0.099,0.0111,0.0500
3625,-37.62122,-22.43459,-15.18663,-6.49068,-8.18558,-0.51036,0.9451,-18.96,-0.0196,29.61,0.75,0.463,0.506,0.099,0.0111,0.0500
3650,-37.60953,-22.36293,-15.24660,-6.50816,-8.24414,-0.49430,0.9476,-18.93,-0.0196,29.54,0.63,0.463,0.507,0.099,0.0111,0.0500
3675,-37.61343,-22.40724,-15.20619,-6.47614,-8.19840,-0.53165,0.9429,-18.86,-0.0195,29.53,0.68,0.463,0.507,0.099,0.0111,0.0500
3700,-37.65565,-22.41720,-15.23844,-6.47772,-8.24090,-0.51982,0.9432,-18.85,-0.0195,29.53,0.67,0.463,0.507,0.099,0.0111,0.0500
3725,-37.62009,-22.37424,-15.24584,-6.51699,-8.25652,-0.47233,0.9489,-18.99,-0.0197,29.60,0.73,0.463,0.507,0.099,0.0111,0.0500
3750,-37.56839,-22.39355,-15.17484,-6.46642,-8.19901,-0.50941,0.9415,-18.93,-0.0196,29.77,1.21,0.464,0.507,0.099,0.0111,0.0500
3775,-37.68035,-22.40737,-15.27298,-6.51097,-8.25557,-0.50644,0.9480,-18.89,-0.0196,29.70,1.16,0.464,0.507,0.099,0.0111,0.0500
3800,-37.71116,-22.47332,-15.23785,-6.50759,-8.20506,-0.52520,0.9475,-19.00,-0.0197,29.72,1.21,0.464,0.507,0.099,0.0111,0.0500
3825,-37.70096,-22.45496,-15.24601,-6.51608,-8.22271,-0.50722,0.9488,-18.99,-0.0197,29.63,1.16,0.464,0.507,0.099,0.0111,0.0500
3850,-37.63356,-22.41181,-15.22175,-6.47063,-8.22417,-0.52695,0.9421,-18.95,-0.0196,29.61,0.82,0.464,0.507,0.099,0.0111,0.0500
3875,-37.61465,-22.41934,-15.19531,-6.47747,-8.21185,-0.50598,0.9431,-18.86,-0.0195,29.56,0.72,0.464,0.507,0.099,0.0111,0.0500
3900,-37.58196,-22.35912,-15.22283,-6.50011,-8.21409,-0.50863,0.9464,-18.97,-0.0196,29.57,0.73,0.464,0.507,0.099,0.0111,0.0500
3925,-37.59684,-22.40004,-15.19680,-6.49425,-8.17755,-0.52500,0.9456,-18.92,-0.0196,29.52,0.69,0.464,0.507,0.099,0.0111,0.0500
3950,-37.74579,-22.49947,-15.24632,-6.51741,-8.23593,-0.49298,0.9490,-18.74,-0.0194,29.60,0.79,0.464,0.507,0.099,0.0111,0.0500
3975,-37.70741,-22.49362,-15.21379,-6.50150,-8.19400,-0.51828,0.9466,-18.78,-0.0195,29.56,0.74,0.464,0.507,0.099,0.0111,0.0500
4000,-37.64618,-22.47961,-15.16658,-6.48158,-8.16648,-0.51852,0.9437,-18.78,-0.0195,29.55,0.74,0.464,0.507,0.094,0.0105,0.0500
4025,-37.73441,-22.50056,-15.23385,-6.50719,-8.22055,-0.50611,0.9475,-18.74,-0.0194,29.53,0.69,0.464,0.507,0.094,0.0105,0.0500
4050,-37.79238,-22.53718,-15.25520,-6.52230,-8.25050,-0.48241,0.9497,-18.92,-0.0196,29.54,0.73,0.464,0.507,0.094,0.0105,0.0500
4075,-37.75502,-22.51088,-15.24414,-6.51447,-8.23091,-0.49875,0.9485,-18.83,-0.0195,29.57,0.75,0.464,0.507,0.094,0.0105,0.0500
4100,-37.75019,-22.54463,-15.20557,-6.47993,-8.22010,-0.50554,0.9435,-18.83,-0.0195,29.57,0.76,0.464,0.507,0.094,0.0105,0.0500
4125,-37.82552,-22.56411,-15.26141,-6.51939,-8.23583,-0.50620,0.9492,-18.85,-0.0195,29.55,0.74,0.464,0.507,0.094,0.0105,0.0500
4150,-37.76505,-22.51685,-15.24820,-6.53624,-8.22351,-0.48844,0.9517,-18.89,-0.0196,29.58,0.75,0.464,0.507,0.094,0.0105,0.0500
4175,-37.74754,-22.51810,-15.22943,-6.48635,-8.23287,-0.51022,0.9444,-18.74,-0.0194,29.58,0.69,0.464,0.507,0.094,0.0105,0.0500
4200,-37.70631,-22.50258,-15.20373,-6.49133,-8.20700,-0.50540,0.9452,-18.67,-0.0193,29.70,0.87,0.464,0.507,0.094,0.0105,0.0500
4225,-37.70599,-22.48847,-15.21751,-6.49512,-8.20488,-0.51751,0.9457,-18.78,-0.0195,29.62,0.76,0.465,0.507,0.094,0.0105,0.0500
4250,-37.82929,-22.55353,-15.27576,-6.52401,-8.24428,-0.50747,0.9499,-18.66,-0.0193,29.64,0.82,0.465,0.507,0.094,0.0105,0.0500
4275,-37.76506,-22.51477,-15.25029,-6.51309,-8.23299,-0.50421,0.9483,-18.70,-0.0194,29.65,0.77,0.465,0.507,0.094,0.0105,0.0500
4300,-37.82252,-22.56860,-15.25391,-6.51520,-8.22691,-0.51181,0.9486,-18.64,-0.0193,29.61,0.68,0.465,0.507,0.094,0.0105,0.0500
4325,-37.81189,-22.59565,-15.21624,-6.47954,-8.23054,-0.50616,0.9434,-18.63,-0.0193,29.61,0.68,0.465,0.507,0.094,0.0105,0.0500
4350,-37.88749,-22.66615,-15.22134,-6.50645,-8.19978,-0.51511,0.9474,-18.67,-0.0193,29.62,0.73,0.465,0.507,0.094,0.0105,0.0500
4375,-37.94715,-22.67948,-15.26768,-6.50971,-8.25914,-0.49883,0.9478,-18.74,-0.0194,29.65,0.75,0.465,0.507,0.094,0.0105,0.0500
4400,-37.93728,-22.68833,-15.24896,-6.53526,-8.21722,-0.49647,0.9516,-18.56,-0.0192,29.62,0.75,0.465,0.507,0.094,0.0105,0.0500
4425,-37.82074,-22.62344,-15.19730,-6.50016,-8.19722,-0.49992,0.9464,-18.51,-0.0192,29.70,0.92,0.465,0.507,0.094,0.0105,0.0500
4450,-37.93555,-22.69651,-15.23904,-6.50799,-8.23053,-0.50052,0.9476,-18.65,-0.0193,29.69,0.89,0.465,0.506,0.094,0.0105,0.0500
4475,-37.87341,-22.62121,-15.25220,-6.51129,-8.24025,-0.50066,0.9481,-18.72,-0.0194,29.64,0.84,0.465,0.506,0.094,0.0105,0.0500
4500,-37.90618,-22.65657,-15.24962,-6.50937,-8.23106,-0.50918,0.9478,-18.61,-0.0193,29.62,0.80,0.465,0.506,0.094,0.0105,0.0500
4525,-37.85750,-22.63800,-15.21949,-6.49593,-8.19676,-0.52680,0.9458,-18.53,-0.0192,29.61,0.70,0.466,0.506,0.094,0.0105,0.0500
4550,-37.81723,-22.63306,-15.18417,-6.48846,-8.17627,-0.51944,0.9447,-18.66,-0.0193,29.67,0.75,0.466,0.506,0.094,0.0105,0.0500
4575,-37.89577,-22.65320,-15.24257,-6.51747,-8.22220,-0.50289,0.9490,-18.47,-0.0191,29.63,0.74,0.466,0.506,0.094,0.0105,0.0500
4600,-37.84723,-22.59549,-15.25174,-6.54890,-8.22293,-0.47991,0.9535,-18.48,-0.0191,29.63,0.79,0.466,0.506,0.094,0.0105,0.0500
4625,-37.93576,-22.72108,-15.21468,-6.48683,-8.20710,-0.52074,0.9445,-18.43,-0.0191,29.61,0.70,0.466,0.506,0.094,0.0105,0.0500
4650,-37.88848,-22.67573,-15.21275,-6.48230,-8.22272,-0.50773,0.9438,-18.28,-0.0189,29.65,0.75,0.466,0.506,0.094,0.0105,0.0500
4675,-37.95959,-22.74135,-15.21823,-6.49049,-8.22519,-0.50256,0.9450,-18.36,-0.0190,29.60,0.74,0.466,0.506,0.094,0.0105,0.0500
4700,-37.99616,-22.74679,-15.24936,-6.51043,-8.22745,-0.51149,0.9479,-18.16,-0.0188,29.56,0.75,0.466,0.506,0.094,0.0105,0.0500
4725,-38.03756,-22.77015,-15.26741,-6.49811,-8.24083,-0.52847,0.9461,-18.34,-0.0190,29.55,0.75,0.466,0.506,0.094,0.0105,0.0500
4750,-37.94836,-22.71694,-15.23142,-6.49162,-8.20693,-0.53287,0.9452,-18.32,-0.0190,29.61,0.79,0.466,0.506,0.094,0.0105,0.0500
4775,-38.05063,-22.80865,-15.24198,-6.52740,-8.22409,-0.49049,0.9504,-18.22,-0.0189,29.58,0.79,0.466,0.506,0.094,0.0105,0.0500
4800,-37.97303,-22.71920,-15.25383,-6.48356,-8.24944,-0.52083,0.9440,-18.27,-0.0189,29.55,0.75,0.466,0.506,0.094,0.0105,0.0500
4825,-37.95771,-22.74712,-15.21059,-6.50186,-8.19771,-0.51103,0.9467,-18.28,-0.0189,29.56,0.75,0.466,0.506,0.094,0.0105,0.0500
4850,-37.93102,-22.72913,-15.20189,-6.51289,-8.17865,-0.51035,0.9483,-18.24,-0.0189,29.55,0.71,0.466,0.506,0.094,0.0105,0.0500
4875,-38.02417,-22.79172,-15.23245,-6.48922,-8.22261,-0.52062,0.9449,-18.15,-0.0188,29.64,0.84,0.466,0.506,0.094,0.0105,0.0500
4900,-38.06950,-22.79983,-15.26967,-6.51282,-8.24877,-0.50808,0.9483,-18.14,-0.0188,29.61,0.84,0.466,0.506,0.094,0.0105,0.0500
4925,-38.00630,-22.77867,-15.22763,-6.49290,-8.20891,-0.52582,0.9454,-18.21,-0.0189,29.57,0.75,0.466,0.506,0.094,0.0105,0.0500
4950,-38.09356,-22.83046,-15.26310,-6.52653,-8.23807,-0.49850,0.9503,-18.32,-0.0190,29.57,0.79,0.466,0.506,0.094,0.0105,0.0500
4975,-38.05176,-22.82709,-15.22467,-6.50512,-8.21814,-0.50142,0.9472,-18.26,-0.0189,29.56,0.80,0.466,0.506,0.094,0.0105,0.0500
5000,-38.05309,-22.83175,-15.22134,-6.50083,-8.19644,-0.52406,0.9465,-18.35,-0.0190,29.59,0.80,0.466,0.506,0.089,0.0100,0.0500
5025,-38.07620,-22.79561,-15.28059,-6.51293,-8.24908,-0.51858,0.9483,-18.47,-0.0191,29.58,0.72,0.466,0.506,0.089,0.0100,0.0500
5050,-38.00931,-22.79152,-15.21779,-6.49738,-8.20979,-0.51062,0.9460,-18.53,-0.0192,29.62,0.75,0.467,0.506,0.089,0.0100,0.0500
5075,-37.96049,-22.74345,-15.21705,-6.51207,-8.20162,-0.50336,0.9482,-18.50,-0.0192,29.59,0.82,0.467,0.505,0.089,0.0100,0.0500
5100,-38.02081,-22.83201,-15.18880,-6.49588,-8.16277,-0.53015,0.9458,-18.53,-0.0192,29.62,0.75,0.467,0.505,0.089,0.0100,0.0500
5125,-38.02950,-22.79454,-15.23496,-6.47573,-8.24036,-0.51887,0.9429,-18.51,-0.0192,29.61,0.79,0.467,0.505,0.089,0.0100,0.0500
5150,-38.10313,-22.82847,-15.27466,-6.52804,-8.24519,-0.50143,0.9505,-18.56,-0.0192,29.60,0.80,0.467,0.505,0.089,0.0100,0.0500
5175,-38.02877,-22.85007,-15.17870,-6.47985,-8.18655,-0.51230,0.9435,-18.66,-0.0193,29.55,0.72,0.467,0.505,0.089,0.0100,0.0500
5200,-38.07829,-22.85940,-15.21889,-6.48786,-8.20367,-0.52735,0.9447,-18.68,-0.0193,29.53,0.78,0.467,0.505,0.089,0.0100,0.0500
5225,-38.00861,-22.79841,-15.21020,-6.49251,-8.21010,-0.50759,0.9453,-18.64,-0.0193,29.55,0.82,0.467,0.505,0.089,0.0100,0.0500
5250,-37.99774,-22.75027,-15.24747,-6.48554,-8.24358,-0.51834,0.9443,-18.75,-0.0194,29.57,0.81,0.467,0.505,0.089,0.0100,0.0500
5275,-38.04801,-22.82120,-15.22681,-6.49769,-8.22265,-0.50647,0.9461,-18.58,-0.0192,29.63,0.91,0.468,0.505,0.089,0.0100,0.0500
5300,-38.06270,-22.78196,-15.28074,-6.53879,-8.23895,-0.50300,0.9521,-18.57,-0.0192,29.63,0.90,0.468,0.505,0.089,0.0100,0.0500
5325,-38.13171,-22.89109,-15.24062,-6.48831,-8.22444,-0.52787,0.9447,-18.54,-0.0192,29.64,0.94,0.468,0.505,0.089,0.0100,0.0500
5350,-38.13524,-22.94023,-15.19502,-6.47304,-8.18651,-0.53547,0.9425,-18.48,-0.0191,29.58,0.81,0.468,0.504,0.089,0.0100,0.0500
5375,-38.12007,-22.88936,-15.23071,-6.50500,-8.22041,-0.50529,0.9471,-18.47,-0.0191,30.01,0.87,0.468,0.504,0.089,0.0100,0.0500
5400,-38.05352,-22.83802,-15.21550,-6.48968,-8.19771,-0.52811,0.9449,-18.44,-0.0191,29.93,1.74,0.468,0.504,0.089,0.0100,0.0500
5425,-38.13867,-22.87156,-15.26711,-6.52062,-8.24068,-0.50581,0.9494,-18.28,-0.0189,30.07,0.93,0.468,0.504,0.089,0.0100,0.0500
5450,-38.13651,-22.85259,-15.28393,-6.52380,-8.24770,-0.51243,0.9499,-18.37,-0.0190,29.94,0.75,0.468,0.504,0.089,0.0100,0.0500
5475,-38.11412,-22.90801,-15.20611,-6.48266,-8.19097,-0.53248,0.9439,-18.35,-0.0190,29.97,0.79,0.468,0.504,0.089,0.0100,0.0500
5500,-38.05448,-22.81086,-15.24361,-6.50632,-8.21501,-0.52228,0.9473,-18.38,-0.0190,30.00,0.84,0.468,0.504,0.089,0.0100,0.0500
5525,-38.04274,-22.84002,-15.20272,-6.48389,-8.19596,-0.52287,0.9441,-18.49,-0.0191,30.04,0.89,0.468,0.504,0.089,0.0100,0.0500
5550,-38.14693,-22.89835,-15.24858,-6.48111,-8.24871,-0.51876,0.9437,-18.52,-0.0192,30.03,0.89,0.468,0.504,0.089,0.0100,0.0500
5575,-38.12333,-22.92110,-15.20223,-6.48103,-8.19895,-0.52224,0.9437,-18.30,-0.0189,30.03,0.89,0.468,0.504,0.089,0.0100,0.0500
5600,-38.14532,-22.92588,-15.21944,-6.50272,-8.20475,-0.51198,0.9468,-18.42,-0.0191,29.64,0.88,0.468,0.504,0.089,0.0100,0.0500
5625,-38.18207,-22.96013,-15.22193,-6.51234,-8.20835,-0.50124,0.9482,-18.59,-0.0193,29.63,0.88,0.469,0.503,0.089,0.0100,0.0500
5650,-38.17448,-22.94435,-15.23013,-6.50815,-8.22869,-0.49328,0.9476,-18.53,-0.0192,29.99,0.94,0.469,0.503,0.089,0.0100,0.0500
5675,-38.09531,-22.90158,-15.19373,-6.46379,-8.19597,-0.53397,0.9411,-18.47,-0.0191,29.61,0.88,0.469,0.503,0.089,0.0100,0.0500
5700,-38.13782,-22.91440,-15.22342,-6.47296,-8.21898,-0.53149,0.9425,-18.43,-0.0191,30.00,0.93,0.469,0.503,0.089,0.0100,0.0500
5725,-38.20028,-22.92739,-15.27289,-6.51800,-8.24666,-0.50823,0.9490,-18.45,-0.0191,30.02,0.89,0.469,0.503,0.089,0.0100,0.0500
5750,-38.20953,-22.98954,-15.21999,-6.52173,-8.17980,-0.51846,0.9496,-18.42,-0.0191,30.03,0.96,0.469,0.503,0.089,0.0100,0.0500
5775,-38.12005,-22.91780,-15.20225,-6.48772,-8.19876,-0.51577,0.9446,-18.30,-0.0189,30.02,0.92,0.469,0.503,0.089,0.0100,0.0500
5800,-38.17436,-22.93505,-15.23930,-6.50235,-8.19600,-0.54095,0.9468,-18.24,-0.0189,30.01,0.91,0.469,0.503,0.089,0.0100,0.0500
5825,-38.07840,-22.89195,-15.18645,-6.49705,-8.15785,-0.53154,0.9460,-18.26,-0.0189,30.08,1.30,0.469,0.503,0.089,0.0100,0.0500
5850,-38.12264,-22.90725,-15.21539,-6.50491,-8.19566,-0.51482,0.9471,-18.29,-0.0189,29.73,1.86,0.469,0.503,0.089,0.0100,0.0500
5875,-38.14532,-22.92361,-15.22171,-6.51493,-8.19843,-0.50835,0.9486,-18.33,-0.0190,29.71,1.87,0.469,0.503,0.089,0.0100,0.0500
5900,-38.17999,-22.91009,-15.26990,-6.50669,-8.25097,-0.51224,0.9474,-18.41,-0.0191,29.69,1.83,0.469,0.503,0.089,0.0100,0.0500
5925,-38.19150,-22.89591,-15.29558,-6.49608,-8.27315,-0.52635,0.9458,-18.30,-0.0190,30.04,1.94,0.469,0.503,0.089,0.0100,0.0500
5950,-38.10994,-22.88146,-15.22847,-6.49604,-8.20790,-0.52453,0.9458,-18.22,-0.0189,30.08,1.27,0.469,0.502,0.089,0.0100,0.0500
5975,-38.15747,-22.94485,-15.21262,-6.48495,-8.20350,-0.52417,0.9442,-18.24,-0.0189,29.82,1.15,0.469,0.502,0.089,0.0100,0.0500
6000,-38.17378,-22.96666,-15.20712,-6.50067,-8.16420,-0.54225,0.9465,-18.30,-0.0190,29.98,1.23,0.469,0.502,0.085,0.0095,0.0500
6025,-38.17571,-22.94537,-15.23034,-6.47611,-8.22384,-0.53039,0.9429,-18.30,-0.0189,30.05,0.92,0.469,0.502,0.085,0.0095,0.0500
6050,-38.22619,-22.99560,-15.23059,-6.47578,-8.22080,-0.53401,0.9429,-18.32,-0.0190,30.00,0.83,0.470,0.502,0.085,0.0095,0.0500
6075,-38.30931,-23.02301,-15.28630,-6.50054,-8.27962,-0.50614,0.9465,-18.22,-0.0189,29.98,0.78,0.470,0.502,0.085,0.0095,0.0500
6100,-38.25502,-23.00464,-15.25039,-6.50926,-8.22530,-0.51583,0.9478,-18.22,-0.0189,29.98,0.78,0.470,0.502,0.085,0.0095,0.0500
6125,-38.20429,-22.98450,-15.21978,-6.50342,-8.18680,-0.52957,0.9469,-18.21,-0.0189,30.00,0.84,0.470,0.502,0.085,0.0095,0.0500
6150,-38.21762,-23.01032,-15.20730,-6.48405,-8.18730,-0.53595,0.9441,-18.12,-0.0188,30.00,0.84,0.470,0.502,0.085,0.0095,0.0500
6175,-38.28288,-23.00644,-15.27644,-6.51135,-8.24565,-0.51944,0.9481,-18.05,-0.0187,29.98,0.84,0.470,0.502,0.085,0.0095,0.0500
6200,-38.24354,-22.99134,-15.25220,-6.51521,-8.21898,-0.51802,0.9486,-18.04,-0.0187,29.99,0.84,0.470,0.502,0.085,0.0095,0.0500
6225,-38.16679,-22.92818,-15.23861,-6.49402,-8.22915,-0.51544,0.9455,-17.98,-0.0186,30.00,0.84,0.470,0.502,0.085,0.0095,0.0500
6250,-38.21990,-22.96805,-15.25185,-6.50237,-8.23386,-0.51562,0.9468,-17.95,-0.0186,29.99,0.84,0.470,0.502,0.085,0.0095,0.0500
6275,-38.21108,-22.97954,-15.23154,-6.49283,-8.22334,-0.51538,0.9454,-17.99,-0.0186,29.64,0.90,0.470,0.502,0.085,0.0095,0.0500
6300,-38.14202,-22.91424,-15.22778,-6.44919,-8.23443,-0.54415,0.9390,-17.96,-0.0186,29.66,0.94,0.470,0.502,0.085,0.0095,0.0500
6325,-38.20705,-22.96897,-15.23807,-6.48929,-8.22397,-0.52482,0.9449,-18.08,-0.0187,29.66,0.84,0.471,0.502,0.085,0.0095,0.0500
6350,-38.18177,-22.97035,-15.21141,-6.48787,-8.21213,-0.51141,0.9447,-18.14,-0.0188,29.60,0.82,0.471,0.502,0.085,0.0095,0.0500
6375,-38.21754,-22.96634,-15.25120,-6.52007,-8.21456,-0.51658,0.9493,-18.26,-0.0189,29.67,0.95,0.471,0.502,0.085,0.0095,0.0500
6400,-38.19650,-22.95135,-15.24515,-6.49473,-8.22161,-0.52881,0.9457,-18.36,-0.0190,29.66,0.96,0.471,0.502,0.085,0.0095,0.0500
6425,-38.18920,-22.92137,-15.26783,-6.50105,-8.23992,-0.52686,0.9466,-18.31,-0.0190,29.67,0.98,0.471,0.502,0.085,0.0095,0.0500
6450,-38.15912,-22.94135,-15.21777,-6.53040,-8.18630,-0.50107,0.9508,-18.48,-0.0191,29.71,1.03,0.471,0.502,0.085,0.0095,0.0500
6475,-38.26573,-22.98867,-15.27706,-6.52764,-8.23481,-0.51460,0.9504,-18.50,-0.0192,29.68,0.98,0.471,0.502,0.085,0.0095,0.0500
6500,-38.26367,-23.02114,-15.24253,-6.50382,-8.21859,-0.52012,0.9470,-18.52,-0.0192,29.71,1.03,0.471,0.502,0.085,0.0095,0.0500
6525,-38.26160,-23.00986,-15.25173,-6.52052,-8.22040,-0.51081,0.9494,-18.36,-0.0190,30.07,0.95,0.471,0.502,0.085,0.0095,0.0500
6550,-38.24714,-23.01708,-15.23006,-6.49315,-8.21260,-0.52431,0.9454,-18.48,-0.0191,30.06,0.95,0.471,0.502,0.085,0.0095,0.0500
6575,-38.24317,-22.97839,-15.26478,-6.49248,-8.24087,-0.53143,0.9453,-18.64,-0.0193,29.65,0.93,0.471,0.502,0.085,0.0095,0.0500
6600,-38.12221,-22.90956,-15.21264,-6.50310,-8.19637,-0.51317,0.9469,-18.77,-0.0194,29.62,0.87,0.472,0.502,0.085,0.0095,0.0500
6625,-38.18544,-22.97345,-15.21199,-6.45628,-8.22253,-0.53318,0.9401,-18.71,-0.0194,29.61,0.87,0.472,0.502,0.085,0.0095,0.0500
6650,-38.25384,-23.04478,-15.20906,-6.47966,-8.21485,-0.51456,0.9435,-18.73,-0.0194,29.61,0.86,0.472,0.502,0.085,0.0095,0.0500
6675,-38.26431,-22.99156,-15.27275,-6.51110,-8.25807,-0.50358,0.9480,-18.80,-0.0195,29.58,0.83,0.472,0.502,0.085,0.0095,0.0500
6700,-38.22300,-22.99115,-15.23184,-6.49661,-8.20437,-0.53086,0.9459,-18.91,-0.0196,29.58,0.83,0.472,0.502,0.085,0.0095,0.0500
6725,-38.33072,-23.07388,-15.25683,-6.51696,-8.22945,-0.51042,0.9489,-18.90,-0.0196,29.57,0.74,0.472,0.502,0.085,0.0095,0.0500
6750,-38.31596,-23.08330,-15.23267,-6.49752,-8.20562,-0.52952,0.9461,-18.92,-0.0196,29.58,0.74,0.472,0.502,0.085,0.0095,0.0500
6775,-38.33630,-23.07483,-15.26147,-6.51831,-8.23506,-0.50810,0.9491,-18.93,-0.0196,29.59,0.79,0.472,0.502,0.085,0.0095,0.0500
6800,-38.31070,-23.09491,-15.21578,-6.47307,-8.20255,-0.54017,0.9425,-19.08,-0.0198,29.58,0.74,0.472,0.502,0.085,0.0095,0.0500
6825,-38.34170,-23.09290,-15.24880,-6.51010,-8.22600,-0.51270,0.9479,-18.88,-0.0196,29.58,0.75,0.472,0.502,0.085,0.0095,0.0500
6850,-38.32369,-23.10458,-15.21911,-6.49082,-8.20476,-0.52353,0.9451,-18.89,-0.0196,29.64,0.79,0.472,0.502,0.085,0.0095,0.0500
6875,-38.34381,-23.12472,-15.21909,-6.48496,-8.21282,-0.52132,0.9442,-18.77,-0.0194,29.66,1.13,0.473,0.502,0.085,0.0095,0.0500
6900,-38.36282,-23.14489,-15.21793,-6.46154,-8.22274,-0.53364,0.9408,-18.75,-0.0194,29.69,1.14,0.473,0.502,0.085,0.0095,0.0500
6925,-38.43908,-23.16115,-15.27793,-6.52916,-8.24656,-0.50221,0.9507,-18.67,-0.0193,29.74,1.15,0.473,0.502,0.085,0.0095,0.0500
6950,-38.45402,-23.23851,-15.21551,-6.47293,-8.20435,-0.53823,0.9425,-18.72,-0.0194,29.64,0.80,0.473,0.502,0.085,0.0095,0.0500
6975,-38.43298,-23.17897,-15.25401,-6.51244,-8.21185,-0.52971,0.9482,-18.77,-0.0194,29.64,0.80,0.473,0.502,0.085,0.0095,0.0500
7000,-38.42269,-23.21460,-15.20809,-6.47561,-8.20893,-0.52355,0.9429,-18.65,-0.0193,29.61,0.76,0.473,0.502,0.081,0.0090,0.0500
7025,-38.45976,-23.19141,-15.26835,-6.50408,-8.23738,-0.52689,0.9470,-18.67,-0.0193,29.60,0.71,0.473,0.502,0.081,0.0090,0.0500
7050,-38.48331,-23.23884,-15.24447,-6.50375,-8.21220,-0.52853,0.9470,-18.77,-0.0194,29.63,0.81,0.473,0.502,0.081,0.0090,0.0500
7075,-38.41587,-23.18485,-15.23102,-6.49435,-8.20216,-0.53452,0.9456,-18.81,-0.0195,29.58,0.77,0.473,0.502,0.081,0.0090,0.0500
7100,-38.40692,-23.18671,-15.22020,-6.51391,-8.19981,-0.50648,0.9484,-18.70,-0.0194,29.58,0.71,0.473,0.502,0.081,0.0090,0.0500
7125,-38.41181,-23.20693,-15.20488,-6.48862,-8.19608,-0.52017,0.9448,-18.78,-0.0194,29.55,0.67,0.473,0.502,0.081,0.0090,0.0500
7150,-38.44695,-23.20160,-15.24534,-6.50744,-8.23040,-0.50750,0.9475,-18.72,-0.0194,29.62,0.87,0.473,0.502,0.081,0.0090,0.0500
7175,-38.48687,-23.22696,-15.25991,-6.50628,-8.25161,-0.50202,0.9473,-18.69,-0.0194,29.58,0.77,0.474,0.502,0.081,0.0090,0.0500
7200,-38.43541,-23.22014,-15.21527,-6.48461,-8.19881,-0.53184,0.9442,-18.46,-0.0191,29.63,0.82,0.474,0.502,0.081,0.0090,0.0500
7225,-38.43049,-23.19427,-15.23622,-6.50381,-8.21314,-0.51927,0.9470,-18.48,-0.0191,29.63,0.82,0.474,0.502,0.081,0.0090,0.0500
7250,-38.39978,-23.17654,-15.22325,-6.48047,-8.21073,-0.53205,0.9436,-18.58,-0.0192,29.60,0.78,0.474,0.502,0.081,0.0090,0.0500
7275,-38.46382,-23.18980,-15.27402,-6.50772,-8.25085,-0.51544,0.9475,-18.55,-0.0192,29.61,0.84,0.474,0.502,0.081,0.0090,0.0500
7300,-38.46611,-23.20966,-15.25645,-6.52139,-8.22243,-0.51263,0.9495,-18.48,-0.0191,29.66,0.92,0.474,0.503,0.081,0.0090,0.0500
7325,-38.38848,-23.16719,-15.22129,-6.48649,-8.20678,-0.52803,0.9445,-18.45,-0.0191,29.64,0.84,0.474,0.503,0.081,0.0090,0.0500
7350,-38.37301,-23.12610,-15.24690,-6.51816,-8.20252,-0.52622,0.9491,-18.62,-0.0193,29.63,0.84,0.474,0.503,0.081,0.0090,0.0500
7375,-38.38413,-23.13733,-15.24680,-6.50357,-8.21323,-0.53000,0.9469,-18.73,-0.0194,29.62,0.84,0.474,0.503,0.081,0.0090,0.0500
7400,-38.32785,-23.14058,-15.18726,-6.50588,-8.15491,-0.52648,0.9473,-18.62,-0.0193,29.63,0.89,0.475,0.503,0.081,0.0090,0.0500
7425,-38.41833,-23.18772,-15.23062,-6.51593,-8.19227,-0.52242,0.9487,-18.55,-0.0192,29.97,0.79,0.475,0.503,0.081,0.0090,0.0500
7450,-38.39506,-23.18416,-15.21090,-6.46768,-8.21974,-0.52348,0.9417,-18.60,-0.0193,29.99,0.79,0.475,0.503,0.081,0.0090,0.0500
7475,-38.43743,-23.24283,-15.19460,-6.46590,-8.19911,-0.52959,0.9415,-18.67,-0.0193,29.63,0.83,0.475,0.503,0.081,0.0090,0.0500
7500,-38.47411,-23.24810,-15.22601,-6.46159,-8.22265,-0.54177,0.9408,-18.66,-0.0193,29.96,0.74,0.475,0.503,0.081,0.0090,0.0500
7525,-38.44195,-23.22665,-15.21530,-6.49997,-8.20043,-0.51489,0.9464,-18.59,-0.0193,30.02,0.88,0.475,0.503,0.081,0.0090,0.0500
7550,-38.49313,-23.24318,-15.24995,-6.51785,-8.21085,-0.52125,0.9490,-18.64,-0.0193,30.03,0.87,0.475,0.503,0.081,0.0090,0.0500
7575,-38.41584,-23.16944,-15.24640,-6.49897,-8.21807,-0.52936,0.9463,-18.61,-0.0193,29.63,0.88,0.475,0.503,0.081,0.0090,0.0500
7600,-38.34092,-23.13991,-15.20101,-6.49838,-8.17798,-0.52465,0.9462,-18.63,-0.0193,29.58,0.80,0.475,0.503,0.081,0.0090,0.0500
7625,-38.40752,-23.17657,-15.23095,-6.51126,-8.20368,-0.51601,0.9481,-18.60,-0.0193,29.60,0.83,0.475,0.503,0.081,0.0090,0.0500
7650,-38.45462,-23.20922,-15.24540,-6.51785,-8.22116,-0.50638,0.9490,-18.48,-0.0191,29.97,0.78,0.476,0.503,0.081,0.0090,0.0500
7675,-38.53429,-23.26221,-15.27209,-6.53997,-8.22807,-0.50405,0.9522,-18.53,-0.0192,29.96,0.74,0.476,0.503,0.081,0.0090,0.0500
7700,-38.53830,-23.29271,-15.24559,-6.49576,-8.22951,-0.52032,0.9458,-18.43,-0.0191,29.96,0.73,0.476,0.503,0.081,0.0090,0.0500
7725,-38.51703,-23.27838,-15.23864,-6.51110,-8.21538,-0.51216,0.9480,-18.47,-0.0191,29.96,0.73,0.476,0.503,0.081,0.0090,0.0500
7750,-38.46427,-23.23949,-15.22477,-6.50906,-8.19435,-0.52137,0.9477,-18.29,-0.0189,29.94,0.69,0.476,0.503,0.081,0.0090,0.0500
7775,-38.54384,-23.32013,-15.22371,-6.50254,-8.20461,-0.51656,0.9468,-18.25,-0.0189,29.93,0.69,0.476,0.503,0.081,0.0090,0.0500
7800,-38.54037,-23.28340,-15.25696,-6.48853,-8.24486,-0.52357,0.9448,-18.25,-0.0189,29.96,0.77,0.476,0.503,0.081,0.0090,0.0500
7825,-38.51775,-23.28652,-15.23123,-6.46136,-8.22013,-0.54974,0.9408,-18.26,-0.0189,30.04,0.95,0.476,0.503,0.081,0.0090,0.0500
7850,-38.48064,-23.25482,-15.22582,-6.49361,-8.20872,-0.52350,0.9455,-18.24,-0.0189,29.94,0.73,0.476,0.503,0.081,0.0090,0.0500
7875,-38.54248,-23.26478,-15.27770,-6.50953,-8.24567,-0.52250,0.9478,-18.21,-0.0189,29.55,0.78,0.476,0.503,0.081,0.0090,0.0500
7900,-38.48835,-23.25335,-15.23500,-6.49675,-8.22788,-0.51038,0.9459,-18.26,-0.0189,29.56,0.78,0.476,0.503,0.081,0.0090,0.0500
7925,-38.55003,-23.31452,-15.23551,-6.48619,-8.21241,-0.53691,0.9444,-18.30,-0.0189,29.61,0.88,0.476,0.503,0.081,0.0090,0.0500
7950,-38.59125,-23.33709,-15.25416,-6.50555,-8.22001,-0.52860,0.9472,-18.52,-0.0192,29.95,0.78,0.476,0.503,0.081,0.0090,0.0500
7975,-38.56511,-23.35829,-15.20682,-6.47466,-8.18575,-0.54640,0.9427,-18.54,-0.0192,29.95,0.78,0.477,0.503,0.081,0.0090,0.0500
8000,-38.50557,-23.27414,-15.23143,-6.49423,-8.19322,-0.54398,0.9456,-18.45,-0.0191,29.96,0.79,0.477,0.504,0.085,0.0095,0.0500
8025,-38.55540,-23.31527,-15.24013,-6.50082,-8.21865,-0.52066,0.9465,-18.54,-0.0192,29.98,0.83,0.477,0.504,0.085,0.0095,0.0500
8050,-38.57942,-23.32728,-15.25214,-6.50470,-8.21681,-0.53062,0.9471,-18.58,-0.0192,29.99,0.78,0.477,0.504,0.085,0.0095,0.0500
8075,-38.59037,-23.35022,-15.24015,-6.48935,-8.22691,-0.52389,0.9449,-18.63,-0.0193,29.57,0.80,0.477,0.504,0.085,0.0095,0.0500
8100,-38.59715,-23.38466,-15.21249,-6.47707,-8.20120,-0.53422,0.9431,-18.68,-0.0193,29.58,0.81,0.477,0.503,0.085,0.0095,0.0500
8125,-38.64241,-23.43250,-15.20991,-6.48863,-8.19398,-0.52730,0.9448,-18.66,-0.0193,29.94,0.77,0.477,0.503,0.085,0.0095,0.0500
8150,-38.55598,-23.36533,-15.19064,-6.46684,-8.20070,-0.52310,0.9416,-18.61,-0.0193,29.96,0.77,0.477,0.503,0.085,0.0095,0.0500
8175,-38.65397,-23.41176,-15.24222,-6.50863,-8.20150,-0.53208,0.9477,-18.50,-0.0192,29.62,0.87,0.477,0.503,0.085,0.0095,0.0500
8200,-38.61240,-23.40528,-15.20712,-6.46211,-8.20733,-0.53768,0.9409,-18.53,-0.0192,29.60,0.87,0.477,0.503,0.085,0.0095,0.0500
8225,-38.60440,-23.40839,-15.19601,-6.48648,-8.17444,-0.53508,0.9445,-18.52,-0.0192,29.95,0.77,0.477,0.503,0.085,0.0095,0.0500
8250,-38.59904,-23.39253,-15.20651,-6.47226,-8.19647,-0.53779,0.9424,-18.61,-0.0193,29.96,0.82,0.477,0.503,0.085,0.0095,0.0500
8275,-38.64923,-23.40161,-15.24762,-6.49807,-8.21972,-0.52984,0.9461,-18.61,-0.0193,29.97,0.82,0.477,0.503,0.085,0.0095,0.0500
8300,-38.67309,-23.41643,-15.25666,-6.48239,-8.25246,-0.52181,0.9439,-18.64,-0.0193,30.00,0.87,0.477,0.503,0.085,0.0095,0.0500
8325,-38.64814,-23.41754,-15.23060,-6.48320,-8.20508,-0.54231,0.9440,-18.44,-0.0191,30.00,0.86,0.477,0.503,0.085,0.0095,0.0500
8350,-38.61787,-23.41034,-15.20753,-6.48384,-8.18580,-0.53789,0.9441,-18.39,-0.0190,29.97,0.87,0.477,0.503,0.085,0.0095,0.0500
8375,-38.65659,-23.43632,-15.22027,-6.52163,-8.18548,-0.51317,0.9496,-18.34,-0.0190,29.97,0.87,0.477,0.503,0.085,0.0095,0.0500
8400,-38.62646,-23.37852,-15.24794,-6.50909,-8.21800,-0.52084,0.9477,-18.31,-0.0190,30.00,0.85,0.477,0.503,0.085,0.0095,0.0500
8425,-38.66454,-23.38961,-15.27493,-6.52234,-8.23263,-0.51996,0.9497,-18.43,-0.0191,29.98,0.84,0.477,0.503,0.085,0.0095,0.0500
8450,-38.59645,-23.37428,-15.22216,-6.50381,-8.19700,-0.52136,0.9470,-18.32,-0.0190,29.99,0.85,0.477,0.503,0.085,0.0095,0.0500
8475,-38.63961,-23.43226,-15.20735,-6.51307,-8.17483,-0.51945,0.9483,-18.48,-0.0191,29.98,0.85,0.477,0.503,0.085,0.0095,0.0500
8500,-38.60863,-23.37178,-15.23685,-6.49118,-8.21404,-0.53162,0.9451,-18.45,-0.0191,29.96,0.84,0.477,0.503,0.085,0.0095,0.0500
8525,-38.68076,-23.43419,-15.24658,-6.50234,-8.22551,-0.51873,0.9468,-18.37,-0.0190,29.83,1.28,0.477,0.503,0.085,0.0095,0.0500
8550,-38.65674,-23.40809,-15.24865,-6.50620,-8.23012,-0.51232,0.9473,-18.33,-0.0190,30.01,0.94,0.477,0.503,0.085,0.0095,0.0500
8575,-38.71411,-23.47777,-15.23635,-6.48879,-8.21299,-0.53457,0.9448,-18.32,-0.0190,29.83,1.31,0.477,0.503,0.085,0.0095,0.0500
8600,-38.65204,-23.41672,-15.23532,-6.46963,-8.23991,-0.52578,0.9420,-18.32,-0.0190,29.99,0.89,0.477,0.503,0.085,0.0095,0.0500
8625,-38.62887,-23.41161,-15.21726,-6.49678,-8.19686,-0.52362,0.9460,-18.31,-0.0190,29.82,1.31,0.477,0.503,0.085,0.0095,0.0500
8650,-38.65381,-23.42108,-15.23273,-6.50665,-8.18821,-0.53786,0.9474,-18.50,-0.0192,29.83,1.36,0.477,0.503,0.085,0.0095,0.0500
8675,-38.68534,-23.43427,-15.25108,-6.49258,-8.24138,-0.51711,0.9453,-18.61,-0.0193,29.86,1.41,0.477,0.503,0.085,0.0095,0.0500
8700,-38.65492,-23.39901,-15.25592,-6.47643,-8.23410,-0.54539,0.9430,-18.70,-0.0194,29.84,1.36,0.477,0.503,0.085,0.0095,0.0500
8725,-38.75294,-23.48343,-15.26952,-6.49635,-8.24747,-0.52570,0.9459,-18.94,-0.0196,30.02,0.93,0.477,0.503,0.085,0.0095,0.0500
8750,-38.70936,-23.45683,-15.25253,-6.50460,-8.21688,-0.53106,0.9471,-18.89,-0.0196,29.99,0.93,0.477,0.503,0.085,0.0095,0.0500
8775,-38.72473,-23.51500,-15.20973,-6.48926,-8.18939,-0.53109,0.9449,-18.86,-0.0195,30.01,0.97,0.477,0.503,0.085,0.0095,0.0500
8800,-38.70576,-23.44333,-15.26243,-6.49964,-8.24143,-0.52136,0.9464,-18.81,-0.0195,29.65,1.04,0.477,0.503,0.085,0.0095,0.0500
8825,-38.69539,-23.47149,-15.22390,-6.48742,-8.20083,-0.53566,0.9446,-18.88,-0.0195,30.03,0.96,0.477,0.503,0.085,0.0095,0.0500
8850,-38.78661,-23.51532,-15.27129,-6.50942,-8.23971,-0.52216,0.9478,-18.90,-0.0196,30.03,0.99,0.477,0.503,0.085,0.0095,0.0500
8875,-38.81940,-23.57872,-15.24069,-6.51199,-8.21664,-0.51206,0.9482,-18.79,-0.0195,29.99,0.91,0.477,0.503,0.085,0.0095,0.0500
8900,-38.74934,-23.47255,-15.27679,-6.49027,-8.23708,-0.54944,0.9450,-18.66,-0.0193,30.02,0.95,0.477,0.503,0.085,0.0095,0.0500
8925,-38.73749,-23.48976,-15.24773,-6.49431,-8.23517,-0.51825,0.9456,-18.58,-0.0192,30.02,0.98,0.477,0.503,0.085,0.0095,0.0500
8950,-38.69802,-23.49495,-15.20307,-6.47478,-8.20598,-0.52230,0.9427,-18.59,-0.0192,29.81,1.32,0.477,0.503,0.085,0.0095,0.0500
8975,-38.76264,-23.46982,-15.29282,-6.50555,-8.25470,-0.53257,0.9472,-18.57,-0.0192,29.81,1.32,0.477,0.503,0.085,0.0095,0.0500
9000,-38.64944,-23.45557,-15.19387,-6.47018,-8.19630,-0.52739,0.9421,-18.52,-0.0192,30.02,0.98,0.477,0.503,0.080,0.0090,0.0500
9025,-38.72423,-23.46017,-15.26406,-6.53084,-8.21593,-0.51729,0.9509,-18.40,-0.0190,29.97,0.94,0.477,0.503,0.080,0.0090,0.0500
9050,-38.70183,-23.45758,-15.24426,-6.49025,-8.23608,-0.51793,0.9450,-18.28,-0.0189,29.96,0.90,0.477,0.503,0.080,0.0090,0.0500
9075,-38.75972,-23.50627,-15.25345,-6.51581,-8.21612,-0.52152,0.9487,-18.28,-0.0189,29.98,0.91,0.477,0.503,0.080,0.0090,0.0500
9100,-38.82846,-23.58355,-15.24490,-6.49447,-8.22517,-0.52525,0.9456,-18.40,-0.0191,29.94,0.85,0.477,0.503,0.080,0.0090,0.0500
9125,-38.72323,-23.46869,-15.25454,-6.50001,-8.23875,-0.51578,0.9464,-18.42,-0.0191,29.94,0.85,0.477,0.503,0.080,0.0090,0.0500
9150,-38.66637,-23.47248,-15.19389,-6.49436,-8.18170,-0.51782,0.9456,-18.56,-0.0192,29.97,0.85,0.477,0.503,0.080,0.0090,0.0500
9175,-38.78786,-23.52622,-15.26164,-6.49450,-8.22053,-0.54661,0.9456,-18.55,-0.0192,29.92,0.77,0.477,0.503,0.080,0.0090,0.0500
9200,-38.74102,-23.48726,-15.25376,-6.51039,-8.21936,-0.52402,0.9479,-18.65,-0.0193,29.92,0.81,0.477,0.503,0.080,0.0090,0.0500
9225,-38.81782,-23.56476,-15.25307,-6.49673,-8.21914,-0.53720,0.9459,-18.59,-0.0193,29.91,0.78,0.477,0.503,0.080,0.0090,0.0500
9250,-38.79102,-23.56899,-15.22203,-6.50211,-8.21620,-0.50372,0.9467,-18.59,-0.0193,29.91,0.78,0.477,0.503,0.080,0.0090,0.0500
9275,-38.77966,-23.52813,-15.25154,-6.49930,-8.22594,-0.52629,0.9463,-18.54,-0.0192,29.93,0.82,0.477,0.503,0.080,0.0090,0.0500
9300,-38.78799,-23.55081,-15.23719,-6.48819,-8.21914,-0.52986,0.9447,-18.55,-0.0192,29.99,0.96,0.477,0.503,0.080,0.0090,0.0500
9325,-38.74921,-23.52288,-15.22633,-6.49145,-8.19816,-0.53672,0.9452,-18.56,-0.0192,29.61,1.01,0.477,0.503,0.080,0.0090,0.0500
9350,-38.62466,-23.45948,-15.16518,-6.49332,-8.14317,-0.52868,0.9454,-18.56,-0.0192,29.94,0.88,0.477,0.502,0.080,0.0090,0.0500
9375,-38.81877,-23.54698,-15.27179,-6.51690,-8.24873,-0.50616,0.9489,-18.67,-0.0193,29.93,0.88,0.477,0.502,0.080,0.0090,0.0500
9400,-38.80585,-23.58350,-15.22235,-6.47932,-8.22194,-0.52109,0.9434,-18.65,-0.0193,29.98,0.97,0.477,0.502,0.080,0.0090,0.0500
9425,-38.85321,-23.60275,-15.25045,-6.49289,-8.22814,-0.52942,0.9454,-18.71,-0.0194,29.57,1.00,0.477,0.502,0.080,0.0090,0.0500
9450,-38.85429,-23.63671,-15.21758,-6.50574,-8.19530,-0.51653,0.9473,-18.68,-0.0193,29.94,0.92,0.477,0.502,0.080,0.0090,0.0500
9475,-38.84497,-23.59454,-15.25043,-6.48486,-8.23434,-0.53124,0.9442,-18.58,-0.0192,29.94,0.87,0.477,0.502,0.080,0.0090,0.0500
9500,-38.83589,-23.62147,-15.21442,-6.49089,-8.19458,-0.52896,0.9451,-18.45,-0.0191,29.98,1.01,0.477,0.502,0.080,0.0090,0.0500
9525,-38.90001,-23.66433,-15.23568,-6.46412,-8.23646,-0.53509,0.9412,-18.50,-0.0192,29.99,0.96,0.477,0.502,0.080,0.0090,0.0500
9550,-38.88584,-23.64405,-15.24179,-6.49962,-8.22673,-0.51544,0.9464,-18.51,-0.0192,29.99,0.96,0.477,0.502,0.080,0.0090,0.0500
9575,-38.86872,-23.61600,-15.25272,-6.49907,-8.23063,-0.52302,0.9463,-18.59,-0.0193,29.97,0.93,0.477,0.502,0.080,0.0090,0.0500
9600,-38.84997,-23.65428,-15.19569,-6.49198,-8.18083,-0.52288,0.9453,-18.66,-0.0193,30.00,0.99,0.477,0.502,0.080,0.0090,0.0500
9625,-38.94200,-23.67991,-15.26209,-6.49085,-8.24764,-0.52360,0.9451,-18.61,-0.0193,30.01,1.00,0.477,0.502,0.080,0.0090,0.0500
9650,-38.87863,-23.62087,-15.25776,-6.50156,-8.21802,-0.53818,0.9466,-18.69,-0.0194,30.00,0.96,0.477,0.502,0.080,0.0090,0.0500
9675,-38.90682,-23.68112,-15.22570,-6.49144,-8.20629,-0.52798,0.9452,-18.70,-0.0194,29.62,1.05,0.477,0.502,0.080,0.0090,0.0500
9700,-38.92443,-23.64893,-15.27550,-6.52231,-8.24380,-0.50939,0.9497,-18.66,-0.0193,30.03,1.28,0.478,0.502,0.080,0.0090,0.0500
9725,-38.87640,-23.66283,-15.21358,-6.50534,-8.17918,-0.52905,0.9472,-18.73,-0.0194,30.02,1.03,0.478,0.502,0.080,0.0090,0.0500
9750,-38.88806,-23.66488,-15.22318,-6.46888,-8.20825,-0.54604,0.9419,-18.52,-0.0192,30.06,1.06,0.478,0.502,0.080,0.0090,0.0500
9775,-38.90840,-23.63644,-15.27196,-6.50427,-8.24144,-0.52625,0.9470,-18.57,-0.0192,30.02,0.99,0.478,0.502,0.080,0.0090,0.0500
9800,-38.89538,-23.65155,-15.24384,-6.49795,-8.20690,-0.53899,0.9461,-18.44,-0.0191,30.04,1.02,0.478,0.502,0.080,0.0090,0.0500
9825,-38.87718,-23.65378,-15.22339,-6.49458,-8.19702,-0.53179,0.9456,-18.50,-0.0192,30.02,1.02,0.478,0.502,0.080,0.0090,0.0500
9850,-38.91573,-23.66024,-15.25549,-6.49753,-8.20661,-0.55136,0.9461,-18.45,-0.0191,30.08,1.32,0.478,0.502,0.080,0.0090,0.0500
9875,-38.88000,-23.64138,-15.23861,-6.48908,-8.21592,-0.53361,0.9448,-18.42,-0.0191,30.06,1.05,0.478,0.502,0.080,0.0090,0.0500
9900,-38.94289,-23.66571,-15.27719,-6.51563,-8.24276,-0.51880,0.9487,-18.45,-0.0191,30.03,1.01,0.478,0.502,0.080,0.0090,0.0500
9925,-38.89427,-23.64921,-15.24506,-6.51455,-8.21381,-0.51669,0.9485,-18.47,-0.0191,30.05,1.01,0.478,0.501,0.080,0.0090,0.0500
9950,-39.02450,-23.74837,-15.27613,-6.49976,-8.24362,-0.53276,0.9464,-18.54,-0.0192,30.01,0.95,0.478,0.501,0.080,0.0090,0.0500
9975,-39.04201,-23.78281,-15.25920,-6.51832,-8.21870,-0.52218,0.9491,-18.55,-0.0192,30.01,0.99,0.478,0.501,0.080,0.0090,0.0500
10000,-38.96328,-23.69617,-15.26712,-6.51302,-8.24200,-0.51210,0.9483,-18.63,-0.0193,30.03,0.98,0.478,0.501,0.076,0.0086,0.0500
10025,-38.94880,-23.71777,-15.23103,-6.50668,-8.20870,-0.51566,0.9474,-18.76,-0.0194,30.01,0.98,0.478,0.501,0.076,0.0086,0.0500
10050,-39.06094,-23.77771,-15.28323,-6.48922,-8.28088,-0.51314,0.9448,-18.72,-0.0194,30.01,0.98,0.478,0.501,0.076,0.0086,0.0500
10075,-38.94734,-23.72300,-15.22434,-6.49062,-8.20931,-0.52441,0.9451,-18.69,-0.0194,29.96,0.89,0.478,0.501,0.076,0.0086,0.0500
10100,-38.98183,-23.71450,-15.26733,-6.52157,-8.22759,-0.51817,0.9496,-18.78,-0.0194,30.04,0.98,0.478,0.501,0.076,0.0086,0.0500
10125,-38.99949,-23.74057,-15.25892,-6.49436,-8.23863,-0.52593,0.9456,-18.72,-0.0194,30.00,0.96,0.478,0.501,0.076,0.0086,0.0500
10150,-38.96741,-23.73845,-15.22895,-6.47241,-8.21216,-0.54439,0.9424,-18.74,-0.0194,29.98,0.93,0.478,0.501,0.076,0.0086,0.0500
10175,-39.00107,-23.73572,-15.26535,-6.50428,-8.23101,-0.53006,0.9470,-18.91,-0.0196,29.98,0.93,0.478,0.501,0.076,0.0086,0.0500
10200,-39.07392,-23.85594,-15.21797,-6.48769,-8.19744,-0.53283,0.9446,-18.93,-0.0196,30.00,0.99,0.479,0.501,0.076,0.0086,0.0500
10225,-39.08485,-23.78891,-15.29594,-6.49832,-8.26694,-0.53068,0.9462,-18.80,-0.0195,30.07,1.31,0.479,0.501,0.076,0.0086,0.0500
10250,-39.08299,-23.80815,-15.27484,-6.50745,-8.23227,-0.53512,0.9475,-18.61,-0.0193,30.04,1.28,0.479,0.501,0.076,0.0086,0.0500
10275,-38.97867,-23.78915,-15.18952,-6.46852,-8.18597,-0.53503,0.9418,-18.66,-0.0193,30.03,1.28,0.479,0.501,0.076,0.0086,0.0500
10300,-39.13276,-23.86029,-15.27247,-6.47950,-8.25826,-0.53471,0.9434,-18.87,-0.0195,30.06,1.28,0.479,0.501,0.076,0.0086,0.0500
10325,-39.02401,-23.78261,-15.24140,-6.49344,-8.20761,-0.54035,0.9455,-18.99,-0.0197,30.10,1.30,0.479,0.501,0.076,0.0086,0.0500
10350,-39.11182,-23.82433,-15.28749,-6.51903,-8.24350,-0.52497,0.9492,-18.96,-0.0196,30.06,1.28,0.479,0.501,0.076,0.0086,0.0500
10375,-39.09805,-23.82527,-15.27278,-6.50063,-8.24920,-0.52295,0.9465,-18.85,-0.0195,30.06,1.28,0.479,0.501,0.076,0.0086,0.0500
10400,-39.14013,-23.88792,-15.25221,-6.50202,-8.22403,-0.52617,0.9467,-18.75,-0.0194,30.06,1.28,0.479,0.501,0.076,0.0086,0.0500
10425,-39.08645,-23.85908,-15.22737,-6.49453,-8.19137,-0.54147,0.9456,-18.85,-0.0195,30.10,1.31,0.479,0.501,0.076,0.0086,0.0500
10450,-39.14081,-23.88503,-15.25578,-6.50124,-8.23149,-0.52305,0.9466,-18.88,-0.0195,30.07,1.32,0.479,0.501,0.076,0.0086,0.0500
10475,-39.14621,-23.88377,-15.26244,-6.50190,-8.22294,-0.53760,0.9467,-18.81,-0.0195,30.14,1.34,0.479,0.501,0.076,0.0086,0.0500
10500,-39.14902,-23.89932,-15.24971,-6.52794,-8.19876,-0.52301,0.9505,-18.71,-0.0194,29.96,1.79,0.479,0.501,0.076,0.0086,0.0500
10525,-39.16111,-23.89677,-15.26434,-6.50171,-8.23515,-0.52748,0.9467,-18.78,-0.0194,30.13,1.35,0.479,0.501,0.076,0.0086,0.0500
10550,-39.14217,-23.90124,-15.24093,-6.50798,-8.20375,-0.52921,0.9476,-18.70,-0.0194,29.97,1.77,0.479,0.501,0.076,0.0086,0.0500
10575,-39.15754,-23.89088,-15.26666,-6.49473,-8.23858,-0.53335,0.9457,-18.69,-0.0194,29.87,2.20,0.479,0.501,0.076,0.0086,0.0500
10600,-39.11860,-23.85660,-15.26200,-6.50594,-8.22714,-0.52892,0.9473,-18.66,-0.0193,29.88,2.20,0.479,0.501,0.076,0.0086,0.0500
10625,-39.12252,-23.88456,-15.23796,-6.47609,-8.22045,-0.54141,0.9429,-18.74,-0.0194,29.97,1.75,0.479,0.501,0.076,0.0086,0.0500
10650,-39.13540,-23.87871,-15.25669,-6.48356,-8.22674,-0.54639,0.9440,-18.87,-0.0195,29.98,1.77,0.480,0.501,0.076,0.0086,0.0500
10675,-39.15304,-23.93046,-15.22258,-6.49086,-8.21052,-0.52120,0.9451,-18.87,-0.0195,29.98,1.77,0.480,0.501,0.076,0.0086,0.0500
10700,-39.22165,-23.93931,-15.28233,-6.54527,-8.23884,-0.49823,0.9530,-18.74,-0.0194,30.00,2.10,0.480,0.501,0.076,0.0086,0.0500
10725,-39.20721,-23.94417,-15.26304,-6.49354,-8.24396,-0.52554,0.9455,-18.76,-0.0194,29.98,2.07,0.480,0.501,0.076,0.0086,0.0500
10750,-39.17945,-23.92695,-15.25250,-6.50872,-8.20102,-0.54275,0.9477,-18.74,-0.0194,29.98,1.74,0.480,0.501,0.076,0.0086,0.0500
10775,-39.18179,-23.95783,-15.22396,-6.50666,-8.20714,-0.51017,0.9474,-18.72,-0.0194,29.74,2.50,0.480,0.501,0.076,0.0086,0.0500
10800,-39.14537,-23.90222,-15.24315,-6.48415,-8.22394,-0.53507,0.9441,-18.73,-0.0194,29.91,2.15,0.480,0.501,0.076,0.0086,0.0500
10825,-39.16731,-23.93452,-15.23279,-6.50261,-8.20503,-0.52514,0.9468,-18.79,-0.0195,29.83,2.07,0.480,0.501,0.076,0.0086,0.0500
10850,-39.24080,-23.98116,-15.25964,-6.49025,-8.22722,-0.54217,0.9450,-18.85,-0.0195,29.98,1.75,0.480,0.501,0.076,0.0086,0.0500
10875,-39.18302,-23.95024,-15.23279,-6.49162,-8.21265,-0.52852,0.9452,-18.95,-0.0196,30.04,2.10,0.480,0.501,0.076,0.0086,0.0500
10900,-39.20055,-23.94952,-15.25104,-6.51572,-8.21864,-0.51668,0.9487,-18.86,-0.0195,29.76,2.83,0.480,0.501,0.076,0.0086,0.0500
10925,-39.16708,-23.97250,-15.19459,-6.47913,-8.16677,-0.54868,0.9434,-18.89,-0.0196,29.63,3.23,0.480,0.501,0.076,0.0086,0.0500
10950,-39.23813,-23.98840,-15.24974,-6.51220,-8.20538,-0.53216,0.9482,-18.87,-0.0195,29.79,2.86,0.480,0.501,0.076,0.0086,0.0500
10975,-39.20708,-23.95198,-15.25510,-6.49940,-8.21811,-0.53758,0.9463,-18.82,-0.0195,29.79,2.85,0.480,0.501,0.076,0.0086,0.0500
11000,-39.18459,-23.93313,-15.25146,-6.47912,-8.22374,-0.54860,0.9434,-18.82,-0.0195,29.67,2.50,0.480,0.501,0.080,0.0090,0.0500
11025,-39.19462,-23.95436,-15.24026,-6.47396,-8.22485,-0.54145,0.9426,-18.99,-0.0197,29.52,3.30,0.480,0.501,0.080,0.0090,0.0500
11050,-39.23858,-23.98550,-15.25307,-6.50429,-8.22548,-0.52330,0.9470,-19.01,-0.0197,29.71,3.06,0.480,0.501,0.080,0.0090,0.0500
11075,-39.22422,-23.94124,-15.28299,-6.51216,-8.23702,-0.53381,0.9482,-18.87,-0.0195,29.50,3.28,0.480,0.501,0.080,0.0090,0.0500
11100,-39.18333,-23.93071,-15.25263,-6.47743,-8.23339,-0.54181,0.9431,-18.99,-0.0197,29.50,3.28,0.480,0.501,0.080,0.0090,0.0500
11125,-39.15306,-23.92196,-15.23110,-6.47544,-8.22288,-0.53278,0.9428,-19.04,-0.0197,29.47,2.93,0.480,0.501,0.080,0.0090,0.0500
11150,-39.21311,-23.98723,-15.22588,-6.46989,-8.23257,-0.52342,0.9420,-18.95,-0.0196,29.58,2.75,0.480,0.501,0.080,0.0090,0.0500
11175,-39.20125,-23.94524,-15.25601,-6.51171,-8.20591,-0.53839,0.9481,-18.89,-0.0196,29.58,2.76,0.480,0.501,0.080,0.0090,0.0500
11200,-39.18602,-23.93525,-15.25078,-6.50003,-8.24027,-0.51047,0.9464,-18.93,-0.0196,29.58,2.75,0.480,0.501,0.080,0.0090,0.0500
11225,-39.21685,-23.97257,-15.24428,-6.50608,-8.20141,-0.53679,0.9473,-18.90,-0.0196,29.85,2.19,0.480,0.501,0.080,0.0090,0.0500
11250,-39.25126,-24.01350,-15.23777,-6.47882,-8.22613,-0.53282,0.9433,-18.81,-0.0195,29.97,2.31,0.480,0.501,0.080,0.0090,0.0500
11275,-39.16750,-23.91845,-15.24905,-6.50668,-8.21707,-0.52530,0.9474,-18.84,-0.0195,29.82,2.69,0.480,0.501,0.080,0.0090,0.0500
11300,-39.14124,-23.91966,-15.22158,-6.49034,-8.20003,-0.53121,0.9450,-18.90,-0.0196,29.86,2.78,0.480,0.501,0.080,0.0090,0.0500
11325,-39.20323,-23.94337,-15.25987,-6.50039,-8.22932,-0.53015,0.9465,-18.79,-0.0195,29.99,2.34,0.480,0.501,0.080,0.0090,0.0500
11350,-39.24321,-23.97218,-15.27103,-6.50614,-8.24763,-0.51726,0.9473,-18.94,-0.0196,29.72,3.13,0.480,0.501,0.080,0.0090,0.0500
11375,-39.18235,-23.94747,-15.23488,-6.50233,-8.19904,-0.53351,0.9468,-18.96,-0.0196,29.73,3.13,0.480,0.501,0.080,0.0090,0.0500
11400,-39.22859,-23.97125,-15.25734,-6.49629,-8.24668,-0.51437,0.9459,-18.76,-0.0194,29.64,3.24,0.480,0.501,0.080,0.0090,0.0500
11425,-39.33102,-24.05490,-15.27612,-6.51472,-8.23388,-0.52752,0.9486,-19.03,-0.0197,29.48,4.48,0.480,0.501,0.080,0.0090,0.0500
11450,-39.28880,-24.00128,-15.28751,-6.53010,-8.24019,-0.51722,0.9508,-18.99,-0.0197,29.65,4.13,0.480,0.501,0.080,0.0090,0.0500
11475,-39.29029,-24.02771,-15.26257,-6.51193,-8.21862,-0.53202,0.9482,-18.79,-0.0195,29.38,4.29,0.480,0.501,0.080,0.0090,0.0500
11500,-39.22279,-24.01553,-15.20726,-6.48038,-8.19382,-0.53306,0.9436,-18.80,-0.0195,29.56,4.78,0.480,0.501,0.080,0.0090,0.0500
11525,-39.23101,-24.02407,-15.20694,-6.48600,-8.17788,-0.54306,0.9444,-18.78,-0.0194,29.80,4.19,0.480,0.501,0.080,0.0090,0.0500
11550,-39.31049,-24.08113,-15.22937,-6.47811,-8.20247,-0.54880,0.9432,-18.76,-0.0194,29.72,4.38,0.480,0.501,0.080,0.0090,0.0500
11575,-39.33980,-24.06855,-15.27125,-6.50250,-8.23730,-0.53144,0.9468,-18.79,-0.0195,30.14,3.86,0.480,0.500,0.080,0.0090,0.0500
11600,-39.31990,-24.07802,-15.24188,-6.49751,-8.21611,-0.52826,0.9461,-18.65,-0.0193,29.55,3.50,0.480,0.500,0.080,0.0090,0.0500
11625,-39.33670,-24.11122,-15.22548,-6.48586,-8.20800,-0.53162,0.9444,-18.61,-0.0193,29.82,3.12,0.480,0.500,0.080,0.0090,0.0500
11650,-39.33263,-24.06170,-15.27093,-6.48521,-8.24737,-0.53836,0.9443,-18.55,-0.0192,29.62,3.00,0.480,0.500,0.080,0.0090,0.0500
11675,-39.33734,-24.11714,-15.22019,-6.47457,-8.20845,-0.53717,0.9427,-18.39,-0.0190,29.81,2.83,0.480,0.500,0.080,0.0090,0.0500
11700,-39.45138,-24.16850,-15.28288,-6.52882,-8.23995,-0.51411,0.9506,-18.39,-0.0190,29.62,3.24,0.480,0.500,0.080,0.0090,0.0500
11725,-39.30162,-24.06439,-15.23723,-6.46469,-8.21166,-0.56088,0.9413,-18.12,-0.0188,29.52,3.16,0.480,0.500,0.080,0.0090,0.0500
11750,-39.32172,-24.10870,-15.21302,-6.47569,-8.20056,-0.53677,0.9429,-18.22,-0.0189,29.36,3.48,0.480,0.500,0.080,0.0090,0.0500
11775,-39.27953,-24.06485,-15.21468,-6.49735,-8.20421,-0.51312,0.9460,-18.37,-0.0190,29.61,3.49,0.480,0.500,0.080,0.0090,0.0500
11800,-39.28418,-24.03763,-15.24655,-6.51206,-8.21161,-0.52288,0.9482,-18.39,-0.0190,29.61,3.29,0.480,0.500,0.080,0.0090,0.0500
11825,-39.27411,-24.03105,-15.24307,-6.49657,-8.19995,-0.54654,0.9459,-18.37,-0.0190,29.85,2.29,0.480,0.500,0.080,0.0090,0.0500
11850,-39.30948,-24.04823,-15.26125,-6.49690,-8.22480,-0.53954,0.9460,-18.54,-0.0192,29.83,2.27,0.480,0.500,0.080,0.0090,0.0500
11875,-39.18765,-23.99485,-15.19280,-6.47636,-8.17095,-0.54550,0.9430,-18.60,-0.0193,29.81,2.25,0.480,0.500,0.080,0.0090,0.0500
11900,-39.29061,-24.01603,-15.27458,-6.50884,-8.22340,-0.54234,0.9477,-18.52,-0.0192,29.45,3.20,0.480,0.500,0.080,0.0090,0.0500
11925,-39.30930,-24.02891,-15.28039,-6.49227,-8.25853,-0.52960,0.9453,-18.43,-0.0191,29.51,3.09,0.480,0.500,0.080,0.0090,0.0500
11950,-39.27480,-24.05757,-15.21723,-6.49676,-8.17229,-0.54818,0.9459,-18.42,-0.0191,29.52,3.14,0.480,0.500,0.080,0.0090,0.0500
11975,-39.27202,-24.05925,-15.21278,-6.48813,-8.17821,-0.54643,0.9447,-18.48,-0.0191,29.44,3.10,0.480,0.500,0.080,0.0090,0.0500
12000,-39.31678,-24.08507,-15.23171,-6.47944,-8.21614,-0.53614,0.9434,-18.58,-0.0192,29.43,3.70,0.480,0.500,0.076,0.0085,0.0500
12025,-39.37197,-24.11418,-15.25778,-6.51352,-8.20730,-0.53696,0.9484,-18.66,-0.0193,29.31,3.75,0.480,0.500,0.076,0.0085,0.0500
12050,-39.40182,-24.15199,-15.24983,-6.51334,-8.20360,-0.53288,0.9484,-18.64,-0.0193,29.55,3.41,0.480,0.500,0.076,0.0085,0.0500
12075,-39.40460,-24.20917,-15.19543,-6.46765,-8.18154,-0.54624,0.9417,-18.67,-0.0193,29.89,3.47,0.480,0.500,0.076,0.0085,0.0500
12100,-39.47419,-24.24058,-15.23361,-6.49220,-8.19019,-0.55122,0.9453,-18.59,-0.0192,29.32,3.56,0.480,0.500,0.076,0.0085,0.0500
12125,-39.46463,-24.19351,-15.27112,-6.50433,-8.22294,-0.54386,0.9470,-18.61,-0.0193,29.90,2.87,0.480,0.500,0.076,0.0085,0.0500
12150,-39.41334,-24.16002,-15.25332,-6.50396,-8.21410,-0.53526,0.9470,-18.59,-0.0193,29.85,2.28,0.480,0.500,0.076,0.0085,0.0500
12175,-39.45115,-24.23279,-15.21836,-6.48107,-8.20083,-0.53646,0.9437,-18.63,-0.0193,29.80,2.24,0.480,0.500,0.076,0.0085,0.0500
12200,-39.46440,-24.20516,-15.25924,-6.49789,-8.20858,-0.55277,0.9461,-18.54,-0.0192,29.42,2.24,0.480,0.500,0.076,0.0085,0.0500
12225,-39.48288,-24.22197,-15.26091,-6.51529,-8.21184,-0.53378,0.9486,-18.60,-0.0193,29.38,2.19,0.480,0.500,0.076,0.0085,0.0500
12250,-39.47387,-24.25796,-15.21591,-6.45756,-8.21333,-0.54502,0.9402,-18.65,-0.0193,29.83,2.23,0.480,0.500,0.076,0.0085,0.0500
12275,-39.51310,-24.22080,-15.29230,-6.47975,-8.25653,-0.55602,0.9435,-18.59,-0.0192,29.82,2.23,0.480,0.500,0.076,0.0085,0.0500
12300,-39.46446,-24.23770,-15.22676,-6.48039,-8.19238,-0.55399,0.9436,-18.60,-0.0193,29.80,2.19,0.481,0.500,0.076,0.0085,0.0500
12325,-39.53849,-24.24057,-15.29792,-6.50369,-8.25749,-0.53674,0.9470,-18.53,-0.0192,29.78,2.20,0.481,0.500,0.076,0.0085,0.0500
12350,-39.54173,-24.27180,-15.26993,-6.48685,-8.21730,-0.56578,0.9445,-18.53,-0.0192,29.78,2.21,0.481,0.500,0.076,0.0085,0.0500
12375,-39.44325,-24.19034,-15.25291,-6.48676,-8.22338,-0.54276,0.9445,-18.46,-0.0191,29.78,2.20,0.481,0.500,0.076,0.0085,0.0500
12400,-39.44734,-24.24388,-15.20345,-6.49777,-8.17006,-0.53562,0.9461,-18.48,-0.0191,29.78,2.20,0.481,0.500,0.076,0.0085,0.0500
12425,-39.52446,-24.24770,-15.27676,-6.51920,-8.23083,-0.52673,0.9492,-18.41,-0.0191,29.78,2.23,0.481,0.500,0.076,0.0085,0.0500
12450,-39.48121,-24.23933,-15.24188,-6.50449,-8.18735,-0.55004,0.9471,-18.37,-0.0190,29.74,2.20,0.481,0.500,0.076,0.0085,0.0500
12475,-39.55941,-24.34187,-15.21754,-6.48068,-8.18871,-0.54816,0.9436,-18.53,-0.0192,29.80,2.26,0.481,0.500,0.076,0.0085,0.0500
12500,-39.54729,-24.33601,-15.21128,-6.46038,-8.19874,-0.55216,0.9407,-18.68,-0.0193,29.79,2.26,0.481,0.500,0.076,0.0085,0.0500
12525,-39.51195,-24.27584,-15.23611,-6.46904,-8.23696,-0.53011,0.9419,-18.73,-0.0194,29.79,2.27,0.481,0.500,0.076,0.0085,0.0500
12550,-39.57282,-24.32542,-15.24740,-6.48225,-8.22691,-0.53824,0.9438,-18.51,-0.0192,29.74,1.94,0.481,0.500,0.076,0.0085,0.0500
12575,-39.51525,-24.30841,-15.20684,-6.50566,-8.18926,-0.51192,0.9472,-18.53,-0.0192,29.77,2.24,0.481,0.500,0.076,0.0085,0.0500
12600,-39.60365,-24.35583,-15.24782,-6.49982,-8.22742,-0.52058,0.9464,-18.54,-0.0192,29.81,2.59,0.481,0.500,0.076,0.0085,0.0500
12625,-39.55895,-24.32884,-15.23011,-6.45476,-8.21860,-0.55675,0.9398,-18.50,-0.0192,29.80,2.59,0.481,0.500,0.076,0.0085,0.0500
12650,-39.69543,-24.37403,-15.32140,-6.52075,-8.26746,-0.53319,0.9494,-18.64,-0.0193,29.80,2.59,0.481,0.500,0.076,0.0085,0.0500
12675,-39.57396,-24.32378,-15.25017,-6.50223,-8.21048,-0.53746,0.9467,-18.55,-0.0192,29.75,2.27,0.481,0.500,0.076,0.0085,0.0500
12700,-39.55570,-24.30321,-15.25249,-6.50105,-8.20186,-0.54958,0.9466,-18.47,-0.0191,29.72,1.94,0.481,0.500,0.076,0.0085,0.0500
12725,-39.54875,-24.29731,-15.25144,-6.46008,-8.22838,-0.56298,0.9406,-18.40,-0.0190,29.49,3.19,0.481,0.500,0.076,0.0085,0.0500
12750,-39.54251,-24.28858,-15.25393,-6.49740,-8.22418,-0.53235,0.9460,-18.38,-0.0190,29.81,2.37,0.481,0.500,0.076,0.0085,0.0500
12775,-39.61201,-24.35522,-15.25679,-6.47544,-8.22415,-0.55719,0.9428,-18.19,-0.0188,29.77,2.29,0.481,0.500,0.076,0.0085,0.0500
12800,-39.60834,-24.37208,-15.23626,-6.48969,-8.20081,-0.54576,0.9449,-18.29,-0.0189,29.70,2.38,0.481,0.500,0.076,0.0085,0.0500
12825,-39.59487,-24.37460,-15.22027,-6.50905,-8.18171,-0.52951,0.9477,-18.35,-0.0190,29.67,2.34,0.481,0.500,0.076,0.0085,0.0500
12850,-39.61505,-24.33286,-15.28219,-6.51520,-8.23446,-0.53253,0.9486,-18.23,-0.0189,29.74,2.99,0.481,0.500,0.076,0.0085,0.0500
12875,-39.57862,-24.37468,-15.20394,-6.48611,-8.19223,-0.52560,0.9444,-18.26,-0.0189,29.63,2.70,0.481,0.500,0.076,0.0085,0.0500
12900,-39.63489,-24.36374,-15.27116,-6.55010,-8.21397,-0.50709,0.9537,-18.17,-0.0188,29.59,2.56,0.481,0.500,0.076,0.0085,0.0500
12925,-39.53797,-24.28887,-15.24910,-6.48633,-8.23031,-0.53246,0.9444,-18.17,-0.0188,29.71,1.94,0.481,0.500,0.076,0.0085,0.0500
12950,-39.55074,-24.31614,-15.23460,-6.49495,-8.18910,-0.55055,0.9457,-18.09,-0.0187,29.82,1.48,0.481,0.500,0.076,0.0085,0.0500
12975,-39.59572,-24.32843,-15.26730,-6.52687,-8.22910,-0.51133,0.9503,-18.05,-0.0187,29.70,1.96,0.481,0.500,0.076,0.0085,0.0500
13000,-39.61331,-24.36210,-15.25121,-6.49608,-8.21126,-0.54387,0.9458,-18.16,-0.0188,29.83,1.50,0.481,0.500,0.072,0.0081,0.0500
13025,-39.61229,-24.33786,-15.27443,-6.49679,-8.22946,-0.54817,0.9460,-18.18,-0.0188,29.46,1.54,0.481,0.500,0.072,0.0081,0.0500
13050,-39.69976,-24.42498,-15.27477,-6.50522,-8.23199,-0.53757,0.9472,-18.22,-0.0189,29.86,1.54,0.481,0.500,0.072,0.0081,0.0500
13075,-39.65474,-24.36563,-15.28911,-6.51510,-8.24084,-0.53318,0.9486,-18.00,-0.0186,29.85,1.54,0.481,0.500,0.072,0.0081,0.0500
13100,-39.59147,-24.31823,-15.27324,-6.48774,-8.23537,-0.55012,0.9446,-17.90,-0.0185,29.69,1.96,0.481,0.500,0.072,0.0081,0.0500
13125,-39.58248,-24.32654,-15.25594,-6.48786,-8.21109,-0.55699,0.9447,-17.84,-0.0185,29.65,1.93,0.481,0.500,0.072,0.0081,0.0500
13150,-39.67058,-24.41384,-15.25674,-6.50424,-8.21102,-0.54147,0.9470,-17.87,-0.0185,29.75,2.27,0.481,0.500,0.072,0.0081,0.0500
13175,-39.61159,-24.33512,-15.27647,-6.51182,-8.22916,-0.53549,0.9481,-17.82,-0.0184,29.74,2.26,0.481,0.500,0.072,0.0081,0.0500
13200,-39.72724,-24.42434,-15.30289,-6.53352,-8.24941,-0.51997,0.9513,-18.10,-0.0187,29.96,2.66,0.481,0.500,0.072,0.0081,0.0500
13225,-39.67457,-24.40829,-15.26628,-6.51972,-8.21796,-0.52860,0.9493,-17.99,-0.0186,29.30,1.98,0.481,0.500,0.072,0.0081,0.0500
13250,-39.72761,-24.45084,-15.27678,-6.51159,-8.21419,-0.55100,0.9481,-18.06,-0.0187,29.24,2.75,0.482,0.500,0.072,0.0081,0.0500
13275,-39.69862,-24.46383,-15.23479,-6.48952,-8.19791,-0.54736,0.9449,-18.14,-0.0188,29.23,3.30,0.482,0.500,0.072,0.0081,0.0500
13300,-39.69547,-24.44226,-15.25321,-6.49286,-8.22803,-0.53232,0.9454,-17.94,-0.0186,29.17,3.15,0.482,0.500,0.072,0.0081,0.0500
13325,-39.69231,-24.42725,-15.26505,-6.50615,-8.22919,-0.52971,0.9473,-18.00,-0.0186,29.12,3.11,0.482,0.500,0.072,0.0081,0.0500
13350,-39.79893,-24.52439,-15.27453,-6.50102,-8.23237,-0.54115,0.9466,-17.99,-0.0186,29.05,3.17,0.482,0.500,0.072,0.0081,0.0500
13375,-39.77724,-24.49338,-15.28385,-6.52718,-8.23214,-0.52453,0.9504,-18.00,-0.0186,29.21,2.75,0.482,0.500,0.072,0.0081,0.0500
13400,-39.73066,-24.49622,-15.23444,-6.50052,-8.20853,-0.52540,0.9465,-17.95,-0.0186,29.10,3.22,0.482,0.500,0.072,0.0081,0.0500
13425,-39.79526,-24.51992,-15.27534,-6.49511,-8.23334,-0.54688,0.9457,-17.92,-0.0186,29.40,2.80,0.482,0.500,0.072,0.0081,0.0500
13450,-39.92391,-24.63744,-15.28648,-6.51046,-8.23684,-0.53918,0.9479,-17.89,-0.0185,29.66,3.02,0.482,0.500,0.072,0.0081,0.0500
13475,-39.89857,-24.64582,-15.25276,-6.47019,-8.23076,-0.55181,0.9421,-18.03,-0.0187,29.66,3.02,0.482,0.500,0.072,0.0081,0.0500
13500,-39.88212,-24.60116,-15.28096,-6.53016,-8.21734,-0.53345,0.9508,-18.01,-0.0186,30.32,2.96,0.482,0.499,0.072,0.0081,0.0500
13525,-39.84010,-24.63070,-15.20940,-6.50390,-8.16289,-0.54261,0.9470,-18.03,-0.0187,29.71,3.37,0.482,0.499,0.072,0.0081,0.0500
13550,-39.89266,-24.62034,-15.27232,-6.50186,-8.21980,-0.55066,0.9467,-18.04,-0.0187,29.70,3.05,0.482,0.499,0.072,0.0081,0.0500
13575,-39.86961,-24.61793,-15.25169,-6.52689,-8.19444,-0.53037,0.9503,-18.03,-0.0187,29.69,3.05,0.482,0.499,0.072,0.0081,0.0500
13600,-39.79291,-24.56111,-15.23180,-6.48139,-8.19831,-0.55210,0.9437,-18.20,-0.0188,29.64,2.33,0.482,0.499,0.072,0.0081,0.0500
13625,-39.82792,-24.56401,-15.26391,-6.49621,-8.20488,-0.56281,0.9459,-18.10,-0.0187,29.84,2.19,0.482,0.499,0.072,0.0081,0.0500
13650,-39.82081,-24.56155,-15.25927,-6.50040,-8.20041,-0.55846,0.9465,-18.28,-0.0189,29.64,2.30,0.482,0.499,0.072,0.0081,0.0500
13675,-39.82209,-24.57195,-15.25014,-6.48289,-8.22896,-0.53829,0.9439,-18.38,-0.0190,29.69,1.92,0.482,0.499,0.072,0.0081,0.0500
13700,-39.91508,-24.64607,-15.26901,-6.53567,-8.20882,-0.52452,0.9516,-18.25,-0.0189,29.39,2.31,0.482,0.499,0.072,0.0081,0.0500
13725,-39.88966,-24.62775,-15.26191,-6.49992,-8.21395,-0.54805,0.9464,-18.36,-0.0190,29.44,2.20,0.482,0.499,0.072,0.0081,0.0500
13750,-39.91768,-24.65472,-15.26296,-6.49671,-8.21968,-0.54657,0.9459,-18.39,-0.0190,29.25,2.68,0.482,0.499,0.072,0.0081,0.0500
13775,-39.84947,-24.61027,-15.23921,-6.49607,-8.19845,-0.54469,0.9458,-18.40,-0.0191,29.68,2.94,0.482,0.499,0.072,0.0081,0.0500
13800,-39.94272,-24.68186,-15.26086,-6.49674,-8.20373,-0.56039,0.9459,-18.33,-0.0190,29.63,2.64,0.482,0.499,0.072,0.0081,0.0500
13825,-40.00608,-24.72212,-15.28396,-6.51908,-8.22488,-0.54000,0.9492,-18.30,-0.0190,29.69,3.31,0.482,0.499,0.072,0.0081,0.0500
13850,-39.96025,-24.66503,-15.29522,-6.52026,-8.24756,-0.52740,0.9494,-18.35,-0.0190,29.53,3.47,0.482,0.499,0.072,0.0081,0.0500
13875,-39.91020,-24.66984,-15.24036,-6.48660,-8.22220,-0.53156,0.9445,-18.33,-0.0190,29.66,2.73,0.482,0.499,0.072,0.0081,0.0500
13900,-39.96247,-24.67817,-15.28430,-6.48325,-8.24131,-0.55974,0.9440,-18.36,-0.0190,29.64,2.40,0.482,0.499,0.072,0.0081,0.0500
13925,-39.86306,-24.63399,-15.22907,-6.45894,-8.22233,-0.54780,0.9404,-18.30,-0.0189,29.79,1.93,0.482,0.499,0.072,0.0081,0.0500
13950,-39.86743,-24.61442,-15.25301,-6.48644,-8.21549,-0.55108,0.9444,-18.29,-0.0189,29.77,1.91,0.482,0.499,0.072,0.0081,0.0500
13975,-39.89186,-24.61536,-15.27650,-6.51039,-8.23450,-0.53161,0.9479,-18.27,-0.0189,29.78,2.22,0.482,0.499,0.072,0.0081,0.0500
14000,-39.84428,-24.58050,-15.26378,-6.49442,-8.21707,-0.55229,0.9456,-18.20,-0.0188,29.37,1.96,0.482,0.499,0.069,0.0077,0.0500
14025,-39.91242,-24.66071,-15.25172,-6.48094,-8.20911,-0.56166,0.9436,-18.24,-0.0189,29.74,1.92,0.482,0.499,0.069,0.0077,0.0500
14050,-39.85494,-24.62200,-15.23294,-6.48438,-8.20987,-0.53869,0.9441,-18.25,-0.0189,29.61,2.41,0.482,0.499,0.069,0.0077,0.0500
14075,-39.94888,-24.70601,-15.24287,-6.50187,-8.19711,-0.54389,0.9467,-18.33,-0.0190,29.76,1.94,0.483,0.499,0.069,0.0077,0.0500
14100,-40.08152,-24.81499,-15.26654,-6.52580,-8.20664,-0.53410,0.9502,-18.22,-0.0189,29.80,1.95,0.483,0.499,0.069,0.0077,0.0500
14125,-40.10880,-24.83839,-15.27041,-6.50811,-8.23280,-0.52950,0.9476,-18.13,-0.0188,29.78,1.92,0.483,0.499,0.069,0.0077,0.0500
14150,-40.00969,-24.78117,-15.22851,-6.48319,-8.20911,-0.53621,0.9440,-18.14,-0.0188,29.75,1.94,0.483,0.499,0.069,0.0077,0.0500
14175,-40.11214,-24.80797,-15.30417,-6.53708,-8.23261,-0.53449,0.9518,-18.17,-0.0188,29.73,1.92,0.483,0.499,0.069,0.0077,0.0500
14200,-40.10187,-24.87047,-15.23139,-6.50775,-8.19045,-0.53319,0.9475,-18.09,-0.0187,29.77,1.78,0.483,0.499,0.069,0.0077,0.0500
14225,-40.10614,-24.81478,-15.29137,-6.52293,-8.23492,-0.53352,0.9498,-18.24,-0.0189,29.82,2.07,0.483,0.499,0.069,0.0077,0.0500
14250,-40.06414,-24.78168,-15.28246,-6.50514,-8.23326,-0.54406,0.9472,-18.22,-0.0189,29.75,1.86,0.483,0.499,0.069,0.0077,0.0500
14275,-40.02843,-24.76887,-15.25956,-6.50142,-8.22740,-0.53074,0.9466,-18.26,-0.0189,29.80,1.76,0.483,0.499,0.069,0.0077,0.0500
14300,-40.05011,-24.79388,-15.25623,-6.50360,-8.20418,-0.54845,0.9469,-18.15,-0.0188,29.80,1.79,0.483,0.499,0.069,0.0077,0.0500
14325,-40.04906,-24.81015,-15.23891,-6.48994,-8.19413,-0.55484,0.9450,-18.23,-0.0189,29.79,1.75,0.483,0.499,0.069,0.0077,0.0500
14350,-40.08938,-24.84561,-15.24377,-6.50252,-8.19975,-0.54150,0.9468,-18.29,-0.0189,29.65,2.30,0.483,0.499,0.069,0.0077,0.0500
14375,-40.15736,-24.85871,-15.29866,-6.52051,-8.24504,-0.53311,0.9494,-18.31,-0.0190,29.65,2.30,0.483,0.499,0.069,0.0077,0.0500
14400,-40.15361,-24.88198,-15.27163,-6.47013,-8.24989,-0.55161,0.9421,-18.45,-0.0191,29.63,2.52,0.483,0.499,0.069,0.0077,0.0500
14425,-40.14999,-24.84571,-15.30428,-6.52334,-8.24137,-0.53957,0.9498,-18.59,-0.0192,29.64,2.31,0.483,0.499,0.069,0.0077,0.0500
14450,-40.10025,-24.83766,-15.26259,-6.50452,-8.21541,-0.54266,0.9471,-18.59,-0.0192,29.64,2.55,0.483,0.499,0.069,0.0077,0.0500
14475,-40.10826,-24.83405,-15.27421,-6.49625,-8.24453,-0.53342,0.9459,-18.56,-0.0192,29.62,2.26,0.483,0.499,0.069,0.0077,0.0500
14500,-40.14617,-24.89213,-15.25404,-6.50743,-8.21192,-0.53469,0.9475,-18.71,-0.0194,29.77,1.77,0.483,0.499,0.069,0.0077,0.0500
14525,-40.16072,-24.90416,-15.25655,-6.50200,-8.20476,-0.54979,0.9467,-18.71,-0.0194,29.78,1.77,0.483,0.499,0.069,0.0077,0.0500
14550,-40.17670,-24.93584,-15.24086,-6.50632,-8.19957,-0.53497,0.9473,-18.76,-0.0194,29.78,1.77,0.483,0.499,0.069,0.0077,0.0500
14575,-40.15022,-24.87963,-15.27059,-6.50723,-8.22116,-0.54220,0.9475,-18.69,-0.0193,29.62,2.25,0.484,0.499,0.069,0.0077,0.0500
14600,-40.19382,-24.89586,-15.29796,-6.52718,-8.24182,-0.52896,0.9504,-18.65,-0.0193,29.61,2.23,0.484,0.499,0.069,0.0077,0.0500
14625,-40.21992,-24.96760,-15.25232,-6.48826,-8.20039,-0.56368,0.9447,-18.69,-0.0194,29.64,2.54,0.484,0.499,0.069,0.0077,0.0500
14650,-40.22960,-24.95892,-15.27068,-6.51228,-8.21688,-0.54153,0.9482,-18.57,-0.0192,29.39,1.79,0.484,0.499,0.069,0.0077,0.0500
14675,-40.19258,-24.89347,-15.29911,-6.50771,-8.24712,-0.54428,0.9475,-18.51,-0.0192,29.40,1.79,0.484,0.499,0.069,0.0077,0.0500
14700,-40.19961,-24.90720,-15.29241,-6.52740,-8.23576,-0.52926,0.9504,-18.59,-0.0193,29.45,1.74,0.484,0.499,0.069,0.0077,0.0500
14725,-40.16140,-24.88005,-15.28135,-6.48653,-8.24074,-0.55408,0.9445,-18.73,-0.0194,29.59,2.17,0.484,0.499,0.069,0.0077,0.0500
14750,-40.04981,-24.80381,-15.24600,-6.49993,-8.20746,-0.53861,0.9464,-18.62,-0.0193,29.64,2.23,0.484,0.499,0.069,0.0077,0.0500
14775,-40.17161,-24.87641,-15.29520,-6.51839,-8.23841,-0.53840,0.9491,-18.67,-0.0193,29.63,2.23,0.484,0.499,0.069,0.0077,0.0500
14800,-40.12887,-24.88902,-15.23985,-6.49963,-8.20103,-0.53919,0.9464,-18.70,-0.0194,29.63,2.11,0.484,0.499,0.069,0.0077,0.0500
14825,-40.19835,-24.94538,-15.25298,-6.47704,-8.20100,-0.57494,0.9431,-18.79,-0.0195,29.81,1.62,0.484,0.499,0.069,0.0077,0.0500
14850,-40.21907,-24.95274,-15.26634,-6.51422,-8.20633,-0.54579,0.9485,-18.69,-0.0193,29.42,1.68,0.484,0.499,0.069,0.0077,0.0500
14875,-40.25514,-24.93470,-15.32045,-6.50457,-8.27769,-0.53819,0.9471,-18.71,-0.0194,29.46,1.66,0.484,0.499,0.069,0.0077,0.0500
14900,-40.18722,-24.92577,-15.26145,-6.52338,-8.20316,-0.53490,0.9498,-18.60,-0.0193,29.45,1.65,0.484,0.499,0.069,0.0077,0.0500
14925,-40.23185,-24.94916,-15.28269,-6.51280,-8.23065,-0.53924,0.9483,-18.58,-0.0192,29.49,1.44,0.484,0.499,0.069,0.0077,0.0500
14950,-40.27035,-24.97719,-15.29315,-6.48425,-8.27218,-0.53672,0.9441,-18.55,-0.0192,29.40,1.59,0.484,0.499,0.069,0.0077,0.0500
14975,-40.22026,-24.98186,-15.23841,-6.48417,-8.20705,-0.54718,0.9441,-18.50,-0.0192,29.47,1.38,0.484,0.499,0.069,0.0077,0.0500
15000,-40.28328,-25.00380,-15.27948,-6.49280,-8.24324,-0.54344,0.9454,-18.59,-0.0192,29.43,1.62,0.484,0.499,0.072,0.0081,0.0500
15025,-40.18561,-24.93319,-15.25242,-6.49966,-8.21558,-0.53718,0.9464,-18.64,-0.0193,29.40,1.60,0.484,0.499,0.072,0.0081,0.0500
15050,-40.20523,-24.97441,-15.23082,-6.47762,-8.19856,-0.55464,0.9432,-18.69,-0.0194,29.40,1.60,0.484,0.499,0.072,0.0081,0.0500
15075,-40.23133,-24.98179,-15.24954,-6.48376,-8.23060,-0.53517,0.9441,-18.78,-0.0194,29.44,1.60,0.484,0.499,0.072,0.0081,0.0500
15100,-40.13599,-24.88117,-15.25482,-6.49034,-8.20746,-0.55702,0.9450,-18.80,-0.0195,29.44,1.60,0.484,0.499,0.072,0.0081,0.0500
15125,-40.21495,-24.93287,-15.28207,-6.51496,-8.23588,-0.53123,0.9486,-18.74,-0.0194,29.53,1.45,0.484,0.499,0.072,0.0081,0.0500
15150,-40.17307,-24.87749,-15.29558,-6.51773,-8.23874,-0.53910,0.9490,-18.63,-0.0193,29.52,1.44,0.484,0.499,0.072,0.0081,0.0500
15175,-40.29090,-25.02067,-15.27023,-6.52321,-8.20957,-0.53745,0.9498,-18.71,-0.0194,29.53,1.44,0.484,0.499,0.072,0.0081,0.0500
15200,-40.29036,-25.02327,-15.26709,-6.51708,-8.21246,-0.53755,0.9489,-18.73,-0.0194,29.50,1.39,0.484,0.499,0.072,0.0081,0.0500
15225,-40.31000,-25.03885,-15.27115,-6.51917,-8.23319,-0.51880,0.9492,-18.78,-0.0194,29.47,1.44,0.484,0.499,0.072,0.0081,0.0500
15250,-40.24256,-24.97139,-15.27117,-6.50050,-8.23617,-0.53450,0.9465,-18.72,-0.0194,29.46,1.47,0.485,0.499,0.072,0.0081,0.0500
15275,-40.29410,-24.99416,-15.29994,-6.53665,-8.24121,-0.52207,0.9518,-18.76,-0.0194,29.44,1.45,0.485,0.499,0.072,0.0081,0.0500
15300,-40.33819,-25.09684,-15.24135,-6.48570,-8.20413,-0.55151,0.9443,-18.82,-0.0195,29.47,1.45,0.485,0.499,0.072,0.0081,0.0500
15325,-40.52538,-25.23492,-15.29046,-6.49725,-8.23606,-0.55716,0.9460,-18.92,-0.0196,29.50,1.47,0.485,0.499,0.072,0.0081,0.0500
15350,-40.54859,-25.27652,-15.27207,-6.49281,-8.23552,-0.54374,0.9454,-19.13,-0.0198,29.51,1.41,0.485,0.499,0.072,0.0081,0.0500
15375,-40.58228,-25.29888,-15.28340,-6.48655,-8.25421,-0.54264,0.9445,-18.96,-0.0196,29.51,1.41,0.485,0.499,0.072,0.0081,0.0500
15400,-40.54340,-25.29865,-15.24475,-6.47214,-8.20872,-0.56389,0.9424,-18.81,-0.0195,29.51,1.44,0.485,0.499,0.072,0.0081,0.0500
15425,-40.60697,-25.32027,-15.28670,-6.53048,-8.22548,-0.53074,0.9509,-18.95,-0.0196,29.51,1.52,0.485,0.499,0.072,0.0081,0.0500
15450,-40.62487,-25.36943,-15.25544,-6.49394,-8.20651,-0.55500,0.9455,-18.97,-0.0196,29.53,1.46,0.485,0.499,0.072,0.0081,0.0500
15475,-40.62923,-25.33757,-15.29165,-6.51603,-8.22610,-0.54953,0.9488,-19.01,-0.0197,29.54,1.46,0.485,0.499,0.072,0.0081,0.0500
15500,-40.76589,-25.51266,-15.25323,-6.48666,-8.20524,-0.56133,0.9445,-19.01,-0.0197,29.52,1.43,0.485,0.499,0.072,0.0081,0.0500
15525,-40.80333,-25.51405,-15.28928,-6.49042,-8.21953,-0.57932,0.9450,-18.98,-0.0196,29.54,1.46,0.485,0.499,0.072,0.0081,0.0500
15550,-40.73431,-25.49452,-15.23979,-6.48730,-8.21196,-0.54053,0.9446,-19.03,-0.0197,29.58,1.46,0.485,0.499,0.072,0.0081,0.0500
15575,-40.69705,-25.50401,-15.19304,-6.46299,-8.16473,-0.56532,0.9410,-19.00,-0.0197,29.57,1.46,0.485,0.499,0.072,0.0081,0.0500
15600,-40.79142,-25.48487,-15.30655,-6.50031,-8.25335,-0.55290,0.9465,-19.01,-0.0197,29.75,1.07,0.485,0.499,0.072,0.0081,0.0500
15625,-40.86096,-25.59696,-15.26401,-6.49318,-8.21553,-0.55529,0.9454,-18.92,-0.0196,29.75,1.06,0.485,0.499,0.072,0.0081,0.0500
15650,-41.01564,-25.66416,-15.35148,-6.53235,-8.28101,-0.53812,0.9511,-19.00,-0.0197,29.76,1.06,0.485,0.499,0.072,0.0081,0.0500
15675,-40.89116,-25.67515,-15.21601,-6.47337,-8.18299,-0.55965,0.9425,-18.96,-0.0196,29.72,1.01,0.485,0.499,0.072,0.0081,0.0500
15700,-40.92116,-25.62163,-15.29953,-6.52512,-8.24493,-0.52948,0.9501,-19.04,-0.0197,29.72,1.06,0.485,0.499,0.072,0.0081,0.0500
15725,-40.90807,-25.69076,-15.21730,-6.46663,-8.19976,-0.55090,0.9416,-19.22,-0.0199,29.75,1.07,0.485,0.498,0.072,0.0081,0.0500
15750,-40.93973,-25.67164,-15.26809,-6.50051,-8.21627,-0.55131,0.9465,-19.12,-0.0198,29.73,1.02,0.485,0.498,0.072,0.0081,0.0500
15775,-40.97667,-25.69120,-15.28547,-6.51103,-8.23432,-0.54013,0.9480,-19.13,-0.0198,29.54,1.39,0.485,0.498,0.072,0.0081,0.0500
15800,-40.92865,-25.71890,-15.20974,-6.48295,-8.20000,-0.52679,0.9439,-19.02,-0.0197,29.49,1.39,0.485,0.498,0.072,0.0081,0.0500
15825,-41.08988,-25.78541,-15.30447,-6.52614,-8.24481,-0.53352,0.9502,-19.07,-0.0197,29.54,1.45,0.485,0.498,0.072,0.0081,0.0500
15850,-41.09332,-25.80625,-15.28707,-6.49498,-8.23182,-0.56027,0.9457,-19.12,-0.0198,29.52,1.41,0.485,0.498,0.072,0.0081,0.0500
15875,-41.13161,-25.80472,-15.32689,-6.52391,-8.25853,-0.54445,0.9499,-19.21,-0.0199,29.51,1.47,0.485,0.498,0.072,0.0081,0.0500
15900,-41.11483,-25.83129,-15.28354,-6.48830,-8.21831,-0.57693,0.9447,-19.25,-0.0199,29.48,1.45,0.485,0.498,0.072,0.0081,0.0500
15925,-41.03568,-25.80282,-15.23286,-6.50533,-8.19032,-0.53721,0.9472,-19.14,-0.0198,29.53,1.50,0.485,0.498,0.072,0.0081,0.0500
15950,-41.05617,-25.77404,-15.28213,-6.49454,-8.22080,-0.56679,0.9456,-19.10,-0.0198,29.55,1.55,0.485,0.498,0.072,0.0081,0.0500
15975,-41.04243,-25.75798,-15.28445,-6.51945,-8.21669,-0.54830,0.9493,-19.13,-0.0198,29.52,1.50,0.485,0.498,0.072,0.0081,0.0500
16000,-41.06563,-25.80039,-15.26524,-6.47993,-8.24935,-0.53596,0.9435,-19.24,-0.0199,29.53,1.44,0.485,0.498,0.069,0.0077,0.0500
16025,-40.98306,-25.78347,-15.19959,-6.46698,-8.17993,-0.55268,0.9416,-19.14,-0.0198,29.51,1.40,0.485,0.498,0.069,0.0077,0.0500
16050,-41.04866,-25.78222,-15.26643,-6.50701,-8.19418,-0.56524,0.9474,-19.13,-0.0198,29.51,1.40,0.485,0.498,0.069,0.0077,0.0500
16075,-41.05703,-25.77718,-15.27984,-6.50308,-8.22525,-0.55152,0.9469,-19.18,-0.0199,29.75,1.15,0.485,0.498,0.069,0.0077,0.0500
16100,-41.06220,-25.80259,-15.25961,-6.51764,-8.19384,-0.54813,0.9490,-19.12,-0.0198,29.72,1.09,0.485,0.498,0.069,0.0077,0.0500
16125,-41.08232,-25.75611,-15.32621,-6.50976,-8.26897,-0.54748,0.9478,-19.18,-0.0199,29.75,1.14,0.485,0.498,0.069,0.0077,0.0500
16150,-41.05983,-25.77970,-15.28013,-6.51183,-8.23304,-0.53526,0.9481,-19.25,-0.0199,29.57,1.47,0.485,0.498,0.069,0.0077,0.0500
16175,-41.07610,-25.81480,-15.26129,-6.50372,-8.19910,-0.55847,0.9470,-19.14,-0.0198,29.75,1.10,0.485,0.498,0.069,0.0077,0.0500
16200,-41.09795,-25.81791,-15.28004,-6.48207,-8.22870,-0.56927,0.9438,-19.13,-0.0198,29.74,1.10,0.485,0.498,0.069,0.0077,0.0500
16225,-41.09374,-25.81655,-15.27718,-6.48553,-8.22676,-0.56490,0.9443,-19.20,-0.0199,29.76,1.11,0.485,0.498,0.069,0.0077,0.0500
16250,-41.03468,-25.77573,-15.25895,-6.50290,-8.22734,-0.52871,0.9468,-19.24,-0.0199,29.54,1.47,0.485,0.498,0.069,0.0077,0.0500
16275,-41.05224,-25.81375,-15.23848,-6.47535,-8.20879,-0.55435,0.9428,-19.27,-0.0199,29.50,1.47,0.485,0.498,0.069,0.0077,0.0500
16300,-41.08462,-25.80746,-15.27716,-6.51677,-8.21532,-0.54507,0.9489,-19.45,-0.0201,29.49,1.44,0.485,0.498,0.069,0.0077,0.0500
16325,-41.10596,-25.86285,-15.24311,-6.48697,-8.20926,-0.54688,0.9445,-19.43,-0.0201,29.68,1.10,0.485,0.498,0.069,0.0077,0.0500
16350,-41.10660,-25.86529,-15.24131,-6.50256,-8.19019,-0.54857,0.9468,-19.47,-0.0202,29.75,1.16,0.485,0.498,0.069,0.0077,0.0500
16375,-41.09597,-25.84135,-15.25463,-6.46732,-8.23075,-0.55656,0.9417,-19.40,-0.0201,29.76,1.16,0.486,0.498,0.069,0.0077,0.0500
16400,-41.27312,-26.01766,-15.25546,-6.48346,-8.22533,-0.54666,0.9440,-19.43,-0.0201,29.76,1.16,0.486,0.498,0.069,0.0077,0.0500
16425,-41.29476,-26.01637,-15.27839,-6.51902,-8.21600,-0.54337,0.9492,-19.50,-0.0202,29.54,1.51,0.486,0.498,0.069,0.0077,0.0500
16450,-41.25496,-26.01577,-15.23919,-6.49400,-8.19572,-0.54947,0.9455,-19.53,-0.0202,29.95,1.47,0.486,0.498,0.069,0.0077,0.0500
16475,-41.28539,-26.02504,-15.26036,-6.48062,-8.22789,-0.55185,0.9436,-19.48,-0.0202,29.75,1.10,0.486,0.498,0.069,0.0077,0.0500
16500,-41.30507,-26.03311,-15.27195,-6.50786,-8.21794,-0.54616,0.9476,-19.52,-0.0202,29.75,1.11,0.486,0.498,0.069,0.0077,0.0500
16525,-41.33282,-26.09098,-15.24184,-6.48271,-8.20946,-0.54966,0.9439,-19.53,-0.0202,29.75,1.12,0.486,0.498,0.069,0.0077,0.0500
16550,-41.42127,-26.12301,-15.29826,-6.50414,-8.24101,-0.55311,0.9470,-19.54,-0.0202,29.74,1.12,0.486,0.498,0.069,0.0077,0.0500
16575,-41.36607,-26.11674,-15.24934,-6.50619,-8.21801,-0.52513,0.9473,-19.42,-0.0201,29.74,1.12,0.486,0.498,0.069,0.0077,0.0500
16600,-41.37360,-26.10942,-15.26418,-6.54008,-8.17289,-0.55121,0.9523,-19.50,-0.0202,29.74,1.13,0.486,0.498,0.069,0.0077,0.0500
16625,-41.32998,-26.05922,-15.27076,-6.52452,-8.20292,-0.54332,0.9500,-19.48,-0.0202,29.74,1.12,0.486,0.498,0.069,0.0077,0.0500
16650,-41.27237,-26.08640,-15.18597,-6.46761,-8.16082,-0.55755,0.9417,-19.44,-0.0201,29.56,1.51,0.486,0.498,0.069,0.0077,0.0500
16675,-41.32718,-26.05655,-15.27063,-6.51150,-8.21499,-0.54414,0.9481,-19.41,-0.0201,29.77,1.16,0.486,0.498,0.069,0.0077,0.0500
16700,-41.37904,-26.08312,-15.29593,-6.50095,-8.24134,-0.55364,0.9466,-19.30,-0.0200,29.83,1.18,0.486,0.498,0.069,0.0077,0.0500
16725,-41.35525,-26.09358,-15.26167,-6.50800,-8.20883,-0.54484,0.9476,-19.30,-0.0200,29.83,1.14,0.486,0.498,0.069,0.0077,0.0500
16750,-41.46693,-26.19697,-15.26995,-6.48919,-8.22480,-0.55596,0.9448,-19.28,-0.0200,29.64,1.54,0.486,0.498,0.069,0.0077,0.0500
16775,-41.42841,-26.19685,-15.23156,-6.46334,-8.20483,-0.56340,0.9411,-19.45,-0.0201,29.69,1.59,0.486,0.498,0.069,0.0077,0.0500
16800,-41.40610,-26.17942,-15.22668,-6.49944,-8.19037,-0.53687,0.9463,-19.42,-0.0201,29.64,1.56,0.486,0.498,0.069,0.0077,0.0500
16825,-41.45168,-26.22956,-15.22212,-6.49400,-8.19156,-0.53655,0.9455,-19.49,-0.0202,29.79,1.12,0.486,0.498,0.069,0.0077,0.0500
16850,-41.53667,-26.26690,-15.26977,-6.48509,-8.21460,-0.57008,0.9442,-19.44,-0.0201,29.84,1.16,0.486,0.498,0.069,0.0077,0.0500
16875,-41.55469,-26.27823,-15.27646,-6.51983,-8.22862,-0.52801,0.9493,-19.35,-0.0200,29.81,1.14,0.486,0.498,0.069,0.0077,0.0500
16900,-41.53906,-26.25292,-15.28615,-6.53195,-8.21593,-0.53826,0.9511,-19.31,-0.0200,29.68,1.55,0.486,0.498,0.069,0.0077,0.0500
16925,-41.42557,-26.18389,-15.24168,-6.50175,-8.18832,-0.55160,0.9467,-19.27,-0.0200,29.83,1.12,0.486,0.498,0.069,0.0077,0.0500
16950,-41.73319,-26.49576,-15.23743,-6.48558,-8.19070,-0.56116,0.9443,-19.18,-0.0199,29.59,1.47,0.486,0.498,0.069,0.0077,0.0500
16975,-41.78082,-26.51263,-15.26819,-6.47610,-8.21896,-0.57313,0.9429,-19.28,-0.0200,29.59,1.47,0.486,0.498,0.069,0.0077,0.0500
17000,-41.77232,-26.47043,-15.30188,-6.49018,-8.23894,-0.57277,0.9450,-19.33,-0.0200,29.58,1.51,0.486,0.498,0.072,0.0081,0.0500
17025,-41.79410,-26.53837,-15.25573,-6.49737,-8.19987,-0.55849,0.9460,-19.49,-0.0202,29.58,1.51,0.486,0.498,0.072,0.0081,0.0500
17050,-41.77326,-26.49248,-15.28077,-6.53558,-8.24148,-0.50372,0.9516,-19.61,-0.0203,29.58,1.51,0.486,0.498,0.072,0.0081,0.0500
17075,-41.74611,-26.52015,-15.22596,-6.48790,-8.18203,-0.55603,0.9447,-19.56,-0.0203,29.58,1.51,0.486,0.498,0.072,0.0081,0.0500
17100,-41.70381,-26.48874,-15.21506,-6.47647,-8.18801,-0.55058,0.9430,-19.59,-0.0203,29.79,1.11,0.486,0.498,0.072,0.0081,0.0500
17125,-42.04575,-26.75926,-15.28649,-6.49350,-8.24036,-0.55263,0.9455,-19.63,-0.0203,29.57,1.76,0.486,0.498,0.072,0.0081,0.0500
17150,-41.95103,-26.74795,-15.20309,-6.49051,-8.16436,-0.54821,0.9450,-19.49,-0.0202,29.76,1.39,0.486,0.498,0.072,0.0081,0.0500
17175,-42.08894,-26.79394,-15.29500,-6.51906,-8.22096,-0.55497,0.9492,-19.66,-0.0204,29.73,1.31,0.486,0.498,0.072,0.0081,0.0500
17200,-42.07841,-26.83323,-15.24518,-6.50259,-8.18526,-0.55733,0.9468,-19.86,-0.0206,29.79,1.12,0.486,0.498,0.072,0.0081,0.0500
17225,-42.07898,-26.81105,-15.26793,-6.50453,-8.22967,-0.53373,0.9471,-19.92,-0.0206,29.81,1.16,0.486,0.498,0.072,0.0081,0.0500
17250,-42.18825,-26.93061,-15.25764,-6.48829,-8.21721,-0.55214,0.9447,-19.85,-0.0206,29.79,1.11,0.486,0.498,0.072,0.0081,0.0500
17275,-42.19663,-26.95437,-15.24226,-6.45367,-8.23105,-0.55754,0.9397,-19.75,-0.0204,29.78,1.11,0.486,0.498,0.072,0.0081,0.0500
17300,-42.18709,-26.88763,-15.29945,-6.51631,-8.23772,-0.54543,0.9488,-19.90,-0.0206,29.78,1.12,0.486,0.498,0.072,0.0081,0.0500
17325,-42.13169,-26.85986,-15.27184,-6.51944,-8.21162,-0.54078,0.9492,-19.92,-0.0206,29.78,1.11,0.486,0.498,0.072,0.0081,0.0500
17350,-42.08975,-26.85060,-15.23915,-6.49450,-8.19236,-0.55229,0.9456,-20.09,-0.0208,29.78,1.11,0.486,0.498,0.072,0.0081,0.0500
17375,-42.15595,-26.90905,-15.24690,-6.52704,-8.19153,-0.52833,0.9504,-20.02,-0.0207,29.78,1.12,0.486,0.498,0.072,0.0081,0.0500
17400,-42.13012,-26.89320,-15.23692,-6.50282,-8.18803,-0.54606,0.9468,-19.97,-0.0207,29.78,1.12,0.487,0.498,0.072,0.0081,0.0500
17425,-42.13808,-26.91521,-15.22287,-6.50726,-8.17313,-0.54248,0.9475,-19.95,-0.0207,29.78,1.11,0.487,0.498,0.072,0.0081,0.0500
17450,-42.17228,-26.93093,-15.24134,-6.49868,-8.20228,-0.54039,0.9462,-20.05,-0.0208,29.81,1.09,0.487,0.498,0.072,0.0081,0.0500
17475,-42.21513,-26.93730,-15.27783,-6.50058,-8.21405,-0.56320,0.9465,-20.06,-0.0208,29.63,1.46,0.487,0.498,0.072,0.0081,0.0500
17500,-42.57726,-27.28684,-15.29042,-6.52018,-8.23569,-0.53454,0.9494,-20.00,-0.0207,29.66,1.54,0.487,0.498,0.072,0.0081,0.0500
17525,-42.59188,-27.31038,-15.28150,-6.52215,-8.21259,-0.54676,0.9496,-20.05,-0.0208,29.67,1.53,0.487,0.498,0.072,0.0081,0.0500
17550,-42.55196,-27.31208,-15.23988,-6.49134,-8.18730,-0.56123,0.9452,-20.18,-0.0209,29.66,1.54,0.487,0.498,0.072,0.0081,0.0500
17575,-42.51493,-27.30076,-15.21417,-6.48980,-8.16751,-0.55686,0.9449,-19.87,-0.0206,29.59,1.51,0.487,0.498,0.072,0.0081,0.0500
17600,-42.53637,-27.23600,-15.30037,-6.55142,-8.23383,-0.51512,0.9539,-19.89,-0.0206,29.61,1.48,0.487,0.498,0.072,0.0081,0.0500
17625,-42.47198,-27.24852,-15.22346,-6.48747,-8.17728,-0.55871,0.9446,-19.92,-0.0206,29.83,1.10,0.487,0.498,0.072,0.0081,0.0500
17650,-42.49484,-27.26358,-15.23126,-6.50639,-8.18545,-0.53943,0.9473,-19.88,-0.0206,29.67,1.50,0.487,0.498,0.072,0.0081,0.0500
17675,-42.52800,-27.29174,-15.23626,-6.48721,-8.19316,-0.55589,0.9446,-19.82,-0.0205,29.85,1.11,0.487,0.498,0.072,0.0081,0.0500
17700,-42.56913,-27.35823,-15.21090,-6.52142,-8.15681,-0.53267,0.9495,-19.78,-0.0205,29.87,1.15,0.487,0.498,0.072,0.0081,0.0500
17725,-42.57277,-27.32465,-15.24812,-6.49279,-8.18431,-0.57102,0.9454,-19.55,-0.0202,29.87,1.14,0.487,0.498,0.072,0.0081,0.0500
17750,-42.60608,-27.34654,-15.25953,-6.48548,-8.22033,-0.55372,0.9443,-19.46,-0.0201,29.59,1.45,0.487,0.498,0.072,0.0081,0.0500
17775,-42.62408,-27.37450,-15.24958,-6.49906,-8.18536,-0.56517,0.9463,-19.46,-0.0201,29.75,1.01,0.487,0.498,0.072,0.0081,0.0500
17800,-42.58912,-27.35329,-15.23582,-6.49499,-8.18352,-0.55731,0.9457,-19.45,-0.0201,29.77,1.05,0.487,0.498,0.072,0.0081,0.0500
17825,-42.58176,-27.33560,-15.24616,-6.50775,-8.19228,-0.54613,0.9475,-19.44,-0.0201,29.60,1.49,0.487,0.498,0.072,0.0081,0.0500
17850,-42.62756,-27.37103,-15.25653,-6.50632,-8.20554,-0.54468,0.9473,-19.32,-0.0200,29.80,1.04,0.487,0.498,0.072,0.0081,0.0500
17875,-42.56173,-27.29485,-15.26687,-6.50171,-8.21914,-0.54602,0.9467,-19.44,-0.0201,29.62,1.44,0.487,0.498,0.072,0.0081,0.0500
17900,-42.55468,-27.29967,-15.25501,-6.50185,-8.19479,-0.55838,0.9467,-19.37,-0.0201,29.78,1.01,0.487,0.498,0.072,0.0081,0.0500
17925,-42.63300,-27.35853,-15.27447,-6.51553,-8.20679,-0.55215,0.9487,-19.39,-0.0201,29.84,1.07,0.487,0.498,0.072,0.0081,0.0500
17950,-42.75051,-27.49711,-15.25340,-6.49952,-8.20221,-0.55167,0.9463,-19.43,-0.0201,29.83,1.05,0.487,0.498,0.072,0.0081,0.0500
17975,-42.74902,-27.49241,-15.25661,-6.50340,-8.20970,-0.54351,0.9469,-19.46,-0.0201,29.85,1.09,0.487,0.498,0.072,0.0081,0.0500
18000,-42.80901,-27.55640,-15.25261,-6.50900,-8.18710,-0.55651,0.9477,-19.57,-0.0203,29.90,1.14,0.487,0.498,0.068,0.0077,0.0500
18025,-42.74384,-27.49627,-15.24758,-6.49728,-8.19197,-0.55832,0.9460,-19.60,-0.0203,29.69,1.58,0.487,0.498,0.068,0.0077,0.0500
18050,-42.72393,-27.48974,-15.23420,-6.48788,-8.19099,-0.55533,0.9447,-19.58,-0.0203,29.73,1.67,0.487,0.498,0.068,0.0077,0.0500
18075,-42.74228,-27.52021,-15.22206,-6.48343,-8.18240,-0.55624,0.9440,-19.41,-0.0201,29.94,1.24,0.487,0.498,0.068,0.0077,0.0500
18100,-42.82013,-27.59457,-15.22556,-6.52831,-8.16326,-0.53399,0.9505,-19.49,-0.0202,29.83,1.08,0.487,0.498,0.068,0.0077,0.0500
18125,-42.92511,-27.63161,-15.29351,-6.50997,-8.21956,-0.56398,0.9479,-19.42,-0.0201,29.85,1.11,0.487,0.498,0.068,0.0077,0.0500
18150,-42.82293,-27.55394,-15.26900,-6.49488,-8.21526,-0.55886,0.9457,-19.17,-0.0199,29.81,1.05,0.487,0.498,0.068,0.0077,0.0500
18175,-42.82001,-27.57713,-15.24289,-6.50381,-8.17039,-0.56869,0.9470,-19.08,-0.0198,29.88,1.15,0.487,0.498,0.068,0.0077,0.0500
18200,-42.86047,-27.60700,-15.25347,-6.47938,-8.19132,-0.58278,0.9434,-19.10,-0.0198,29.88,1.15,0.487,0.498,0.068,0.0077,0.0500
18225,-42.97693,-27.69167,-15.28525,-6.50386,-8.21215,-0.56924,0.9470,-19.11,-0.0198,29.91,1.21,0.487,0.498,0.068,0.0077,0.0500
18250,-42.92214,-27.66810,-15.25404,-6.49922,-8.19284,-0.56198,0.9463,-19.09,-0.0198,29.87,1.18,0.487,0.498,0.068,0.0077,0.0500
18275,-42.94228,-27.64388,-15.29840,-6.51742,-8.22738,-0.55360,0.9490,-19.22,-0.0199,29.88,1.15,0.487,0.498,0.068,0.0077,0.0500
18300,-42.94328,-27.63495,-15.30833,-6.51784,-8.24465,-0.54585,0.9490,-19.31,-0.0200,29.91,1.20,0.487,0.498,0.068,0.0077,0.0500
18325,-42.87620,-27.62047,-15.25572,-6.51862,-8.18727,-0.54983,0.9491,-19.19,-0.0199,29.85,1.41,0.487,0.498,0.068,0.0077,0.0500
18350,-42.83462,-27.53242,-15.30219,-6.51498,-8.23686,-0.55036,0.9486,-19.07,-0.0197,29.84,1.41,0.487,0.498,0.068,0.0077,0.0500
18375,-42.83228,-27.59421,-15.23807,-6.48613,-8.20001,-0.55192,0.9444,70.89,0.0734,29.61,2.06,0.487,0.498,0.068,0.0077,0.0500
18400,-42.73436,-27.52624,-15.20812,-6.46632,-8.18536,-0.55644,0.9415,70.85,0.0734,29.76,1.60,0.487,0.498,0.068,0.0077,0.0500
18425,-42.86103,-27.59713,-15.26390,-6.49668,-8.21149,-0.55573,0.9459,70.94,0.0735,29.76,1.60,0.487,0.498,0.068,0.0077,0.0500
18450,-42.82728,-27.58561,-15.24167,-6.46109,-8.21027,-0.57031,0.9408,70.90,0.0734,29.60,2.01,0.487,0.498,0.068,0.0077,0.0500
18475,-42.86278,-27.63046,-15.23231,-6.49258,-8.18024,-0.55950,0.9453,-18.96,-0.0196,29.84,1.47,0.487,0.498,0.068,0.0077,0.0500
18500,-42.90502,-27.62977,-15.27525,-6.53019,-8.20686,-0.53821,0.9508,-19.11,-0.0198,29.84,1.46,0.487,0.498,0.068,0.0077,0.0500
18525,-42.90014,-27.65780,-15.24234,-6.47824,-8.20524,-0.55886,0.9433,70.80,0.0733,29.62,2.04,0.487,0.498,0.068,0.0077,0.0500
18550,-42.87827,-27.61547,-15.26280,-6.51542,-8.19289,-0.55449,0.9487,-19.13,-0.0198,29.79,1.41,0.487,0.498,0.068,0.0077,0.0500
18575,-42.85369,-27.58917,-15.26452,-6.48403,-8.20999,-0.57050,0.9441,-19.25,-0.0199,29.78,1.41,0.487,0.498,0.068,0.0077,0.0500
18600,-42.85654,-27.62908,-15.22746,-6.49252,-8.19394,-0.54101,0.9453,-19.20,-0.0199,29.77,1.43,0.487,0.498,0.068,0.0077,0.0500
18625,-42.78364,-27.55200,-15.23164,-6.47442,-8.19389,-0.56333,0.9427,-19.32,-0.0200,29.77,1.43,0.487,0.498,0.068,0.0077,0.0500
18650,-42.80699,-27.58205,-15.22494,-6.51338,-8.17563,-0.53592,0.9484,-19.35,-0.0200,29.75,1.38,0.487,0.498,0.068,0.0077,0.0500
18675,-42.86501,-27.59054,-15.27447,-6.51497,-8.20449,-0.55502,0.9486,-19.29,-0.0200,29.79,1.33,0.487,0.498,0.068,0.0077,0.0500
18700,-42.88028,-27.61812,-15.26215,-6.49299,-8.21137,-0.55779,0.9454,-19.21,-0.0199,29.65,1.73,0.487,0.498,0.068,0.0077,0.0500
18725,-42.89236,-27.63563,-15.25674,-6.51963,-8.19702,-0.54008,0.9493,-19.18,-0.0199,29.65,1.80,0.487,0.498,0.068,0.0077,0.0500
18750,-42.90791,-27.64300,-15.26491,-6.47617,-8.22451,-0.56422,0.9429,-19.11,-0.0198,29.62,1.78,0.487,0.498,0.068,0.0077,0.0500
18775,-42.87217,-27.63993,-15.23223,-6.47743,-8.18248,-0.57232,0.9431,-19.14,-0.0198,29.65,1.73,0.487,0.498,0.068,0.0077,0.0500
18800,-42.85564,-27.55504,-15.30060,-6.53972,-8.22527,-0.53562,0.9522,-19.17,-0.0199,29.82,1.45,0.487,0.498,0.068,0.0077,0.0500
18825,-42.80752,-27.53293,-15.27459,-6.49199,-8.21818,-0.56443,0.9453,70.98,0.0735,29.48,2.19,0.487,0.498,0.068,0.0077,0.0500
18850,-42.74308,-27.51654,-15.22654,-6.48506,-8.17724,-0.56424,0.9442,70.95,0.0735,29.65,2.08,0.487,0.498,0.068,0.0077,0.0500
18875,-42.71944,-27.49805,-15.22139,-6.49568,-8.17957,-0.54613,0.9458,70.93,0.0734,29.46,2.16,0.487,0.498,0.068,0.0077,0.0500
18900,-42.77506,-27.51447,-15.26059,-6.48924,-8.22438,-0.54697,0.9449,-19.15,-0.0198,29.65,1.81,0.487,0.498,0.068,0.0077,0.0500
18925,-42.79178,-27.50130,-15.29048,-6.52587,-8.21827,-0.54634,0.9502,-19.24,-0.0199,29.74,1.63,0.487,0.498,0.068,0.0077,0.0500
18950,-42.71075,-27.45930,-15.25146,-6.50336,-8.18192,-0.56618,0.9469,-19.29,-0.0200,29.67,1.85,0.487,0.498,0.068,0.0077,0.0500
18975,-42.68667,-27.50256,-15.18411,-6.49737,-8.13392,-0.55282,0.9460,-19.37,-0.0201,29.84,1.48,0.487,0.498,0.068,0.0077,0.0500
19000,-42.76619,-27.50667,-15.25953,-6.51319,-8.19430,-0.55204,0.9483,70.61,0.0731,29.80,1.68,0.487,0.498,0.065,0.0073,0.0500
19025,-42.78040,-27.53816,-15.24224,-6.49358,-8.19579,-0.55287,0.9455,70.58,0.0731,29.76,1.59,0.488,0.498,0.065,0.0073,0.0500
19050,-42.81187,-27.54335,-15.26853,-6.48520,-8.23223,-0.55110,0.9443,-19.23,-0.0199,29.81,1.46,0.488,0.498,0.065,0.0073,0.0500
19075,-43.04104,-27.76719,-15.27385,-6.51247,-8.18591,-0.57548,0.9482,-19.22,-0.0199,29.81,1.46,0.488,0.498,0.065,0.0073,0.0500
19100,-42.96198,-27.74377,-15.21821,-6.47773,-8.18290,-0.55758,0.9432,-19.13,-0.0198,29.85,1.21,0.488,0.498,0.065,0.0073,0.0500
19125,-42.93415,-27.70983,-15.22432,-6.48472,-8.16573,-0.57387,0.9442,-19.10,-0.0198,29.82,1.46,0.488,0.498,0.065,0.0073,0.0500
19150,-42.97972,-27.69165,-15.28807,-6.52935,-8.19731,-0.56140,0.9507,-19.14,-0.0198,29.87,1.13,0.488,0.498,0.065,0.0073,0.0500
19175,-43.02477,-27.73174,-15.29303,-6.50298,-8.24215,-0.54790,0.9469,-19.06,-0.0197,29.71,1.55,0.488,0.498,0.065,0.0073,0.0500
19200,-43.02856,-27.76294,-15.26561,-6.49041,-8.21468,-0.56053,0.9450,-19.11,-0.0198,29.66,1.48,0.488,0.498,0.065,0.0073,0.0500
19225,-43.11125,-27.83354,-15.27772,-6.48497,-8.23696,-0.55579,0.9442,-19.12,-0.0198,29.66,1.48,0.488,0.498,0.065,0.0073,0.0500
19250,-43.03989,-27.75934,-15.28055,-6.51287,-8.22345,-0.54423,0.9483,-19.06,-0.0197,29.66,1.48,0.488,0.498,0.065,0.0073,0.0500
19275,-42.96409,-27.72365,-15.24044,-6.46378,-8.21116,-0.56550,0.9411,-19.05,-0.0197,29.71,1.55,0.488,0.498,0.065,0.0073,0.0500
19300,-42.96070,-27.68454,-15.27616,-6.52187,-8.21279,-0.54151,0.9496,-19.13,-0.0198,29.84,1.06,0.488,0.498,0.065,0.0073,0.0500
19325,-43.03612,-27.74345,-15.29267,-6.50601,-8.22581,-0.56085,0.9473,-19.26,-0.0199,29.84,1.06,0.488,0.498,0.065,0.0073,0.0500
19350,-42.98682,-27.71876,-15.26806,-6.49384,-8.23015,-0.54407,0.9455,-19.27,-0.0200,29.78,1.30,0.488,0.498,0.065,0.0073,0.0500
19375,-42.90892,-27.68035,-15.22857,-6.47420,-8.18451,-0.56986,0.9427,70.78,0.0733,29.78,1.57,0.488,0.498,0.065,0.0073,0.0500
19400,-42.94997,-27.70769,-15.24229,-6.48767,-8.19962,-0.55499,0.9446,-19.11,-0.0198,29.87,1.10,0.488,0.498,0.065,0.0073,0.0500
19425,-43.02778,-27.73515,-15.29263,-6.54281,-8.20981,-0.54002,0.9527,-19.00,-0.0197,29.80,1.33,0.488,0.498,0.065,0.0073,0.0500
19450,-42.99540,-27.75928,-15.23612,-6.48970,-8.18456,-0.56186,0.9449,-19.00,-0.0197,29.84,1.06,0.488,0.498,0.065,0.0073,0.0500
19475,-43.07715,-27.78825,-15.28890,-6.49710,-8.22904,-0.56276,0.9460,-19.03,-0.0197,29.67,1.48,0.488,0.498,0.065,0.0073,0.0500
19500,-42.98844,-27.77163,-15.21681,-6.50261,-8.16650,-0.54771,0.9468,-19.05,-0.0197,29.60,1.64,0.488,0.498,0.065,0.0073,0.0500
19525,-43.04780,-27.80627,-15.24153,-6.50239,-8.17784,-0.56129,0.9468,-18.99,-0.0197,29.78,1.31,0.488,0.498,0.065,0.0073,0.0500
19550,-43.09030,-27.81710,-15.27320,-6.50213,-8.21687,-0.55420,0.9467,-19.01,-0.0197,29.59,1.65,0.488,0.498,0.065,0.0073,0.0500
19575,-43.00809,-27.75623,-15.25186,-6.49404,-8.19309,-0.56473,0.9456,-19.14,-0.0198,29.59,1.66,0.488,0.498,0.065,0.0073,0.0500
19600,-42.99384,-27.75993,-15.23391,-6.52080,-8.18465,-0.52845,0.9494,-19.12,-0.0198,29.62,1.69,0.488,0.498,0.065,0.0073,0.0500
19625,-43.01931,-27.76111,-15.25820,-6.49679,-8.18708,-0.57433,0.9460,-18.97,-0.0196,29.60,1.65,0.488,0.498,0.065,0.0073,0.0500
19650,-43.00638,-27.78383,-15.22255,-6.48946,-8.16540,-0.56769,0.9449,-18.94,-0.0196,29.79,1.31,0.488,0.498,0.065,0.0073,0.0500
19675,-43.00451,-27.76683,-15.23768,-6.49380,-8.18174,-0.56214,0.9455,-19.03,-0.0197,29.82,1.38,0.488,0.498,0.065,0.0073,0.0500
19700,-43.04823,-27.78521,-15.26302,-6.50830,-8.20337,-0.55135,0.9476,-19.27,-0.0200,29.66,1.87,0.488,0.498,0.065,0.0073,0.0500
19725,-43.03300,-27.74978,-15.28322,-6.52345,-8.19656,-0.56321,0.9498,-19.37,-0.0201,29.65,1.87,0.489,0.498,0.065,0.0073,0.0500
19750,-43.08375,-27.83165,-15.25209,-6.47406,-8.21141,-0.56663,0.9426,-19.38,-0.0201,29.64,1.74,0.489,0.498,0.065,0.0073,0.0500
19775,-43.10088,-27.83454,-15.26635,-6.49889,-8.21661,-0.55085,0.9463,70.72,0.0732,29.62,1.97,0.489,0.498,0.065,0.0073,0.0500
19800,-43.05477,-27.81016,-15.24461,-6.51361,-8.16715,-0.56385,0.9484,-19.21,-0.0199,29.62,1.69,0.489,0.498,0.065,0.0073,0.0500
19825,-43.03652,-27.75485,-15.28167,-6.51209,-8.21528,-0.55430,0.9482,-19.12,-0.0198,29.64,1.72,0.489,0.498,0.065,0.0073,0.0500
19850,-43.08062,-27.79546,-15.28516,-6.50207,-8.23223,-0.55086,0.9467,-19.13,-0.0198,29.58,1.68,0.489,0.498,0.065,0.0073,0.0500
19875,-43.03199,-27.70963,-15.32236,-6.52070,-8.26046,-0.54120,0.9494,-19.15,-0.0198,29.59,1.68,0.489,0.498,0.065,0.0073,0.0500
19900,-42.91233,-27.68506,-15.22726,-6.49594,-8.17334,-0.55798,0.9458,70.97,0.0735,29.60,1.86,0.489,0.498,0.065,0.0073,0.0500
19925,-43.05387,-27.79030,-15.26357,-6.51555,-8.19441,-0.55361,0.9487,71.13,0.0737,29.59,1.83,0.489,0.498,0.065,0.0073,0.0500
19950,-43.09319,-27.83510,-15.25809,-6.47188,-8.21361,-0.57260,0.9423,71.12,0.0736,29.58,1.83,0.489,0.498,0.065,0.0073,0.0500
19975,-43.05600,-27.75399,-15.30201,-6.53889,-8.21458,-0.54854,0.9521,71.11,0.0736,29.77,1.56,0.489,0.497,0.065,0.0073,0.0500
20000,-42.98659,-27.74138,-15.24522,-6.48570,-8.19470,-0.56482,0.9443,71.13,0.0737,29.76,1.53,0.489,0.497,0.068,0.0077,0.0500
20025,-42.95175,-27.70004,-15.25171,-6.47515,-8.21424,-0.56232,0.9428,71.14,0.0737,29.80,1.57,0.489,0.497,0.068,0.0077,0.0500
20050,-42.98587,-27.69790,-15.28797,-6.51563,-8.21448,-0.55785,0.9487,71.20,0.0737,29.77,1.52,0.489,0.497,0.068,0.0077,0.0500
20075,-42.98773,-27.73987,-15.24787,-6.46523,-8.19119,-0.59145,0.9414,71.09,0.0736,29.78,1.53,0.489,0.497,0.068,0.0077,0.0500
20100,-43.03648,-27.77292,-15.26356,-6.48934,-8.20280,-0.57142,0.9449,71.20,0.0737,29.80,1.56,0.489,0.497,0.068,0.0077,0.0500
20125,-43.06005,-27.80214,-15.25791,-6.50418,-8.20144,-0.55229,0.9470,71.15,0.0737,29.79,1.53,0.489,0.498,0.068,0.0077,0.0500
20150,-43.06774,-27.78927,-15.27847,-6.51625,-8.21104,-0.55118,0.9488,71.12,0.0736,29.78,1.53,0.489,0.498,0.068,0.0077,0.0500
20175,-43.03702,-27.76714,-15.26988,-6.50505,-8.21438,-0.55045,0.9472,71.03,0.0736,29.64,2.03,0.489,0.498,0.068,0.0077,0.0500
20200,-43.12191,-27.86930,-15.25261,-6.49569,-8.21395,-0.54298,0.9458,71.10,0.0736,29.56,2.48,0.489,0.498,0.068,0.0077,0.0500
20225,-43.13965,-27.85772,-15.28193,-6.50455,-8.22164,-0.55573,0.9471,71.06,0.0736,29.73,2.06,0.489,0.498,0.068,0.0077,0.0500
20250,-43.08507,-27.81363,-15.27144,-6.49819,-8.21424,-0.55901,0.9462,70.97,0.0735,29.86,1.68,0.489,0.498,0.068,0.0077,0.0500
20275,-43.06397,-27.81842,-15.24554,-6.50611,-8.19188,-0.54755,0.9473,70.98,0.0735,29.87,1.66,0.489,0.498,0.068,0.0077,0.0500
20300,-43.06413,-27.83332,-15.23081,-6.49155,-8.18244,-0.55682,0.9452,70.98,0.0735,29.84,1.66,0.489,0.498,0.068,0.0077,0.0500
20325,-43.08040,-27.83778,-15.24262,-6.49118,-8.18763,-0.56382,0.9451,70.93,0.0735,29.86,1.65,0.489,0.498,0.068,0.0077,0.0500
20350,-43.14155,-27.89093,-15.25062,-6.47399,-8.19430,-0.58232,0.9426,70.98,0.0735,29.86,1.69,0.489,0.498,0.068,0.0077,0.0500
20375,-43.17503,-27.92428,-15.25074,-6.47264,-8.20998,-0.56812,0.9424,71.03,0.0736,29.79,1.57,0.489,0.498,0.068,0.0077,0.0500
20400,-43.13407,-27.85949,-15.27458,-6.51839,-8.21523,-0.54096,0.9491,71.20,0.0737,29.76,1.53,0.489,0.498,0.068,0.0077,0.0500
20425,-43.20794,-27.91557,-15.29237,-6.51684,-8.23079,-0.54474,0.9489,71.07,0.0736,29.82,1.65,0.489,0.498,0.068,0.0077,0.0500
20450,-43.16387,-27.91134,-15.25253,-6.48098,-8.22309,-0.54846,0.9437,71.03,0.0736,29.90,1.74,0.489,0.498,0.068,0.0077,0.0500
20475,-43.11588,-27.85629,-15.25958,-6.49774,-8.20724,-0.55460,0.9461,71.14,0.0737,29.86,1.62,0.489,0.498,0.068,0.0077,0.0500
20500,-43.16207,-27.87347,-15.28860,-6.52809,-8.19094,-0.56957,0.9505,71.04,0.0736,29.81,1.57,0.489,0.498,0.068,0.0077,0.0500
20525,-43.13063,-27.83650,-15.29412,-6.52851,-8.20686,-0.55875,0.9506,71.06,0.0736,29.81,1.56,0.489,0.498,0.068,0.0077,0.0500
20550,-43.17646,-27.87993,-15.29652,-6.50604,-8.23198,-0.55850,0.9473,71.09,0.0736,29.83,1.53,0.489,0.498,0.068,0.0077,0.0500
20575,-43.14203,-27.87870,-15.26333,-6.48151,-8.22201,-0.55981,0.9437,71.04,0.0736,29.66,2.01,0.489,0.498,0.068,0.0077,0.0500
20600,-43.12306,-27.82849,-15.29458,-6.51161,-8.23685,-0.54612,0.9481,71.22,0.0738,29.87,1.60,0.489,0.498,0.068,0.0077,0.0500
20625,-43.18781,-27.90068,-15.28713,-6.49647,-8.22296,-0.56770,0.9459,-18.77,-0.0194,29.85,1.37,0.489,0.498,0.068,0.0077,0.0500
20650,-43.19568,-27.90321,-15.29247,-6.53139,-8.22807,-0.53300,0.9510,71.24,0.0738,29.85,1.55,0.489,0.498,0.068,0.0077,0.0500
20675,-43.16942,-27.89988,-15.26955,-6.50604,-8.21273,-0.55078,0.9473,71.31,0.0739,29.71,1.99,0.489,0.498,0.068,0.0077,0.0500
20700,-43.09607,-27.84714,-15.24893,-6.48164,-8.20158,-0.56570,0.9437,71.26,0.0738,29.88,1.58,0.489,0.498,0.068,0.0077,0.0500
20725,-43.09009,-27.82751,-15.26258,-6.50150,-8.20991,-0.55117,0.9466,-18.87,-0.0195,29.88,1.34,0.489,0.498,0.068,0.0077,0.0500
20750,-43.13962,-27.89495,-15.24467,-6.47785,-8.19575,-0.57106,0.9432,-18.84,-0.0195,29.91,1.40,0.489,0.498,0.068,0.0077,0.0500
20775,-43.06473,-27.81647,-15.24826,-6.49532,-8.17888,-0.57406,0.9457,-18.91,-0.0196,29.89,1.40,0.489,0.498,0.068,0.0077,0.0500
20800,-43.30063,-28.01985,-15.28079,-6.50310,-8.23255,-0.54514,0.9469,-18.83,-0.0195,29.87,1.43,0.489,0.498,0.068,0.0077,0.0500
20825,-43.25764,-27.99183,-15.26581,-6.51658,-8.19677,-0.55246,0.9488,-18.87,-0.0195,29.72,1.78,0.489,0.498,0.068,0.0077,0.0500
20850,-43.23717,-27.97075,-15.26642,-6.49206,-8.21566,-0.55870,0.9453,-18.97,-0.0196,29.71,1.76,0.489,0.498,0.068,0.0077,0.0500
20875,-43.15231,-27.91574,-15.23657,-6.48538,-8.19618,-0.55501,0.9443,-18.87,-0.0195,29.86,1.69,0.489,0.498,0.068,0.0077,0.0500
20900,-43.19601,-27.98444,-15.21157,-6.47232,-8.18413,-0.55512,0.9424,-18.83,-0.0195,29.74,1.88,0.489,0.498,0.068,0.0077,0.0500
20925,-43.22985,-27.93828,-15.29157,-6.51102,-8.23629,-0.54427,0.9480,-18.87,-0.0195,29.90,1.44,0.489,0.498,0.068,0.0077,0.0500
20950,-43.17192,-27.94358,-15.22834,-6.47212,-8.18340,-0.57282,0.9424,71.09,0.0736,29.46,2.65,0.489,0.498,0.068,0.0077,0.0500
20975,-43.12009,-27.90520,-15.21489,-6.48938,-8.17442,-0.55110,0.9449,71.17,0.0737,29.49,2.76,0.489,0.498,0.068,0.0077,0.0500
21000,-43.20795,-27.95273,-15.25522,-6.50810,-8.19213,-0.55499,0.9476,-18.80,-0.0195,29.65,2.19,0.489,0.498,0.072,0.0080,0.0500
21025,-43.68845,-28.37375,-15.31469,-6.52625,-8.22674,-0.56170,0.9502,-18.64,-0.0193,29.66,2.20,0.489,0.498,0.072,0.0080,0.0500
21050,-43.58013,-28.36217,-15.21796,-6.47966,-8.16453,-0.57377,0.9435,-18.64,-0.0193,29.76,2.20,0.489,0.498,0.072,0.0080,0.0500
21075,-44.63331,-29.34661,-15.28671,-6.52893,-8.21488,-0.54289,0.9506,71.51,0.0741,29.56,2.74,0.489,0.498,0.072,0.0080,0.0500
21100,-45.12890,-29.82648,-15.30242,-6.49935,-8.22830,-0.57477,0.9463,71.48,0.0740,29.43,2.71,0.489,0.498,0.072,0.0080,0.0500
21125,-45.12855,-29.80765,-15.32091,-6.50111,-8.26847,-0.55133,0.9466,71.30,0.0738,29.54,2.75,0.489,0.498,0.072,0.0080,0.0500
21150,-45.16390,-29.86407,-15.29983,-6.53294,-8.21497,-0.55192,0.9512,71.40,0.0739,29.56,2.74,0.489,0.498,0.072,0.0080,0.0500
21175,-45.06004,-29.85649,-15.20356,-6.49356,-8.14732,-0.56267,0.9455,71.43,0.0740,29.87,1.67,0.489,0.498,0.072,0.0080,0.0500
21200,-45.18121,-29.91300,-15.26821,-6.50929,-8.19783,-0.56109,0.9478,71.43,0.0740,29.84,1.92,0.489,0.498,0.072,0.0080,0.0500
21225,-45.10605,-29.84445,-15.26160,-6.48534,-8.22019,-0.55607,0.9443,71.39,0.0739,29.81,1.91,0.489,0.498,0.072,0.0080,0.0500
21250,-45.20456,-29.95961,-15.24495,-6.44749,-8.21905,-0.57841,0.9388,71.35,0.0739,29.63,2.29,0.489,0.498,0.072,0.0080,0.0500
21275,-45.24677,-29.94883,-15.29794,-6.52138,-8.22179,-0.55477,0.9495,71.44,0.0740,29.62,2.26,0.489,0.498,0.072,0.0080,0.0500
21300,-45.24768,-29.94520,-15.30248,-6.52019,-8.24081,-0.54148,0.9494,71.46,0.0740,29.88,1.70,0.489,0.498,0.072,0.0080,0.0500
21325,-45.70270,-30.40192,-15.30078,-6.52104,-8.22799,-0.55174,0.9495,71.52,0.0741,29.84,1.66,0.489,0.498,0.072,0.0080,0.0500
21350,-45.94597,-30.64540,-15.30057,-6.50733,-8.24463,-0.54862,0.9475,71.50,0.0740,29.88,1.75,0.489,0.498,0.072,0.0080,0.0500
21375,-46.00066,-30.69543,-15.30523,-6.52523,-8.21988,-0.56012,0.9501,71.55,0.0741,29.79,1.89,0.489,0.498,0.072,0.0080,0.0500
21400,-46.03193,-30.78980,-15.24212,-6.49799,-8.19194,-0.55219,0.9461,71.52,0.0741,29.83,1.68,0.489,0.498,0.072,0.0080,0.0500
21425,-46.02198,-30.76799,-15.25399,-6.49770,-8.20667,-0.54963,0.9461,-18.60,-0.0193,29.86,1.46,0.489,0.497,0.072,0.0080,0.0500
21450,-45.98833,-30.72627,-15.26207,-6.52240,-8.17166,-0.56801,0.9497,-18.62,-0.0193,29.67,1.84,0.489,0.497,0.072,0.0080,0.0500
21475,-46.03136,-30.73639,-15.29497,-6.50899,-8.23021,-0.55577,0.9477,-18.69,-0.0194,29.65,1.81,0.489,0.497,0.072,0.0080,0.0500
21500,-46.05636,-30.76152,-15.29485,-6.52862,-8.20861,-0.55761,0.9506,-18.84,-0.0195,29.66,1.81,0.489,0.497,0.072,0.0080,0.0500
21525,-46.00986,-30.72772,-15.28214,-6.49155,-8.23851,-0.55208,0.9452,-18.99,-0.0197,29.63,2.02,0.489,0.497,0.072,0.0080,0.0500
21550,-45.96773,-30.69913,-15.26860,-6.49672,-8.21770,-0.55419,0.9459,-19.25,-0.0199,29.66,2.05,0.489,0.497,0.072,0.0080,0.0500
21575,-45.97617,-30.74742,-15.22875,-6.48324,-8.18917,-0.55634,0.9440,-19.35,-0.0200,29.71,1.84,0.489,0.497,0.072,0.0080,0.0500
21600,-46.00840,-30.71936,-15.28904,-6.50662,-8.20948,-0.57294,0.9474,70.76,0.0733,29.66,2.21,0.489,0.497,0.072,0.0080,0.0500
21625,-45.91497,-30.63088,-15.28409,-6.49966,-8.22704,-0.55739,0.9464,70.72,0.0732,29.67,1.94,0.489,0.497,0.072,0.0080,0.0500
21650,-45.85844,-30.65215,-15.20628,-6.49230,-8.14328,-0.57071,0.9453,-19.28,-0.0200,29.78,1.65,0.489,0.497,0.072,0.0080,0.0500
21675,-45.97829,-30.70073,-15.27756,-6.49170,-8.23453,-0.55133,0.9452,-19.33,-0.0200,29.74,1.86,0.489,0.497,0.072,0.0080,0.0500
21700,-45.97087,-30.68446,-15.28640,-6.53998,-8.19582,-0.55060,0.9522,-19.25,-0.0199,29.76,1.89,0.489,0.497,0.072,0.0080,0.0500
21725,-45.98076,-30.69255,-15.28821,-6.53300,-8.21523,-0.53998,0.9512,70.78,0.0733,29.68,1.96,0.489,0.497,0.072,0.0080,0.0500
21750,-46.00190,-30.74320,-15.25870,-6.49156,-8.22433,-0.54280,0.9452,-19.30,-0.0200,29.79,1.68,0.489,0.497,0.072,0.0080,0.0500
21775,-46.03738,-30.72617,-15.31121,-6.50910,-8.23614,-0.56597,0.9477,-19.20,-0.0199,29.79,1.66,0.489,0.497,0.072,0.0080,0.0500
21800,-45.97573,-30.72462,-15.25112,-6.50247,-8.21354,-0.53510,0.9468,-19.19,-0.0199,29.79,1.67,0.489,0.497,0.072,0.0080,0.0500
21825,-46.00068,-30.76277,-15.23792,-6.48002,-8.19229,-0.56560,0.9435,70.65,0.0732,29.67,1.97,0.489,0.497,0.072,0.0080,0.0500
21850,-46.02144,-30.69804,-15.32340,-6.51445,-8.26776,-0.54119,0.9485,-19.38,-0.0201,29.74,1.89,0.489,0.497,0.072,0.0080,0.0500
21875,-45.94311,-30.70917,-15.23394,-6.48601,-8.19061,-0.55732,0.9444,70.60,0.0731,29.68,1.99,0.489,0.497,0.072,0.0080,0.0500
21900,-45.96971,-30.69505,-15.27467,-6.50857,-8.20453,-0.56156,0.9477,70.47,0.0730,29.67,1.97,0.489,0.497,0.072,0.0080,0.0500
21925,-45.98726,-30.73434,-15.25292,-6.48736,-8.20505,-0.56051,0.9446,70.46,0.0730,29.67,1.97,0.489,0.497,0.072,0.0080,0.0500
21950,-46.04219,-30.78814,-15.25405,-6.50850,-8.19042,-0.55514,0.9477,-19.49,-0.0202,29.77,1.91,0.489,0.497,0.072,0.0080,0.0500
21975,-45.89576,-30.68480,-15.21096,-6.49528,-8.16165,-0.55402,0.9457,-19.48,-0.0202,29.56,2.26,0.489,0.497,0.072,0.0080,0.0500
22000,-45.99215,-30.71358,-15.27857,-6.51984,-8.20550,-0.55323,0.9493,-19.47,-0.0202,29.73,1.91,0.489,0.497,0.068,0.0076,0.0500
22025,-45.90884,-30.68695,-15.22189,-6.48742,-8.17596,-0.55851,0.9446,70.65,0.0732,29.70,2.04,0.489,0.497,0.068,0.0076,0.0500
22050,-45.96765,-30.73319,-15.23446,-6.48227,-8.17893,-0.57326,0.9438,70.71,0.0732,29.68,2.01,0.489,0.497,0.068,0.0076,0.0500
22075,-45.96556,-30.71293,-15.25263,-6.50119,-8.17219,-0.57925,0.9466,70.74,0.0733,29.48,2.32,0.489,0.497,0.068,0.0076,0.0500
22100,-46.51662,-31.27116,-15.24545,-6.49289,-8.20344,-0.54912,0.9454,-19.35,-0.0200,29.70,1.87,0.489,0.497,0.068,0.0076,0.0500
22125,-47.30589,-32.06377,-15.24211,-6.47780,-8.18789,-0.57642,0.9432,70.67,0.0732,29.60,2.36,0.489,0.497,0.068,0.0076,0.0500
22150,-47.41034,-32.15407,-15.25626,-6.50925,-8.18018,-0.56683,0.9478,-19.38,-0.0201,29.88,1.52,0.489,0.497,0.068,0.0076,0.0500
22175,-47.83101,-32.56738,-15.26363,-6.47413,-8.22766,-0.56184,0.9427,-19.29,-0.0200,29.88,1.51,0.489,0.497,0.068,0.0076,0.0500
22200,-47.66045,-32.45118,-15.20927,-6.48658,-8.15568,-0.56700,0.9445,-19.24,-0.0199,29.86,1.48,0.489,0.497,0.068,0.0076,0.0500
22225,-47.80695,-32.52284,-15.28411,-6.51545,-8.21624,-0.55242,0.9487,-19.22,-0.0199,29.84,1.43,0.489,0.497,0.068,0.0076,0.0500
22250,-47.79955,-32.52706,-15.27248,-6.49418,-8.20116,-0.57714,0.9456,-19.11,-0.0198,29.64,1.77,0.489,0.497,0.068,0.0076,0.0500
22275,-47.82874,-32.55726,-15.27148,-6.51401,-8.19805,-0.55942,0.9485,-19.08,-0.0198,29.81,1.42,0.489,0.497,0.068,0.0076,0.0500
22300,-47.83644,-32.54938,-15.28707,-6.50877,-8.22586,-0.55244,0.9477,-18.92,-0.0196,29.87,1.45,0.489,0.497,0.068,0.0076,0.0500
22325,-47.85038,-32.57907,-15.27131,-6.47951,-8.21644,-0.57536,0.9434,-18.89,-0.0196,29.87,1.45,0.489,0.497,0.068,0.0076,0.0500
22350,-47.80843,-32.55943,-15.24900,-6.49696,-8.18758,-0.56446,0.9460,-19.01,-0.0197,29.83,1.43,0.489,0.497,0.068,0.0076,0.0500
22375,-47.83694,-32.58742,-15.24952,-6.47633,-8.20678,-0.56641,0.9430,-18.92,-0.0196,29.85,1.46,0.489,0.497,0.068,0.0076,0.0500
22400,-47.86261,-32.57836,-15.28425,-6.53660,-8.20549,-0.54216,0.9517,-18.90,-0.0196,29.76,1.64,0.489,0.497,0.068,0.0076,0.0500
22425,-47.92818,-32.64666,-15.28152,-6.51128,-8.21580,-0.55444,0.9481,-18.85,-0.0195,29.80,1.72,0.490,0.497,0.068,0.0076,0.0500
22450,-47.88708,-32.60844,-15.27865,-6.49127,-8.21558,-0.57180,0.9451,-18.97,-0.0196,29.71,1.92,0.490,0.497,0.068,0.0076,0.0500
22475,-47.85505,-32.57755,-15.27749,-6.51162,-8.18707,-0.57880,0.9481,-19.04,-0.0197,29.69,1.90,0.490,0.497,0.068,0.0076,0.0500
22500,-47.85434,-32.60673,-15.24761,-6.51877,-8.15776,-0.57107,0.9492,-19.07,-0.0197,29.62,2.13,0.490,0.497,0.068,0.0076,0.0500
22525,-47.91884,-32.65737,-15.26147,-6.49631,-8.18133,-0.58382,0.9459,70.95,0.0735,29.59,2.32,0.490,0.497,0.068,0.0076,0.0500
22550,-47.83103,-32.61466,-15.21636,-6.47748,-8.15638,-0.58250,0.9431,71.04,0.0735,29.59,2.32,0.490,0.497,0.068,0.0076,0.0500
22575,-47.87011,-32.59676,-15.27334,-6.52265,-8.19790,-0.55279,0.9497,70.95,0.0735,29.58,2.32,0.490,0.497,0.068,0.0076,0.0500
22600,-47.87959,-32.62006,-15.25954,-6.51128,-8.18696,-0.56129,0.9481,70.96,0.0735,29.53,2.34,0.490,0.497,0.068,0.0076,0.0500
22625,-47.84526,-32.57495,-15.27031,-6.51304,-8.20110,-0.55617,0.9483,70.97,0.0735,29.56,2.37,0.490,0.497,0.068,0.0076,0.0500
22650,-47.88037,-32.61202,-15.26835,-6.51617,-8.19393,-0.55825,0.9488,70.94,0.0735,29.58,2.29,0.490,0.497,0.068,0.0076,0.0500
22675,-49.14021,-33.85759,-15.28262,-6.50994,-8.22100,-0.55167,0.9479,70.83,0.0733,29.57,2.36,0.490,0.497,0.068,0.0076,0.0500
22700,-49.14550,-33.90272,-15.24279,-6.49328,-8.18262,-0.56688,0.9454,70.88,0.0734,29.55,2.35,0.490,0.497,0.068,0.0076,0.0500
22725,-50.47488,-35.20772,-15.26716,-6.51300,-8.20863,-0.54553,0.9483,70.85,0.0734,29.38,2.74,0.490,0.497,0.068,0.0076,0.0500
22750,-50.40118,-35.15701,-15.24417,-6.49862,-8.17340,-0.57215,0.9462,70.86,0.0734,29.39,2.74,0.490,0.497,0.068,0.0076,0.0500
22775,-50.46781,-35.15433,-15.31348,-6.51745,-8.22385,-0.57218,0.9490,70.86,0.0734,29.38,2.78,0.490,0.497,0.068,0.0076,0.0500
22800,-50.38770,-35.10630,-15.28140,-6.50923,-8.22433,-0.54784,0.9478,70.74,0.0732,29.57,2.85,0.490,0.497,0.068,0.0076,0.0500
22825,-50.41483,-35.15892,-15.25591,-6.51263,-8.16553,-0.57775,0.9483,70.90,0.0734,29.45,2.96,0.490,0.497,0.068,0.0076,0.0500
22850,-50.36283,-35.10573,-15.25710,-6.47447,-8.21542,-0.56721,0.9427,70.79,0.0733,29.47,2.98,0.490,0.497,0.068,0.0076,0.0500
22875,-50.35482,-35.12937,-15.22546,-6.47110,-8.17967,-0.57469,0.9422,70.77,0.0733,29.59,2.87,0.490,0.497,0.068,0.0076,0.0500
22900,-50.40814,-35.12499,-15.28315,-6.49453,-8.22936,-0.55927,0.9456,70.67,0.0732,29.59,2.87,0.490,0.497,0.068,0.0076,0.0500
22925,-50.39535,-35.15919,-15.23616,-6.48693,-8.17976,-0.56947,0.9445,70.70,0.0732,29.60,2.90,0.490,0.497,0.068,0.0076,0.0500
22950,-50.41086,-35.11783,-15.29303,-6.50828,-8.22980,-0.55495,0.9476,70.88,0.0734,29.61,2.38,0.490,0.497,0.068,0.0076,0.0500
22975,-50.44173,-35.16465,-15.27708,-6.49852,-8.21569,-0.56287,0.9462,70.81,0.0733,29.59,2.39,0.490,0.497,0.068,0.0076,0.0500
23000,-50.45145,-35.16949,-15.28196,-6.49119,-8.23915,-0.55162,0.9451,-19.31,-0.0200,29.87,1.77,0.490,0.497,0.065,0.0073,0.0500
23025,-50.41036,-35.15031,-15.26005,-6.52150,-8.19222,-0.54633,0.9495,-19.30,-0.0200,29.68,2.18,0.490,0.497,0.065,0.0073,0.0500
23050,-50.44033,-35.21803,-15.22229,-6.45563,-8.18055,-0.58612,0.9400,-19.39,-0.0201,29.67,2.18,0.490,0.497,0.065,0.0073,0.0500
23075,-50.35644,-35.14230,-15.21415,-6.48724,-8.17481,-0.55210,0.9446,-19.35,-0.0200,29.66,2.15,0.490,0.497,0.065,0.0073,0.0500
23100,-50.37442,-35.11160,-15.26282,-6.48447,-8.21564,-0.56270,0.9442,-19.37,-0.0201,29.65,2.13,0.490,0.497,0.065,0.0073,0.0500
23125,-50.38916,-35.10364,-15.28552,-6.48516,-8.21971,-0.58064,0.9443,-19.38,-0.0201,29.73,1.84,0.490,0.497,0.065,0.0073,0.0500
23150,-50.45437,-35.18631,-15.26806,-6.51296,-8.19691,-0.55820,0.9483,-19.25,-0.0199,29.86,1.40,0.490,0.497,0.065,0.0073,0.0500
23175,-50.41323,-35.12659,-15.28665,-6.51570,-8.19903,-0.57191,0.9487,-19.06,-0.0197,29.82,1.35,0.490,0.497,0.065,0.0073,0.0500
23200,-50.45319,-35.15545,-15.29774,-6.51019,-8.23558,-0.55197,0.9479,-19.06,-0.0197,29.92,1.49,0.490,0.497,0.065,0.0073,0.0500
23225,-50.44334,-35.14594,-15.29739,-6.51668,-8.21065,-0.57007,0.9488,-19.04,-0.0197,29.79,1.45,0.490,0.497,0.065,0.0073,0.0500
23250,-50.49099,-35.17441,-15.31658,-6.52775,-8.23241,-0.55642,0.9505,-19.01,-0.0197,29.66,1.74,0.490,0.497,0.065,0.0073,0.0500
23275,-50.43391,-35.19710,-15.23682,-6.47928,-8.17441,-0.58313,0.9434,-19.14,-0.0198,29.63,1.79,0.490,0.497,0.065,0.0073,0.0500
23300,-50.47015,-35.19081,-15.27934,-6.48735,-8.21348,-0.57851,0.9446,-19.09,-0.0198,29.69,1.77,0.490,0.497,0.065,0.0073,0.0500
23325,-50.41074,-35.12833,-15.28240,-6.49050,-8.23422,-0.55768,0.9450,-18.99,-0.0197,29.69,1.79,0.490,0.497,0.065,0.0073,0.0500
23350,-50.42194,-35.17494,-15.24701,-6.50905,-8.17304,-0.56492,0.9477,-18.99,-0.0197,29.69,1.79,0.490,0.497,0.065,0.0073,0.0500
23375,-50.43815,-35.18072,-15.25743,-6.48600,-8.19625,-0.57518,0.9444,-18.99,-0.0197,29.70,1.74,0.490,0.497,0.065,0.0073,0.0500
23400,-50.48539,-35.21996,-15.26543,-6.50082,-8.19712,-0.56748,0.9465,-19.09,-0.0198,29.71,1.79,0.490,0.497,0.065,0.0073,0.0500
23425,-50.41303,-35.18232,-15.23071,-6.49258,-8.18031,-0.55782,0.9453,-19.24,-0.0199,29.69,1.91,0.490,0.497,0.065,0.0073,0.0500
23450,-50.49473,-35.21715,-15.27757,-6.52287,-8.21338,-0.54132,0.9497,-19.31,-0.0200,29.69,1.91,0.490,0.497,0.065,0.0073,0.0500
23475,-50.50182,-35.22011,-15.28171,-6.51869,-8.20418,-0.55884,0.9491,-19.37,-0.0201,29.73,1.85,0.490,0.497,0.065,0.0073,0.0500
23499,-50.52944,-35.24345,-15.28599,-6.50381,-8.22135,-0.56083,0.9470,-19.32,-0.0200,29.68,1.79,0.490,0.497,0.065,0.0073,0.0500
