cycle,Eall,EvdW,Emag,Ez,Edd,Ea,Mz,twist_deg,twist_rate,width_nm,coil_nm,acc_mech,acc_mag,delta_s,delta_a,delta_tw
0,-18.51356,-11.56901,-6.94455,-3.09346,-3.08739,-0.76370,0.2812,-0.44,-0.0005,30.52,0.11,0.248,0.674,1.337,0.1500,0.0500
25,-33.40612,-14.14903,-19.25710,-10.59388,-8.35884,-0.30438,0.9629,-9.37,-0.0097,30.51,0.33,0.197,0.644,1.207,0.1354,0.0500
50,-34.64475,-15.33439,-19.31036,-10.61760,-8.37970,-0.31306,0.9651,-9.56,-0.0099,30.38,0.42,0.173,0.631,1.035,0.1161,0.0500
75,-35.44454,-16.17150,-19.27304,-10.58777,-8.34550,-0.33977,0.9624,-8.68,-0.0090,30.25,0.44,0.160,0.616,0.934,0.1048,0.0500
100,-35.99575,-16.74083,-19.25493,-10.58081,-8.32688,-0.34723,0.9617,-8.74,-0.0091,30.18,0.52,0.153,0.600,0.801,0.0898,0.0500
125,-36.45611,-17.21002,-19.24609,-10.57476,-8.29946,-0.37187,0.9612,-9.06,-0.0094,30.12,0.53,0.149,0.583,0.722,0.0811,0.0500
150,-36.85153,-17.56106,-19.29047,-10.59984,-8.32504,-0.36559,0.9635,-9.14,-0.0095,30.06,0.44,0.148,0.568,0.619,0.0695,0.0500
175,-37.30235,-18.01488,-19.28747,-10.61348,-8.31303,-0.36097,0.9647,-9.18,-0.0095,30.08,0.96,0.149,0.557,0.559,0.0627,0.0500
200,-37.57195,-18.27574,-19.29621,-10.62843,-8.32510,-0.34268,0.9660,-6.19,-0.0064,30.04,0.66,0.152,0.549,0.479,0.0538,0.0500
225,-37.80288,-18.53488,-19.26800,-10.58551,-8.30813,-0.37435,0.9621,-6.52,-0.0068,29.89,0.48,0.156,0.544,0.433,0.0485,0.0500
250,-38.08183,-18.83911,-19.24272,-10.58872,-8.27932,-0.37468,0.9624,-6.58,-0.0068,29.81,0.45,0.162,0.540,0.371,0.0416,0.0500
275,-38.33393,-19.04184,-19.29209,-10.62099,-8.29796,-0.37315,0.9654,-6.46,-0.0067,29.78,0.46,0.169,0.537,0.335,0.0376,0.0500
300,-38.40210,-19.13613,-19.26596,-10.59643,-8.30010,-0.36943,0.9631,-6.30,-0.0065,29.76,0.46,0.177,0.534,0.287,0.0322,0.0500
325,-38.59781,-19.33623,-19.26158,-10.57039,-8.29925,-0.39194,0.9608,-6.12,-0.0063,29.75,0.46,0.187,0.531,0.259,0.0291,0.0500
350,-38.76500,-19.50041,-19.26459,-10.56972,-8.30539,-0.38947,0.9607,-6.08,-0.0063,29.76,0.55,0.197,0.529,0.222,0.0249,0.0500
375,-38.95062,-19.67707,-19.27356,-10.59062,-8.29048,-0.39246,0.9626,-5.98,-0.0062,29.76,0.61,0.208,0.527,0.200,0.0225,0.0500
400,-38.98763,-19.69816,-19.28947,-10.60282,-8.30070,-0.38595,0.9637,-6.13,-0.0064,29.76,0.56,0.219,0.525,0.172,0.0193,0.0500
425,-38.95493,-19.73736,-19.21758,-10.55762,-8.26622,-0.39374,0.9596,-5.92,-0.0061,29.72,0.51,0.231,0.523,0.155,0.0174,0.0500
450,-39.04417,-19.81268,-19.23149,-10.57064,-8.26774,-0.39311,0.9608,-5.94,-0.0062,29.68,0.48,0.244,0.522,0.133,0.0149,0.0500
475,-39.10178,-19.86226,-19.23952,-10.60561,-8.25372,-0.38019,0.9640,-5.99,-0.0062,29.68,0.48,0.257,0.521,0.133,0.0149,0.0500
500,-39.27475,-19.97918,-19.29557,-10.59770,-8.30798,-0.38988,0.9633,-2.75,-0.0028,29.67,0.48,0.269,0.520,0.126,0.0141,0.0500
525,-39.38324,-20.09768,-19.28556,-10.59383,-8.30058,-0.39115,0.9629,-2.51,-0.0026,29.65,0.49,0.280,0.519,0.125,0.0141,0.0500
550,-39.30028,-20.05003,-19.25025,-10.59070,-8.27192,-0.38763,0.9626,-2.53,-0.0026,29.65,0.52,0.290,0.519,0.119,0.0133,0.0500
575,-39.39527,-20.17330,-19.22197,-10.56728,-8.25793,-0.39675,0.9605,-2.63,-0.0027,29.64,0.49,0.300,0.518,0.118,0.0133,0.0500
600,-39.58125,-20.27489,-19.30637,-10.60202,-8.31281,-0.39154,0.9636,-2.58,-0.0027,29.62,0.50,0.308,0.518,0.124,0.0139,0.0500
625,-39.49888,-20.26921,-19.22967,-10.56655,-8.26671,-0.39640,0.9604,-2.49,-0.0026,29.61,0.50,0.316,0.517,0.124,0.0139,0.0500
650,-39.48675,-20.21497,-19.27179,-10.56882,-8.30983,-0.39314,0.9606,-2.57,-0.0027,29.64,0.55,0.323,0.517,0.130,0.0145,0.0500
675,-39.60123,-20.36866,-19.23256,-10.56067,-8.27235,-0.39954,0.9599,-2.65,-0.0027,29.61,0.50,0.329,0.516,0.129,0.0145,0.0500
700,-39.65242,-20.36772,-19.28471,-10.59829,-8.28871,-0.39771,0.9633,-2.54,-0.0026,29.61,0.51,0.336,0.516,0.123,0.0138,0.0500
725,-39.79268,-20.51434,-19.27834,-10.56215,-8.31355,-0.40264,0.9600,-2.75,-0.0028,29.63,0.58,0.341,0.515,0.122,0.0137,0.0500
750,-39.76943,-20.50264,-19.26679,-10.58577,-8.26828,-0.41275,0.9622,-2.75,-0.0028,29.62,0.58,0.346,0.515,0.116,0.0130,0.0500
775,-39.83605,-20.56004,-19.27601,-10.57135,-8.27666,-0.42801,0.9609,-2.71,-0.0028,29.57,0.51,0.351,0.514,0.116,0.0130,0.0500
800,-39.87324,-20.61562,-19.25763,-10.55998,-8.27960,-0.41805,0.9598,-2.53,-0.0026,29.57,0.52,0.356,0.514,0.110,0.0123,0.0500
825,-39.87064,-20.60126,-19.26938,-10.57838,-8.29024,-0.40076,0.9615,-2.38,-0.0025,29.58,0.51,0.361,0.513,0.121,0.0135,0.0500
850,-39.91735,-20.63188,-19.28547,-10.58624,-8.29025,-0.40899,0.9622,-2.41,-0.0025,29.58,0.51,0.365,0.513,0.114,0.0128,0.0500
875,-39.98411,-20.72750,-19.25662,-10.56541,-8.27981,-0.41140,0.9603,-2.42,-0.0025,29.56,0.51,0.368,0.513,0.114,0.0128,0.0500
900,-39.98653,-20.73167,-19.25486,-10.57479,-8.28035,-0.39973,0.9612,-2.69,-0.0028,29.58,0.52,0.372,0.512,0.120,0.0134,0.0500
925,-39.97360,-20.75140,-19.22220,-10.52369,-8.28257,-0.41594,0.9565,-2.73,-0.0028,29.57,0.52,0.375,0.512,0.108,0.0121,0.0500
950,-40.02015,-20.76149,-19.25867,-10.57799,-8.27552,-0.40516,0.9615,-2.73,-0.0028,29.57,0.53,0.378,0.512,0.113,0.0127,0.0500
975,-40.09598,-20.82283,-19.27315,-10.58805,-8.27368,-0.41142,0.9624,-2.73,-0.0028,29.62,0.67,0.381,0.512,0.113,0.0126,0.0500
1000,-40.11916,-20.86355,-19.25560,-10.54616,-8.29130,-0.41814,0.9586,-3.05,-0.0032,29.58,0.62,0.384,0.512,0.107,0.0120,0.0500
1025,-40.09781,-20.87138,-19.22644,-10.55305,-8.24804,-0.42534,0.9592,-3.06,-0.0032,29.53,0.52,0.387,0.511,0.118,0.0132,0.0500
1050,-40.18498,-20.87450,-19.31048,-10.60010,-8.30863,-0.40175,0.9635,-2.96,-0.0031,29.55,0.54,0.390,0.511,0.123,0.0138,0.0500
1075,-40.19509,-20.95265,-19.24244,-10.54024,-8.26993,-0.43227,0.9580,-3.19,-0.0033,29.53,0.55,0.392,0.511,0.111,0.0125,0.0500
1100,-40.29687,-20.99399,-19.30288,-10.60025,-8.30633,-0.39630,0.9635,-3.34,-0.0035,29.55,0.62,0.395,0.511,0.105,0.0118,0.0500
1125,-40.30648,-20.98367,-19.32281,-10.61969,-8.30629,-0.39682,0.9653,-3.33,-0.0034,29.54,0.61,0.397,0.511,0.116,0.0130,0.0500
1150,-40.24706,-20.99291,-19.25415,-10.57366,-8.25303,-0.42746,0.9611,-3.17,-0.0033,29.54,0.62,0.399,0.510,0.110,0.0124,0.0500
1175,-40.32632,-21.06285,-19.26347,-10.59272,-8.25506,-0.41569,0.9628,-3.08,-0.0032,29.53,0.61,0.401,0.510,0.110,0.0123,0.0500
1200,-40.32610,-21.09088,-19.23522,-10.55346,-8.27102,-0.41074,0.9592,-3.19,-0.0033,29.51,0.56,0.403,0.510,0.115,0.0129,0.0500
1225,-40.33901,-21.03229,-19.30673,-10.60611,-8.27955,-0.42107,0.9640,-3.11,-0.0032,29.56,0.61,0.405,0.510,0.104,0.0117,0.0500
1250,-40.37800,-21.08675,-19.29125,-10.60097,-8.27535,-0.41493,0.9636,-3.07,-0.0032,29.57,0.56,0.407,0.509,0.109,0.0122,0.0500
1275,-40.34992,-21.08563,-19.26429,-10.57881,-8.27411,-0.41138,0.9615,-3.15,-0.0033,29.56,0.61,0.409,0.509,0.109,0.0122,0.0500
1300,-40.41663,-21.13840,-19.27823,-10.57454,-8.28663,-0.41707,0.9612,-3.09,-0.0032,29.57,0.61,0.411,0.509,0.103,0.0115,0.0500
1325,-40.44957,-21.19619,-19.25337,-10.56423,-8.27301,-0.41613,0.9602,-3.02,-0.0031,29.57,0.61,0.412,0.509,0.103,0.0115,0.0500
1350,-40.36876,-21.08974,-19.27903,-10.60524,-8.27027,-0.40352,0.9639,-2.99,-0.0031,29.57,0.61,0.414,0.509,0.107,0.0121,0.0500
1375,-40.49272,-21.22702,-19.26569,-10.59344,-8.25293,-0.41932,0.9629,-3.13,-0.0032,29.57,0.61,0.416,0.509,0.107,0.0120,0.0500
1400,-40.50315,-21.23030,-19.27285,-10.58988,-8.27546,-0.40752,0.9625,-3.24,-0.0034,29.58,0.66,0.417,0.509,0.102,0.0114,0.0500
1425,-40.58640,-21.29699,-19.28942,-10.60246,-8.27552,-0.41144,0.9637,-3.08,-0.0032,29.59,0.61,0.419,0.509,0.112,0.0126,0.0500
1450,-40.57147,-21.31985,-19.25163,-10.57085,-8.26828,-0.41250,0.9608,-3.03,-0.0031,29.59,0.63,0.420,0.508,0.106,0.0119,0.0500
1475,-40.61636,-21.30857,-19.30780,-10.59747,-8.28700,-0.42333,0.9632,-3.00,-0.0031,29.59,0.68,0.421,0.508,0.106,0.0119,0.0500
1500,-40.55088,-21.28289,-19.26799,-10.58848,-8.25721,-0.42230,0.9624,-3.10,-0.0032,29.57,0.58,0.423,0.508,0.100,0.0113,0.0500
1525,-40.60684,-21.31693,-19.28991,-10.60382,-8.24824,-0.43785,0.9638,-2.89,-0.0030,29.56,0.59,0.424,0.508,0.111,0.0124,0.0500
1550,-40.63994,-21.30750,-19.33244,-10.61775,-8.30141,-0.41328,0.9651,-2.66,-0.0028,29.56,0.59,0.425,0.508,0.105,0.0118,0.0500
1575,-40.60811,-21.32570,-19.28242,-10.58930,-8.27311,-0.42001,0.9625,-2.86,-0.0030,29.59,0.65,0.426,0.508,0.105,0.0117,0.0500
1600,-40.58641,-21.29930,-19.28712,-10.59816,-8.26740,-0.42156,0.9633,-2.82,-0.0029,29.60,0.64,0.428,0.507,0.110,0.0123,0.0500
1625,-40.66460,-21.35039,-19.31421,-10.63365,-8.27493,-0.40562,0.9665,-3.01,-0.0031,29.59,0.64,0.428,0.507,0.109,0.0123,0.0500
1650,-40.68216,-21.39707,-19.28509,-10.59467,-8.27420,-0.41622,0.9630,-3.03,-0.0031,29.59,0.68,0.429,0.507,0.104,0.0116,0.0500
1675,-40.65077,-21.35022,-19.30055,-10.59019,-8.29885,-0.41152,0.9626,-0.71,-0.0007,29.59,0.63,0.430,0.507,0.114,0.0128,0.0500
1700,-40.71271,-21.42916,-19.28355,-10.59357,-8.29515,-0.39482,0.9629,-0.74,-0.0008,29.57,0.64,0.431,0.507,0.098,0.0110,0.0500
1725,-40.68162,-21.42591,-19.25572,-10.58169,-8.24080,-0.43323,0.9618,-0.78,-0.0008,29.58,0.64,0.432,0.507,0.108,0.0121,0.0500
1750,-40.75161,-21.48549,-19.26612,-10.56612,-8.27940,-0.42060,0.9604,-0.74,-0.0008,29.56,0.58,0.433,0.507,0.102,0.0115,0.0500
1775,-40.80542,-21.52343,-19.28199,-10.59798,-8.26676,-0.41726,0.9633,-0.63,-0.0007,29.57,0.63,0.434,0.507,0.102,0.0114,0.0500
1800,-40.77382,-21.49042,-19.28339,-10.57685,-8.27152,-0.43503,0.9614,-0.74,-0.0008,29.58,0.64,0.435,0.507,0.097,0.0108,0.0500
1825,-40.78062,-21.47900,-19.30161,-10.61565,-8.27254,-0.41342,0.9649,-0.59,-0.0006,29.55,0.58,0.436,0.507,0.107,0.0120,0.0500
1850,-40.74743,-21.47699,-19.27045,-10.56236,-8.28280,-0.42528,0.9600,-0.47,-0.0005,29.55,0.58,0.437,0.507,0.101,0.0113,0.0500
1875,-40.81325,-21.51779,-19.29546,-10.60503,-8.27986,-0.41057,0.9639,-0.41,-0.0004,29.56,0.58,0.438,0.506,0.101,0.0113,0.0500
1900,-40.88234,-21.54141,-19.34093,-10.61712,-8.30080,-0.42300,0.9650,-0.46,-0.0005,29.55,0.58,0.439,0.506,0.095,0.0107,0.0500
1925,-40.85456,-21.57334,-19.28122,-10.59454,-8.26161,-0.42507,0.9630,-0.40,-0.0004,29.55,0.58,0.439,0.506,0.095,0.0107,0.0500
1950,-40.85294,-21.55240,-19.30053,-10.59544,-8.28512,-0.41998,0.9630,-0.34,-0.0004,29.56,0.57,0.440,0.506,0.100,0.0112,0.0500
1975,-40.87079,-21.55583,-19.31496,-10.58942,-8.28962,-0.43593,0.9625,-0.36,-0.0004,29.55,0.57,0.441,0.506,0.099,0.0112,0.0500
2000,-40.84120,-21.51615,-19.32505,-10.59900,-8.30169,-0.42437,0.9634,-0.34,-0.0004,29.55,0.58,0.442,0.506,0.104,0.0117,0.0500
2025,-40.87984,-21.57055,-19.30929,-10.58159,-8.30633,-0.42137,0.9618,0.06,0.0001,29.56,0.64,0.442,0.506,0.104,0.0117,0.0500
2050,-40.89762,-21.61253,-19.28508,-10.56993,-8.28873,-0.42642,0.9607,-0.11,-0.0001,29.57,0.64,0.443,0.506,0.104,0.0117,0.0500
2075,-40.86922,-21.59323,-19.27599,-10.56736,-8.27425,-0.43437,0.9605,0.09,0.0001,29.57,0.64,0.444,0.506,0.104,0.0117,0.0500
2100,-40.92164,-21.62053,-19.30111,-10.60021,-8.26955,-0.43135,0.9635,-0.02,-0.0000,29.57,0.64,0.444,0.506,0.104,0.0117,0.0500
2125,-40.96603,-21.67432,-19.29171,-10.55458,-8.28832,-0.44881,0.9593,0.09,0.0001,29.57,0.64,0.445,0.506,0.104,0.0117,0.0500
2150,-41.01365,-21.70001,-19.31364,-10.60666,-8.29520,-0.41178,0.9641,-0.01,-0.0000,29.56,0.64,0.445,0.506,0.104,0.0117,0.0500
2175,-40.96305,-21.69567,-19.26738,-10.57421,-8.25560,-0.43757,0.9611,-0.05,-0.0001,29.56,0.65,0.445,0.506,0.104,0.0117,0.0500
2200,-41.11434,-21.82224,-19.29210,-10.61261,-8.26191,-0.41759,0.9646,-0.09,-0.0001,29.53,0.60,0.446,0.506,0.104,0.0117,0.0500
2225,-41.10786,-21.80533,-19.30253,-10.60206,-8.28792,-0.41255,0.9637,-0.12,-0.0001,29.52,0.60,0.446,0.506,0.104,0.0117,0.0500
2250,-41.07776,-21.76004,-19.31771,-10.61157,-8.27822,-0.42792,0.9645,0.03,0.0000,29.53,0.59,0.447,0.506,0.104,0.0117,0.0500
2275,-41.11929,-21.79449,-19.32480,-10.59896,-8.29518,-0.43067,0.9634,-0.09,-0.0001,29.53,0.60,0.447,0.506,0.104,0.0117,0.0500
2300,-41.10812,-21.81595,-19.29216,-10.57889,-8.28384,-0.42943,0.9615,0.01,0.0000,29.54,0.60,0.447,0.506,0.104,0.0117,0.0500
2325,-41.08695,-21.83440,-19.25255,-10.56343,-8.25355,-0.43558,0.9601,0.19,0.0002,29.60,0.68,0.448,0.506,0.104,0.0117,0.0500
2350,-41.04398,-21.77582,-19.26815,-10.56654,-8.26379,-0.43782,0.9604,0.14,0.0001,29.59,0.68,0.448,0.506,0.104,0.0117,0.0500
2375,-41.08692,-21.84715,-19.23977,-10.55289,-8.23962,-0.44727,0.9592,0.17,0.0002,29.57,0.68,0.448,0.506,0.104,0.0117,0.0500
2400,-41.16021,-21.89081,-19.26940,-10.54860,-8.27965,-0.44115,0.9588,0.05,0.0001,29.57,0.68,0.449,0.506,0.104,0.0117,0.0500
2425,-41.19846,-21.87948,-19.31898,-10.58354,-8.29821,-0.43723,0.9620,0.03,0.0000,29.56,0.62,0.449,0.506,0.104,0.0117,0.0500
2450,-41.23430,-21.94466,-19.28963,-10.57829,-8.27377,-0.43757,0.9615,-0.18,-0.0002,29.57,0.69,0.449,0.506,0.104,0.0117,0.0500
2475,-41.16566,-21.86010,-19.30556,-10.58774,-8.27536,-0.44247,0.9624,-0.17,-0.0002,29.57,0.69,0.450,0.506,0.104,0.0117,0.0500
2500,-41.23318,-21.94665,-19.28653,-10.57165,-8.26886,-0.44602,0.9609,-0.24,-0.0003,29.55,0.67,0.450,0.506,0.104,0.0117,0.0500
2525,-41.23095,-21.93266,-19.29829,-10.59671,-8.27285,-0.42873,0.9632,-0.29,-0.0003,29.57,0.67,0.450,0.506,0.104,0.0117,0.0500
2550,-41.10643,-21.88108,-19.22535,-10.54028,-8.24541,-0.43965,0.9580,-0.23,-0.0002,29.58,0.67,0.450,0.506,0.104,0.0117,0.0500
2575,-41.17945,-21.84611,-19.33334,-10.58937,-8.30293,-0.44104,0.9625,-0.27,-0.0003,29.55,0.65,0.450,0.506,0.104,0.0117,0.0500
2600,-41.24337,-21.93329,-19.31008,-10.59216,-8.30417,-0.41375,0.9628,-0.41,-0.0004,29.54,0.65,0.451,0.506,0.104,0.0117,0.0500
2625,-41.22308,-21.95677,-19.26631,-10.56664,-8.23952,-0.46015,0.9604,-0.54,-0.0006,29.53,0.65,0.451,0.506,0.104,0.0117,0.0500
2650,-41.21596,-21.94254,-19.27342,-10.56993,-8.25952,-0.44398,0.9607,-0.45,-0.0005,29.53,0.60,0.452,0.506,0.104,0.0117,0.0500
2675,-41.21282,-21.93201,-19.28081,-10.58813,-8.26917,-0.42351,0.9624,-0.49,-0.0005,29.54,0.65,0.452,0.506,0.104,0.0117,0.0500
2700,-41.13961,-21.86977,-19.26984,-10.59405,-8.24711,-0.42868,0.9629,-0.35,-0.0004,29.57,0.68,0.452,0.506,0.104,0.0117,0.0500
2725,-41.22871,-21.95322,-19.27549,-10.59040,-8.27064,-0.41445,0.9626,-0.44,-0.0005,29.54,0.65,0.452,0.506,0.104,0.0117,0.0500
2750,-41.29751,-21.99197,-19.30553,-10.59030,-8.28859,-0.42665,0.9626,-0.26,-0.0003,29.57,0.68,0.452,0.506,0.104,0.0117,0.0500
2775,-41.21440,-21.97085,-19.24354,-10.58417,-8.22339,-0.43598,0.9620,-0.10,-0.0001,29.58,0.69,0.453,0.506,0.104,0.0117,0.0500
2800,-41.24640,-21.97841,-19.26799,-10.54649,-8.27285,-0.44865,0.9586,-0.12,-0.0001,29.54,0.66,0.453,0.506,0.104,0.0117,0.0500
2825,-41.33096,-22.03779,-19.29317,-10.58991,-8.28077,-0.42249,0.9625,-0.20,-0.0002,29.57,0.68,0.453,0.506,0.104,0.0117,0.0500
2850,-41.32176,-22.05126,-19.27050,-10.60844,-8.23370,-0.42836,0.9642,-0.08,-0.0001,29.57,0.69,0.453,0.506,0.104,0.0117,0.0500
2875,-41.30254,-22.02629,-19.27625,-10.58222,-8.25242,-0.44160,0.9618,-0.08,-0.0001,29.57,0.68,0.453,0.506,0.104,0.0117,0.0500
2900,-41.27428,-22.03475,-19.23953,-10.56214,-8.23744,-0.43994,0.9600,0.06,0.0001,29.56,0.68,0.453,0.506,0.104,0.0117,0.0500
2925,-41.37765,-22.10608,-19.27158,-10.56945,-8.24112,-0.46100,0.9607,-0.03,-0.0000,29.53,0.67,0.453,0.506,0.104,0.0117,0.0500
2950,-41.37553,-22.09340,-19.28212,-10.59036,-8.26206,-0.42971,0.9626,0.17,0.0002,29.53,0.67,0.454,0.506,0.104,0.0117,0.0500
2975,-41.28241,-22.00905,-19.27336,-10.57560,-8.26602,-0.43173,0.9612,0.16,0.0002,29.54,0.67,0.454,0.506,0.104,0.0117,0.0500
3000,-41.32361,-22.05278,-19.27083,-10.55957,-8.24874,-0.46252,0.9598,0.42,0.0004,29.55,0.67,0.454,0.506,0.099,0.0111,0.0500
3025,-41.37268,-22.11856,-19.25413,-10.58137,-8.21620,-0.45656,0.9618,0.35,0.0004,29.53,0.67,0.454,0.505,0.099,0.0111,0.0500
3050,-41.38686,-22.07855,-19.30831,-10.58007,-8.27682,-0.45142,0.9617,0.18,0.0002,29.54,0.67,0.455,0.505,0.099,0.0111,0.0500
3075,-41.38364,-22.09407,-19.28958,-10.60047,-8.25664,-0.43246,0.9635,0.07,0.0001,29.53,0.68,0.455,0.505,0.099,0.0111,0.0500
3100,-41.43453,-22.12152,-19.31301,-10.59345,-8.27772,-0.44184,0.9629,0.05,0.0001,29.55,0.70,0.455,0.505,0.099,0.0111,0.0500
3125,-41.43074,-22.13478,-19.29595,-10.58185,-8.26852,-0.44559,0.9618,0.01,0.0000,29.56,0.70,0.455,0.505,0.099,0.0111,0.0500
3150,-41.48849,-22.19673,-19.29176,-10.57723,-8.27355,-0.44099,0.9614,0.16,0.0002,29.57,0.74,0.455,0.505,0.099,0.0111,0.0500
3175,-41.46625,-22.15986,-19.30639,-10.60132,-8.26634,-0.43873,0.9636,0.21,0.0002,29.56,0.76,0.455,0.505,0.099,0.0111,0.0500
3200,-41.40366,-22.15888,-19.24479,-10.54951,-8.24157,-0.45371,0.9589,0.27,0.0003,29.57,0.77,0.456,0.505,0.099,0.0111,0.0500
3225,-41.45026,-22.20744,-19.24282,-10.56412,-8.22616,-0.45254,0.9602,0.14,0.0001,29.56,0.71,0.456,0.504,0.099,0.0111,0.0500
3250,-41.51876,-22.26704,-19.25171,-10.55794,-8.24127,-0.45250,0.9596,0.01,0.0000,29.54,0.72,0.456,0.504,0.099,0.0111,0.0500
3275,-41.56752,-22.25633,-19.31119,-10.62209,-8.25115,-0.43795,0.9655,0.03,0.0000,29.54,0.72,0.456,0.504,0.099,0.0111,0.0500
3300,-41.58800,-22.26404,-19.32396,-10.62472,-8.28357,-0.41567,0.9657,-0.13,-0.0001,29.56,0.77,0.457,0.504,0.099,0.0111,0.0500
3325,-41.60079,-22.30412,-19.29666,-10.59643,-8.27304,-0.42720,0.9631,-0.07,-0.0001,29.52,0.76,0.457,0.504,0.099,0.0111,0.0500
3350,-41.54523,-22.26498,-19.28025,-10.57503,-8.25670,-0.44851,0.9612,0.01,0.0000,29.55,0.72,0.457,0.504,0.099,0.0111,0.0500
3375,-41.58520,-22.26288,-19.32232,-10.60923,-8.28193,-0.43116,0.9643,-0.02,-0.0000,29.57,0.71,0.457,0.504,0.099,0.0111,0.0500
3400,-41.53801,-22.31437,-19.22364,-10.55147,-8.21710,-0.45507,0.9591,-0.05,-0.0001,29.54,0.65,0.457,0.504,0.099,0.0111,0.0500
3425,-41.61966,-22.34340,-19.27626,-10.58560,-8.25547,-0.43519,0.9622,-0.05,-0.0001,29.63,0.82,0.457,0.504,0.099,0.0111,0.0500
3450,-41.53678,-22.23605,-19.30073,-10.60280,-8.25863,-0.43931,0.9637,0.00,0.0000,29.64,0.82,0.457,0.504,0.099,0.0111,0.0500
3475,-41.59339,-22.27930,-19.31408,-10.60912,-8.26558,-0.43938,0.9643,-0.05,-0.0000,29.59,0.71,0.458,0.503,0.099,0.0111,0.0500
3500,-41.59365,-22.32318,-19.27047,-10.58545,-8.22545,-0.45957,0.9621,-0.11,-0.0001,29.57,0.68,0.458,0.503,0.099,0.0111,0.0500
3525,-41.61325,-22.33761,-19.27564,-10.54572,-8.27303,-0.45689,0.9585,-0.32,-0.0003,29.58,0.67,0.458,0.503,0.099,0.0111,0.0500
3550,-41.61843,-22.33015,-19.28828,-10.59950,-8.24631,-0.44247,0.9634,-0.36,-0.0004,29.57,0.67,0.458,0.503,0.099,0.0111,0.0500
3575,-41.56552,-22.29173,-19.27379,-10.56450,-8.25852,-0.45078,0.9602,-0.29,-0.0003,29.57,0.68,0.458,0.503,0.099,0.0111,0.0500
3600,-41.62020,-22.30774,-19.31246,-10.61061,-8.27035,-0.43150,0.9644,-0.30,-0.0003,29.56,0.68,0.458,0.503,0.099,0.0111,0.0500
3625,-41.66626,-22.36279,-19.30346,-10.59622,-8.26021,-0.44704,0.9631,-0.35,-0.0004,29.56,0.69,0.458,0.503,0.099,0.0111,0.0500
3650,-41.68718,-22.37959,-19.30759,-10.57811,-8.28982,-0.43967,0.9615,-0.35,-0.0004,29.56,0.75,0.458,0.503,0.099,0.0111,0.0500
3675,-41.63746,-22.37132,-19.26614,-10.57139,-8.25038,-0.44436,0.9609,-0.22,-0.0002,29.57,0.79,0.458,0.503,0.099,0.0111,0.0500
3700,-41.72520,-22.40317,-19.32203,-10.61550,-8.26976,-0.43678,0.9649,-0.23,-0.0002,29.56,0.79,0.458,0.503,0.099,0.0111,0.0500
3725,-41.71653,-22.38041,-19.33612,-10.60800,-8.29263,-0.43550,0.9642,-0.06,-0.0001,29.56,0.80,0.459,0.503,0.099,0.0111,0.0500
3750,-41.73907,-22.48517,-19.25390,-10.55499,-8.26296,-0.43595,0.9594,-0.08,-0.0001,29.55,0.81,0.459,0.502,0.099,0.0111,0.0500
3775,-41.72841,-22.43790,-19.29051,-10.61463,-8.24509,-0.43079,0.9648,-0.29,-0.0003,29.55,0.81,0.459,0.502,0.099,0.0111,0.0500
3800,-41.62629,-22.35659,-19.26970,-10.58674,-8.23629,-0.44667,0.9623,-0.24,-0.0002,29.57,0.81,0.459,0.502,0.099,0.0111,0.0500
3825,-41.68830,-22.39413,-19.29417,-10.57469,-8.26725,-0.45223,0.9612,-0.26,-0.0003,29.57,0.81,0.459,0.502,0.099,0.0111,0.0500
3850,-41.58323,-22.31257,-19.27066,-10.58019,-8.23675,-0.45372,0.9617,-0.30,-0.0003,29.57,0.81,0.459,0.502,0.099,0.0111,0.0500
3875,-41.65486,-22.33660,-19.31826,-10.62312,-8.26361,-0.43153,0.9656,-0.39,-0.0004,29.54,0.78,0.459,0.502,0.099,0.0111,0.0500
3900,-41.65061,-22.36663,-19.28398,-10.60282,-8.23768,-0.44349,0.9637,-0.40,-0.0004,29.54,0.79,0.459,0.502,0.099,0.0111,0.0500
3925,-41.67659,-22.40083,-19.27576,-10.58024,-8.23160,-0.46392,0.9617,-0.54,-0.0006,29.52,0.80,0.459,0.502,0.099,0.0111,0.0500
3950,-41.70365,-22.42468,-19.27897,-10.58549,-8.24493,-0.44856,0.9621,-0.47,-0.0005,29.52,0.80,0.459,0.502,0.099,0.0111,0.0500
3975,-41.71454,-22.45170,-19.26283,-10.58647,-8.22133,-0.45503,0.9622,-0.49,-0.0005,29.52,0.80,0.459,0.502,0.099,0.0111,0.0500
4000,-41.76831,-22.46313,-19.30519,-10.60725,-8.25295,-0.44499,0.9641,-0.51,-0.0005,29.52,0.81,0.459,0.502,0.094,0.0105,0.0500
4025,-41.71515,-22.38877,-19.32638,-10.59863,-8.27910,-0.44864,0.9633,-0.62,-0.0006,29.53,0.81,0.460,0.502,0.094,0.0105,0.0500
4050,-41.73975,-22.44819,-19.29157,-10.59115,-8.25924,-0.44117,0.9627,-0.50,-0.0005,29.54,0.80,0.460,0.502,0.094,0.0105,0.0500
4075,-41.76668,-22.46557,-19.30111,-10.59553,-8.26543,-0.44015,0.9631,-0.62,-0.0006,29.58,0.87,0.460,0.502,0.094,0.0105,0.0500
4100,-41.73275,-22.40682,-19.32593,-10.58841,-8.29205,-0.44547,0.9624,-0.57,-0.0006,29.38,1.23,0.460,0.502,0.094,0.0105,0.0500
4125,-41.84903,-22.53377,-19.31526,-10.60366,-8.26458,-0.44702,0.9638,-0.51,-0.0005,29.56,0.83,0.460,0.502,0.094,0.0105,0.0500
4150,-41.89693,-22.55681,-19.34012,-10.61860,-8.28516,-0.43636,0.9652,-0.59,-0.0006,29.39,1.22,0.461,0.502,0.094,0.0105,0.0500
4175,-41.81123,-22.49754,-19.31369,-10.55628,-8.30326,-0.45414,0.9595,-0.74,-0.0008,29.54,0.83,0.461,0.502,0.094,0.0105,0.0500
4200,-41.83681,-22.54078,-19.29603,-10.56914,-8.26692,-0.45997,0.9607,-0.83,-0.0009,29.54,0.82,0.461,0.502,0.094,0.0105,0.0500
4225,-41.89916,-22.57552,-19.32364,-10.60686,-8.28384,-0.43294,0.9641,-1.04,-0.0011,29.54,0.83,0.461,0.502,0.094,0.0105,0.0500
4250,-41.88447,-22.57750,-19.30697,-10.61445,-8.24943,-0.44309,0.9648,-1.06,-0.0011,29.54,0.83,0.461,0.502,0.094,0.0105,0.0500
4275,-41.86796,-22.56062,-19.30734,-10.60344,-8.25395,-0.44995,0.9638,-1.14,-0.0012,29.54,0.84,0.461,0.502,0.094,0.0105,0.0500
4300,-41.94264,-22.58052,-19.36211,-10.61138,-8.29659,-0.45414,0.9645,-1.34,-0.0014,29.54,0.84,0.461,0.502,0.094,0.0105,0.0500
4325,-41.82164,-22.52329,-19.29835,-10.58480,-8.27859,-0.43497,0.9621,-1.30,-0.0014,29.60,0.92,0.461,0.502,0.094,0.0105,0.0500
4350,-41.84699,-22.54119,-19.30579,-10.60144,-8.27203,-0.43232,0.9636,-1.37,-0.0014,29.27,1.70,0.462,0.502,0.094,0.0105,0.0500
4375,-41.82581,-22.49197,-19.33385,-10.57681,-8.31376,-0.44328,0.9614,-1.42,-0.0015,29.28,1.70,0.462,0.502,0.094,0.0105,0.0500
4400,-41.91436,-22.58059,-19.33377,-10.62039,-8.28074,-0.43264,0.9653,-1.34,-0.0014,29.32,1.74,0.462,0.502,0.094,0.0105,0.0500
4425,-41.84642,-22.55143,-19.29499,-10.59856,-8.23480,-0.46162,0.9633,-1.30,-0.0013,29.35,1.72,0.462,0.502,0.094,0.0105,0.0500
4450,-41.88985,-22.58415,-19.30570,-10.60051,-8.25993,-0.44526,0.9635,-1.24,-0.0013,29.33,2.12,0.462,0.502,0.094,0.0105,0.0500
4475,-41.81285,-22.53632,-19.27653,-10.60493,-8.20977,-0.46184,0.9639,-1.27,-0.0013,29.28,1.66,0.462,0.502,0.094,0.0105,0.0500
4500,-41.94242,-22.62544,-19.31698,-10.61417,-8.26340,-0.43941,0.9648,-1.31,-0.0014,29.08,2.00,0.463,0.502,0.094,0.0105,0.0500
4525,-41.86403,-22.58180,-19.28223,-10.57288,-8.26104,-0.44832,0.9610,-1.20,-0.0012,29.24,1.62,0.463,0.502,0.094,0.0105,0.0500
4550,-41.85906,-22.58473,-19.27432,-10.56416,-8.25639,-0.45377,0.9602,-1.19,-0.0012,29.16,2.08,0.463,0.502,0.094,0.0105,0.0500
4575,-41.96839,-22.67445,-19.29393,-10.62354,-8.22727,-0.44312,0.9656,-0.96,-0.0010,29.61,0.87,0.463,0.502,0.094,0.0105,0.0500
4600,-41.92508,-22.66341,-19.26167,-10.59554,-8.20534,-0.46078,0.9631,-1.12,-0.0012,29.44,1.49,0.463,0.502,0.094,0.0105,0.0500
4625,-41.90196,-22.62357,-19.27839,-10.59251,-8.23792,-0.44796,0.9628,-0.98,-0.0010,29.42,1.48,0.463,0.502,0.094,0.0105,0.0500
4650,-41.87879,-22.58003,-19.29877,-10.62009,-8.23202,-0.44666,0.9653,-0.98,-0.0010,29.63,1.14,0.463,0.502,0.094,0.0105,0.0500
4675,-41.96520,-22.63445,-19.33075,-10.59746,-8.28693,-0.44636,0.9632,-0.99,-0.0010,29.62,0.82,0.463,0.502,0.094,0.0105,0.0500
4700,-41.99530,-22.65529,-19.34001,-10.59964,-8.29904,-0.44134,0.9634,-0.91,-0.0009,29.61,1.16,0.463,0.502,0.094,0.0105,0.0500
4725,-41.92092,-22.65144,-19.26949,-10.55581,-8.24015,-0.47352,0.9594,-1.02,-0.0011,29.67,0.96,0.464,0.502,0.094,0.0105,0.0500
4750,-41.95110,-22.65067,-19.30043,-10.60676,-8.25019,-0.44348,0.9641,-0.95,-0.0010,29.43,1.55,0.464,0.502,0.094,0.0105,0.0500
4775,-41.93047,-22.63921,-19.29126,-10.60054,-8.24912,-0.44159,0.9635,-0.83,-0.0009,29.61,0.83,0.464,0.502,0.094,0.0105,0.0500
4800,-41.97492,-22.66953,-19.30539,-10.61008,-8.24724,-0.44806,0.9644,-0.83,-0.0009,29.58,0.83,0.464,0.502,0.094,0.0105,0.0500
4825,-41.89160,-22.60450,-19.28709,-10.59211,-8.23302,-0.46196,0.9627,-0.86,-0.0009,29.40,1.48,0.464,0.502,0.094,0.0105,0.0500
4850,-41.95850,-22.62668,-19.33182,-10.59943,-8.27930,-0.45309,0.9634,-0.81,-0.0008,29.27,2.00,0.464,0.502,0.094,0.0105,0.0500
4875,-42.01486,-22.71442,-19.30044,-10.58043,-8.25738,-0.46263,0.9617,-0.85,-0.0009,29.61,0.83,0.464,0.502,0.094,0.0105,0.0500
4900,-42.02443,-22.71128,-19.31314,-10.59878,-8.26055,-0.45381,0.9634,-0.81,-0.0008,29.60,0.87,0.464,0.502,0.094,0.0105,0.0500
4925,-41.97767,-22.68027,-19.29740,-10.57568,-8.24032,-0.48140,0.9613,-0.91,-0.0009,29.56,0.82,0.464,0.502,0.094,0.0105,0.0500
4950,-41.91137,-22.65322,-19.25815,-10.56244,-8.22725,-0.46846,0.9601,-0.90,-0.0009,29.57,0.82,0.464,0.502,0.094,0.0105,0.0500
4975,-41.95497,-22.60994,-19.34503,-10.61661,-8.26688,-0.46153,0.9650,-0.86,-0.0009,29.57,0.79,0.464,0.502,0.094,0.0105,0.0500
5000,-41.94855,-22.64504,-19.30351,-10.60236,-8.24253,-0.45862,0.9637,-0.86,-0.0009,29.59,0.83,0.464,0.502,0.089,0.0100,0.0500
5025,-41.95066,-22.61971,-19.33095,-10.60338,-8.27429,-0.45327,0.9638,-0.82,-0.0009,29.59,0.83,0.464,0.502,0.089,0.0100,0.0500
5050,-41.96887,-22.65044,-19.31842,-10.58898,-8.27166,-0.45778,0.9625,-0.74,-0.0008,29.60,0.84,0.464,0.502,0.089,0.0100,0.0500
5075,-41.99907,-22.66957,-19.32950,-10.58790,-8.27690,-0.46471,0.9624,-0.87,-0.0009,29.59,0.84,0.465,0.502,0.089,0.0100,0.0500
5100,-41.95067,-22.65824,-19.29243,-10.58223,-8.24730,-0.46290,0.9618,-0.81,-0.0008,29.60,0.84,0.465,0.502,0.089,0.0100,0.0500
5125,-41.92807,-22.64952,-19.27855,-10.56117,-8.24629,-0.47109,0.9599,-0.80,-0.0008,29.60,0.84,0.465,0.502,0.089,0.0100,0.0500
5150,-41.97137,-22.68598,-19.28538,-10.54588,-8.27861,-0.46089,0.9585,-0.72,-0.0007,29.59,0.84,0.465,0.502,0.089,0.0100,0.0500
5175,-42.05776,-22.68140,-19.37636,-10.64164,-8.28378,-0.45095,0.9672,-0.73,-0.0008,29.59,0.84,0.465,0.502,0.089,0.0100,0.0500
5200,-42.06261,-22.76024,-19.30237,-10.56950,-8.26837,-0.46450,0.9607,-0.85,-0.0009,29.57,0.84,0.465,0.502,0.089,0.0100,0.0500
5225,-42.03018,-22.72984,-19.30034,-10.58317,-8.25191,-0.46526,0.9619,-0.92,-0.0010,29.59,0.85,0.465,0.502,0.089,0.0100,0.0500
5250,-42.04710,-22.75454,-19.29256,-10.58183,-8.24238,-0.46835,0.9618,-1.00,-0.0010,29.57,0.83,0.466,0.501,0.089,0.0100,0.0500
5275,-42.09599,-22.77090,-19.32510,-10.57776,-8.27388,-0.47346,0.9614,-1.04,-0.0011,29.57,0.82,0.466,0.501,0.089,0.0100,0.0500
5300,-42.06772,-22.74888,-19.31884,-10.60565,-8.26119,-0.45200,0.9640,-1.12,-0.0012,29.59,0.87,0.466,0.501,0.089,0.0100,0.0500
5325,-42.06504,-22.76734,-19.29770,-10.58754,-8.24541,-0.46476,0.9623,-1.12,-0.0012,29.60,0.87,0.466,0.501,0.089,0.0100,0.0500
5350,-42.09333,-22.79964,-19.29369,-10.57046,-8.25662,-0.46661,0.9608,-1.14,-0.0012,29.61,0.86,0.466,0.501,0.089,0.0100,0.0500
5375,-42.04742,-22.76461,-19.28280,-10.56208,-8.24286,-0.47786,0.9600,-1.11,-0.0011,29.62,0.90,0.466,0.501,0.089,0.0100,0.0500
5400,-42.09793,-22.79585,-19.30208,-10.59457,-8.25468,-0.45283,0.9630,-1.41,-0.0015,29.62,0.87,0.466,0.501,0.089,0.0100,0.0500
5425,-42.10909,-22.80154,-19.30755,-10.58363,-8.25407,-0.46985,0.9620,-1.25,-0.0013,29.63,0.87,0.466,0.501,0.089,0.0100,0.0500
5450,-42.12494,-22.79605,-19.32889,-10.59356,-8.26157,-0.47375,0.9629,-1.18,-0.0012,29.64,0.91,0.466,0.501,0.089,0.0100,0.0500
5475,-42.05137,-22.78759,-19.26378,-10.59350,-8.20783,-0.46245,0.9629,-1.19,-0.0012,29.63,0.86,0.466,0.501,0.089,0.0100,0.0500
5500,-42.13834,-22.80754,-19.33079,-10.60565,-8.25470,-0.47045,0.9640,-1.08,-0.0011,29.61,0.81,0.466,0.501,0.089,0.0100,0.0500
5525,-42.12531,-22.82622,-19.29909,-10.59128,-8.23813,-0.46968,0.9627,-1.07,-0.0011,29.64,0.87,0.466,0.501,0.089,0.0100,0.0500
5550,-42.10895,-22.82081,-19.28814,-10.59434,-8.22374,-0.47006,0.9630,-1.07,-0.0011,29.66,0.91,0.467,0.501,0.089,0.0100,0.0500
5575,-42.18712,-22.85407,-19.33304,-10.60926,-8.26317,-0.46061,0.9643,-0.98,-0.0010,29.62,0.87,0.467,0.501,0.089,0.0100,0.0500
5600,-42.07216,-22.81739,-19.25477,-10.55674,-8.22905,-0.46898,0.9595,-0.94,-0.0010,29.66,0.89,0.467,0.501,0.089,0.0100,0.0500
5625,-42.22168,-22.87680,-19.34488,-10.59989,-8.27278,-0.47221,0.9635,-0.89,-0.0009,29.66,0.90,0.467,0.501,0.089,0.0100,0.0500
5650,-42.18757,-22.87796,-19.30960,-10.58426,-8.25190,-0.47345,0.9620,-0.80,-0.0008,29.60,0.84,0.467,0.501,0.089,0.0100,0.0500
5675,-42.29161,-22.94901,-19.34260,-10.60740,-8.27764,-0.45756,0.9641,-0.83,-0.0009,29.60,0.84,0.467,0.501,0.089,0.0100,0.0500
5700,-42.19222,-22.90910,-19.28312,-10.57996,-8.24608,-0.45708,0.9616,-0.89,-0.0009,29.61,0.84,0.467,0.501,0.089,0.0100,0.0500
5725,-42.22126,-22.92565,-19.29562,-10.60401,-8.24169,-0.44992,0.9638,-0.92,-0.0010,29.62,0.90,0.467,0.500,0.089,0.0100,0.0500
5750,-42.30304,-23.01397,-19.28906,-10.58401,-8.23846,-0.46659,0.9620,-1.07,-0.0011,29.64,0.93,0.467,0.500,0.089,0.0100,0.0500
5775,-42.28284,-23.02928,-19.25357,-10.57555,-8.20941,-0.46861,0.9612,-1.15,-0.0012,29.63,0.94,0.467,0.500,0.089,0.0100,0.0500
5800,-42.28170,-22.97907,-19.30263,-10.57388,-8.25758,-0.47117,0.9611,-1.23,-0.0013,29.65,0.98,0.467,0.500,0.089,0.0100,0.0500
5825,-42.21705,-22.95681,-19.26024,-10.57407,-8.21753,-0.46864,0.9611,-1.20,-0.0012,29.66,0.98,0.467,0.500,0.089,0.0100,0.0500
5850,-42.30120,-22.96925,-19.33194,-10.61113,-8.25778,-0.46303,0.9645,-1.22,-0.0013,29.68,0.95,0.467,0.500,0.089,0.0100,0.0500
5875,-42.38979,-23.05227,-19.33752,-10.59326,-8.28628,-0.45798,0.9629,-1.25,-0.0013,29.65,0.98,0.467,0.500,0.089,0.0100,0.0500
5900,-42.26435,-22.99988,-19.26447,-10.57247,-8.23597,-0.45602,0.9610,-1.18,-0.0012,29.68,1.02,0.467,0.500,0.089,0.0100,0.0500
5925,-42.31026,-23.02668,-19.28358,-10.57137,-8.23672,-0.47549,0.9609,-1.30,-0.0013,29.65,0.97,0.467,0.500,0.089,0.0100,0.0500
5950,-42.33400,-23.05882,-19.27518,-10.58455,-8.22262,-0.46801,0.9621,-1.35,-0.0014,29.54,1.37,0.467,0.500,0.089,0.0100,0.0500
5975,-42.30922,-23.04736,-19.26186,-10.55907,-8.21074,-0.49205,0.9597,-1.27,-0.0013,29.65,0.94,0.468,0.500,0.089,0.0100,0.0500
6000,-42.39464,-23.08549,-19.30914,-10.58199,-8.24436,-0.48279,0.9618,-1.30,-0.0013,29.64,0.94,0.468,0.500,0.085,0.0095,0.0500
6025,-42.34586,-23.02304,-19.32282,-10.61087,-8.24860,-0.46335,0.9645,-1.30,-0.0013,29.65,0.94,0.468,0.500,0.085,0.0095,0.0500
6050,-42.37979,-23.06816,-19.31163,-10.59414,-8.25511,-0.46237,0.9629,-1.29,-0.0013,29.66,0.99,0.468,0.500,0.085,0.0095,0.0500
6075,-42.41713,-23.08545,-19.33168,-10.60211,-8.25996,-0.46960,0.9637,-1.10,-0.0011,29.61,0.92,0.468,0.500,0.085,0.0095,0.0500
6100,-42.44470,-23.10349,-19.34122,-10.59706,-8.29155,-0.45261,0.9632,-1.16,-0.0012,29.63,0.95,0.468,0.500,0.085,0.0095,0.0500
6125,-42.46837,-23.14223,-19.32614,-10.59547,-8.26315,-0.46752,0.9631,-1.33,-0.0014,29.66,1.00,0.468,0.500,0.085,0.0095,0.0500
6150,-42.38594,-23.10209,-19.28385,-10.58411,-8.24129,-0.45844,0.9620,-1.18,-0.0012,29.64,0.95,0.468,0.500,0.085,0.0095,0.0500
6175,-42.33723,-23.09494,-19.24229,-10.55770,-8.20905,-0.47555,0.9596,-1.15,-0.0012,29.65,0.95,0.468,0.500,0.085,0.0095,0.0500
6200,-42.42584,-23.11389,-19.31194,-10.60200,-8.25357,-0.45638,0.9636,-0.92,-0.0010,29.62,0.90,0.468,0.500,0.085,0.0095,0.0500
6225,-42.41327,-23.10111,-19.31216,-10.60161,-8.24851,-0.46204,0.9636,-0.75,-0.0008,29.63,0.94,0.468,0.500,0.085,0.0095,0.0500
6250,-42.41143,-23.13499,-19.27644,-10.59474,-8.22046,-0.46123,0.9630,-0.61,-0.0006,29.65,0.95,0.468,0.500,0.085,0.0095,0.0500
6275,-42.40759,-23.07945,-19.32813,-10.58966,-8.26361,-0.47487,0.9625,-0.54,-0.0006,29.65,0.95,0.469,0.500,0.085,0.0095,0.0500
6300,-42.36142,-23.07088,-19.29054,-10.59126,-8.21795,-0.48133,0.9627,-0.46,-0.0005,29.65,0.95,0.469,0.500,0.085,0.0095,0.0500
6325,-42.45437,-23.12704,-19.32733,-10.60470,-8.24905,-0.47357,0.9639,-0.47,-0.0005,29.68,1.00,0.469,0.500,0.085,0.0095,0.0500
6350,-42.45784,-23.13620,-19.32164,-10.60261,-8.23824,-0.48079,0.9637,-0.31,-0.0003,29.69,1.00,0.469,0.500,0.085,0.0095,0.0500
6375,-42.47476,-23.18107,-19.29369,-10.59350,-8.23318,-0.46701,0.9629,-0.33,-0.0003,29.67,1.00,0.469,0.500,0.085,0.0095,0.0500
6400,-42.48224,-23.15865,-19.32359,-10.59758,-8.23340,-0.49261,0.9632,-0.30,-0.0003,29.67,1.00,0.469,0.500,0.085,0.0095,0.0500
6425,-42.55161,-23.22974,-19.32188,-10.57658,-8.25638,-0.48891,0.9613,-0.31,-0.0003,29.66,1.00,0.469,0.500,0.085,0.0095,0.0500
6450,-42.59683,-23.25883,-19.33800,-10.61025,-8.24544,-0.48230,0.9644,-0.24,-0.0002,29.67,1.05,0.469,0.500,0.085,0.0095,0.0500
6475,-42.55785,-23.22894,-19.32891,-10.60106,-8.26156,-0.46629,0.9636,-0.24,-0.0003,29.64,1.00,0.469,0.500,0.085,0.0095,0.0500
6500,-42.47580,-23.21541,-19.26038,-10.56453,-8.20943,-0.48643,0.9602,-0.21,-0.0002,29.64,1.00,0.469,0.500,0.085,0.0095,0.0500
6525,-42.51568,-23.25076,-19.26492,-10.56660,-8.22179,-0.47653,0.9604,-0.30,-0.0003,29.63,0.96,0.469,0.500,0.085,0.0095,0.0500
6550,-42.55085,-23.28538,-19.26547,-10.56459,-8.20111,-0.49977,0.9602,-0.21,-0.0002,29.66,1.06,0.469,0.500,0.085,0.0095,0.0500
6575,-42.52910,-23.22483,-19.30427,-10.59900,-8.22847,-0.47680,0.9634,-0.15,-0.0002,29.63,1.01,0.469,0.500,0.085,0.0095,0.0500
6600,-42.51500,-23.18017,-19.33483,-10.62268,-8.24132,-0.47082,0.9655,-0.23,-0.0002,29.60,0.90,0.469,0.500,0.085,0.0095,0.0500
6625,-42.40368,-23.12771,-19.27597,-10.54760,-8.24164,-0.48673,0.9587,-0.19,-0.0002,29.53,0.79,0.469,0.500,0.085,0.0095,0.0500
6650,-42.49049,-23.15491,-19.33558,-10.61316,-8.26312,-0.45930,0.9647,-0.38,-0.0004,29.59,0.86,0.469,0.500,0.085,0.0095,0.0500
6675,-42.37287,-23.09114,-19.28173,-10.57610,-8.23764,-0.46799,0.9613,-0.31,-0.0003,29.66,1.05,0.469,0.500,0.085,0.0095,0.0500
6700,-42.46089,-23.12879,-19.33209,-10.59653,-8.26482,-0.47074,0.9631,-0.26,-0.0003,29.66,1.04,0.469,0.500,0.085,0.0095,0.0500
6725,-42.45463,-23.19449,-19.26014,-10.56735,-8.20884,-0.48394,0.9605,-0.30,-0.0003,29.65,1.04,0.469,0.500,0.085,0.0095,0.0500
6750,-42.45164,-23.17868,-19.27296,-10.56757,-8.24941,-0.45597,0.9605,-0.21,-0.0002,29.65,1.04,0.469,0.500,0.085,0.0095,0.0500
6775,-42.57250,-23.23804,-19.33446,-10.61740,-8.27177,-0.44530,0.9650,-0.35,-0.0004,29.64,1.01,0.470,0.500,0.085,0.0095,0.0500
6800,-42.52114,-23.20422,-19.31693,-10.60403,-8.25324,-0.45965,0.9638,-0.37,-0.0004,29.65,1.01,0.470,0.500,0.085,0.0095,0.0500
6825,-42.53202,-23.21664,-19.31538,-10.60659,-8.25064,-0.45814,0.9641,-0.38,-0.0004,29.66,0.97,0.470,0.500,0.085,0.0095,0.0500
6850,-42.50130,-23.20232,-19.29898,-10.57251,-8.25474,-0.47172,0.9610,-0.31,-0.0003,29.63,0.96,0.470,0.500,0.085,0.0095,0.0500
6875,-42.55098,-23.27701,-19.27397,-10.57694,-8.20922,-0.48781,0.9614,-0.37,-0.0004,29.59,0.90,0.470,0.500,0.085,0.0095,0.0500
6900,-42.56842,-23.21780,-19.35062,-10.62946,-8.25868,-0.46247,0.9661,-0.25,-0.0003,29.59,0.91,0.470,0.500,0.085,0.0095,0.0500
6925,-42.60768,-23.26181,-19.34587,-10.62102,-8.25347,-0.47138,0.9654,-0.26,-0.0003,29.54,0.84,0.470,0.500,0.085,0.0095,0.0500
6950,-42.62278,-23.27809,-19.34469,-10.60935,-8.26759,-0.46775,0.9643,-0.33,-0.0003,29.55,0.84,0.470,0.500,0.085,0.0095,0.0500
6975,-42.59309,-23.33104,-19.26205,-10.54978,-8.22690,-0.48537,0.9589,-0.27,-0.0003,29.57,0.89,0.470,0.501,0.085,0.0095,0.0500
7000,-42.57020,-23.27222,-19.29798,-10.59505,-8.23441,-0.46852,0.9630,-0.30,-0.0003,29.58,0.86,0.470,0.501,0.081,0.0090,0.0500
7025,-42.62643,-23.28120,-19.34523,-10.59290,-8.27185,-0.48047,0.9628,-0.30,-0.0003,29.53,0.84,0.470,0.500,0.081,0.0090,0.0500
7050,-42.58170,-23.25294,-19.32876,-10.57885,-8.27155,-0.47836,0.9615,-0.28,-0.0003,29.58,0.86,0.470,0.500,0.081,0.0090,0.0500
7075,-42.58150,-23.26501,-19.31649,-10.59746,-8.26401,-0.45502,0.9632,-0.22,-0.0002,29.57,0.81,0.470,0.500,0.081,0.0090,0.0500
7100,-42.56317,-23.23550,-19.32767,-10.59380,-8.26011,-0.47375,0.9629,-0.10,-0.0001,29.67,0.98,0.470,0.500,0.081,0.0090,0.0500
7125,-42.58049,-23.28864,-19.29185,-10.57606,-8.23549,-0.48029,0.9613,0.08,0.0001,29.60,0.93,0.470,0.500,0.081,0.0090,0.0500
7150,-42.60341,-23.28103,-19.32238,-10.59711,-8.23299,-0.49227,0.9632,0.15,0.0002,29.65,1.02,0.470,0.500,0.081,0.0090,0.0500
7175,-42.58609,-23.25349,-19.33260,-10.62561,-8.25363,-0.45336,0.9658,0.14,0.0001,29.65,1.01,0.471,0.500,0.081,0.0090,0.0500
7200,-42.59160,-23.29215,-19.29945,-10.58358,-8.22633,-0.48954,0.9620,0.13,0.0001,29.65,1.02,0.471,0.500,0.081,0.0090,0.0500
7225,-42.63279,-23.32478,-19.30801,-10.54828,-8.26567,-0.49406,0.9588,0.14,0.0001,29.66,1.05,0.471,0.500,0.081,0.0090,0.0500
7250,-42.64676,-23.33045,-19.31632,-10.59624,-8.24186,-0.47821,0.9631,0.14,0.0001,29.65,1.02,0.471,0.500,0.081,0.0090,0.0500
7275,-42.66803,-23.34567,-19.32236,-10.60711,-8.24285,-0.47240,0.9641,0.31,0.0003,29.66,1.05,0.471,0.500,0.081,0.0090,0.0500
7300,-42.64737,-23.32428,-19.32309,-10.58650,-8.26005,-0.47654,0.9622,0.36,0.0004,29.66,1.02,0.471,0.500,0.081,0.0090,0.0500
7325,-42.60677,-23.29968,-19.30709,-10.57638,-8.25554,-0.47518,0.9613,0.41,0.0004,29.65,1.02,0.471,0.500,0.081,0.0090,0.0500
7350,-42.62195,-23.28747,-19.33448,-10.61374,-8.25000,-0.47074,0.9647,0.15,0.0002,29.65,1.03,0.471,0.500,0.081,0.0090,0.0500
7375,-42.61300,-23.30837,-19.30463,-10.59922,-8.24075,-0.46466,0.9634,0.06,0.0001,29.64,1.03,0.471,0.500,0.081,0.0090,0.0500
7400,-42.70124,-23.37133,-19.32991,-10.59319,-8.25386,-0.48286,0.9628,0.10,0.0001,29.63,1.03,0.471,0.500,0.081,0.0090,0.0500
7425,-42.65184,-23.33339,-19.31845,-10.58586,-8.25210,-0.48049,0.9622,0.10,0.0001,29.62,1.03,0.471,0.500,0.081,0.0090,0.0500
7450,-42.61783,-23.33386,-19.28397,-10.56880,-8.22299,-0.49218,0.9606,0.30,0.0003,29.61,1.03,0.471,0.500,0.081,0.0090,0.0500
7475,-42.74784,-23.40537,-19.34246,-10.59045,-8.26596,-0.48605,0.9626,0.39,0.0004,29.59,0.99,0.472,0.500,0.081,0.0090,0.0500
7500,-42.60600,-23.34467,-19.26134,-10.53278,-8.23947,-0.48909,0.9574,0.32,0.0003,29.57,0.97,0.472,0.500,0.081,0.0090,0.0500
7525,-42.64476,-23.34861,-19.29615,-10.56570,-8.24679,-0.48366,0.9603,0.41,0.0004,29.60,0.97,0.472,0.500,0.081,0.0090,0.0500
7550,-42.71463,-23.44946,-19.26517,-10.57395,-8.21260,-0.47862,0.9611,0.53,0.0005,29.60,0.97,0.472,0.500,0.081,0.0090,0.0500
7575,-42.81755,-23.47975,-19.33780,-10.62053,-8.25805,-0.45923,0.9653,0.67,0.0007,29.61,0.98,0.472,0.500,0.081,0.0090,0.0500
7600,-42.79947,-23.48713,-19.31234,-10.59551,-8.24016,-0.47666,0.9631,0.69,0.0007,29.62,0.98,0.472,0.500,0.081,0.0090,0.0500
7625,-42.79297,-23.46376,-19.32921,-10.62818,-8.22186,-0.47917,0.9660,0.74,0.0008,29.63,1.01,0.472,0.500,0.081,0.0090,0.0500
7650,-42.75942,-23.42789,-19.33153,-10.62785,-8.24498,-0.45870,0.9660,0.69,0.0007,29.65,1.07,0.472,0.500,0.081,0.0090,0.0500
7675,-42.75080,-23.46006,-19.29074,-10.60112,-8.21892,-0.47071,0.9636,0.67,0.0007,29.58,0.91,0.472,0.499,0.081,0.0090,0.0500
7700,-42.69997,-23.39550,-19.30446,-10.57753,-8.23404,-0.49290,0.9614,0.52,0.0005,29.59,0.96,0.472,0.499,0.081,0.0090,0.0500
7725,-42.69292,-23.39900,-19.29393,-10.57693,-8.22553,-0.49146,0.9614,0.58,0.0006,29.63,1.01,0.472,0.499,0.081,0.0090,0.0500
7750,-42.71025,-23.45093,-19.25932,-10.56855,-8.18882,-0.50195,0.9606,0.51,0.0005,29.62,0.96,0.472,0.499,0.081,0.0090,0.0500
7775,-42.76725,-23.42842,-19.33883,-10.62252,-8.23718,-0.47914,0.9655,0.33,0.0003,29.59,0.86,0.472,0.499,0.081,0.0090,0.0500
7800,-42.86833,-23.53447,-19.33386,-10.61473,-8.25291,-0.46621,0.9648,0.25,0.0003,29.60,0.88,0.472,0.499,0.081,0.0090,0.0500
7825,-42.78909,-23.48528,-19.30381,-10.61667,-8.21012,-0.47703,0.9650,0.22,0.0002,29.58,0.82,0.472,0.499,0.081,0.0090,0.0500
7850,-42.78718,-23.49033,-19.29685,-10.59004,-8.22704,-0.47977,0.9626,0.24,0.0002,29.60,0.86,0.472,0.499,0.081,0.0090,0.0500
7875,-42.84143,-23.50894,-19.33250,-10.58845,-8.26482,-0.47922,0.9624,0.26,0.0003,29.58,0.82,0.472,0.499,0.081,0.0090,0.0500
7900,-42.85304,-23.54310,-19.30993,-10.56609,-8.24139,-0.50246,0.9604,0.32,0.0003,29.59,0.87,0.472,0.499,0.081,0.0090,0.0500
7925,-42.82187,-23.51731,-19.30457,-10.59409,-8.22329,-0.48719,0.9629,0.38,0.0004,29.59,0.87,0.473,0.499,0.081,0.0090,0.0500
7950,-42.86845,-23.52433,-19.34412,-10.61150,-8.25393,-0.47869,0.9645,0.38,0.0004,29.60,0.87,0.473,0.499,0.081,0.0090,0.0500
7975,-42.75569,-23.47558,-19.28011,-10.57877,-8.21102,-0.49032,0.9615,0.33,0.0003,29.40,1.20,0.473,0.499,0.081,0.0090,0.0500
8000,-42.86165,-23.54795,-19.31370,-10.58466,-8.24099,-0.48805,0.9621,0.43,0.0004,29.62,0.87,0.473,0.499,0.077,0.0086,0.0500
8025,-42.78936,-23.49279,-19.29657,-10.57272,-8.23637,-0.48747,0.9610,0.42,0.0004,29.44,1.25,0.473,0.499,0.077,0.0086,0.0500
8050,-42.82118,-23.48194,-19.33924,-10.60587,-8.23856,-0.49481,0.9640,0.35,0.0004,29.45,1.25,0.473,0.499,0.077,0.0086,0.0500
8075,-42.84048,-23.51845,-19.32203,-10.59032,-8.23499,-0.49672,0.9626,0.28,0.0003,29.57,0.77,0.473,0.499,0.077,0.0086,0.0500
8100,-42.90666,-23.56735,-19.33931,-10.60945,-8.25849,-0.47137,0.9643,0.25,0.0003,29.40,1.20,0.473,0.499,0.077,0.0086,0.0500
8125,-42.83342,-23.52694,-19.30648,-10.60548,-8.22217,-0.47883,0.9640,0.17,0.0002,29.40,1.20,0.473,0.499,0.077,0.0086,0.0500
8150,-42.85768,-23.52661,-19.33106,-10.57722,-8.25180,-0.50204,0.9614,0.20,0.0002,29.40,1.19,0.473,0.499,0.077,0.0086,0.0500
8175,-42.87160,-23.54322,-19.32838,-10.59153,-8.25018,-0.48668,0.9627,0.11,0.0001,29.63,0.91,0.473,0.499,0.077,0.0086,0.0500
8200,-42.83705,-23.52641,-19.31064,-10.59236,-8.23109,-0.48720,0.9628,0.25,0.0003,29.42,1.21,0.473,0.499,0.077,0.0086,0.0500
8225,-42.87393,-23.56089,-19.31304,-10.56207,-8.25911,-0.49186,0.9600,0.29,0.0003,29.44,1.28,0.474,0.499,0.077,0.0086,0.0500
8250,-42.86920,-23.56703,-19.30217,-10.60651,-8.21005,-0.48561,0.9641,0.31,0.0003,29.45,1.27,0.474,0.499,0.077,0.0086,0.0500
8275,-42.85356,-23.53573,-19.31783,-10.58883,-8.24454,-0.48445,0.9624,0.38,0.0004,29.45,1.27,0.474,0.499,0.077,0.0086,0.0500
8300,-42.86082,-23.54732,-19.31350,-10.57213,-8.26472,-0.47664,0.9609,0.31,0.0003,29.45,1.28,0.474,0.499,0.077,0.0086,0.0500
8325,-42.80930,-23.47861,-19.33068,-10.62110,-8.23237,-0.47721,0.9654,0.40,0.0004,29.44,1.24,0.474,0.499,0.077,0.0086,0.0500
8350,-42.84660,-23.53932,-19.30727,-10.59184,-8.21814,-0.49729,0.9627,0.43,0.0004,29.45,1.25,0.474,0.499,0.077,0.0086,0.0500
8375,-42.81586,-23.50251,-19.31335,-10.58057,-8.24797,-0.48481,0.9617,0.49,0.0005,29.60,0.83,0.474,0.499,0.077,0.0086,0.0500
8400,-42.81165,-23.51377,-19.29789,-10.56087,-8.24656,-0.49046,0.9599,0.53,0.0005,29.59,0.82,0.474,0.499,0.077,0.0086,0.0500
8425,-42.83626,-23.56110,-19.27517,-10.58339,-8.19562,-0.49615,0.9620,0.47,0.0005,29.61,0.88,0.474,0.499,0.077,0.0086,0.0500
8450,-42.89076,-23.56945,-19.32131,-10.60059,-8.25552,-0.46519,0.9635,0.51,0.0005,29.60,0.88,0.474,0.499,0.077,0.0086,0.0500
8475,-42.91614,-23.53857,-19.37756,-10.60730,-8.28067,-0.48958,0.9641,0.50,0.0005,29.44,1.32,0.474,0.499,0.077,0.0086,0.0500
8500,-42.88297,-23.55138,-19.33159,-10.60784,-8.22638,-0.49736,0.9642,0.39,0.0004,29.46,1.37,0.475,0.499,0.077,0.0086,0.0500
8525,-42.77933,-23.50742,-19.27191,-10.55620,-8.23091,-0.48480,0.9595,0.40,0.0004,29.46,1.32,0.475,0.499,0.077,0.0086,0.0500
8550,-42.90106,-23.55935,-19.34171,-10.60300,-8.25799,-0.48072,0.9637,0.43,0.0004,29.46,1.36,0.475,0.499,0.077,0.0086,0.0500
8575,-42.84355,-23.55152,-19.29203,-10.57516,-8.24051,-0.47636,0.9612,0.52,0.0005,29.49,1.39,0.475,0.499,0.077,0.0086,0.0500
8600,-42.85490,-23.52702,-19.32788,-10.59637,-8.25281,-0.47870,0.9631,0.36,0.0004,29.64,0.91,0.475,0.499,0.077,0.0086,0.0500
8625,-42.90430,-23.59784,-19.30646,-10.56411,-8.24423,-0.49812,0.9602,0.28,0.0003,29.50,1.39,0.475,0.499,0.077,0.0086,0.0500
8650,-42.84455,-23.56132,-19.28323,-10.59100,-8.19577,-0.49646,0.9626,0.21,0.0002,29.65,0.97,0.475,0.499,0.077,0.0086,0.0500
8675,-42.85450,-23.56526,-19.28924,-10.58987,-8.21799,-0.48138,0.9625,0.12,0.0001,29.62,0.88,0.475,0.499,0.077,0.0086,0.0500
8700,-42.84686,-23.56236,-19.28450,-10.57755,-8.22484,-0.48210,0.9614,0.08,0.0001,29.60,0.83,0.475,0.499,0.077,0.0086,0.0500
8725,-42.89155,-23.56977,-19.32178,-10.57400,-8.23439,-0.51339,0.9611,0.16,0.0002,29.61,0.87,0.475,0.499,0.077,0.0086,0.0500
8750,-42.85296,-23.57366,-19.27930,-10.59655,-8.18747,-0.49529,0.9632,0.27,0.0003,29.62,0.87,0.475,0.499,0.077,0.0086,0.0500
8775,-42.96633,-23.65659,-19.30974,-10.57340,-8.22622,-0.51012,0.9610,0.25,0.0003,29.60,0.87,0.475,0.499,0.077,0.0086,0.0500
8800,-42.92005,-23.62728,-19.29277,-10.58175,-8.20942,-0.50159,0.9618,0.39,0.0004,29.59,0.87,0.476,0.499,0.077,0.0086,0.0500
8825,-42.97245,-23.68649,-19.28596,-10.55786,-8.23263,-0.49547,0.9596,0.26,0.0003,29.62,0.94,0.476,0.499,0.077,0.0086,0.0500
8850,-42.94421,-23.62419,-19.32003,-10.58181,-8.22627,-0.51195,0.9618,0.33,0.0003,29.64,0.93,0.476,0.500,0.077,0.0086,0.0500
8875,-42.90384,-23.59956,-19.30427,-10.57551,-8.25077,-0.47800,0.9612,0.46,0.0005,29.63,0.88,0.476,0.500,0.077,0.0086,0.0500
8900,-42.99102,-23.63352,-19.35750,-10.61700,-8.26117,-0.47932,0.9650,0.40,0.0004,29.63,0.88,0.476,0.500,0.077,0.0086,0.0500
8925,-42.91655,-23.62413,-19.29243,-10.59064,-8.21501,-0.48678,0.9626,0.20,0.0002,29.61,0.87,0.476,0.500,0.077,0.0086,0.0500
8950,-42.97359,-23.63221,-19.34138,-10.61466,-8.22431,-0.50241,0.9648,0.09,0.0001,29.63,0.91,0.476,0.500,0.077,0.0086,0.0500
8975,-42.90870,-23.63847,-19.27023,-10.57550,-8.21097,-0.48376,0.9612,0.05,0.0000,29.62,0.92,0.476,0.500,0.077,0.0086,0.0500
9000,-42.89257,-23.59916,-19.29341,-10.58550,-8.20930,-0.49861,0.9621,0.03,0.0000,29.63,0.92,0.476,0.500,0.080,0.0090,0.0500
9025,-42.92806,-23.61667,-19.31138,-10.58993,-8.22822,-0.49323,0.9625,0.05,0.0000,29.64,0.96,0.476,0.500,0.080,0.0090,0.0500
9050,-42.92671,-23.67611,-19.25061,-10.57859,-8.16220,-0.50982,0.9615,0.02,0.0000,29.62,0.91,0.476,0.500,0.080,0.0090,0.0500
9075,-42.97873,-23.66226,-19.31646,-10.61375,-8.21616,-0.48655,0.9647,-0.02,-0.0000,29.62,0.88,0.476,0.500,0.080,0.0090,0.0500
9100,-42.96047,-23.64782,-19.31266,-10.58005,-8.24530,-0.48730,0.9617,-0.01,-0.0000,29.62,0.87,0.476,0.499,0.080,0.0090,0.0500
9125,-42.93977,-23.61624,-19.32353,-10.59682,-8.24247,-0.48424,0.9632,0.03,0.0000,29.62,0.88,0.476,0.499,0.080,0.0090,0.0500
9150,-42.99437,-23.70620,-19.28817,-10.57554,-8.20795,-0.50468,0.9612,-0.01,-0.0000,29.62,0.91,0.476,0.499,0.080,0.0090,0.0500
9175,-42.98474,-23.69802,-19.28671,-10.59196,-8.21112,-0.48363,0.9627,-0.01,-0.0000,29.61,0.88,0.476,0.499,0.080,0.0090,0.0500
9200,-42.98686,-23.62924,-19.35762,-10.60927,-8.26918,-0.47917,0.9643,-0.17,-0.0002,29.65,0.93,0.476,0.499,0.080,0.0090,0.0500
9225,-43.12365,-23.74086,-19.38279,-10.64154,-8.27259,-0.46866,0.9672,-0.23,-0.0002,29.62,0.88,0.476,0.499,0.080,0.0090,0.0500
9250,-43.05375,-23.75984,-19.29391,-10.58641,-8.22264,-0.48485,0.9622,-0.11,-0.0001,29.61,0.87,0.476,0.499,0.080,0.0090,0.0500
9275,-43.09351,-23.75165,-19.34186,-10.61508,-8.23475,-0.49203,0.9648,0.01,0.0000,29.62,0.88,0.476,0.499,0.080,0.0090,0.0500
9300,-43.07547,-23.77017,-19.30531,-10.58063,-8.23789,-0.48679,0.9617,-0.12,-0.0001,29.62,0.88,0.476,0.499,0.080,0.0090,0.0500
9325,-43.15638,-23.83985,-19.31653,-10.59817,-8.21873,-0.49963,0.9633,0.04,0.0000,29.61,0.92,0.476,0.499,0.080,0.0090,0.0500
9350,-43.08446,-23.77964,-19.30482,-10.58448,-8.22597,-0.49437,0.9621,0.07,0.0001,29.60,0.84,0.476,0.499,0.080,0.0090,0.0500
9375,-43.09006,-23.74804,-19.34202,-10.60349,-8.24566,-0.49287,0.9638,0.15,0.0002,29.60,0.84,0.476,0.499,0.080,0.0090,0.0500
9400,-43.03429,-23.71984,-19.31445,-10.56851,-8.25126,-0.49468,0.9606,0.08,0.0001,29.60,0.85,0.476,0.499,0.080,0.0090,0.0500
9425,-43.08136,-23.75917,-19.32218,-10.59618,-8.23483,-0.49118,0.9631,-0.00,-0.0000,29.61,0.89,0.476,0.499,0.080,0.0090,0.0500
9450,-43.11071,-23.81195,-19.29875,-10.56941,-8.22501,-0.50433,0.9607,0.14,0.0001,29.61,0.89,0.476,0.499,0.080,0.0090,0.0500
9475,-43.15533,-23.86822,-19.28711,-10.60727,-8.21335,-0.46649,0.9641,0.34,0.0003,29.62,0.90,0.476,0.499,0.080,0.0090,0.0500
9500,-43.15115,-23.87040,-19.28075,-10.59207,-8.19803,-0.49065,0.9627,0.33,0.0003,29.62,0.90,0.476,0.499,0.080,0.0090,0.0500
9525,-43.13643,-23.85979,-19.27664,-10.55369,-8.22478,-0.49817,0.9593,0.21,0.0002,29.62,0.89,0.476,0.499,0.080,0.0090,0.0500
9550,-43.16930,-23.86130,-19.30800,-10.60213,-8.22688,-0.47899,0.9637,0.20,0.0002,29.63,0.92,0.476,0.499,0.080,0.0090,0.0500
9575,-43.15549,-23.86858,-19.28691,-10.56860,-8.22748,-0.49082,0.9606,0.23,0.0002,29.60,0.85,0.476,0.499,0.080,0.0090,0.0500
9600,-43.16827,-23.83355,-19.33472,-10.60307,-8.24888,-0.48278,0.9637,0.31,0.0003,29.62,0.89,0.476,0.499,0.080,0.0090,0.0500
9625,-43.15957,-23.81655,-19.34302,-10.61217,-8.24915,-0.48170,0.9646,0.35,0.0004,29.62,0.87,0.476,0.499,0.080,0.0090,0.0500
9650,-43.10987,-23.83252,-19.27736,-10.57349,-8.20064,-0.50323,0.9611,0.34,0.0003,29.66,0.95,0.476,0.499,0.080,0.0090,0.0500
9675,-43.12679,-23.79439,-19.33240,-10.60540,-8.24580,-0.48120,0.9640,0.55,0.0006,29.65,0.89,0.476,0.499,0.080,0.0090,0.0500
9700,-43.04056,-23.74356,-19.29700,-10.56670,-8.23038,-0.49992,0.9604,0.48,0.0005,29.62,0.84,0.476,0.499,0.080,0.0090,0.0500
9725,-43.11710,-23.82375,-19.29335,-10.57703,-8.22474,-0.49158,0.9614,0.38,0.0004,29.62,0.88,0.476,0.499,0.080,0.0090,0.0500
9750,-43.16098,-23.81106,-19.34992,-10.62583,-8.24180,-0.48230,0.9658,0.42,0.0004,29.61,0.84,0.476,0.499,0.080,0.0090,0.0500
9775,-43.16925,-23.83839,-19.33087,-10.62059,-8.21805,-0.49222,0.9653,0.35,0.0004,29.63,0.89,0.476,0.499,0.080,0.0090,0.0500
9800,-43.14127,-23.80769,-19.33358,-10.59461,-8.25453,-0.48444,0.9630,0.20,0.0002,29.65,0.92,0.476,0.499,0.080,0.0090,0.0500
9825,-43.12816,-23.78356,-19.34460,-10.62103,-8.23550,-0.48806,0.9654,0.25,0.0003,29.65,0.94,0.476,0.499,0.080,0.0090,0.0500
9850,-43.15146,-23.82021,-19.33126,-10.58176,-8.25046,-0.49904,0.9618,0.38,0.0004,29.63,0.86,0.476,0.499,0.080,0.0090,0.0500
9875,-43.17699,-23.83708,-19.33991,-10.59491,-8.23664,-0.50836,0.9630,0.33,0.0003,29.61,0.81,0.476,0.499,0.080,0.0090,0.0500
9900,-43.16476,-23.82777,-19.33699,-10.59310,-8.24402,-0.49987,0.9628,0.31,0.0003,29.65,0.89,0.476,0.499,0.080,0.0090,0.0500
9925,-43.15116,-23.84048,-19.31067,-10.58361,-8.20940,-0.51767,0.9620,0.11,0.0001,29.64,0.86,0.476,0.499,0.080,0.0090,0.0500
9950,-43.20184,-23.85466,-19.34718,-10.60651,-8.24960,-0.49107,0.9641,0.20,0.0002,29.62,0.85,0.476,0.499,0.080,0.0090,0.0500
9975,-43.13529,-23.80080,-19.33448,-10.58732,-8.26162,-0.48555,0.9623,0.20,0.0002,29.62,0.85,0.476,0.499,0.080,0.0090,0.0500
10000,-43.07478,-23.81809,-19.25669,-10.56495,-8.18873,-0.50301,0.9603,0.36,0.0004,29.62,0.86,0.476,0.499,0.076,0.0086,0.0500
10025,-43.19253,-23.86696,-19.32557,-10.60584,-8.22613,-0.49359,0.9640,0.36,0.0004,29.62,0.81,0.476,0.499,0.076,0.0086,0.0500
10050,-43.13598,-23.81811,-19.31788,-10.60063,-8.21268,-0.50457,0.9635,0.27,0.0003,29.63,0.85,0.476,0.499,0.076,0.0086,0.0500
10075,-43.19467,-23.86439,-19.33028,-10.58612,-8.25611,-0.48805,0.9622,0.42,0.0004,29.61,0.83,0.476,0.499,0.076,0.0086,0.0500
10100,-43.21345,-23.88277,-19.33068,-10.57663,-8.26344,-0.49060,0.9613,0.44,0.0005,29.62,0.85,0.476,0.499,0.076,0.0086,0.0500
10125,-43.20065,-23.88307,-19.31758,-10.59839,-8.23232,-0.48688,0.9633,0.27,0.0003,29.64,0.93,0.476,0.499,0.076,0.0086,0.0500
10150,-43.21827,-23.87575,-19.34252,-10.61418,-8.24351,-0.48483,0.9648,0.16,0.0002,29.63,0.90,0.476,0.499,0.076,0.0086,0.0500
10175,-43.10610,-23.86873,-19.23737,-10.54528,-8.18957,-0.50252,0.9585,0.14,0.0001,29.65,0.90,0.477,0.499,0.076,0.0086,0.0500
10200,-43.22100,-23.92568,-19.29532,-10.56317,-8.22814,-0.50401,0.9601,0.06,0.0001,29.65,0.90,0.477,0.499,0.076,0.0086,0.0500
10225,-43.21071,-23.89070,-19.32001,-10.59326,-8.21411,-0.51264,0.9629,0.12,0.0001,29.66,0.93,0.477,0.499,0.076,0.0086,0.0500
10250,-43.23461,-23.94746,-19.28715,-10.59171,-8.19358,-0.50186,0.9627,0.12,0.0001,29.65,0.90,0.477,0.499,0.076,0.0086,0.0500
10275,-43.29058,-23.99080,-19.29978,-10.61012,-8.20481,-0.48486,0.9644,0.10,0.0001,29.64,0.90,0.477,0.499,0.076,0.0086,0.0500
10300,-43.25467,-23.92807,-19.32660,-10.59203,-8.23421,-0.50036,0.9627,0.07,0.0001,29.64,0.91,0.477,0.499,0.076,0.0086,0.0500
10325,-43.31442,-23.96141,-19.35301,-10.60593,-8.24681,-0.50027,0.9640,0.08,0.0001,29.65,0.94,0.477,0.499,0.076,0.0086,0.0500
10350,-43.25844,-23.96220,-19.29624,-10.56534,-8.22316,-0.50773,0.9603,0.15,0.0002,29.65,0.90,0.477,0.499,0.076,0.0086,0.0500
10375,-43.24192,-23.93113,-19.31079,-10.59847,-8.21118,-0.50115,0.9633,0.16,0.0002,29.66,0.92,0.477,0.499,0.076,0.0086,0.0500
10400,-43.19440,-23.89491,-19.29949,-10.58852,-8.22913,-0.48184,0.9624,0.17,0.0002,29.64,0.88,0.477,0.499,0.076,0.0086,0.0500
10425,-43.23610,-23.94433,-19.29177,-10.58973,-8.20222,-0.49983,0.9625,0.26,0.0003,29.71,0.99,0.477,0.499,0.076,0.0086,0.0500
10450,-43.24069,-23.93629,-19.30440,-10.61028,-8.20786,-0.48627,0.9644,0.18,0.0002,29.70,0.95,0.477,0.499,0.076,0.0086,0.0500
10475,-43.20216,-23.89041,-19.31174,-10.60292,-8.23116,-0.47766,0.9637,0.15,0.0002,29.66,0.93,0.477,0.499,0.076,0.0086,0.0500
10500,-43.18357,-23.88534,-19.29823,-10.59188,-8.22803,-0.47832,0.9627,0.26,0.0003,29.65,0.92,0.477,0.499,0.076,0.0086,0.0500
10525,-43.18723,-23.86516,-19.32207,-10.58737,-8.23816,-0.49654,0.9623,0.25,0.0003,29.64,0.92,0.477,0.499,0.076,0.0086,0.0500
10550,-43.16663,-23.81728,-19.34935,-10.60727,-8.24357,-0.49851,0.9641,0.32,0.0003,29.66,0.97,0.477,0.499,0.076,0.0086,0.0500
10575,-43.29135,-23.94079,-19.35056,-10.61918,-8.25520,-0.47619,0.9652,0.33,0.0003,29.71,1.32,0.477,0.499,0.076,0.0086,0.0500
10600,-43.24335,-23.91535,-19.32800,-10.60946,-8.23774,-0.48081,0.9643,0.23,0.0002,29.67,0.96,0.477,0.499,0.076,0.0086,0.0500
10625,-43.24658,-23.92852,-19.31806,-10.61589,-8.22731,-0.47486,0.9649,0.11,0.0001,29.65,0.91,0.477,0.499,0.076,0.0086,0.0500
10650,-43.32285,-24.01387,-19.30898,-10.59270,-8.22099,-0.49529,0.9628,0.13,0.0001,29.66,0.96,0.477,0.499,0.076,0.0086,0.0500
10675,-43.30369,-23.98170,-19.32199,-10.59359,-8.22799,-0.50041,0.9629,0.14,0.0001,29.64,0.91,0.477,0.499,0.076,0.0086,0.0500
10700,-43.28039,-23.93917,-19.34122,-10.61578,-8.23903,-0.48641,0.9649,0.15,0.0002,29.68,0.98,0.477,0.499,0.076,0.0086,0.0500
10725,-43.26186,-23.97154,-19.29032,-10.59358,-8.21035,-0.48639,0.9629,0.28,0.0003,29.67,0.96,0.477,0.499,0.076,0.0086,0.0500
10750,-43.25706,-23.94204,-19.31502,-10.62950,-8.20176,-0.48376,0.9661,0.22,0.0002,29.67,0.95,0.477,0.499,0.076,0.0086,0.0500
10775,-43.16171,-23.89057,-19.27115,-10.58121,-8.18605,-0.50389,0.9618,0.17,0.0002,29.67,0.95,0.477,0.499,0.076,0.0086,0.0500
10800,-43.26371,-23.95932,-19.30439,-10.58192,-8.21814,-0.50433,0.9618,0.09,0.0001,29.70,1.00,0.477,0.499,0.076,0.0086,0.0500
10825,-43.33498,-24.02675,-19.30823,-10.59270,-8.21913,-0.49641,0.9628,0.02,0.0000,29.74,1.06,0.477,0.499,0.076,0.0086,0.0500
10850,-43.24508,-23.92805,-19.31703,-10.57631,-8.24314,-0.49758,0.9613,0.17,0.0002,29.69,0.96,0.477,0.499,0.076,0.0086,0.0500
10875,-43.18035,-23.88574,-19.29462,-10.58660,-8.20204,-0.50598,0.9622,0.17,0.0002,29.68,0.97,0.477,0.499,0.076,0.0086,0.0500
10900,-43.30117,-23.98786,-19.31331,-10.59357,-8.22069,-0.49906,0.9629,0.05,0.0001,29.66,0.94,0.478,0.499,0.076,0.0086,0.0500
10925,-43.32538,-23.96097,-19.36441,-10.62073,-8.23741,-0.50627,0.9653,0.05,0.0001,29.65,0.90,0.478,0.499,0.076,0.0086,0.0500
10950,-43.23323,-23.90217,-19.33106,-10.59300,-8.22805,-0.51001,0.9628,0.14,0.0001,29.66,0.90,0.478,0.499,0.076,0.0086,0.0500
10975,-43.23006,-23.87557,-19.35450,-10.58529,-8.25833,-0.51087,0.9621,-0.00,-0.0000,29.66,0.90,0.478,0.499,0.076,0.0086,0.0500
11000,-43.25785,-23.95457,-19.30328,-10.58488,-8.22557,-0.49282,0.9621,0.16,0.0002,29.65,0.90,0.478,0.499,0.073,0.0081,0.0500
11025,-43.22980,-23.93825,-19.29155,-10.56627,-8.22281,-0.50247,0.9604,0.14,0.0001,29.66,0.90,0.478,0.499,0.073,0.0081,0.0500
11050,-43.31559,-24.00356,-19.31203,-10.59489,-8.23109,-0.48605,0.9630,0.11,0.0001,29.66,0.93,0.478,0.499,0.073,0.0081,0.0500
11075,-43.34800,-23.99500,-19.35300,-10.61249,-8.24298,-0.49752,0.9646,0.01,0.0000,29.66,0.93,0.478,0.499,0.073,0.0081,0.0500
11100,-43.35248,-24.02834,-19.32414,-10.58426,-8.22516,-0.51472,0.9620,0.12,0.0001,29.66,0.93,0.478,0.499,0.073,0.0081,0.0500
11125,-43.27808,-23.98934,-19.28875,-10.57474,-8.21517,-0.49883,0.9612,0.15,0.0002,29.67,0.92,0.478,0.499,0.073,0.0081,0.0500
11150,-43.30357,-24.00230,-19.30127,-10.58503,-8.19810,-0.51814,0.9621,0.19,0.0002,29.65,0.89,0.478,0.499,0.073,0.0081,0.0500
11175,-43.34114,-23.97050,-19.37064,-10.63518,-8.23726,-0.49819,0.9667,0.22,0.0002,29.62,0.84,0.478,0.499,0.073,0.0081,0.0500
11200,-43.37241,-24.00456,-19.36785,-10.62751,-8.25755,-0.48279,0.9660,0.27,0.0003,29.64,0.87,0.478,0.499,0.073,0.0081,0.0500
11225,-43.30234,-23.99774,-19.30460,-10.57341,-8.21159,-0.51960,0.9610,0.31,0.0003,29.65,0.89,0.478,0.499,0.073,0.0081,0.0500
11250,-43.31136,-24.00488,-19.30647,-10.59072,-8.21143,-0.50432,0.9626,0.32,0.0003,29.64,0.89,0.478,0.499,0.073,0.0081,0.0500
11275,-43.38729,-24.02840,-19.35889,-10.60012,-8.26584,-0.49293,0.9635,0.21,0.0002,29.70,1.22,0.478,0.499,0.073,0.0081,0.0500
11300,-43.31898,-23.99887,-19.32011,-10.59516,-8.21568,-0.50926,0.9630,0.36,0.0004,29.75,1.32,0.478,0.499,0.073,0.0081,0.0500
11325,-43.29605,-23.94843,-19.34762,-10.62927,-8.23167,-0.48669,0.9661,0.39,0.0004,29.74,1.30,0.478,0.499,0.073,0.0081,0.0500
11350,-43.31580,-23.96769,-19.34811,-10.60220,-8.25347,-0.49243,0.9637,0.52,0.0005,29.71,0.97,0.478,0.499,0.073,0.0081,0.0500
11375,-43.26884,-23.94783,-19.32100,-10.56918,-8.24507,-0.50676,0.9607,0.48,0.0005,29.69,0.93,0.478,0.499,0.073,0.0081,0.0500
11400,-43.34878,-24.01135,-19.33743,-10.59198,-8.24878,-0.49668,0.9627,0.48,0.0005,29.69,0.96,0.479,0.499,0.073,0.0081,0.0500
11425,-43.24791,-23.93633,-19.31158,-10.57439,-8.23627,-0.50092,0.9611,0.63,0.0006,29.77,1.35,0.479,0.499,0.073,0.0081,0.0500
11450,-43.32318,-24.00469,-19.31849,-10.61568,-8.22048,-0.48233,0.9649,0.63,0.0007,29.74,1.32,0.479,0.499,0.073,0.0081,0.0500
11475,-43.36091,-23.98409,-19.37683,-10.61787,-8.26878,-0.49018,0.9651,0.63,0.0006,29.80,1.39,0.479,0.499,0.073,0.0081,0.0500
11500,-43.28277,-23.97297,-19.30980,-10.57730,-8.21354,-0.51896,0.9614,0.63,0.0007,29.77,1.12,0.479,0.499,0.073,0.0081,0.0500
11525,-43.31869,-23.98908,-19.32961,-10.60628,-8.21763,-0.50570,0.9640,0.57,0.0006,29.81,1.50,0.479,0.499,0.073,0.0081,0.0500
11550,-43.36075,-24.03930,-19.32145,-10.59838,-8.20394,-0.51914,0.9633,0.68,0.0007,29.77,1.46,0.479,0.499,0.073,0.0081,0.0500
11575,-43.29167,-23.99794,-19.29373,-10.58946,-8.20503,-0.49924,0.9625,0.67,0.0007,29.70,1.01,0.479,0.499,0.073,0.0081,0.0500
11600,-43.40078,-24.07582,-19.32497,-10.60292,-8.23061,-0.49143,0.9637,0.66,0.0007,29.69,0.98,0.479,0.499,0.073,0.0081,0.0500
11625,-43.38363,-24.03372,-19.34990,-10.59636,-8.24690,-0.50664,0.9631,0.57,0.0006,29.70,0.96,0.479,0.499,0.073,0.0081,0.0500
11650,-43.41411,-24.09283,-19.32128,-10.59832,-8.23258,-0.49039,0.9633,0.56,0.0006,29.68,0.93,0.479,0.499,0.073,0.0081,0.0500
11675,-43.42868,-24.07426,-19.35441,-10.61995,-8.23701,-0.49746,0.9653,0.50,0.0005,29.71,0.96,0.479,0.499,0.073,0.0081,0.0500
11700,-43.38208,-24.04106,-19.34101,-10.64298,-8.21038,-0.48765,0.9674,0.55,0.0006,29.69,0.92,0.479,0.498,0.073,0.0081,0.0500
11725,-43.37752,-24.06155,-19.31597,-10.58031,-8.25066,-0.48500,0.9617,0.58,0.0006,29.74,1.00,0.479,0.498,0.073,0.0081,0.0500
11750,-43.45006,-24.09593,-19.35413,-10.62574,-8.24016,-0.48823,0.9658,0.50,0.0005,29.69,0.92,0.479,0.498,0.073,0.0081,0.0500
11775,-43.39394,-24.07399,-19.31995,-10.60482,-8.22690,-0.48823,0.9639,0.51,0.0005,29.69,0.92,0.479,0.498,0.073,0.0081,0.0500
11800,-43.40974,-24.09944,-19.31030,-10.59690,-8.20683,-0.50657,0.9632,0.45,0.0005,29.63,0.84,0.479,0.498,0.073,0.0081,0.0500
11825,-43.40967,-24.04405,-19.36562,-10.63016,-8.24023,-0.49523,0.9662,0.48,0.0005,29.67,0.90,0.479,0.498,0.073,0.0081,0.0500
11850,-43.29482,-23.98571,-19.30911,-10.60697,-8.19868,-0.50346,0.9641,0.37,0.0004,29.65,0.87,0.479,0.498,0.073,0.0081,0.0500
11875,-43.32551,-24.01249,-19.31302,-10.59951,-8.21145,-0.50207,0.9634,0.35,0.0004,29.64,0.84,0.479,0.498,0.073,0.0081,0.0500
11900,-43.43796,-24.11913,-19.31882,-10.58978,-8.23691,-0.49213,0.9625,0.43,0.0004,29.66,0.88,0.479,0.498,0.073,0.0081,0.0500
11925,-43.38185,-24.09149,-19.29036,-10.55999,-8.22297,-0.50740,0.9598,0.53,0.0006,29.65,0.87,0.479,0.498,0.073,0.0081,0.0500
11950,-43.38941,-24.08763,-19.30178,-10.59179,-8.21080,-0.49918,0.9627,0.52,0.0005,29.64,0.84,0.480,0.498,0.073,0.0081,0.0500
11975,-43.43266,-24.13893,-19.29373,-10.58467,-8.20094,-0.50812,0.9621,0.37,0.0004,29.65,0.84,0.480,0.498,0.073,0.0081,0.0500
12000,-43.49812,-24.16057,-19.33755,-10.62298,-8.21522,-0.49935,0.9656,0.37,0.0004,29.65,0.84,0.480,0.498,0.076,0.0085,0.0500
12025,-43.45140,-24.10374,-19.34766,-10.61836,-8.22413,-0.50517,0.9651,0.48,0.0005,29.67,0.88,0.480,0.498,0.076,0.0085,0.0500
12050,-43.41125,-24.07605,-19.33520,-10.60458,-8.24079,-0.48983,0.9639,0.50,0.0005,29.73,0.96,0.480,0.498,0.076,0.0085,0.0500
12075,-43.39976,-24.05023,-19.34953,-10.61625,-8.24289,-0.49040,0.9649,0.53,0.0006,29.81,1.12,0.480,0.498,0.076,0.0085,0.0500
12100,-43.38340,-24.03142,-19.35198,-10.60256,-8.24553,-0.50389,0.9637,0.55,0.0006,29.76,1.00,0.480,0.498,0.076,0.0085,0.0500
12125,-43.32342,-24.02550,-19.29792,-10.57223,-8.21408,-0.51161,0.9609,0.47,0.0005,29.75,0.97,0.480,0.498,0.076,0.0085,0.0500
12150,-43.34396,-24.03026,-19.31369,-10.57418,-8.22152,-0.51800,0.9611,0.50,0.0005,29.72,0.93,0.480,0.498,0.076,0.0085,0.0500
12175,-43.41464,-24.11044,-19.30420,-10.56448,-8.22444,-0.51529,0.9602,0.53,0.0005,29.74,0.95,0.480,0.498,0.076,0.0085,0.0500
12200,-43.48321,-24.14559,-19.33762,-10.60326,-8.21828,-0.51608,0.9638,0.49,0.0005,29.78,1.03,0.480,0.498,0.076,0.0085,0.0500
12225,-43.47726,-24.11852,-19.35874,-10.62916,-8.22094,-0.50864,0.9661,0.33,0.0003,29.62,1.42,0.480,0.498,0.076,0.0085,0.0500
12250,-43.44072,-24.14020,-19.30052,-10.58645,-8.19450,-0.51957,0.9622,0.39,0.0004,29.61,1.42,0.480,0.498,0.076,0.0085,0.0500
12275,-43.50738,-24.19228,-19.31510,-10.58023,-8.22843,-0.50645,0.9617,0.39,0.0004,29.58,1.37,0.480,0.498,0.076,0.0085,0.0500
12300,-43.43600,-24.10764,-19.32835,-10.58417,-8.23351,-0.51067,0.9620,0.48,0.0005,29.79,1.06,0.480,0.498,0.076,0.0085,0.0500
12325,-43.47667,-24.13494,-19.34173,-10.60584,-8.21760,-0.51829,0.9640,0.40,0.0004,29.76,1.63,0.480,0.498,0.076,0.0085,0.0500
12350,-43.46661,-24.11757,-19.34904,-10.61035,-8.21369,-0.52500,0.9644,0.56,0.0006,29.73,1.59,0.480,0.498,0.076,0.0085,0.0500
12375,-43.33444,-24.04546,-19.28897,-10.56869,-8.21095,-0.50933,0.9606,0.48,0.0005,29.90,1.17,0.480,0.498,0.076,0.0085,0.0500
12400,-43.37221,-24.09100,-19.28122,-10.55948,-8.19722,-0.52452,0.9598,0.57,0.0006,29.71,1.54,0.480,0.498,0.076,0.0085,0.0500
12425,-43.41489,-24.11370,-19.30119,-10.60021,-8.17966,-0.52131,0.9635,0.50,0.0005,29.74,1.05,0.480,0.498,0.076,0.0085,0.0500
12450,-43.49870,-24.18109,-19.31761,-10.56983,-8.22915,-0.51863,0.9607,0.43,0.0004,29.55,1.41,0.480,0.498,0.076,0.0085,0.0500
12475,-43.52802,-24.19235,-19.33567,-10.59545,-8.22838,-0.51183,0.9631,0.44,0.0005,29.56,1.44,0.480,0.498,0.076,0.0085,0.0500
12500,-43.47592,-24.13669,-19.33924,-10.61308,-8.21405,-0.51210,0.9647,0.34,0.0003,29.73,1.59,0.480,0.498,0.076,0.0085,0.0500
12525,-43.53830,-24.20334,-19.33497,-10.58452,-8.23548,-0.51497,0.9621,0.17,0.0002,29.72,1.53,0.480,0.499,0.076,0.0085,0.0500
12550,-43.47640,-24.17344,-19.30296,-10.58418,-8.20186,-0.51692,0.9620,0.27,0.0003,29.73,1.58,0.480,0.499,0.076,0.0085,0.0500
12575,-43.47955,-24.19109,-19.28846,-10.58035,-8.20560,-0.50251,0.9617,0.25,0.0003,29.74,1.57,0.480,0.499,0.076,0.0085,0.0500
12600,-43.53539,-24.21653,-19.31885,-10.58763,-8.22818,-0.50304,0.9623,0.29,0.0003,29.60,1.40,0.480,0.499,0.076,0.0085,0.0500
12625,-43.52949,-24.20930,-19.32018,-10.59278,-8.21519,-0.51221,0.9628,0.30,0.0003,29.73,1.02,0.480,0.499,0.076,0.0085,0.0500
12650,-43.53400,-24.19977,-19.33423,-10.60159,-8.22884,-0.50380,0.9636,0.25,0.0003,29.73,1.00,0.480,0.499,0.076,0.0085,0.0500
12675,-43.47289,-24.14759,-19.32530,-10.61153,-8.20145,-0.51232,0.9645,0.34,0.0004,29.72,0.96,0.480,0.499,0.076,0.0085,0.0500
12700,-43.46011,-24.16324,-19.29687,-10.57609,-8.22174,-0.49904,0.9613,0.23,0.0002,29.74,1.04,0.480,0.499,0.076,0.0085,0.0500
12725,-43.56465,-24.19997,-19.36469,-10.61679,-8.24222,-0.50568,0.9650,0.32,0.0003,29.74,1.03,0.480,0.499,0.076,0.0085,0.0500
12750,-43.47757,-24.17428,-19.30329,-10.56616,-8.23475,-0.50239,0.9604,0.47,0.0005,29.59,1.37,0.480,0.499,0.076,0.0085,0.0500
12775,-43.49050,-24.16755,-19.32295,-10.60761,-8.21583,-0.49950,0.9642,0.47,0.0005,29.74,1.58,0.480,0.499,0.076,0.0085,0.0500
12800,-43.48758,-24.17212,-19.31547,-10.60397,-8.21742,-0.49408,0.9638,0.58,0.0006,29.77,1.07,0.480,0.499,0.076,0.0085,0.0500
12825,-43.48663,-24.16764,-19.31899,-10.59073,-8.20910,-0.51916,0.9626,0.53,0.0005,29.74,1.03,0.480,0.499,0.076,0.0085,0.0500
12850,-43.53495,-24.21355,-19.32140,-10.60063,-8.20226,-0.51851,0.9635,0.50,0.0005,29.57,1.39,0.480,0.499,0.076,0.0085,0.0500
12875,-43.55237,-24.20408,-19.34829,-10.63386,-8.22659,-0.48784,0.9665,0.39,0.0004,29.72,1.00,0.480,0.499,0.076,0.0085,0.0500
12900,-43.57895,-24.21906,-19.35990,-10.62960,-8.23051,-0.49979,0.9662,0.36,0.0004,29.72,1.00,0.480,0.499,0.076,0.0085,0.0500
12925,-43.48221,-24.18550,-19.29671,-10.59346,-8.19702,-0.50623,0.9629,0.28,0.0003,29.70,0.94,0.480,0.499,0.076,0.0085,0.0500
12950,-43.47024,-24.14696,-19.32328,-10.59276,-8.21611,-0.51440,0.9628,0.34,0.0003,29.74,1.05,0.480,0.499,0.076,0.0085,0.0500
12975,-43.54217,-24.22324,-19.31893,-10.58487,-8.22395,-0.51010,0.9621,0.42,0.0004,29.56,1.40,0.480,0.499,0.076,0.0085,0.0500
13000,-43.45355,-24.15462,-19.29893,-10.58512,-8.19583,-0.51798,0.9621,0.44,0.0005,29.72,1.02,0.480,0.499,0.072,0.0081,0.0500
13025,-43.52316,-24.16259,-19.36057,-10.61807,-8.24879,-0.49371,0.9651,0.48,0.0005,29.76,1.05,0.480,0.499,0.072,0.0081,0.0500
13050,-43.55171,-24.22035,-19.33137,-10.59434,-8.23172,-0.50531,0.9630,0.54,0.0006,29.73,1.07,0.480,0.499,0.072,0.0081,0.0500
13075,-43.51327,-24.21871,-19.29456,-10.56673,-8.20460,-0.52324,0.9604,0.39,0.0004,29.56,1.46,0.480,0.499,0.072,0.0081,0.0500
13100,-43.55165,-24.20633,-19.34531,-10.61212,-8.22733,-0.50587,0.9646,0.52,0.0005,29.76,1.05,0.480,0.499,0.072,0.0081,0.0500
13125,-43.50687,-24.22242,-19.28446,-10.56433,-8.21356,-0.50656,0.9602,0.50,0.0005,29.55,1.41,0.480,0.499,0.072,0.0081,0.0500
13150,-43.55861,-24.27398,-19.28463,-10.57997,-8.20737,-0.49730,0.9616,0.26,0.0003,29.55,1.42,0.480,0.499,0.072,0.0081,0.0500
13175,-43.63833,-24.25691,-19.38143,-10.63559,-8.26003,-0.48581,0.9667,0.09,0.0001,29.73,1.02,0.480,0.499,0.072,0.0081,0.0500
13200,-43.63317,-24.31642,-19.31675,-10.59360,-8.19976,-0.52339,0.9629,0.12,0.0001,29.73,1.03,0.480,0.499,0.072,0.0081,0.0500
13225,-43.63208,-24.30433,-19.32775,-10.59654,-8.22748,-0.50373,0.9632,0.01,0.0000,29.73,1.06,0.480,0.499,0.072,0.0081,0.0500
13250,-43.52254,-24.24967,-19.27288,-10.56748,-8.18624,-0.51916,0.9605,-0.03,-0.0000,29.54,1.33,0.480,0.499,0.072,0.0081,0.0500
13275,-43.53368,-24.24172,-19.29196,-10.59362,-8.19330,-0.50504,0.9629,0.03,0.0000,29.57,1.76,0.480,0.499,0.072,0.0081,0.0500
13300,-43.47168,-24.18323,-19.28845,-10.59889,-8.19375,-0.49581,0.9634,0.12,0.0001,29.58,1.36,0.480,0.499,0.072,0.0081,0.0500
13325,-43.50078,-24.19656,-19.30422,-10.59395,-8.18370,-0.52658,0.9629,0.20,0.0002,29.60,1.40,0.480,0.498,0.072,0.0081,0.0500
13350,-43.52904,-24.20031,-19.32873,-10.60706,-8.21998,-0.50169,0.9641,0.18,0.0002,29.78,1.05,0.480,0.498,0.072,0.0081,0.0500
13375,-43.56273,-24.22908,-19.33365,-10.59121,-8.22563,-0.51682,0.9627,0.15,0.0002,29.72,0.97,0.480,0.498,0.072,0.0081,0.0500
13400,-43.59621,-24.25847,-19.33773,-10.62225,-8.21532,-0.50016,0.9655,0.17,0.0002,29.71,0.91,0.480,0.498,0.072,0.0081,0.0500
13425,-43.60850,-24.25509,-19.35341,-10.65587,-8.20499,-0.49255,0.9685,0.14,0.0001,29.73,0.95,0.480,0.498,0.072,0.0081,0.0500
13450,-43.69804,-24.33288,-19.36516,-10.62519,-8.24000,-0.49997,0.9658,0.09,0.0001,29.69,0.96,0.480,0.498,0.072,0.0081,0.0500
13475,-43.61908,-24.33382,-19.28526,-10.58671,-8.19067,-0.50787,0.9623,0.11,0.0001,29.72,1.00,0.480,0.498,0.072,0.0081,0.0500
13500,-43.70605,-24.35931,-19.34673,-10.59983,-8.23455,-0.51235,0.9634,0.14,0.0001,29.69,0.96,0.480,0.498,0.072,0.0081,0.0500
13525,-43.58048,-24.30020,-19.28028,-10.57403,-8.17796,-0.52829,0.9611,0.12,0.0001,29.70,0.91,0.480,0.498,0.072,0.0081,0.0500
13550,-43.64603,-24.33039,-19.31564,-10.61444,-8.18960,-0.51160,0.9648,0.04,0.0000,29.73,0.96,0.480,0.498,0.072,0.0081,0.0500
13575,-43.64065,-24.36717,-19.27348,-10.56703,-8.19232,-0.51412,0.9605,0.08,0.0001,29.76,1.01,0.480,0.498,0.072,0.0081,0.0500
13600,-43.71779,-24.41407,-19.30372,-10.59987,-8.19683,-0.50701,0.9635,0.10,0.0001,29.71,0.92,0.480,0.498,0.072,0.0081,0.0500
13625,-43.63783,-24.33267,-19.30516,-10.58081,-8.22963,-0.49473,0.9617,0.00,0.0000,29.69,0.91,0.480,0.498,0.072,0.0081,0.0500
13650,-43.68894,-24.37905,-19.30989,-10.60234,-8.21864,-0.48891,0.9637,-0.05,-0.0001,29.72,0.97,0.480,0.498,0.072,0.0081,0.0500
13675,-43.69135,-24.33899,-19.35236,-10.60750,-8.23464,-0.51022,0.9641,-0.04,-0.0000,29.72,0.96,0.480,0.498,0.072,0.0081,0.0500
13700,-43.59612,-24.30945,-19.28667,-10.59616,-8.18997,-0.50054,0.9631,0.04,0.0000,29.74,0.98,0.481,0.498,0.072,0.0081,0.0500
13725,-43.66760,-24.35978,-19.30783,-10.60044,-8.20212,-0.50527,0.9635,0.19,0.0002,29.75,1.01,0.481,0.498,0.072,0.0081,0.0500
13750,-43.69267,-24.38603,-19.30664,-10.61724,-8.19897,-0.49043,0.9650,0.18,0.0002,29.73,0.96,0.481,0.498,0.072,0.0081,0.0500
13775,-43.70393,-24.37888,-19.32505,-10.59289,-8.21808,-0.51408,0.9628,0.34,0.0003,29.72,0.93,0.481,0.498,0.072,0.0081,0.0500
13800,-43.68609,-24.37195,-19.31414,-10.58974,-8.21329,-0.51111,0.9625,0.36,0.0004,29.75,1.01,0.481,0.498,0.072,0.0081,0.0500
13825,-43.71280,-24.36076,-19.35204,-10.63927,-8.23276,-0.48002,0.9670,0.22,0.0002,29.71,0.97,0.481,0.498,0.072,0.0081,0.0500
13850,-43.60053,-24.30650,-19.29403,-10.58843,-8.19725,-0.50835,0.9624,0.22,0.0002,29.71,0.97,0.481,0.498,0.072,0.0081,0.0500
13875,-43.64978,-24.33779,-19.31198,-10.57909,-8.21396,-0.51894,0.9616,0.14,0.0001,29.72,1.00,0.481,0.498,0.072,0.0081,0.0500
13900,-43.59740,-24.34034,-19.25706,-10.59600,-8.14451,-0.51656,0.9631,0.10,0.0001,29.72,1.00,0.481,0.498,0.072,0.0081,0.0500
13925,-43.68104,-24.37186,-19.30918,-10.58910,-8.21353,-0.50655,0.9625,0.20,0.0002,29.75,1.01,0.481,0.498,0.072,0.0081,0.0500
13950,-43.62310,-24.31679,-19.30631,-10.57271,-8.20964,-0.52395,0.9610,0.16,0.0002,29.72,0.97,0.481,0.498,0.072,0.0081,0.0500
13975,-43.72034,-24.40918,-19.31116,-10.61105,-8.18872,-0.51139,0.9645,0.22,0.0002,29.74,1.01,0.481,0.498,0.072,0.0081,0.0500
14000,-43.74177,-24.43338,-19.30839,-10.60752,-8.20282,-0.49805,0.9641,0.31,0.0003,29.74,1.01,0.481,0.498,0.069,0.0077,0.0500
14025,-43.73374,-24.46759,-19.26615,-10.56623,-8.16855,-0.53137,0.9604,0.30,0.0003,29.74,1.01,0.481,0.498,0.069,0.0077,0.0500
14050,-43.72551,-24.40940,-19.31611,-10.62448,-8.18312,-0.50851,0.9657,0.26,0.0003,29.74,1.00,0.481,0.498,0.069,0.0077,0.0500
14075,-43.75063,-24.42578,-19.32485,-10.60280,-8.22223,-0.49982,0.9637,0.25,0.0003,29.72,0.97,0.481,0.498,0.069,0.0077,0.0500
14100,-43.74416,-24.40692,-19.33725,-10.61756,-8.20968,-0.51000,0.9651,0.26,0.0003,29.74,1.00,0.481,0.498,0.069,0.0077,0.0500
14125,-43.67846,-24.37513,-19.30333,-10.59499,-8.20855,-0.49979,0.9630,0.27,0.0003,29.73,0.97,0.481,0.498,0.069,0.0077,0.0500
14150,-43.71115,-24.39557,-19.31558,-10.59159,-8.21546,-0.50853,0.9627,0.15,0.0002,29.70,0.92,0.481,0.498,0.069,0.0077,0.0500
14175,-43.66556,-24.37518,-19.29039,-10.56913,-8.21767,-0.50358,0.9607,-0.02,-0.0000,29.70,0.91,0.481,0.498,0.069,0.0077,0.0500
14200,-43.74744,-24.42071,-19.32674,-10.58646,-8.22373,-0.51655,0.9622,0.06,0.0001,29.74,1.00,0.481,0.498,0.069,0.0077,0.0500
14225,-43.65616,-24.31755,-19.33861,-10.61825,-8.22521,-0.49515,0.9651,-0.00,-0.0000,29.74,1.00,0.481,0.498,0.069,0.0077,0.0500
14250,-43.65021,-24.37140,-19.27881,-10.58056,-8.17509,-0.52316,0.9617,-0.07,-0.0001,29.73,0.96,0.481,0.498,0.069,0.0077,0.0500
14275,-43.69876,-24.31568,-19.38308,-10.62088,-8.25752,-0.50468,0.9654,-0.10,-0.0001,29.74,0.99,0.481,0.498,0.069,0.0077,0.0500
14300,-43.63820,-24.33549,-19.30271,-10.57729,-8.20991,-0.51551,0.9614,-0.02,-0.0000,29.59,1.42,0.481,0.498,0.069,0.0077,0.0500
14325,-43.66987,-24.34456,-19.32531,-10.60148,-8.22699,-0.49684,0.9636,0.17,0.0002,29.73,0.96,0.481,0.498,0.069,0.0077,0.0500
14350,-43.69000,-24.39834,-19.29166,-10.58049,-8.19869,-0.51248,0.9617,0.02,0.0000,29.76,0.98,0.481,0.498,0.069,0.0077,0.0500
14375,-43.68420,-24.35519,-19.32901,-10.59813,-8.23137,-0.49951,0.9633,-0.01,-0.0000,29.76,1.03,0.482,0.498,0.069,0.0077,0.0500
14400,-43.64445,-24.35237,-19.29208,-10.57762,-8.21164,-0.50282,0.9614,0.01,0.0000,29.78,1.02,0.482,0.498,0.069,0.0077,0.0500
14425,-43.67490,-24.35641,-19.31849,-10.59332,-8.21981,-0.50537,0.9629,0.01,0.0000,29.76,0.98,0.482,0.498,0.069,0.0077,0.0500
14450,-43.60753,-24.31793,-19.28960,-10.58710,-8.20776,-0.49474,0.9623,-0.01,-0.0000,29.76,1.03,0.482,0.498,0.069,0.0077,0.0500
14475,-43.64984,-24.35171,-19.29813,-10.59828,-8.19584,-0.50401,0.9633,0.04,0.0000,29.76,1.06,0.482,0.498,0.069,0.0077,0.0500
14500,-43.61074,-24.31683,-19.29390,-10.58406,-8.18732,-0.52252,0.9620,0.04,0.0000,29.74,1.01,0.482,0.498,0.069,0.0077,0.0500
14525,-43.59097,-24.31089,-19.28008,-10.59793,-8.17949,-0.50267,0.9633,0.04,0.0000,29.74,0.98,0.482,0.498,0.069,0.0077,0.0500
14550,-43.69762,-24.35944,-19.33818,-10.61552,-8.23781,-0.48485,0.9649,0.02,0.0000,29.73,0.95,0.482,0.498,0.069,0.0077,0.0500
14575,-43.69622,-24.36215,-19.33407,-10.58510,-8.23484,-0.51413,0.9621,0.05,0.0001,29.73,0.94,0.482,0.498,0.069,0.0077,0.0500
14600,-43.71086,-24.39426,-19.31661,-10.57310,-8.23377,-0.50973,0.9610,-0.04,-0.0000,29.73,0.94,0.482,0.498,0.069,0.0077,0.0500
14625,-43.68473,-24.34698,-19.33776,-10.58552,-8.24190,-0.51033,0.9621,-0.00,-0.0000,29.74,0.93,0.482,0.498,0.069,0.0077,0.0500
14650,-43.60892,-24.35934,-19.24958,-10.54807,-8.17564,-0.52587,0.9587,-0.08,-0.0001,29.74,0.94,0.482,0.498,0.069,0.0077,0.0500
14675,-43.60881,-24.31874,-19.29007,-10.55241,-8.22095,-0.51671,0.9591,-0.06,-0.0001,29.73,0.94,0.482,0.498,0.069,0.0077,0.0500
14700,-43.67524,-24.28841,-19.38683,-10.60896,-8.26842,-0.50944,0.9643,-0.05,-0.0000,29.74,0.93,0.482,0.498,0.069,0.0077,0.0500
14725,-43.60052,-24.32157,-19.27895,-10.57529,-8.18801,-0.51566,0.9612,-0.03,-0.0000,29.76,0.98,0.482,0.498,0.069,0.0077,0.0500
14750,-43.67033,-24.36432,-19.30601,-10.59103,-8.20878,-0.50621,0.9626,0.02,0.0000,29.75,0.99,0.482,0.498,0.069,0.0077,0.0500
14775,-43.64349,-24.32741,-19.31609,-10.60462,-8.21622,-0.49525,0.9639,-0.04,-0.0000,29.74,0.97,0.482,0.498,0.069,0.0077,0.0500
14800,-43.69318,-24.36908,-19.32409,-10.62718,-8.20654,-0.49038,0.9659,-0.01,-0.0000,29.76,1.01,0.482,0.498,0.069,0.0077,0.0500
14825,-43.63731,-24.34662,-19.29068,-10.57885,-8.20721,-0.50462,0.9615,0.03,0.0000,29.74,0.98,0.482,0.498,0.069,0.0077,0.0500
14850,-43.71196,-24.36630,-19.34566,-10.62765,-8.22356,-0.49446,0.9660,0.06,0.0001,29.75,0.98,0.482,0.498,0.069,0.0077,0.0500
14875,-43.70018,-24.39275,-19.30743,-10.57794,-8.21980,-0.50968,0.9615,0.03,0.0000,29.75,0.94,0.482,0.498,0.069,0.0077,0.0500
14900,-43.72112,-24.42539,-19.29572,-10.58319,-8.20271,-0.50983,0.9619,0.16,0.0002,29.75,0.93,0.483,0.498,0.069,0.0077,0.0500
14925,-43.71465,-24.39162,-19.32303,-10.61757,-8.20115,-0.50431,0.9651,0.32,0.0003,29.74,0.93,0.483,0.499,0.069,0.0077,0.0500
14950,-43.73721,-24.40549,-19.33172,-10.56260,-8.24427,-0.52485,0.9601,0.32,0.0003,29.75,0.97,0.483,0.499,0.069,0.0077,0.0500
14975,-43.71865,-24.42639,-19.29226,-10.59372,-8.18328,-0.51526,0.9629,0.38,0.0004,29.75,0.93,0.483,0.499,0.069,0.0077,0.0500
15000,-43.80797,-24.43304,-19.37493,-10.63744,-8.24653,-0.49096,0.9669,0.36,0.0004,29.76,0.94,0.483,0.499,0.072,0.0081,0.0500
15025,-43.74562,-24.38920,-19.35642,-10.60694,-8.24438,-0.50510,0.9641,0.34,0.0004,29.78,0.94,0.483,0.499,0.072,0.0081,0.0500
15050,-43.59976,-24.34698,-19.25277,-10.56659,-8.15243,-0.53375,0.9604,0.22,0.0002,29.77,0.93,0.483,0.499,0.072,0.0081,0.0500
15075,-43.66408,-24.31367,-19.35041,-10.61178,-8.23505,-0.50359,0.9645,0.32,0.0003,29.76,0.93,0.483,0.498,0.072,0.0081,0.0500
15100,-43.65496,-24.34599,-19.30897,-10.59583,-8.20411,-0.50903,0.9631,0.30,0.0003,29.76,0.97,0.483,0.498,0.072,0.0081,0.0500
15125,-43.66058,-24.38395,-19.27663,-10.57812,-8.17664,-0.52186,0.9615,0.29,0.0003,29.76,1.01,0.483,0.498,0.072,0.0081,0.0500
15150,-43.71452,-24.38247,-19.33205,-10.60934,-8.21644,-0.50627,0.9643,0.29,0.0003,29.76,1.01,0.483,0.498,0.072,0.0081,0.0500
15175,-43.68166,-24.39228,-19.28937,-10.55968,-8.18652,-0.54317,0.9598,0.22,0.0002,29.79,1.04,0.483,0.498,0.072,0.0081,0.0500
15200,-43.69195,-24.39874,-19.29321,-10.58582,-8.19647,-0.51092,0.9622,0.28,0.0003,29.76,1.01,0.483,0.498,0.072,0.0081,0.0500
15225,-43.72603,-24.42688,-19.29915,-10.61370,-8.18896,-0.49649,0.9647,0.13,0.0001,29.79,1.06,0.483,0.498,0.072,0.0081,0.0500
15250,-43.66736,-24.37885,-19.28851,-10.58324,-8.17756,-0.52771,0.9619,0.12,0.0001,29.82,1.09,0.483,0.498,0.072,0.0081,0.0500
15275,-43.78455,-24.46228,-19.32228,-10.62317,-8.19623,-0.50288,0.9656,0.12,0.0001,29.77,1.04,0.483,0.498,0.072,0.0081,0.0500
15300,-43.76503,-24.43981,-19.32521,-10.60049,-8.20499,-0.51974,0.9635,0.22,0.0002,29.76,1.01,0.483,0.498,0.072,0.0081,0.0500
15325,-43.69710,-24.38796,-19.30914,-10.59916,-8.19262,-0.51736,0.9634,0.28,0.0003,29.77,1.04,0.483,0.498,0.072,0.0081,0.0500
15350,-43.79437,-24.45945,-19.33491,-10.58411,-8.23938,-0.51143,0.9620,0.35,0.0004,29.76,1.00,0.483,0.498,0.072,0.0081,0.0500
15375,-43.76848,-24.44371,-19.32477,-10.60079,-8.21485,-0.50912,0.9635,0.25,0.0003,29.78,1.05,0.483,0.498,0.072,0.0081,0.0500
15400,-43.75809,-24.42766,-19.33042,-10.60629,-8.22290,-0.50123,0.9640,0.32,0.0003,29.74,1.07,0.483,0.498,0.072,0.0081,0.0500
15425,-43.75392,-24.42507,-19.32884,-10.60373,-8.21149,-0.51363,0.9638,0.33,0.0003,29.75,1.01,0.483,0.498,0.072,0.0081,0.0500
15450,-43.76104,-24.46579,-19.29525,-10.59200,-8.18522,-0.51803,0.9627,0.22,0.0002,29.78,1.04,0.483,0.498,0.072,0.0081,0.0500
15475,-43.82213,-24.47149,-19.35064,-10.64431,-8.20276,-0.50357,0.9675,0.17,0.0002,29.76,1.04,0.483,0.498,0.072,0.0081,0.0500
15500,-43.71515,-24.41989,-19.29527,-10.59145,-8.20093,-0.50289,0.9627,0.20,0.0002,29.77,1.06,0.483,0.498,0.072,0.0081,0.0500
15525,-43.74336,-24.47114,-19.27221,-10.58270,-8.20112,-0.48840,0.9619,0.26,0.0003,29.78,1.11,0.483,0.498,0.072,0.0081,0.0500
15550,-43.81124,-24.43177,-19.37947,-10.63169,-8.26786,-0.47992,0.9663,0.27,0.0003,29.78,1.09,0.483,0.498,0.072,0.0081,0.0500
15575,-43.89305,-24.52522,-19.36782,-10.63466,-8.22684,-0.50633,0.9666,0.21,0.0002,29.79,1.08,0.483,0.498,0.072,0.0081,0.0500
15600,-43.74666,-24.48212,-19.26455,-10.57268,-8.18303,-0.50884,0.9610,0.31,0.0003,29.79,1.02,0.483,0.498,0.072,0.0081,0.0500
15625,-43.85427,-24.50422,-19.35004,-10.57803,-8.25554,-0.51648,0.9615,0.47,0.0005,29.80,1.07,0.483,0.498,0.072,0.0081,0.0500
15650,-43.75392,-24.41297,-19.34095,-10.58716,-8.24778,-0.50600,0.9623,0.47,0.0005,29.73,0.90,0.483,0.498,0.072,0.0081,0.0500
15675,-43.77150,-24.45096,-19.32054,-10.59886,-8.22858,-0.49309,0.9634,0.57,0.0006,29.74,0.94,0.483,0.498,0.072,0.0081,0.0500
15700,-43.73479,-24.43206,-19.30273,-10.57405,-8.20443,-0.52425,0.9611,0.65,0.0007,29.76,0.98,0.483,0.498,0.072,0.0081,0.0500
15725,-43.78558,-24.47967,-19.30591,-10.58997,-8.20536,-0.51058,0.9626,0.77,0.0008,29.76,0.98,0.483,0.498,0.072,0.0081,0.0500
15750,-43.83316,-24.49094,-19.34222,-10.59946,-8.21888,-0.52388,0.9634,0.84,0.0009,29.77,1.05,0.483,0.498,0.072,0.0081,0.0500
15775,-43.85706,-24.50390,-19.35316,-10.62123,-8.23557,-0.49636,0.9654,0.95,0.0010,29.79,1.09,0.483,0.498,0.072,0.0081,0.0500
15800,-43.76565,-24.48065,-19.28500,-10.55506,-8.19576,-0.53418,0.9594,0.99,0.0010,29.79,1.10,0.483,0.498,0.072,0.0081,0.0500
15825,-43.84993,-24.51979,-19.33015,-10.56200,-8.25474,-0.51340,0.9600,0.95,0.0010,29.77,1.04,0.483,0.498,0.072,0.0081,0.0500
15850,-43.80843,-24.47728,-19.33116,-10.60197,-8.20791,-0.52128,0.9636,1.01,0.0010,29.76,1.05,0.483,0.498,0.072,0.0081,0.0500
15875,-43.78637,-24.51431,-19.27206,-10.55282,-8.18435,-0.53489,0.9592,0.97,0.0010,29.78,1.08,0.483,0.498,0.072,0.0081,0.0500
15900,-43.87063,-24.54695,-19.32369,-10.59256,-8.21761,-0.51351,0.9628,1.08,0.0011,29.76,1.04,0.483,0.498,0.072,0.0081,0.0500
15925,-43.85700,-24.52358,-19.33343,-10.59109,-8.21283,-0.52951,0.9627,1.10,0.0011,29.74,1.00,0.483,0.498,0.072,0.0081,0.0500
15950,-43.78010,-24.47697,-19.30313,-10.58738,-8.21065,-0.50510,0.9623,0.95,0.0010,29.73,0.97,0.483,0.498,0.072,0.0081,0.0500
15975,-43.82962,-24.51690,-19.31273,-10.58143,-8.20031,-0.53098,0.9618,1.13,0.0012,29.75,1.01,0.483,0.498,0.072,0.0081,0.0500
16000,-43.85980,-24.49244,-19.36736,-10.61822,-8.24930,-0.49984,0.9651,1.00,0.0010,29.76,1.06,0.483,0.498,0.069,0.0077,0.0500
16025,-43.91899,-24.56881,-19.35018,-10.62512,-8.21094,-0.51411,0.9657,0.99,0.0010,29.79,1.11,0.483,0.498,0.069,0.0077,0.0500
16050,-43.87808,-24.53339,-19.34469,-10.60337,-8.22129,-0.52003,0.9638,0.91,0.0009,29.78,1.11,0.483,0.498,0.069,0.0077,0.0500
16075,-43.89032,-24.56281,-19.32751,-10.58779,-8.22277,-0.51695,0.9624,0.85,0.0009,29.74,1.01,0.483,0.498,0.069,0.0077,0.0500
16100,-43.93057,-24.59069,-19.33988,-10.57467,-8.24951,-0.51570,0.9612,0.94,0.0010,29.74,1.01,0.483,0.498,0.069,0.0077,0.0500
16125,-43.94157,-24.63045,-19.31112,-10.59408,-8.19782,-0.51922,0.9629,1.01,0.0010,29.78,1.11,0.483,0.498,0.069,0.0077,0.0500
16150,-44.00575,-24.66985,-19.33589,-10.61206,-8.21114,-0.51269,0.9646,1.01,0.0010,29.78,1.10,0.483,0.498,0.069,0.0077,0.0500
16175,-44.00062,-24.65390,-19.34672,-10.59050,-8.23935,-0.51687,0.9626,0.89,0.0009,29.74,1.01,0.483,0.498,0.069,0.0077,0.0500
16200,-43.91209,-24.57559,-19.33650,-10.60375,-8.22000,-0.51275,0.9638,0.96,0.0010,29.79,1.10,0.483,0.498,0.069,0.0077,0.0500
16225,-43.88079,-24.56959,-19.31119,-10.56732,-8.23470,-0.50917,0.9605,1.04,0.0011,29.78,1.10,0.483,0.498,0.069,0.0077,0.0500
16250,-43.89885,-24.56124,-19.33762,-10.58618,-8.24236,-0.50908,0.9622,1.05,0.0011,29.81,1.14,0.483,0.498,0.069,0.0077,0.0500
16275,-43.91231,-24.56650,-19.34581,-10.57674,-8.25204,-0.51703,0.9614,0.86,0.0009,29.78,1.10,0.483,0.498,0.069,0.0077,0.0500
16300,-43.85095,-24.53640,-19.31455,-10.59771,-8.21117,-0.50568,0.9633,0.82,0.0009,29.77,1.07,0.483,0.498,0.069,0.0077,0.0500
16325,-43.85887,-24.54393,-19.31494,-10.58504,-8.20773,-0.52216,0.9621,0.75,0.0008,29.74,1.02,0.483,0.498,0.069,0.0077,0.0500
16350,-43.89508,-24.57574,-19.31935,-10.57984,-8.22924,-0.51026,0.9616,0.74,0.0008,29.74,0.97,0.483,0.498,0.069,0.0077,0.0500
16375,-43.98328,-24.62366,-19.35962,-10.63120,-8.23877,-0.48965,0.9663,0.71,0.0007,29.77,1.03,0.483,0.498,0.069,0.0077,0.0500
16400,-44.01572,-24.69693,-19.31879,-10.56730,-8.23229,-0.51921,0.9605,0.82,0.0009,29.76,1.02,0.483,0.498,0.069,0.0077,0.0500
16425,-44.03703,-24.71484,-19.32219,-10.60552,-8.19874,-0.51793,0.9640,0.78,0.0008,29.76,1.01,0.483,0.498,0.069,0.0077,0.0500
16450,-44.00907,-24.71190,-19.29717,-10.58807,-8.20827,-0.50083,0.9624,0.77,0.0008,29.75,1.02,0.484,0.498,0.069,0.0077,0.0500
16475,-44.04975,-24.70856,-19.34119,-10.61389,-8.23409,-0.49321,0.9647,0.82,0.0009,29.78,1.06,0.484,0.498,0.069,0.0077,0.0500
16500,-44.00638,-24.69137,-19.31501,-10.57164,-8.21340,-0.52996,0.9609,0.80,0.0008,29.78,1.06,0.484,0.498,0.069,0.0077,0.0500
16525,-44.06169,-24.73162,-19.33007,-10.57252,-8.23581,-0.52174,0.9610,0.74,0.0008,29.75,1.06,0.484,0.498,0.069,0.0077,0.0500
16550,-44.08895,-24.76297,-19.32598,-10.60006,-8.20868,-0.51725,0.9635,0.69,0.0007,29.78,1.06,0.484,0.498,0.069,0.0077,0.0500
16575,-44.03436,-24.72230,-19.31207,-10.61432,-8.19385,-0.50389,0.9648,0.58,0.0006,29.77,1.01,0.484,0.498,0.069,0.0077,0.0500
16600,-44.03008,-24.70978,-19.32030,-10.57436,-8.21928,-0.52665,0.9611,0.36,0.0004,29.74,0.97,0.484,0.498,0.069,0.0077,0.0500
16625,-44.03665,-24.69418,-19.34247,-10.56850,-8.23278,-0.54119,0.9606,0.28,0.0003,29.76,1.05,0.484,0.498,0.069,0.0077,0.0500
16650,-44.05047,-24.73427,-19.31621,-10.57436,-8.21401,-0.52783,0.9611,0.37,0.0004,29.77,1.08,0.484,0.498,0.069,0.0077,0.0500
16675,-44.03760,-24.70166,-19.33594,-10.60374,-8.22121,-0.51099,0.9638,0.44,0.0005,29.77,1.08,0.484,0.498,0.069,0.0077,0.0500
16700,-44.07313,-24.72953,-19.34360,-10.59935,-8.23888,-0.50537,0.9634,0.51,0.0005,29.76,1.08,0.484,0.498,0.069,0.0077,0.0500
16725,-44.08068,-24.77641,-19.30427,-10.58328,-8.21443,-0.50656,0.9619,0.49,0.0005,29.77,1.08,0.484,0.498,0.069,0.0077,0.0500
16750,-44.06101,-24.74304,-19.31797,-10.58638,-8.20792,-0.52367,0.9622,0.51,0.0005,29.76,1.08,0.484,0.498,0.069,0.0077,0.0500
16775,-43.96430,-24.66983,-19.29447,-10.57264,-8.19414,-0.52769,0.9610,0.61,0.0006,29.77,1.08,0.484,0.498,0.069,0.0077,0.0500
16800,-44.01004,-24.72201,-19.28803,-10.56920,-8.19801,-0.52081,0.9607,0.73,0.0008,29.78,1.11,0.484,0.498,0.069,0.0077,0.0500
16825,-44.04969,-24.72489,-19.32481,-10.59178,-8.21028,-0.52276,0.9627,0.75,0.0008,29.77,1.11,0.484,0.498,0.069,0.0077,0.0500
16850,-44.05685,-24.70940,-19.34745,-10.61677,-8.23906,-0.49162,0.9650,0.74,0.0008,29.76,0.98,0.484,0.498,0.069,0.0077,0.0500
16875,-44.04267,-24.72320,-19.31946,-10.56860,-8.21757,-0.53329,0.9606,0.68,0.0007,29.69,0.93,0.484,0.498,0.069,0.0077,0.0500
16900,-44.01382,-24.72785,-19.28597,-10.57548,-8.18607,-0.52442,0.9612,0.67,0.0007,29.72,1.02,0.484,0.498,0.069,0.0077,0.0500
16925,-44.02022,-24.68270,-19.33752,-10.59483,-8.23107,-0.51162,0.9630,0.50,0.0005,29.78,1.11,0.484,0.498,0.069,0.0077,0.0500
16950,-43.95557,-24.61937,-19.33620,-10.58258,-8.23911,-0.51451,0.9619,0.51,0.0005,29.81,1.15,0.484,0.498,0.069,0.0077,0.0500
16975,-43.99790,-24.64312,-19.35478,-10.62475,-8.24000,-0.49002,0.9657,0.60,0.0006,29.79,1.06,0.484,0.498,0.069,0.0077,0.0500
17000,-43.96782,-24.63757,-19.33025,-10.58341,-8.23592,-0.51092,0.9620,0.63,0.0007,29.77,1.08,0.484,0.499,0.065,0.0073,0.0500
17025,-43.93986,-24.62249,-19.31736,-10.60244,-8.21783,-0.49709,0.9637,0.68,0.0007,29.78,1.08,0.484,0.498,0.065,0.0073,0.0500
17050,-43.94035,-24.64443,-19.29592,-10.58686,-8.18994,-0.51912,0.9623,0.63,0.0006,29.79,1.08,0.484,0.498,0.065,0.0073,0.0500
17075,-43.96939,-24.66897,-19.30043,-10.58319,-8.22229,-0.49494,0.9619,0.58,0.0006,29.79,1.08,0.484,0.498,0.065,0.0073,0.0500
17100,-43.98319,-24.64009,-19.34310,-10.58837,-8.23522,-0.51951,0.9624,0.57,0.0006,29.78,1.08,0.484,0.498,0.065,0.0073,0.0500
17125,-44.00309,-24.70636,-19.29673,-10.58315,-8.19230,-0.52128,0.9619,0.51,0.0005,29.79,1.08,0.484,0.498,0.065,0.0073,0.0500
17150,-44.01378,-24.68801,-19.32578,-10.59141,-8.22513,-0.50923,0.9627,0.41,0.0004,29.79,1.13,0.484,0.498,0.065,0.0073,0.0500
17175,-43.94146,-24.62068,-19.32079,-10.57456,-8.22104,-0.52518,0.9612,0.48,0.0005,29.82,1.06,0.484,0.498,0.065,0.0073,0.0500
17200,-43.98044,-24.64960,-19.33084,-10.58718,-8.25021,-0.49345,0.9623,0.41,0.0004,29.82,1.06,0.484,0.498,0.065,0.0073,0.0500
17225,-44.00429,-24.67153,-19.33276,-10.57688,-8.24269,-0.51319,0.9614,0.45,0.0005,29.79,1.04,0.484,0.498,0.065,0.0073,0.0500
17250,-44.04156,-24.68892,-19.35264,-10.61640,-8.23058,-0.50567,0.9650,0.46,0.0005,29.83,1.38,0.484,0.498,0.065,0.0073,0.0500
17275,-44.04339,-24.68130,-19.36209,-10.63483,-8.22816,-0.49910,0.9666,0.28,0.0003,29.81,1.09,0.484,0.498,0.065,0.0073,0.0500
17300,-44.09138,-24.73821,-19.35317,-10.59776,-8.22277,-0.53264,0.9633,0.27,0.0003,29.79,1.04,0.484,0.498,0.065,0.0073,0.0500
17325,-44.02018,-24.70022,-19.31996,-10.61029,-8.20403,-0.50565,0.9644,0.28,0.0003,29.77,0.99,0.485,0.498,0.065,0.0073,0.0500
17350,-43.98013,-24.64926,-19.33087,-10.62305,-8.20363,-0.50419,0.9656,0.30,0.0003,29.76,1.02,0.485,0.498,0.065,0.0073,0.0500
17375,-43.93525,-24.63893,-19.29632,-10.60344,-8.19865,-0.49423,0.9638,0.35,0.0004,29.79,1.04,0.485,0.498,0.065,0.0073,0.0500
17400,-43.99481,-24.62691,-19.36790,-10.62823,-8.22575,-0.51392,0.9660,0.41,0.0004,29.78,0.99,0.485,0.498,0.065,0.0073,0.0500
17425,-43.93373,-24.63691,-19.29682,-10.58138,-8.20179,-0.51364,0.9618,0.34,0.0004,29.79,0.99,0.485,0.498,0.065,0.0073,0.0500
17450,-43.98988,-24.65856,-19.33132,-10.57302,-8.22985,-0.52845,0.9610,0.37,0.0004,29.78,0.99,0.485,0.498,0.065,0.0073,0.0500
17475,-44.04052,-24.65255,-19.38797,-10.62168,-8.25355,-0.51274,0.9654,0.36,0.0004,29.78,0.99,0.485,0.498,0.065,0.0073,0.0500
17500,-44.08885,-24.75365,-19.33519,-10.60375,-8.23441,-0.49703,0.9638,0.41,0.0004,29.73,0.95,0.485,0.498,0.065,0.0073,0.0500
17525,-44.07219,-24.74092,-19.33127,-10.58150,-8.22907,-0.52069,0.9618,0.42,0.0004,29.79,1.02,0.485,0.498,0.065,0.0073,0.0500
17550,-44.09644,-24.76316,-19.33328,-10.62038,-8.21198,-0.50092,0.9653,0.35,0.0004,29.80,1.06,0.485,0.498,0.065,0.0073,0.0500
17575,-44.12309,-24.78560,-19.33749,-10.59188,-8.22909,-0.51652,0.9627,0.39,0.0004,29.75,0.97,0.485,0.498,0.065,0.0073,0.0500
17600,-44.07736,-24.77934,-19.29802,-10.57473,-8.21888,-0.50441,0.9612,0.44,0.0005,29.78,1.02,0.485,0.498,0.065,0.0073,0.0500
17625,-44.09751,-24.75271,-19.34479,-10.61020,-8.22599,-0.50860,0.9644,0.44,0.0005,29.79,1.03,0.485,0.498,0.065,0.0073,0.0500
17650,-44.05325,-24.72106,-19.33219,-10.58619,-8.22114,-0.52486,0.9622,0.38,0.0004,29.79,1.02,0.485,0.498,0.065,0.0073,0.0500
17675,-44.04729,-24.73554,-19.31175,-10.57703,-8.21440,-0.52032,0.9614,0.32,0.0003,29.79,1.02,0.485,0.498,0.065,0.0073,0.0500
17700,-43.99709,-24.70894,-19.28814,-10.60697,-8.18126,-0.49991,0.9641,0.17,0.0002,29.79,1.06,0.485,0.498,0.065,0.0073,0.0500
17725,-44.08421,-24.71138,-19.37282,-10.59079,-8.26908,-0.51295,0.9626,0.15,0.0002,29.79,1.06,0.485,0.498,0.065,0.0073,0.0500
17750,-44.02658,-24.72103,-19.30555,-10.57163,-8.21770,-0.51622,0.9609,0.23,0.0002,29.77,1.02,0.485,0.498,0.065,0.0073,0.0500
17775,-44.01548,-24.72005,-19.29543,-10.61093,-8.18708,-0.49742,0.9645,0.24,0.0003,29.76,1.03,0.485,0.498,0.065,0.0073,0.0500
17800,-44.11640,-24.76718,-19.34922,-10.59663,-8.24402,-0.50857,0.9632,0.17,0.0002,29.74,0.98,0.485,0.498,0.065,0.0073,0.0500
17825,-44.10783,-24.77811,-19.32972,-10.59445,-8.23231,-0.50296,0.9630,0.22,0.0002,29.74,0.97,0.485,0.498,0.065,0.0073,0.0500
17850,-44.13372,-24.82320,-19.31052,-10.58209,-8.21063,-0.51781,0.9618,0.24,0.0003,29.79,1.11,0.485,0.498,0.065,0.0073,0.0500
17875,-44.10108,-24.76932,-19.33176,-10.62086,-8.21174,-0.49916,0.9654,0.24,0.0002,29.79,1.08,0.485,0.498,0.065,0.0073,0.0500
17900,-44.09043,-24.77616,-19.31427,-10.59513,-8.20192,-0.51723,0.9630,0.20,0.0002,29.79,1.07,0.485,0.498,0.065,0.0073,0.0500
17925,-44.07444,-24.72823,-19.34622,-10.60520,-8.23002,-0.51100,0.9639,0.11,0.0001,29.79,0.98,0.485,0.498,0.065,0.0073,0.0500
17950,-44.10275,-24.77426,-19.32849,-10.57664,-8.23417,-0.51769,0.9613,0.17,0.0002,29.75,0.98,0.485,0.498,0.065,0.0073,0.0500
17975,-44.09295,-24.77188,-19.32106,-10.56373,-8.23736,-0.51997,0.9602,0.08,0.0001,29.74,0.98,0.485,0.498,0.065,0.0073,0.0500
18000,-44.13827,-24.76953,-19.36874,-10.61578,-8.24968,-0.50328,0.9649,0.03,0.0000,29.77,1.07,0.485,0.498,0.068,0.0077,0.0500
18025,-44.06705,-24.76837,-19.29868,-10.57654,-8.18823,-0.53392,0.9613,-0.02,-0.0000,29.76,1.03,0.485,0.498,0.068,0.0077,0.0500
18050,-44.09526,-24.74689,-19.34837,-10.60392,-8.21439,-0.53006,0.9638,-0.11,-0.0001,29.75,1.03,0.486,0.498,0.068,0.0077,0.0500
18075,-44.08887,-24.73645,-19.35243,-10.60952,-8.23598,-0.50693,0.9643,-0.11,-0.0001,29.77,1.07,0.486,0.498,0.068,0.0077,0.0500
18100,-44.10414,-24.76077,-19.34336,-10.61602,-8.22311,-0.50423,0.9649,-0.18,-0.0002,29.76,1.07,0.486,0.498,0.068,0.0077,0.0500
18125,-44.02367,-24.67962,-19.34405,-10.61885,-8.22238,-0.50282,0.9652,-0.25,-0.0003,29.86,1.25,0.486,0.498,0.068,0.0077,0.0500
18150,-44.08618,-24.72534,-19.36084,-10.60318,-8.24269,-0.51498,0.9638,-0.18,-0.0002,29.62,1.52,0.486,0.498,0.068,0.0077,0.0500
18175,-44.02327,-24.74432,-19.27895,-10.57831,-8.19627,-0.50437,0.9615,-0.15,-0.0002,29.78,1.12,0.486,0.498,0.068,0.0077,0.0500
18200,-44.08160,-24.75385,-19.32775,-10.57131,-8.22434,-0.53209,0.9609,-0.22,-0.0002,29.77,1.10,0.486,0.498,0.068,0.0077,0.0500
18225,-44.05881,-24.79374,-19.26507,-10.57240,-8.18254,-0.51013,0.9610,-0.26,-0.0003,29.77,1.10,0.486,0.498,0.068,0.0077,0.0500
18250,-44.06838,-24.76135,-19.30703,-10.59921,-8.19891,-0.50890,0.9634,-0.26,-0.0003,29.76,1.01,0.486,0.498,0.068,0.0077,0.0500
18275,-44.03604,-24.74758,-19.28846,-10.57967,-8.19340,-0.51539,0.9616,-0.14,-0.0001,29.76,1.07,0.486,0.498,0.068,0.0077,0.0500
18300,-44.00156,-24.70359,-19.29797,-10.59281,-8.19338,-0.51178,0.9628,-0.28,-0.0003,29.79,1.14,0.486,0.498,0.068,0.0077,0.0500
18325,-44.07258,-24.72848,-19.34411,-10.61177,-8.22606,-0.50628,0.9645,-0.26,-0.0003,29.82,1.40,0.486,0.498,0.068,0.0077,0.0500
18350,-44.11891,-24.77767,-19.34124,-10.61041,-8.22417,-0.50667,0.9644,-0.24,-0.0003,29.82,1.40,0.486,0.498,0.068,0.0077,0.0500
18375,-44.12526,-24.75210,-19.37316,-10.62912,-8.25449,-0.48955,0.9661,-0.16,-0.0002,29.81,1.41,0.486,0.498,0.068,0.0077,0.0500
18400,-44.05588,-24.72183,-19.33405,-10.61612,-8.20271,-0.51522,0.9649,-0.11,-0.0001,29.78,1.08,0.486,0.498,0.068,0.0077,0.0500
18425,-44.04495,-24.75975,-19.28520,-10.57918,-8.18477,-0.52124,0.9616,-0.07,-0.0001,29.76,1.03,0.486,0.498,0.068,0.0077,0.0500
18450,-44.08453,-24.78799,-19.29654,-10.56220,-8.21161,-0.52273,0.9600,-0.11,-0.0001,29.76,0.98,0.486,0.498,0.068,0.0077,0.0500
18475,-44.11709,-24.76606,-19.35103,-10.59697,-8.24572,-0.50834,0.9632,-0.16,-0.0002,29.81,1.11,0.486,0.498,0.068,0.0077,0.0500
18500,-44.11964,-24.78691,-19.33273,-10.60832,-8.20825,-0.51617,0.9642,-0.19,-0.0002,29.84,1.16,0.486,0.498,0.068,0.0077,0.0500
18525,-44.09977,-24.79497,-19.30480,-10.58010,-8.20404,-0.52066,0.9617,-0.03,-0.0000,29.85,1.16,0.486,0.498,0.068,0.0077,0.0500
18550,-44.09000,-24.77447,-19.31553,-10.60423,-8.19009,-0.52121,0.9638,0.12,0.0001,29.88,1.46,0.486,0.498,0.068,0.0077,0.0500
18575,-44.16628,-24.77301,-19.39327,-10.61370,-8.27602,-0.50355,0.9647,0.13,0.0001,29.81,1.12,0.486,0.498,0.068,0.0077,0.0500
18600,-44.04222,-24.71511,-19.32711,-10.60024,-8.21949,-0.50739,0.9635,0.03,0.0000,29.80,1.08,0.486,0.498,0.068,0.0077,0.0500
18625,-44.05258,-24.70693,-19.34565,-10.59688,-8.21777,-0.53101,0.9632,0.00,0.0000,29.80,1.08,0.486,0.498,0.068,0.0077,0.0500
18650,-44.07034,-24.73812,-19.33222,-10.57693,-8.22172,-0.53358,0.9614,0.05,0.0001,29.82,1.13,0.486,0.498,0.068,0.0077,0.0500
18675,-44.09183,-24.75168,-19.34015,-10.61483,-8.22415,-0.50117,0.9648,0.04,0.0000,29.79,1.05,0.486,0.498,0.068,0.0077,0.0500
18700,-44.09383,-24.78063,-19.31321,-10.60214,-8.19428,-0.51678,0.9637,0.01,0.0000,29.80,1.08,0.486,0.498,0.068,0.0077,0.0500
18725,-44.11461,-24.76208,-19.35253,-10.60976,-8.22381,-0.51895,0.9644,-0.04,-0.0000,29.83,1.08,0.486,0.498,0.068,0.0077,0.0500
18750,-44.01155,-24.72905,-19.28250,-10.55175,-8.20158,-0.52917,0.9591,-0.04,-0.0000,29.81,1.03,0.486,0.498,0.068,0.0077,0.0500
18775,-44.05541,-24.75986,-19.29555,-10.59069,-8.18826,-0.51660,0.9626,0.02,0.0000,29.81,1.01,0.486,0.498,0.068,0.0077,0.0500
18800,-44.10635,-24.79231,-19.31404,-10.58665,-8.21837,-0.50902,0.9623,-0.02,-0.0000,29.81,1.02,0.486,0.498,0.068,0.0077,0.0500
18825,-44.24773,-24.88850,-19.35923,-10.61857,-8.24555,-0.49511,0.9652,-0.02,-0.0000,29.83,1.12,0.486,0.498,0.068,0.0077,0.0500
18850,-44.12067,-24.79509,-19.32558,-10.59351,-8.21675,-0.51532,0.9629,0.03,0.0000,29.83,1.14,0.486,0.498,0.068,0.0077,0.0500
18875,-44.08159,-24.74879,-19.33280,-10.59846,-8.22094,-0.51341,0.9633,0.10,0.0001,29.83,1.12,0.486,0.498,0.068,0.0077,0.0500
18900,-44.14862,-24.86754,-19.28108,-10.58272,-8.17048,-0.52788,0.9619,0.07,0.0001,29.81,1.04,0.486,0.498,0.068,0.0077,0.0500
18925,-44.23063,-24.85668,-19.37396,-10.61423,-8.24232,-0.51740,0.9648,-0.11,-0.0001,29.78,1.00,0.486,0.498,0.068,0.0077,0.0500
18950,-44.15420,-24.83786,-19.31634,-10.60803,-8.18968,-0.51862,0.9642,-0.11,-0.0001,29.82,1.12,0.486,0.498,0.068,0.0077,0.0500
18975,-44.21261,-24.86029,-19.35231,-10.63225,-8.21651,-0.50355,0.9664,-0.12,-0.0001,29.80,1.09,0.486,0.498,0.068,0.0077,0.0500
19000,-44.13280,-24.87585,-19.25695,-10.54744,-8.17892,-0.53060,0.9587,-0.14,-0.0001,29.80,1.01,0.486,0.499,0.072,0.0081,0.0500
19025,-44.10936,-24.85162,-19.25774,-10.56142,-8.17340,-0.52292,0.9600,-0.17,-0.0002,29.79,0.99,0.486,0.498,0.072,0.0081,0.0500
19050,-44.23468,-24.88641,-19.34827,-10.61337,-8.21603,-0.51887,0.9647,-0.09,-0.0001,29.82,1.12,0.486,0.498,0.072,0.0081,0.0500
19075,-44.13218,-24.86669,-19.26549,-10.55446,-8.18656,-0.52447,0.9593,-0.05,-0.0000,29.81,1.10,0.486,0.498,0.072,0.0081,0.0500
19100,-44.14840,-24.84829,-19.30011,-10.56104,-8.21854,-0.52053,0.9599,-0.11,-0.0001,29.83,1.06,0.486,0.498,0.072,0.0081,0.0500
19125,-44.20767,-24.89395,-19.31373,-10.55537,-8.23151,-0.52685,0.9594,-0.10,-0.0001,29.78,1.01,0.486,0.498,0.072,0.0081,0.0500
19150,-44.19792,-24.88072,-19.31720,-10.59825,-8.19988,-0.51907,0.9633,-0.18,-0.0002,29.78,1.06,0.486,0.498,0.072,0.0081,0.0500
19175,-44.18171,-24.86953,-19.31219,-10.59947,-8.20010,-0.51261,0.9634,-0.25,-0.0003,29.79,1.09,0.486,0.498,0.072,0.0081,0.0500
19200,-44.17404,-24.83856,-19.33548,-10.57858,-8.24756,-0.50934,0.9615,-0.34,-0.0003,29.79,1.09,0.486,0.498,0.072,0.0081,0.0500
19225,-44.16836,-24.86960,-19.29876,-10.59520,-8.19473,-0.50883,0.9630,-0.28,-0.0003,29.78,1.02,0.486,0.498,0.072,0.0081,0.0500
19250,-44.24903,-24.89553,-19.35350,-10.62093,-8.21650,-0.51607,0.9654,-0.36,-0.0004,29.79,1.05,0.486,0.498,0.072,0.0081,0.0500
19275,-44.21792,-24.90874,-19.30918,-10.60547,-8.19160,-0.51211,0.9640,-0.21,-0.0002,29.78,1.06,0.486,0.498,0.072,0.0081,0.0500
19300,-44.14204,-24.84280,-19.29924,-10.57081,-8.21757,-0.51087,0.9608,-0.18,-0.0002,29.78,1.07,0.486,0.498,0.072,0.0081,0.0500
19325,-44.10754,-24.80671,-19.30083,-10.56877,-8.19393,-0.53813,0.9606,-0.10,-0.0001,29.78,1.06,0.486,0.498,0.072,0.0081,0.0500
19350,-44.17837,-24.86587,-19.31250,-10.60432,-8.19017,-0.51802,0.9639,0.03,0.0000,29.77,1.07,0.486,0.498,0.072,0.0081,0.0500
19375,-44.19204,-24.88030,-19.31174,-10.58158,-8.21482,-0.51534,0.9618,0.02,0.0000,29.78,1.07,0.486,0.498,0.072,0.0081,0.0500
19400,-44.29541,-24.91232,-19.38309,-10.60959,-8.24395,-0.52955,0.9643,-0.02,-0.0000,29.76,1.02,0.486,0.498,0.072,0.0081,0.0500
19425,-44.23261,-24.91358,-19.31904,-10.59290,-8.20479,-0.52135,0.9628,-0.07,-0.0001,29.78,1.07,0.486,0.498,0.072,0.0081,0.0500
19450,-44.17940,-24.88402,-19.29538,-10.57247,-8.20860,-0.51431,0.9610,-0.07,-0.0001,29.79,1.07,0.486,0.498,0.072,0.0081,0.0500
19475,-44.17290,-24.86241,-19.31049,-10.60087,-8.19303,-0.51659,0.9635,-0.09,-0.0001,29.82,1.12,0.486,0.498,0.072,0.0081,0.0500
19500,-44.19550,-24.83796,-19.35754,-10.64032,-8.20870,-0.50853,0.9671,-0.08,-0.0001,29.80,1.10,0.486,0.498,0.072,0.0081,0.0500
19525,-44.15178,-24.89455,-19.25723,-10.54852,-8.19301,-0.51570,0.9588,-0.11,-0.0001,29.77,1.05,0.486,0.498,0.072,0.0081,0.0500
19550,-44.18887,-24.86906,-19.31981,-10.60802,-8.19491,-0.51688,0.9642,-0.06,-0.0001,29.78,1.04,0.486,0.498,0.072,0.0081,0.0500
19575,-44.17955,-24.86596,-19.31358,-10.60158,-8.19388,-0.51812,0.9636,-0.12,-0.0001,29.79,1.16,0.486,0.498,0.072,0.0081,0.0500
19600,-44.21372,-24.89360,-19.32012,-10.59825,-8.21133,-0.51053,0.9633,0.14,0.0001,29.82,1.14,0.486,0.498,0.072,0.0081,0.0500
19625,-44.25601,-24.90804,-19.34797,-10.60367,-8.22492,-0.51938,0.9638,0.06,0.0001,29.79,1.08,0.486,0.498,0.072,0.0081,0.0500
19650,-44.16214,-24.86131,-19.30083,-10.58597,-8.20355,-0.51132,0.9622,0.23,0.0002,29.79,1.01,0.486,0.498,0.072,0.0081,0.0500
19675,-44.21371,-24.89382,-19.31989,-10.58787,-8.19107,-0.54096,0.9624,0.22,0.0002,29.84,1.42,0.486,0.498,0.072,0.0081,0.0500
19700,-44.19909,-24.88585,-19.31323,-10.59938,-8.21283,-0.50103,0.9634,0.24,0.0002,29.68,1.83,0.486,0.498,0.072,0.0081,0.0500
19725,-44.19866,-24.89994,-19.29871,-10.56834,-8.20486,-0.52551,0.9606,0.37,0.0004,29.66,1.79,0.486,0.498,0.072,0.0081,0.0500
19750,-44.24280,-24.92738,-19.31542,-10.57422,-8.20925,-0.53195,0.9611,0.37,0.0004,29.86,1.46,0.486,0.498,0.072,0.0081,0.0500
19775,-44.25353,-24.91768,-19.33585,-10.61783,-8.22278,-0.49523,0.9651,0.33,0.0003,29.64,1.80,0.486,0.498,0.072,0.0081,0.0500
19800,-44.31625,-24.93028,-19.38597,-10.63327,-8.24952,-0.50318,0.9665,0.21,0.0002,29.82,1.40,0.486,0.498,0.072,0.0081,0.0500
19825,-44.32807,-24.99920,-19.32887,-10.58384,-8.22177,-0.52326,0.9620,0.36,0.0004,29.82,1.41,0.486,0.498,0.072,0.0081,0.0500
19850,-44.28024,-24.99184,-19.28840,-10.55367,-8.20555,-0.52918,0.9593,0.46,0.0005,29.76,1.03,0.486,0.498,0.072,0.0081,0.0500
19875,-44.24616,-24.92481,-19.32135,-10.58111,-8.21902,-0.52122,0.9617,0.47,0.0005,29.77,1.08,0.486,0.498,0.072,0.0081,0.0500
19900,-44.26857,-24.96373,-19.30484,-10.57416,-8.21241,-0.51826,0.9611,0.41,0.0004,29.89,1.58,0.486,0.498,0.072,0.0081,0.0500
19925,-44.31109,-24.97024,-19.34085,-10.61238,-8.21375,-0.51472,0.9646,0.40,0.0004,29.85,1.50,0.486,0.498,0.072,0.0081,0.0500
19950,-44.34137,-25.02017,-19.32120,-10.61002,-8.19351,-0.51767,0.9644,0.48,0.0005,29.82,1.15,0.486,0.498,0.072,0.0081,0.0500
19975,-44.30816,-24.97988,-19.32828,-10.60467,-8.20576,-0.51786,0.9639,0.60,0.0006,29.79,1.11,0.486,0.498,0.072,0.0081,0.0500
20000,-44.27460,-25.01812,-19.25648,-10.54903,-8.17519,-0.53226,0.9588,0.59,0.0006,29.85,1.17,0.486,0.498,0.068,0.0077,0.0500
20025,-44.37269,-25.06965,-19.30304,-10.58723,-8.18823,-0.52758,0.9623,0.52,0.0005,29.77,1.35,0.486,0.498,0.068,0.0077,0.0500
20050,-44.31962,-25.04200,-19.27761,-10.57677,-8.19547,-0.50537,0.9614,0.45,0.0005,29.79,1.41,0.486,0.498,0.068,0.0077,0.0500
20075,-44.38015,-25.09238,-19.28777,-10.60729,-8.18701,-0.49347,0.9641,0.59,0.0006,29.85,1.48,0.486,0.498,0.068,0.0077,0.0500
20100,-44.36256,-25.06444,-19.29812,-10.57240,-8.19314,-0.53258,0.9610,0.64,0.0007,29.80,1.46,0.486,0.498,0.068,0.0077,0.0500
20125,-44.39437,-25.07811,-19.31626,-10.60457,-8.20043,-0.51126,0.9639,0.55,0.0006,29.80,1.42,0.486,0.498,0.068,0.0077,0.0500
20150,-44.41878,-25.05919,-19.35958,-10.61426,-8.23501,-0.51031,0.9648,0.59,0.0006,29.79,1.45,0.486,0.498,0.068,0.0077,0.0500
20175,-44.43626,-25.09541,-19.34085,-10.62079,-8.21529,-0.50476,0.9654,0.64,0.0007,29.80,1.45,0.486,0.498,0.068,0.0077,0.0500
20200,-44.36795,-25.09517,-19.27278,-10.56689,-8.18041,-0.52548,0.9605,0.57,0.0006,29.80,1.42,0.486,0.498,0.068,0.0077,0.0500
20225,-44.45801,-25.11276,-19.34524,-10.58670,-8.23777,-0.52078,0.9623,0.54,0.0006,29.79,1.42,0.486,0.498,0.068,0.0077,0.0500
20250,-44.28571,-25.01380,-19.27190,-10.56685,-8.19154,-0.51351,0.9605,0.57,0.0006,29.78,1.41,0.486,0.498,0.068,0.0077,0.0500
20275,-44.33844,-25.05760,-19.28084,-10.56473,-8.19305,-0.52306,0.9603,0.51,0.0005,29.78,1.40,0.486,0.498,0.068,0.0077,0.0500
20300,-44.36358,-25.07931,-19.28427,-10.60841,-8.16877,-0.50709,0.9642,0.58,0.0006,29.85,1.51,0.486,0.498,0.068,0.0077,0.0500
20325,-44.43492,-25.11237,-19.32255,-10.62250,-8.20741,-0.49264,0.9655,0.54,0.0006,29.80,1.44,0.486,0.498,0.068,0.0077,0.0500
20350,-44.41674,-25.11640,-19.30034,-10.59740,-8.18598,-0.51696,0.9632,0.56,0.0006,29.88,1.51,0.486,0.498,0.068,0.0077,0.0500
20375,-44.33490,-25.04539,-19.28951,-10.54301,-8.21610,-0.53040,0.9583,0.76,0.0008,29.91,1.55,0.486,0.498,0.068,0.0077,0.0500
20400,-44.43115,-25.09110,-19.34005,-10.60422,-8.20955,-0.52627,0.9638,0.81,0.0008,29.91,1.60,0.486,0.498,0.068,0.0077,0.0500
20425,-44.43449,-25.07740,-19.35709,-10.58518,-8.23831,-0.53360,0.9621,0.65,0.0007,29.88,1.56,0.486,0.498,0.068,0.0077,0.0500
20450,-44.43782,-25.11837,-19.31945,-10.58349,-8.20790,-0.52807,0.9620,0.56,0.0006,29.84,1.25,0.486,0.498,0.068,0.0077,0.0500
20475,-44.37181,-25.09252,-19.27928,-10.56785,-8.18664,-0.52479,0.9605,0.53,0.0005,29.85,1.29,0.486,0.498,0.068,0.0077,0.0500
20500,-44.39190,-25.05721,-19.33468,-10.60273,-8.21444,-0.51752,0.9637,0.55,0.0006,29.85,1.25,0.486,0.498,0.068,0.0077,0.0500
20525,-44.37037,-25.04566,-19.32471,-10.59806,-8.20982,-0.51682,0.9633,0.56,0.0006,29.84,1.28,0.486,0.498,0.068,0.0077,0.0500
20550,-44.34002,-25.00175,-19.33827,-10.59624,-8.23475,-0.50729,0.9631,0.63,0.0007,29.82,1.22,0.486,0.498,0.068,0.0077,0.0500
20575,-44.33299,-25.03106,-19.30193,-10.57241,-8.19277,-0.53675,0.9610,0.71,0.0007,29.82,1.16,0.486,0.498,0.068,0.0077,0.0500
20600,-44.34607,-25.07568,-19.27039,-10.57868,-8.16939,-0.52233,0.9615,0.60,0.0006,29.83,1.22,0.487,0.498,0.068,0.0077,0.0500
20625,-44.38957,-25.05984,-19.32972,-10.60567,-8.19941,-0.52465,0.9640,0.52,0.0005,29.80,1.17,0.486,0.498,0.068,0.0077,0.0500
20650,-44.34564,-25.08432,-19.26132,-10.56386,-8.18675,-0.51071,0.9602,0.57,0.0006,29.77,1.12,0.486,0.498,0.068,0.0077,0.0500
20675,-44.31246,-25.03071,-19.28175,-10.56013,-8.19352,-0.52810,0.9598,0.46,0.0005,29.74,1.16,0.487,0.498,0.068,0.0077,0.0500
20700,-44.44907,-25.10022,-19.34885,-10.62906,-8.21829,-0.50151,0.9661,0.51,0.0005,29.74,1.13,0.487,0.498,0.068,0.0077,0.0500
20725,-44.44645,-25.08570,-19.36075,-10.61269,-8.24471,-0.50335,0.9646,0.46,0.0005,29.81,1.19,0.487,0.498,0.068,0.0077,0.0500
20750,-44.41230,-25.12290,-19.28940,-10.58334,-8.18906,-0.51700,0.9620,0.52,0.0005,29.85,1.23,0.487,0.498,0.068,0.0077,0.0500
20775,-44.43353,-25.12160,-19.31194,-10.59288,-8.19898,-0.52008,0.9628,0.65,0.0007,29.84,1.25,0.487,0.498,0.068,0.0077,0.0500
20800,-44.43803,-25.14817,-19.28986,-10.58632,-8.17829,-0.52525,0.9622,0.81,0.0008,29.73,1.07,0.487,0.498,0.068,0.0077,0.0500
20825,-44.44274,-25.14367,-19.29907,-10.55816,-8.20662,-0.53429,0.9597,0.85,0.0009,29.77,1.15,0.487,0.498,0.068,0.0077,0.0500
20850,-44.38118,-25.10381,-19.27737,-10.56202,-8.19526,-0.52009,0.9600,0.93,0.0010,29.82,1.21,0.487,0.499,0.068,0.0077,0.0500
20875,-44.41458,-25.08920,-19.32539,-10.58122,-8.21568,-0.52849,0.9618,0.85,0.0009,29.82,1.23,0.487,0.499,0.068,0.0077,0.0500
20900,-44.43398,-25.07733,-19.35665,-10.57506,-8.25641,-0.52518,0.9612,-89.24,-0.0924,30.24,1.21,0.487,0.499,0.068,0.0077,0.0500
20925,-44.44237,-25.11476,-19.32761,-10.60515,-8.21705,-0.50540,0.9639,0.75,0.0008,29.84,1.27,0.487,0.499,0.068,0.0077,0.0500
20950,-44.43487,-25.11296,-19.32191,-10.59025,-8.20156,-0.53009,0.9626,-89.25,-0.0924,30.20,1.22,0.487,0.499,0.068,0.0077,0.0500
20975,-44.40415,-25.11789,-19.28626,-10.55385,-8.20115,-0.53126,0.9593,0.71,0.0007,29.85,1.32,0.487,0.499,0.068,0.0077,0.0500
21000,-44.44660,-25.13169,-19.31491,-10.58921,-8.22317,-0.50252,0.9625,0.84,0.0009,29.93,1.44,0.487,0.499,0.065,0.0073,0.0500
21025,-44.46699,-25.15043,-19.31656,-10.58825,-8.20514,-0.52316,0.9624,0.92,0.0010,29.80,1.05,0.487,0.499,0.065,0.0073,0.0500
21050,-44.47767,-25.15677,-19.32090,-10.60438,-8.20096,-0.51557,0.9639,0.85,0.0009,29.81,1.09,0.487,0.499,0.065,0.0073,0.0500
21075,-44.35559,-25.11095,-19.24464,-10.55927,-8.15891,-0.52646,0.9598,0.65,0.0007,29.84,1.10,0.487,0.499,0.065,0.0073,0.0500
21100,-44.47259,-25.10513,-19.36746,-10.64674,-8.21436,-0.50636,0.9677,0.58,0.0006,29.82,1.05,0.487,0.499,0.065,0.0073,0.0500
21125,-44.41369,-25.06942,-19.34428,-10.63387,-8.20881,-0.50160,0.9665,0.62,0.0006,29.82,1.08,0.487,0.499,0.065,0.0073,0.0500
21150,-44.32164,-25.05356,-19.26808,-10.57789,-8.15133,-0.53886,0.9615,0.65,0.0007,29.81,1.11,0.487,0.499,0.065,0.0073,0.0500
21175,-44.43218,-25.11712,-19.31505,-10.58254,-8.20850,-0.52401,0.9619,0.75,0.0008,29.83,1.04,0.487,0.499,0.065,0.0073,0.0500
21200,-44.46829,-25.18474,-19.28355,-10.58716,-8.17446,-0.52193,0.9623,0.55,0.0006,29.85,1.09,0.487,0.499,0.065,0.0073,0.0500
21225,-44.51209,-25.16129,-19.35080,-10.62256,-8.22138,-0.50686,0.9655,0.51,0.0005,29.85,1.09,0.487,0.498,0.065,0.0073,0.0500
21250,-44.61847,-25.24734,-19.37113,-10.61641,-8.22319,-0.53153,0.9650,0.56,0.0006,29.82,1.05,0.487,0.498,0.065,0.0073,0.0500
21275,-44.60882,-25.28656,-19.32225,-10.59041,-8.24167,-0.49017,0.9626,0.54,0.0006,29.81,1.05,0.487,0.498,0.065,0.0073,0.0500
21300,-44.56920,-25.23816,-19.33104,-10.60646,-8.21586,-0.50872,0.9641,0.76,0.0008,29.83,1.09,0.487,0.498,0.065,0.0073,0.0500
21325,-44.52494,-25.25405,-19.27090,-10.57326,-8.16589,-0.53174,0.9610,0.86,0.0009,29.83,1.05,0.487,0.498,0.065,0.0073,0.0500
21350,-44.53390,-25.25457,-19.27932,-10.58139,-8.18446,-0.51347,0.9618,0.85,0.0009,29.79,1.12,0.487,0.498,0.065,0.0073,0.0500
21375,-44.52287,-25.22988,-19.29300,-10.59987,-8.17971,-0.51342,0.9635,0.85,0.0009,29.83,1.11,0.487,0.498,0.065,0.0073,0.0500
21400,-44.57459,-25.24551,-19.32909,-10.60540,-8.20030,-0.52338,0.9640,0.94,0.0010,29.83,1.08,0.487,0.498,0.065,0.0073,0.0500
21425,-44.61762,-25.30737,-19.31025,-10.60210,-8.18534,-0.52280,0.9637,0.77,0.0008,29.83,1.12,0.487,0.498,0.065,0.0073,0.0500
21450,-44.59036,-25.29770,-19.29266,-10.58112,-8.19172,-0.51981,0.9617,0.76,0.0008,29.84,1.12,0.487,0.498,0.065,0.0073,0.0500
21475,-44.63550,-25.34190,-19.29360,-10.56512,-8.20700,-0.52147,0.9603,0.76,0.0008,29.84,1.10,0.487,0.498,0.065,0.0073,0.0500
21500,-44.66282,-25.38032,-19.28249,-10.57842,-8.17700,-0.52708,0.9615,0.81,0.0008,29.81,1.04,0.487,0.498,0.065,0.0073,0.0500
21525,-44.64960,-25.31837,-19.33123,-10.61992,-8.19542,-0.51589,0.9653,0.81,0.0008,29.83,1.09,0.487,0.498,0.065,0.0073,0.0500
21550,-44.63903,-25.34003,-19.29900,-10.59794,-8.18821,-0.51285,0.9633,0.72,0.0007,29.81,1.04,0.487,0.498,0.065,0.0073,0.0500
21575,-44.65960,-25.33769,-19.32191,-10.58999,-8.22018,-0.51175,0.9626,0.69,0.0007,29.84,1.10,0.487,0.498,0.065,0.0073,0.0500
21600,-44.67094,-25.37946,-19.29148,-10.58210,-8.18854,-0.52084,0.9618,0.77,0.0008,29.85,1.11,0.487,0.498,0.065,0.0073,0.0500
21625,-44.55701,-25.29015,-19.26687,-10.55738,-8.16894,-0.54054,0.9596,0.75,0.0008,29.83,1.13,0.487,0.498,0.065,0.0073,0.0500
21650,-44.58941,-25.30569,-19.28372,-10.56005,-8.20261,-0.52106,0.9598,0.71,0.0007,29.84,1.10,0.487,0.498,0.065,0.0073,0.0500
21675,-44.61488,-25.29933,-19.31554,-10.60822,-8.20834,-0.49899,0.9642,0.78,0.0008,29.81,1.01,0.487,0.498,0.065,0.0073,0.0500
21700,-44.59576,-25.31089,-19.28488,-10.59569,-8.16941,-0.51978,0.9631,0.73,0.0008,29.87,1.12,0.487,0.498,0.065,0.0073,0.0500
21725,-44.57328,-25.29936,-19.27392,-10.59755,-8.15567,-0.52070,0.9632,0.77,0.0008,29.86,1.17,0.487,0.498,0.065,0.0073,0.0500
21750,-44.61158,-25.29783,-19.31376,-10.57811,-8.22124,-0.51441,0.9615,0.72,0.0007,29.84,1.07,0.487,0.498,0.065,0.0073,0.0500
21775,-44.59017,-25.29863,-19.29154,-10.57800,-8.19496,-0.51857,0.9615,0.80,0.0008,29.83,1.16,0.487,0.498,0.065,0.0073,0.0500
21800,-44.62714,-25.28170,-19.34544,-10.60262,-8.23134,-0.51148,0.9637,0.77,0.0008,29.84,1.12,0.487,0.498,0.065,0.0073,0.0500
21825,-44.56316,-25.25398,-19.30918,-10.59304,-8.21281,-0.50333,0.9628,0.88,0.0009,29.84,1.07,0.487,0.498,0.065,0.0073,0.0500
21850,-44.61588,-25.31831,-19.29757,-10.59219,-8.18878,-0.51661,0.9628,0.71,0.0007,29.82,1.04,0.487,0.498,0.065,0.0073,0.0500
21875,-44.61451,-25.29631,-19.31820,-10.62069,-8.18926,-0.50824,0.9653,0.80,0.0008,29.85,1.13,0.487,0.498,0.065,0.0073,0.0500
21900,-44.57805,-25.31100,-19.26705,-10.56169,-8.18302,-0.52234,0.9600,0.89,0.0009,29.85,1.13,0.487,0.498,0.065,0.0073,0.0500
21925,-44.59978,-25.33442,-19.26535,-10.57452,-8.16417,-0.52666,0.9611,0.98,0.0010,29.85,1.06,0.488,0.498,0.065,0.0073,0.0500
21950,-44.65866,-25.36068,-19.29799,-10.59657,-8.18229,-0.51913,0.9632,1.02,0.0011,29.90,1.13,0.488,0.498,0.065,0.0073,0.0500
21975,-44.64690,-25.35364,-19.29325,-10.59579,-8.17908,-0.51838,0.9631,1.06,0.0011,29.86,1.17,0.488,0.498,0.065,0.0073,0.0500
22000,-44.58279,-25.32076,-19.26204,-10.55872,-8.16165,-0.54167,0.9597,1.11,0.0011,29.83,1.10,0.488,0.498,0.068,0.0076,0.0500
22025,-44.59908,-25.30271,-19.29637,-10.58803,-8.19940,-0.50895,0.9624,1.00,0.0010,29.85,1.13,0.488,0.498,0.068,0.0076,0.0500
22050,-44.64372,-25.28227,-19.36145,-10.62406,-8.23429,-0.50311,0.9657,1.15,0.0012,29.87,1.17,0.488,0.498,0.068,0.0076,0.0500
22075,-44.62681,-25.32562,-19.30118,-10.58565,-8.20219,-0.51335,0.9622,1.06,0.0011,29.85,1.14,0.488,0.498,0.068,0.0076,0.0500
22100,-44.61544,-25.32715,-19.28829,-10.57592,-8.18681,-0.52556,0.9613,1.19,0.0012,29.86,1.12,0.488,0.498,0.068,0.0076,0.0500
22125,-44.61885,-25.29592,-19.32292,-10.59821,-8.20631,-0.51840,0.9633,1.25,0.0013,29.88,1.17,0.488,0.498,0.068,0.0076,0.0500
22150,-44.64653,-25.36539,-19.28114,-10.59505,-8.16189,-0.52419,0.9630,1.17,0.0012,29.87,1.20,0.488,0.498,0.068,0.0076,0.0500
22175,-44.70358,-25.39350,-19.31008,-10.59840,-8.19206,-0.51961,0.9633,1.15,0.0012,29.85,1.18,0.488,0.498,0.068,0.0076,0.0500
22200,-44.66080,-25.34527,-19.31554,-10.62167,-8.18248,-0.51139,0.9654,1.06,0.0011,29.86,1.18,0.488,0.498,0.068,0.0076,0.0500
22225,-44.65990,-25.34321,-19.31669,-10.57284,-8.21891,-0.52494,0.9610,1.05,0.0011,29.87,1.18,0.488,0.498,0.068,0.0076,0.0500
22250,-44.63914,-25.33420,-19.30494,-10.59773,-8.17641,-0.53080,0.9633,1.08,0.0011,29.86,1.18,0.488,0.498,0.068,0.0076,0.0500
22275,-44.69347,-25.38053,-19.31294,-10.60453,-8.18606,-0.52234,0.9639,0.96,0.0010,29.86,1.18,0.488,0.498,0.068,0.0076,0.0500
22300,-44.66674,-25.32343,-19.34330,-10.62505,-8.22994,-0.48832,0.9657,0.95,0.0010,29.87,1.22,0.488,0.498,0.068,0.0076,0.0500
22325,-44.58629,-25.33092,-19.25537,-10.55780,-8.17401,-0.52356,0.9596,0.96,0.0010,29.85,1.18,0.488,0.498,0.068,0.0076,0.0500
22350,-44.65314,-25.36417,-19.28896,-10.59763,-8.19289,-0.49844,0.9632,1.04,0.0011,29.85,1.18,0.488,0.498,0.068,0.0076,0.0500
22375,-44.56666,-25.27833,-19.28832,-10.61256,-8.16797,-0.50779,0.9646,1.06,0.0011,29.87,1.09,0.488,0.498,0.068,0.0076,0.0500
22400,-44.62064,-25.32309,-19.29755,-10.59784,-8.17390,-0.52581,0.9633,1.05,0.0011,29.88,1.15,0.488,0.498,0.068,0.0076,0.0500
22425,-44.64652,-25.32873,-19.31779,-10.61621,-8.18929,-0.51230,0.9649,1.00,0.0010,29.90,1.13,0.488,0.498,0.068,0.0076,0.0500
22450,-44.68947,-25.39587,-19.29361,-10.56641,-8.20459,-0.52260,0.9604,0.99,0.0010,29.86,1.10,0.488,0.498,0.068,0.0076,0.0500
22475,-44.59952,-25.31590,-19.28362,-10.58484,-8.18603,-0.51274,0.9621,1.08,0.0011,29.89,1.13,0.488,0.498,0.068,0.0076,0.0500
22500,-44.60503,-25.28708,-19.31795,-10.59608,-8.20066,-0.52121,0.9631,1.02,0.0011,29.90,1.13,0.488,0.498,0.068,0.0076,0.0500
22525,-44.58691,-25.32633,-19.26058,-10.58405,-8.15931,-0.51722,0.9620,1.07,0.0011,29.91,1.14,0.488,0.498,0.068,0.0076,0.0500
22550,-44.69938,-25.38705,-19.31233,-10.58468,-8.22471,-0.50293,0.9621,1.07,0.0011,29.90,1.10,0.488,0.498,0.068,0.0076,0.0500
22575,-44.69860,-25.41842,-19.28018,-10.55199,-8.20251,-0.52568,0.9591,1.05,0.0011,29.89,1.14,0.488,0.498,0.068,0.0076,0.0500
22600,-44.73810,-25.43340,-19.30470,-10.56853,-8.22279,-0.51337,0.9606,1.06,0.0011,29.86,1.10,0.488,0.498,0.068,0.0076,0.0500
22625,-44.67129,-25.35327,-19.31802,-10.60443,-8.20133,-0.51227,0.9639,1.13,0.0012,29.88,1.09,0.488,0.499,0.068,0.0076,0.0500
22650,-44.72162,-25.37464,-19.34698,-10.60655,-8.23154,-0.50889,0.9641,1.08,0.0011,29.82,1.12,0.488,0.499,0.068,0.0076,0.0500
22675,-44.71528,-25.39144,-19.32384,-10.62020,-8.20565,-0.49800,0.9653,1.18,0.0012,29.88,1.09,0.488,0.499,0.068,0.0076,0.0500
22700,-44.70710,-25.36929,-19.33782,-10.60928,-8.21068,-0.51786,0.9643,1.10,0.0011,29.84,1.03,0.488,0.499,0.068,0.0076,0.0500
22725,-44.75489,-25.42924,-19.32565,-10.62302,-8.19414,-0.50849,0.9656,1.16,0.0012,29.87,1.10,0.488,0.499,0.068,0.0076,0.0500
22750,-44.70271,-25.40541,-19.29731,-10.58188,-8.19414,-0.52129,0.9618,1.11,0.0011,29.87,1.09,0.488,0.499,0.068,0.0076,0.0500
22775,-44.69101,-25.39139,-19.29962,-10.57430,-8.19248,-0.53284,0.9611,1.03,0.0011,29.89,1.18,0.488,0.499,0.068,0.0076,0.0500
22800,-44.69224,-25.37574,-19.31650,-10.59305,-8.20373,-0.51971,0.9628,1.11,0.0011,29.88,1.14,0.488,0.499,0.068,0.0076,0.0500
22825,-44.67143,-25.39748,-19.27395,-10.57125,-8.17699,-0.52572,0.9609,1.20,0.0012,29.67,1.53,0.488,0.499,0.068,0.0076,0.0500
22850,-44.75135,-25.42508,-19.32627,-10.61627,-8.19640,-0.51360,0.9649,1.35,0.0014,29.89,1.14,0.488,0.499,0.068,0.0076,0.0500
22875,-44.75966,-25.44254,-19.31711,-10.60741,-8.18083,-0.52887,0.9641,1.37,0.0014,29.83,1.14,0.488,0.499,0.068,0.0076,0.0500
22900,-44.66735,-25.39544,-19.27190,-10.57234,-8.18110,-0.51846,0.9610,1.20,0.0012,29.83,1.13,0.488,0.499,0.068,0.0076,0.0500
22925,-44.73592,-25.42336,-19.31256,-10.60989,-8.19292,-0.50975,0.9644,1.20,0.0012,29.84,1.14,0.488,0.499,0.068,0.0076,0.0500
22950,-44.71830,-25.39659,-19.32171,-10.61690,-8.20000,-0.50481,0.9650,1.18,0.0012,29.79,1.12,0.488,0.499,0.068,0.0076,0.0500
22975,-44.66867,-25.37390,-19.29476,-10.59151,-8.18618,-0.51707,0.9627,1.34,0.0014,29.84,1.14,0.488,0.499,0.068,0.0076,0.0500
23000,-44.79495,-25.45010,-19.34485,-10.60502,-8.23368,-0.50615,0.9639,1.38,0.0014,29.81,1.11,0.488,0.499,0.065,0.0073,0.0500
23025,-44.80554,-25.45253,-19.35301,-10.60874,-8.22803,-0.51623,0.9643,1.41,0.0015,29.83,1.14,0.488,0.499,0.065,0.0073,0.0500
23050,-44.73560,-25.42661,-19.30900,-10.58076,-8.20687,-0.52136,0.9617,1.32,0.0014,29.86,1.16,0.488,0.499,0.065,0.0073,0.0500
23075,-44.73707,-25.41470,-19.32237,-10.59612,-8.20858,-0.51767,0.9631,1.30,0.0013,29.86,1.16,0.488,0.499,0.065,0.0073,0.0500
23100,-44.74451,-25.40229,-19.34222,-10.60649,-8.20778,-0.52795,0.9641,1.25,0.0013,29.85,1.16,0.488,0.499,0.065,0.0073,0.0500
23125,-44.73618,-25.38994,-19.34624,-10.60883,-8.21316,-0.52425,0.9643,1.22,0.0013,29.84,1.18,0.488,0.499,0.065,0.0073,0.0500
23150,-44.67425,-25.33970,-19.33455,-10.61604,-8.21204,-0.50646,0.9649,1.20,0.0012,29.81,1.16,0.488,0.499,0.065,0.0073,0.0500
23175,-44.69178,-25.39463,-19.29715,-10.59880,-8.18995,-0.50840,0.9634,1.12,0.0012,29.84,1.18,0.488,0.499,0.065,0.0073,0.0500
23200,-44.72418,-25.39937,-19.32480,-10.59637,-8.20274,-0.52569,0.9631,1.17,0.0012,29.83,1.19,0.488,0.499,0.065,0.0073,0.0500
23225,-44.69275,-25.35719,-19.33556,-10.61461,-8.20855,-0.51239,0.9648,1.24,0.0013,29.82,1.19,0.488,0.499,0.065,0.0073,0.0500
23250,-44.70694,-25.36411,-19.34283,-10.60924,-8.19865,-0.53494,0.9643,1.09,0.0011,29.83,1.18,0.488,0.499,0.065,0.0073,0.0500
23275,-44.68230,-25.37317,-19.30913,-10.61110,-8.19128,-0.50675,0.9645,1.14,0.0012,29.86,1.21,0.488,0.499,0.065,0.0073,0.0500
23300,-44.63096,-25.32264,-19.30832,-10.60616,-8.18396,-0.51819,0.9640,1.14,0.0012,29.86,1.21,0.488,0.499,0.065,0.0073,0.0500
23325,-44.58061,-25.30878,-19.27183,-10.55870,-8.18961,-0.52352,0.9597,0.95,0.0010,29.87,1.13,0.488,0.499,0.065,0.0073,0.0500
23350,-44.65974,-25.34616,-19.31358,-10.59179,-8.20429,-0.51750,0.9627,0.97,0.0010,29.87,1.13,0.488,0.499,0.065,0.0073,0.0500
23375,-44.70241,-25.36977,-19.33264,-10.59929,-8.20933,-0.52402,0.9634,0.86,0.0009,29.84,1.08,0.488,0.499,0.065,0.0073,0.0500
23400,-44.69115,-25.40919,-19.28196,-10.59243,-8.17295,-0.51658,0.9628,0.99,0.0010,29.87,1.16,0.488,0.499,0.065,0.0073,0.0500
23425,-44.65305,-25.36366,-19.28939,-10.59578,-8.17506,-0.51856,0.9631,0.88,0.0009,29.87,1.18,0.488,0.499,0.065,0.0073,0.0500
23450,-44.60403,-25.31628,-19.28776,-10.59145,-8.17020,-0.52611,0.9627,0.82,0.0009,29.87,1.14,0.488,0.499,0.065,0.0073,0.0500
23475,-44.63158,-25.31515,-19.31643,-10.60611,-8.18909,-0.52123,0.9640,0.91,0.0009,29.86,1.19,0.488,0.499,0.065,0.0073,0.0500
23499,-44.62125,-25.31659,-19.30466,-10.60237,-8.17896,-0.52334,0.9637,0.90,0.0009,29.89,1.21,0.488,0.499,0.065,0.0073,0.0500
