cycle,Eall,EvdW,Emag,Ez,Edd,Ea,Mz,twist_deg,twist_rate,width_nm,coil_nm,acc_mech,acc_mag,delta_s,delta_a,delta_tw
0,-8.61190,-3.98782,-4.62408,-0.00453,-3.85275,-0.76679,0.0028,-33.96,-0.0352,18.91,0.22,0.383,0.715,1.337,0.1500,0.0500
25,-14.14350,-4.34315,-9.80036,-0.51051,-8.76072,-0.52913,0.3100,-28.17,-0.0292,19.39,1.14,0.305,0.689,1.207,0.1354,0.0500
50,-14.47581,-4.69967,-9.77613,-0.54469,-8.67787,-0.55357,0.3307,-33.59,-0.0348,19.53,1.47,0.294,0.675,1.035,0.1161,0.0500
75,-14.77667,-4.86693,-9.90974,-0.63808,-8.73018,-0.54149,0.3874,-8.14,-0.0084,19.37,1.22,0.291,0.661,0.934,0.1048,0.0500
100,-14.85519,-4.90591,-9.94928,-0.73293,-8.63271,-0.58365,0.4450,-3.15,-0.0033,19.26,0.82,0.292,0.646,0.801,0.0898,0.0500
125,-15.03007,-5.01850,-10.01157,-0.85646,-8.56178,-0.59333,0.5200,-12.72,-0.0132,19.67,2.20,0.300,0.631,0.722,0.0811,0.0500
150,-15.34802,-5.13349,-10.21453,-0.99455,-8.64046,-0.57952,0.6039,1.67,0.0017,19.51,1.67,0.308,0.616,0.619,0.0695,0.0500
175,-15.48047,-5.19124,-10.28923,-1.04452,-8.67495,-0.56976,0.6342,16.79,0.0174,19.46,1.90,0.320,0.600,0.559,0.0627,0.0500
200,-15.75156,-5.21262,-10.53894,-1.19455,-8.80177,-0.54263,0.7253,-78.73,-0.0816,19.67,1.37,0.336,0.587,0.479,0.0538,0.0500
225,-15.80633,-5.23935,-10.56699,-1.22287,-8.81548,-0.52864,0.7425,3.31,0.0034,19.45,1.56,0.350,0.578,0.433,0.0485,0.0500
250,-15.85956,-5.24442,-10.61515,-1.22176,-8.82382,-0.56957,0.7418,12.07,0.0125,19.24,1.24,0.365,0.570,0.453,0.0508,0.0500
275,-15.96924,-5.32189,-10.64735,-1.29381,-8.80892,-0.54462,0.7856,13.23,0.0137,19.31,1.50,0.374,0.564,0.409,0.0459,0.0500
300,-16.03297,-5.36971,-10.66326,-1.31626,-8.80903,-0.53797,0.7992,46.94,0.0486,19.32,1.51,0.383,0.559,0.387,0.0435,0.0500
325,-16.02468,-5.38265,-10.64203,-1.32123,-8.75503,-0.56578,0.8022,42.84,0.0443,19.14,1.56,0.392,0.555,0.387,0.0434,0.0500
350,-16.04016,-5.34858,-10.69158,-1.36454,-8.79324,-0.53380,0.8285,42.95,0.0444,19.39,1.79,0.399,0.552,0.366,0.0411,0.0500
375,-16.02262,-5.34745,-10.67517,-1.39422,-8.72787,-0.55308,0.8465,34.87,0.0361,19.57,1.93,0.407,0.549,0.365,0.0410,0.0500
400,-16.26007,-5.39038,-10.86969,-1.40691,-8.91203,-0.55075,0.8542,38.35,0.0397,19.33,2.45,0.413,0.546,0.383,0.0429,0.0500
425,-16.25233,-5.42877,-10.82356,-1.42328,-8.86028,-0.54000,0.8642,20.14,0.0208,19.55,1.52,0.418,0.543,0.345,0.0387,0.0500
450,-16.22616,-5.38802,-10.83814,-1.41537,-8.87214,-0.55063,0.8594,19.44,0.0201,19.68,2.55,0.423,0.541,0.362,0.0406,0.0500
475,-16.24555,-5.44745,-10.79810,-1.43310,-8.84874,-0.51626,0.8701,20.09,0.0208,19.25,3.29,0.428,0.539,0.399,0.0447,0.0500
500,-16.26712,-5.44411,-10.82301,-1.47487,-8.75444,-0.59370,0.8955,20.24,0.0209,19.36,3.41,0.431,0.537,0.378,0.0424,0.0500
525,-16.24390,-5.38116,-10.86274,-1.46367,-8.82298,-0.57609,0.8887,34.67,0.0359,19.44,3.20,0.434,0.535,0.341,0.0383,0.0500
550,-16.26295,-5.38906,-10.87390,-1.49569,-8.82290,-0.55531,0.9081,41.27,0.0427,19.34,2.93,0.439,0.533,0.357,0.0401,0.0500
575,-16.35434,-5.46893,-10.88541,-1.49036,-8.85012,-0.54493,0.9049,48.84,0.0505,19.42,2.41,0.442,0.531,0.394,0.0442,0.0500
600,-16.19828,-5.40882,-10.78946,-1.46184,-8.75884,-0.56879,0.8876,48.95,0.0506,19.58,3.11,0.443,0.530,0.373,0.0419,0.0500
625,-16.25584,-5.44269,-10.81315,-1.45927,-8.80759,-0.54629,0.8860,45.23,0.0468,19.48,2.96,0.446,0.528,0.337,0.0378,0.0500
650,-16.31337,-5.49177,-10.82160,-1.46756,-8.78866,-0.56538,0.8910,-39.86,-0.0412,19.41,3.77,0.448,0.527,0.353,0.0396,0.0500
675,-16.33718,-5.43599,-10.90119,-1.48891,-8.85905,-0.55323,0.9040,-42.77,-0.0443,19.49,2.74,0.450,0.526,0.352,0.0395,0.0500
700,-16.31157,-5.52236,-10.78921,-1.48437,-8.74997,-0.55487,0.9013,-118.45,-0.1225,19.54,3.61,0.452,0.525,0.333,0.0374,0.0500
725,-16.38740,-5.51395,-10.87345,-1.48389,-8.83315,-0.55641,0.9010,-123.72,-0.1280,19.45,3.60,0.454,0.524,0.333,0.0373,0.0500
750,-16.36986,-5.57356,-10.79630,-1.44963,-8.69815,-0.64852,0.8802,57.38,0.0594,19.74,2.78,0.456,0.523,0.348,0.0391,0.0500
775,-16.35925,-5.54616,-10.81309,-1.45990,-8.75646,-0.59673,0.8864,65.47,0.0677,19.61,2.15,0.457,0.523,0.348,0.0390,0.0500
800,-16.47253,-5.59754,-10.87500,-1.47849,-8.78797,-0.60854,0.8977,156.47,0.1619,19.67,2.47,0.458,0.522,0.329,0.0369,0.0500
825,-16.42600,-5.56070,-10.86530,-1.48577,-8.81071,-0.56882,0.9021,-23.91,-0.0247,19.81,3.12,0.459,0.521,0.328,0.0369,0.0500
850,-16.54401,-5.65923,-10.88478,-1.47113,-8.81521,-0.59843,0.8932,-203.56,-0.2107,20.11,2.77,0.461,0.521,0.344,0.0386,0.0500
875,-16.58823,-5.65748,-10.93075,-1.48938,-8.86273,-0.57864,0.9043,-112.39,-0.1163,19.92,2.92,0.461,0.521,0.343,0.0385,0.0500
900,-16.51669,-5.60671,-10.90998,-1.49180,-8.83644,-0.58174,0.9058,-110.99,-0.1148,20.13,2.64,0.462,0.520,0.325,0.0365,0.0500
925,-16.56624,-5.71146,-10.85478,-1.47940,-8.73556,-0.63982,0.8982,-113.39,-0.1174,19.88,3.01,0.463,0.520,0.359,0.0402,0.0500
950,-16.59427,-5.65851,-10.93576,-1.50535,-8.87363,-0.55677,0.9140,-201.37,-0.2084,20.21,2.90,0.464,0.519,0.340,0.0381,0.0500
975,-16.58962,-5.67843,-10.91119,-1.49548,-8.86038,-0.55533,0.9080,-107.85,-0.1117,19.92,2.85,0.465,0.519,0.339,0.0380,0.0500
1000,-16.49858,-5.62008,-10.87851,-1.49546,-8.81122,-0.57183,0.9080,-17.67,-0.0183,19.87,2.26,0.465,0.518,0.321,0.0360,0.0500
1025,-16.46096,-5.58542,-10.87553,-1.46809,-8.76875,-0.63869,0.8914,-107.97,-0.1118,20.15,2.67,0.466,0.518,0.320,0.0359,0.0500
1050,-16.58906,-5.66884,-10.92022,-1.49691,-8.82994,-0.59337,0.9089,-18.98,-0.0197,19.88,2.71,0.467,0.517,0.304,0.0341,0.0500
1075,-16.48556,-5.53411,-10.95145,-1.50965,-8.86740,-0.57440,0.9166,-196.38,-0.2034,20.13,2.84,0.468,0.517,0.335,0.0376,0.0500
1100,-16.55511,-5.66428,-10.89082,-1.48574,-8.82405,-0.58103,0.9021,-197.86,-0.2049,20.15,2.57,0.469,0.517,0.317,0.0356,0.0500
1125,-16.57586,-5.60138,-10.97449,-1.53769,-8.86980,-0.56700,0.9336,-6.99,-0.0072,19.86,2.44,0.470,0.516,0.350,0.0392,0.0500
1150,-16.46323,-5.57408,-10.88915,-1.52055,-8.78401,-0.58459,0.9232,-7.53,-0.0078,19.81,2.34,0.470,0.516,0.331,0.0372,0.0500
1175,-16.59810,-5.59756,-11.00054,-1.52603,-8.85798,-0.61653,0.9265,-20.85,-0.0216,20.07,2.81,0.471,0.515,0.331,0.0371,0.0500
1200,-16.65449,-5.65090,-11.00359,-1.54456,-8.88187,-0.57717,0.9378,-108.44,-0.1123,20.42,2.32,0.471,0.515,0.346,0.0388,0.0500
1225,-16.62672,-5.66995,-10.95677,-1.53843,-8.88759,-0.53075,0.9341,-104.19,-0.1079,20.27,2.57,0.472,0.515,0.312,0.0351,0.0500
1250,-16.68132,-5.73196,-10.94936,-1.53974,-8.83314,-0.57648,0.9349,-104.82,-0.1085,20.20,2.40,0.472,0.515,0.296,0.0332,0.0500
1275,-16.66864,-5.72160,-10.94703,-1.51459,-8.83813,-0.59431,0.9196,-14.47,-0.0150,20.05,2.77,0.473,0.514,0.295,0.0331,0.0500
1300,-16.62572,-5.59675,-11.02897,-1.53642,-8.90459,-0.58796,0.9329,-102.70,-0.1063,20.33,2.43,0.473,0.514,0.342,0.0384,0.0500
1325,-16.62658,-5.67857,-10.94801,-1.53883,-8.80071,-0.60848,0.9343,-14.43,-0.0149,19.98,2.92,0.473,0.514,0.309,0.0346,0.0500
1350,-16.65383,-5.71727,-10.93655,-1.52308,-8.77370,-0.63977,0.9248,-16.68,-0.0173,19.99,2.53,0.474,0.514,0.292,0.0328,0.0500
1375,-16.74510,-5.75522,-10.98988,-1.52465,-8.86366,-0.60157,0.9257,-16.50,-0.0171,19.99,2.31,0.474,0.513,0.292,0.0327,0.0500
1400,-16.72834,-5.71949,-11.00885,-1.51706,-8.88157,-0.61022,0.9211,-101.32,-0.1049,20.30,2.83,0.475,0.513,0.305,0.0343,0.0500
1425,-16.67505,-5.68036,-10.99469,-1.53492,-8.85597,-0.60380,0.9319,-8.50,-0.0088,20.01,3.07,0.475,0.513,0.305,0.0342,0.0500
1450,-16.78431,-5.77374,-11.01057,-1.52952,-8.88252,-0.59853,0.9287,-96.39,-0.0998,20.39,2.62,0.476,0.513,0.319,0.0358,0.0500
1475,-16.81992,-5.82019,-10.99973,-1.52085,-8.85596,-0.62292,0.9234,-8.76,-0.0091,20.05,3.09,0.476,0.513,0.318,0.0357,0.0500
1500,-16.84409,-5.83333,-11.01077,-1.53514,-8.90921,-0.56641,0.9321,171.89,0.1780,20.49,2.59,0.477,0.513,0.302,0.0338,0.0500
1525,-16.79980,-5.82553,-10.97427,-1.54160,-8.85277,-0.57990,0.9360,168.39,0.1743,20.39,2.52,0.477,0.512,0.301,0.0338,0.0500
1550,-16.84892,-5.84013,-11.00879,-1.53582,-8.89338,-0.57960,0.9325,76.01,0.0787,20.47,2.63,0.478,0.512,0.315,0.0354,0.0500
1575,-16.77652,-5.82377,-10.95275,-1.53343,-8.81487,-0.60444,0.9310,166.21,0.1721,20.31,2.68,0.478,0.512,0.314,0.0353,0.0500
1600,-16.82561,-5.80597,-11.01964,-1.53555,-8.90200,-0.58208,0.9323,257.33,0.2664,20.08,2.96,0.478,0.512,0.298,0.0334,0.0500
1625,-16.80915,-5.81063,-10.99852,-1.53372,-8.88385,-0.58095,0.9312,164.79,0.1707,20.03,2.74,0.479,0.511,0.297,0.0333,0.0500
1650,-16.79548,-5.82599,-10.96949,-1.52836,-8.81948,-0.62164,0.9280,74.75,0.0774,20.35,2.65,0.479,0.511,0.282,0.0316,0.0500
1675,-16.78546,-5.82723,-10.95823,-1.51453,-8.79173,-0.65198,0.9196,74.58,0.0772,20.51,2.61,0.480,0.511,0.281,0.0315,0.0500
1700,-16.86860,-5.85952,-11.00908,-1.53195,-8.88420,-0.59292,0.9301,165.22,0.1712,20.39,2.34,0.480,0.511,0.294,0.0330,0.0500
1725,-16.85043,-5.87472,-10.97571,-1.53216,-8.82894,-0.61460,0.9303,76.60,0.0794,20.27,2.56,0.480,0.511,0.293,0.0329,0.0500
1750,-16.92723,-5.97719,-10.95004,-1.52219,-8.78554,-0.64231,0.9242,76.54,0.0793,19.98,2.67,0.481,0.511,0.278,0.0312,0.0500
1775,-16.83498,-5.84891,-10.98607,-1.53510,-8.86589,-0.58509,0.9321,166.92,0.1729,19.95,2.88,0.481,0.510,0.307,0.0344,0.0500
1800,-16.98045,-6.00170,-10.97875,-1.54354,-8.84353,-0.59169,0.9372,76.43,0.0792,20.04,2.35,0.482,0.510,0.291,0.0326,0.0500
1825,-17.10509,-6.04986,-11.05523,-1.54850,-8.91563,-0.59109,0.9402,166.10,0.1721,19.84,2.62,0.482,0.510,0.290,0.0325,0.0500
1850,-17.07506,-6.01781,-11.05725,-1.53140,-8.89300,-0.63285,0.9298,-14.20,-0.0147,20.15,2.47,0.482,0.510,0.248,0.0279,0.0500
1875,-17.01758,-6.00985,-11.00773,-1.51963,-8.86381,-0.62430,0.9227,76.13,0.0789,20.05,2.67,0.482,0.510,0.274,0.0307,0.0500
1900,-17.02968,-6.06957,-10.96011,-1.53045,-8.85567,-0.57398,0.9292,166.80,0.1728,20.06,2.96,0.483,0.510,0.287,0.0322,0.0500
1925,-16.87067,-5.90957,-10.96110,-1.52537,-8.76507,-0.67066,0.9261,-12.73,-0.0132,20.31,2.66,0.483,0.510,0.286,0.0321,0.0500
1950,-17.11595,-6.08665,-11.02931,-1.53468,-8.89471,-0.59992,0.9318,78.24,0.0811,20.07,2.82,0.483,0.509,0.271,0.0304,0.0500
1975,-17.10287,-6.01697,-11.08590,-1.54333,-8.93512,-0.60745,0.9371,78.84,0.0817,20.02,2.97,0.483,0.509,0.271,0.0304,0.0500
2000,-17.15596,-6.11781,-11.03815,-1.53552,-8.90364,-0.59900,0.9323,83.11,0.0861,20.29,2.65,0.483,0.509,0.256,0.0288,0.0500
2025,-17.01706,-6.02170,-10.99536,-1.52060,-8.86600,-0.60876,0.9233,83.80,0.0868,20.42,2.61,0.484,0.509,0.256,0.0288,0.0500
2050,-17.05465,-6.01419,-11.04046,-1.53380,-8.87130,-0.63536,0.9313,261.80,0.2713,20.23,2.71,0.485,0.509,0.256,0.0288,0.0500
2075,-17.05131,-6.00336,-11.04796,-1.52970,-8.91424,-0.60402,0.9288,81.72,0.0847,20.00,2.56,0.485,0.509,0.256,0.0288,0.0500
2100,-17.05415,-6.06897,-10.98518,-1.51903,-8.86087,-0.60527,0.9223,-97.99,-0.1015,20.19,2.83,0.486,0.509,0.256,0.0288,0.0500
2125,-17.13340,-6.05233,-11.08108,-1.54602,-8.92939,-0.60566,0.9387,83.97,0.0870,19.78,3.41,0.486,0.508,0.256,0.0288,0.0500
2150,-17.00046,-5.98802,-11.01244,-1.52384,-8.86338,-0.62522,0.9252,87.32,0.0905,20.02,2.88,0.487,0.508,0.256,0.0288,0.0500
2175,-16.92525,-5.90150,-11.02375,-1.52948,-8.87881,-0.61546,0.9286,-5.31,-0.0055,19.99,3.04,0.488,0.508,0.256,0.0288,0.0500
2200,-16.98628,-5.95342,-11.03286,-1.53620,-8.87871,-0.61795,0.9327,-6.11,-0.0063,20.06,2.93,0.488,0.508,0.256,0.0288,0.0500
2225,-16.97530,-6.00030,-10.97500,-1.52332,-8.81217,-0.63952,0.9249,5.28,0.0055,20.03,2.83,0.488,0.508,0.256,0.0288,0.0500
2250,-17.04921,-5.96904,-11.08016,-1.54288,-8.95726,-0.58002,0.9368,183.35,0.1900,20.13,3.04,0.489,0.507,0.256,0.0288,0.0500
2275,-16.94710,-5.91290,-11.03420,-1.53755,-8.90654,-0.59011,0.9335,184.17,0.1909,20.04,3.09,0.490,0.507,0.256,0.0288,0.0500
2300,-16.93943,-5.90791,-11.03152,-1.52946,-8.86981,-0.63226,0.9286,94.73,0.0982,20.23,2.93,0.490,0.507,0.256,0.0288,0.0500
2325,-17.07712,-5.95914,-11.11798,-1.54583,-8.99920,-0.57295,0.9386,-84.40,-0.0875,20.37,2.78,0.491,0.507,0.256,0.0288,0.0500
2350,-17.14195,-6.09001,-11.05193,-1.52274,-8.89263,-0.63657,0.9246,96.17,0.0997,20.41,2.26,0.491,0.507,0.256,0.0288,0.0500
2375,-17.03996,-6.00554,-11.03442,-1.52485,-8.88328,-0.62629,0.9258,100.73,0.1044,20.12,2.57,0.491,0.506,0.256,0.0288,0.0500
2400,-17.26101,-6.15798,-11.10303,-1.53304,-8.95004,-0.61996,0.9308,100.30,0.1040,20.06,2.59,0.492,0.506,0.256,0.0288,0.0500
2425,-17.21673,-6.17861,-11.03812,-1.53872,-8.89510,-0.60431,0.9343,100.71,0.1044,20.03,2.90,0.492,0.506,0.256,0.0288,0.0500
2450,-17.24426,-6.17389,-11.07037,-1.53334,-8.94041,-0.59662,0.9310,281.81,0.2921,19.85,3.11,0.492,0.506,0.256,0.0288,0.0500
2475,-17.20673,-6.15931,-11.04742,-1.52057,-8.89783,-0.62902,0.9232,282.44,0.2929,19.92,3.28,0.493,0.506,0.256,0.0288,0.0500
2500,-17.16342,-6.14362,-11.01979,-1.52880,-8.89077,-0.60022,0.9282,281.86,0.2921,20.02,2.97,0.493,0.506,0.256,0.0288,0.0500
2525,-17.18960,-6.20924,-10.98036,-1.51991,-8.82873,-0.63172,0.9228,372.33,0.3860,19.88,3.35,0.493,0.506,0.256,0.0288,0.0500
2550,-17.23088,-6.16256,-11.06833,-1.52737,-8.92509,-0.61587,0.9274,281.17,0.2914,20.12,3.14,0.493,0.505,0.256,0.0288,0.0500
2575,-17.08227,-6.06113,-11.02114,-1.53153,-8.86801,-0.62160,0.9299,192.76,0.1998,19.92,3.50,0.493,0.505,0.256,0.0288,0.0500
2600,-17.14108,-6.08506,-11.05602,-1.53166,-8.93430,-0.59006,0.9300,193.84,0.2009,20.16,3.03,0.494,0.505,0.256,0.0288,0.0500
2625,-17.11656,-6.07364,-11.04292,-1.52253,-8.89072,-0.62968,0.9244,103.11,0.1069,20.05,3.07,0.494,0.505,0.256,0.0288,0.0500
2650,-17.13970,-6.10055,-11.03915,-1.52187,-8.87435,-0.64293,0.9240,369.41,0.3828,20.02,3.06,0.494,0.505,0.256,0.0288,0.0500
2675,-17.18161,-6.16063,-11.02098,-1.51940,-8.89669,-0.60489,0.9225,278.71,0.2888,20.11,2.92,0.495,0.505,0.256,0.0288,0.0500
2700,-17.22837,-6.21248,-11.01589,-1.53194,-8.88307,-0.60088,0.9301,368.57,0.3820,20.26,2.93,0.495,0.504,0.256,0.0288,0.0500
2725,-17.12804,-6.13546,-10.99258,-1.53356,-8.85865,-0.60037,0.9311,278.03,0.2882,19.84,3.60,0.495,0.504,0.256,0.0288,0.0500
2750,-17.17551,-6.17387,-11.00163,-1.53100,-8.85427,-0.61636,0.9296,187.64,0.1945,20.20,3.30,0.495,0.504,0.256,0.0288,0.0500
2775,-17.10075,-6.08493,-11.01582,-1.52475,-8.88685,-0.60421,0.9258,277.06,0.2872,20.12,3.12,0.496,0.504,0.256,0.0288,0.0500
2800,-17.17760,-6.19504,-10.98256,-1.53103,-8.83736,-0.61417,0.9296,186.48,0.1932,20.25,3.40,0.496,0.504,0.256,0.0288,0.0500
2825,-17.39274,-6.33445,-11.05830,-1.53066,-8.92702,-0.60062,0.9294,186.66,0.1934,20.19,3.16,0.496,0.504,0.256,0.0288,0.0500
2850,-17.24032,-6.26377,-10.97655,-1.51974,-8.86158,-0.59523,0.9227,186.11,0.1929,20.07,3.27,0.496,0.504,0.256,0.0288,0.0500
2875,-17.28627,-6.32447,-10.96179,-1.52219,-8.82193,-0.61768,0.9242,187.60,0.1944,19.87,3.49,0.496,0.504,0.256,0.0288,0.0500
2900,-17.23058,-6.20491,-11.02567,-1.53874,-8.88655,-0.60038,0.9343,184.65,0.1914,19.86,3.42,0.496,0.504,0.256,0.0288,0.0500
2925,-17.27260,-6.28613,-10.98647,-1.52215,-8.85534,-0.60898,0.9242,185.41,0.1922,20.04,3.26,0.496,0.503,0.256,0.0288,0.0500
2950,-17.24896,-6.14466,-11.10430,-1.52890,-8.95356,-0.62184,0.9283,184.63,0.1914,20.36,3.13,0.496,0.503,0.256,0.0288,0.0500
2975,-17.21151,-6.18312,-11.02839,-1.52700,-8.90759,-0.59379,0.9271,185.12,0.1920,20.47,2.96,0.496,0.503,0.256,0.0288,0.0500
3000,-17.27313,-6.25960,-11.01353,-1.51747,-8.87102,-0.62504,0.9214,364.84,0.3784,20.33,3.21,0.497,0.503,0.269,0.0302,0.0500
3025,-17.27295,-6.31231,-10.96063,-1.52115,-8.82618,-0.61331,0.9236,275.48,0.2858,20.38,3.03,0.497,0.503,0.269,0.0302,0.0500
3050,-17.42247,-6.40534,-11.01712,-1.53464,-8.86612,-0.61636,0.9318,184.92,0.1919,20.26,3.07,0.497,0.503,0.269,0.0302,0.0500
3075,-17.31635,-6.33549,-10.98087,-1.52861,-8.86516,-0.58710,0.9281,5.01,0.0052,20.44,2.77,0.497,0.503,0.269,0.0302,0.0500
3100,-17.28961,-6.28368,-11.00593,-1.52296,-8.85677,-0.62620,0.9247,92.70,0.0962,20.45,2.76,0.497,0.503,0.269,0.0302,0.0500
3125,-17.25601,-6.31851,-10.93750,-1.51833,-8.79484,-0.62433,0.9219,182.07,0.1890,20.31,3.00,0.497,0.503,0.269,0.0302,0.0500
3150,-17.41832,-6.35468,-11.06364,-1.53063,-8.93853,-0.59449,0.9293,182.69,0.1896,20.53,2.82,0.497,0.503,0.269,0.0302,0.0500
3175,-17.30789,-6.31862,-10.98928,-1.52116,-8.82407,-0.64405,0.9236,184.94,0.1920,20.38,3.18,0.497,0.503,0.269,0.0302,0.0500
3200,-17.46874,-6.40473,-11.06401,-1.52964,-8.94078,-0.59359,0.9287,181.17,0.1881,20.28,3.17,0.497,0.503,0.269,0.0302,0.0500
3225,-17.50352,-6.42649,-11.07703,-1.53009,-8.94272,-0.60422,0.9290,180.72,0.1876,20.44,3.15,0.496,0.503,0.269,0.0302,0.0500
3250,-17.44187,-6.37418,-11.06769,-1.51890,-8.92696,-0.62183,0.9222,88.62,0.0920,20.35,3.17,0.496,0.503,0.269,0.0302,0.0500
3275,-17.46377,-6.39286,-11.07091,-1.53851,-8.91438,-0.61803,0.9341,269.20,0.2794,20.40,3.05,0.496,0.503,0.269,0.0302,0.0500
3300,-17.43643,-6.33111,-11.10531,-1.52875,-8.96199,-0.61457,0.9282,183.97,0.1909,20.32,3.22,0.496,0.503,0.269,0.0302,0.0500
3325,-17.27800,-6.27254,-11.00546,-1.52259,-8.85536,-0.62752,0.9245,184.17,0.1912,20.22,3.26,0.496,0.503,0.269,0.0302,0.0500
3350,-17.43461,-6.34803,-11.08658,-1.53650,-8.96818,-0.58189,0.9329,274.76,0.2852,20.40,3.20,0.496,0.503,0.269,0.0302,0.0500
3375,-17.34309,-6.28271,-11.06038,-1.52294,-8.89185,-0.64560,0.9247,184.17,0.1911,20.44,3.28,0.496,0.503,0.269,0.0302,0.0500
3400,-17.45149,-6.35184,-11.09965,-1.53750,-8.95358,-0.60857,0.9335,93.72,0.0973,20.66,3.25,0.496,0.503,0.269,0.0302,0.0500
3425,-17.37807,-6.32262,-11.05546,-1.52011,-8.90512,-0.63023,0.9230,362.27,0.3760,20.32,3.10,0.496,0.503,0.269,0.0302,0.0500
3450,-17.25066,-6.23423,-11.01643,-1.52192,-8.86963,-0.62489,0.9241,184.56,0.1915,20.46,3.25,0.496,0.503,0.269,0.0302,0.0500
3475,-17.36677,-6.27191,-11.09486,-1.52997,-8.92369,-0.64120,0.9289,186.94,0.1940,20.40,3.29,0.495,0.503,0.269,0.0302,0.0500
3500,-17.17142,-6.22625,-10.94517,-1.51670,-8.78016,-0.64832,0.9209,188.32,0.1954,20.60,3.38,0.495,0.503,0.269,0.0302,0.0500
3525,-17.24546,-6.19896,-11.04650,-1.53726,-8.89486,-0.61438,0.9334,277.12,0.2875,20.68,2.98,0.496,0.503,0.269,0.0302,0.0500
3550,-17.26671,-6.23759,-11.02912,-1.51465,-8.85130,-0.66317,0.9196,99.52,0.1033,20.56,3.18,0.495,0.503,0.269,0.0302,0.0500
3575,-17.29515,-6.23821,-11.05694,-1.53067,-8.88278,-0.64350,0.9294,188.82,0.1958,20.57,3.00,0.495,0.503,0.269,0.0302,0.0500
3600,-17.37465,-6.28225,-11.09240,-1.53622,-8.93928,-0.61690,0.9327,279.48,0.2900,20.04,3.54,0.495,0.503,0.269,0.0302,0.0500
3625,-17.31426,-6.27527,-11.03899,-1.53036,-8.89296,-0.61568,0.9292,191.07,0.1982,20.47,3.39,0.495,0.503,0.269,0.0302,0.0500
3650,-17.26077,-6.19801,-11.06277,-1.53042,-8.91951,-0.61284,0.9292,370.62,0.3844,20.83,2.83,0.495,0.503,0.269,0.0302,0.0500
3675,-17.27859,-6.22363,-11.05496,-1.53154,-8.90829,-0.61514,0.9299,280.34,0.2908,20.22,3.31,0.495,0.503,0.269,0.0302,0.0500
3700,-17.33494,-6.34753,-10.98741,-1.53113,-8.86082,-0.59546,0.9296,371.86,0.3857,20.21,3.33,0.495,0.503,0.269,0.0302,0.0500
3725,-17.43530,-6.36951,-11.06579,-1.53610,-8.89635,-0.63334,0.9327,280.85,0.2913,20.68,3.02,0.495,0.503,0.269,0.0302,0.0500
3750,-17.37252,-6.35092,-11.02161,-1.52560,-8.88131,-0.61470,0.9263,281.92,0.2925,20.26,3.85,0.495,0.503,0.269,0.0302,0.0500
3775,-17.42049,-6.33378,-11.08671,-1.54069,-8.93786,-0.60816,0.9355,190.57,0.1978,20.39,3.49,0.495,0.503,0.269,0.0302,0.0500
3800,-17.39773,-6.30724,-11.09049,-1.53066,-8.94982,-0.61000,0.9294,278.44,0.2888,20.61,3.28,0.495,0.503,0.269,0.0302,0.0500
3825,-17.36877,-6.29114,-11.07763,-1.54176,-8.93714,-0.59873,0.9361,370.03,0.3839,20.60,3.25,0.495,0.503,0.269,0.0302,0.0500
3850,-17.28860,-6.21256,-11.07604,-1.52833,-8.93463,-0.61308,0.9279,367.65,0.3813,20.31,3.64,0.495,0.503,0.269,0.0302,0.0500
3875,-17.29628,-6.31200,-10.98428,-1.52214,-8.83736,-0.62479,0.9242,354.77,0.3737,20.38,3.60,0.495,0.504,0.269,0.0302,0.0500
3900,-17.42649,-6.35384,-11.07265,-1.52202,-8.91140,-0.63924,0.9241,272.50,0.2880,20.54,3.40,0.495,0.504,0.269,0.0302,0.0500
3925,-17.46403,-6.40086,-11.06318,-1.53197,-8.91203,-0.61918,0.9302,359.13,0.3797,20.54,3.30,0.495,0.504,0.269,0.0302,0.0500
3950,-17.45001,-6.38491,-11.06510,-1.52569,-8.94247,-0.59694,0.9263,359.88,0.3804,20.28,3.42,0.496,0.504,0.269,0.0302,0.0500
3975,-17.37124,-6.29792,-11.07332,-1.53183,-8.91920,-0.62230,0.9301,358.93,0.3794,20.53,3.15,0.496,0.504,0.269,0.0302,0.0500
4000,-17.31384,-6.23966,-11.07418,-1.52402,-8.94542,-0.60474,0.9253,257.86,0.2716,20.27,3.83,0.496,0.504,0.256,0.0287,0.0500
4025,-17.53330,-6.41295,-11.12035,-1.52638,-8.98205,-0.61193,0.9268,268.18,0.2834,20.42,3.52,0.496,0.504,0.256,0.0287,0.0500
4050,-17.38722,-6.34064,-11.04658,-1.52331,-8.92078,-0.60249,0.9249,268.49,0.2837,20.50,3.59,0.496,0.503,0.256,0.0287,0.0500
4075,-17.51320,-6.39270,-11.12050,-1.53682,-8.97360,-0.61008,0.9331,259.96,0.2738,20.15,3.77,0.496,0.503,0.256,0.0287,0.0500
4100,-17.40666,-6.38993,-11.01673,-1.51723,-8.86569,-0.63381,0.9212,84.27,0.0888,19.75,3.39,0.496,0.503,0.256,0.0287,0.0500
4125,-17.30233,-6.35840,-10.94393,-1.51942,-8.80609,-0.61842,0.9225,175.25,0.1846,20.15,3.05,0.496,0.503,0.256,0.0287,0.0500
4150,-17.48558,-6.43538,-11.05020,-1.52522,-8.91145,-0.61353,0.9261,79.02,0.0832,19.91,3.44,0.496,0.503,0.256,0.0287,0.0500
4175,-17.43393,-6.44767,-10.98626,-1.53367,-8.86638,-0.58621,0.9312,188.25,0.1952,19.88,3.63,0.496,0.503,0.256,0.0287,0.0500
4200,-17.50824,-6.47136,-11.03687,-1.52551,-8.92263,-0.58874,0.9262,187.80,0.1947,19.80,3.81,0.496,0.503,0.256,0.0287,0.0500
4225,-17.51818,-6.53862,-10.97956,-1.51692,-8.85034,-0.61229,0.9210,75.55,0.0796,19.54,3.85,0.496,0.503,0.256,0.0287,0.0500
4250,-17.46999,-6.47144,-10.99855,-1.52862,-8.85289,-0.61705,0.9281,77.11,0.0812,20.03,3.22,0.496,0.503,0.256,0.0287,0.0500
4275,-17.58230,-6.54021,-11.04209,-1.52770,-8.88319,-0.63121,0.9276,84.57,0.0891,19.79,3.42,0.496,0.503,0.256,0.0287,0.0500
4300,-17.58053,-6.50901,-11.07152,-1.54339,-8.94140,-0.58673,0.9371,84.74,0.0893,20.14,2.96,0.496,0.503,0.256,0.0287,0.0500
4325,-17.47792,-6.45211,-11.02580,-1.52113,-8.89565,-0.60903,0.9236,-6.98,-0.0074,20.18,2.98,0.496,0.503,0.256,0.0287,0.0500
4350,-17.50152,-6.53048,-10.97104,-1.51487,-8.82286,-0.63331,0.9198,174.07,0.1835,20.01,3.35,0.496,0.503,0.256,0.0287,0.0500
4375,-17.59225,-6.57705,-11.01520,-1.53145,-8.86717,-0.61658,0.9298,171.16,0.1803,19.95,4.18,0.496,0.503,0.256,0.0287,0.0500
4400,-17.59584,-6.56646,-11.02938,-1.53173,-8.89831,-0.59935,0.9300,84.86,0.0894,20.28,3.11,0.496,0.503,0.256,0.0287,0.0500
4425,-17.66262,-6.58791,-11.07471,-1.53075,-8.92227,-0.62169,0.9294,169.71,0.1788,19.89,3.49,0.496,0.502,0.256,0.0287,0.0500
4450,-17.70254,-6.60147,-11.10107,-1.53274,-8.93524,-0.63309,0.9306,170.96,0.1800,20.03,3.50,0.496,0.502,0.256,0.0287,0.0500
4475,-17.44015,-6.44424,-10.99591,-1.52605,-8.85473,-0.61513,0.9266,82.64,0.0871,19.79,3.82,0.496,0.502,0.256,0.0287,0.0500
4500,-17.57785,-6.49899,-11.07886,-1.53886,-8.95399,-0.58601,0.9343,-7.20,-0.0076,19.81,3.80,0.496,0.502,0.256,0.0287,0.0500
4525,-17.43836,-6.42750,-11.01086,-1.52275,-8.88045,-0.60766,0.9246,-4.25,-0.0045,19.83,3.53,0.496,0.502,0.256,0.0287,0.0500
4550,-17.60563,-6.50225,-11.10337,-1.55269,-8.95845,-0.59223,0.9427,-0.64,-0.0007,20.20,3.25,0.496,0.502,0.256,0.0287,0.0500
4575,-17.49905,-6.55634,-10.94271,-1.51777,-8.80854,-0.61640,0.9215,-87.39,-0.0921,20.19,3.31,0.496,0.502,0.256,0.0287,0.0500
4600,-17.53987,-6.55646,-10.98341,-1.52525,-8.84126,-0.61691,0.9261,3.14,0.0033,20.39,3.42,0.496,0.502,0.256,0.0287,0.0500
4625,-17.47211,-6.43980,-11.03231,-1.52420,-8.89998,-0.60814,0.9254,4.23,0.0045,20.38,3.35,0.496,0.502,0.256,0.0287,0.0500
4650,-17.48727,-6.50059,-10.98669,-1.52818,-8.83163,-0.62688,0.9279,0.78,0.0008,19.88,3.35,0.496,0.502,0.256,0.0287,0.0500
4675,-17.55044,-6.52816,-11.02227,-1.53195,-8.88699,-0.60332,0.9301,93.82,0.0988,19.77,3.68,0.496,0.502,0.256,0.0287,0.0500
4700,-17.48343,-6.41682,-11.06661,-1.53854,-8.93007,-0.59799,0.9341,95.10,0.1002,20.01,3.19,0.496,0.502,0.256,0.0287,0.0500
4725,-17.53178,-6.53935,-10.99243,-1.52315,-8.87039,-0.59889,0.9248,95.55,0.1007,20.06,3.41,0.496,0.502,0.256,0.0287,0.0500
4750,-17.57393,-6.50715,-11.06678,-1.52843,-8.91695,-0.62140,0.9280,94.93,0.1000,20.10,3.26,0.496,0.502,0.256,0.0287,0.0500
4775,-17.57112,-6.55546,-11.01566,-1.53353,-8.86781,-0.61432,0.9311,9.72,0.0102,20.08,3.11,0.496,0.502,0.256,0.0287,0.0500
4800,-17.56925,-6.46941,-11.09984,-1.54086,-8.95039,-0.60860,0.9356,-80.90,-0.0852,20.30,3.17,0.496,0.502,0.256,0.0287,0.0500
4825,-17.60305,-6.53078,-11.07227,-1.53457,-8.91025,-0.62745,0.9317,-81.01,-0.0854,20.30,3.14,0.496,0.502,0.256,0.0287,0.0500
4850,-17.69139,-6.63578,-11.05561,-1.52878,-8.91019,-0.61664,0.9282,-82.94,-0.0874,20.13,3.50,0.496,0.502,0.256,0.0287,0.0500
4875,-17.67994,-6.65062,-11.02933,-1.54434,-8.86756,-0.61743,0.9377,-80.54,-0.0848,20.34,3.73,0.496,0.501,0.256,0.0287,0.0500
4900,-17.68012,-6.60299,-11.07713,-1.53238,-8.92507,-0.61968,0.9304,54.07,0.0561,20.42,3.60,0.496,0.501,0.256,0.0287,0.0500
4925,-17.59605,-6.57601,-11.02004,-1.51980,-8.84895,-0.65129,0.9228,6.65,0.0070,20.36,3.26,0.496,0.501,0.256,0.0287,0.0500
4950,-17.57904,-6.53268,-11.04635,-1.52762,-8.89828,-0.62045,0.9275,-44.16,-0.0458,20.18,3.62,0.496,0.501,0.256,0.0287,0.0500
4975,-17.53531,-6.51886,-11.01645,-1.52329,-8.85741,-0.63575,0.9249,45.34,0.0471,20.10,3.82,0.496,0.501,0.256,0.0287,0.0500
5000,-17.55607,-6.52306,-11.03301,-1.52642,-8.88927,-0.61732,0.9268,89.44,0.0943,20.23,3.54,0.496,0.501,0.243,0.0273,0.0500
5025,-17.54149,-6.54490,-10.99659,-1.51623,-8.84835,-0.63201,0.9206,43.06,0.0447,20.49,3.54,0.496,0.501,0.243,0.0273,0.0500
5050,-17.48986,-6.53411,-10.95575,-1.51336,-8.80569,-0.63670,0.9189,-45.07,-0.0468,20.52,3.59,0.496,0.501,0.243,0.0273,0.0500
5075,-17.48943,-6.45286,-11.03657,-1.51958,-8.87475,-0.64224,0.9226,47.72,0.0495,20.43,3.68,0.496,0.501,0.243,0.0273,0.0500
5100,-17.41366,-6.37394,-11.03972,-1.53332,-8.90326,-0.60314,0.9310,4.52,0.0048,20.34,3.87,0.496,0.501,0.243,0.0273,0.0500
5125,-17.45386,-6.45307,-11.00080,-1.51827,-8.89086,-0.59167,0.9218,3.49,0.0037,20.56,3.39,0.496,0.501,0.243,0.0273,0.0500
5150,-17.54109,-6.48343,-11.05766,-1.52104,-8.92183,-0.61479,0.9235,3.78,0.0040,20.49,3.69,0.497,0.501,0.243,0.0273,0.0500
5175,-17.53375,-6.48163,-11.05212,-1.54254,-8.92478,-0.58480,0.9366,4.64,0.0049,20.34,3.70,0.497,0.501,0.243,0.0273,0.0500
5200,-17.53556,-6.50081,-11.03475,-1.51618,-8.86898,-0.64958,0.9206,3.70,0.0039,20.47,3.41,0.497,0.501,0.243,0.0273,0.0500
5225,-17.52163,-6.51279,-11.00884,-1.52454,-8.89025,-0.59405,0.9256,93.38,0.0984,20.35,3.81,0.497,0.501,0.243,0.0273,0.0500
5250,-17.51474,-6.45484,-11.05989,-1.53199,-8.91427,-0.61363,0.9302,89.07,0.0939,20.07,4.00,0.497,0.501,0.243,0.0273,0.0500
5275,-17.42927,-6.40920,-11.02007,-1.52734,-8.87783,-0.61490,0.9273,90.77,0.0956,20.15,4.11,0.497,0.502,0.243,0.0273,0.0500
5300,-17.57012,-6.53705,-11.03308,-1.53583,-8.91189,-0.58536,0.9325,89.66,0.0945,20.04,3.93,0.497,0.502,0.243,0.0273,0.0500
5325,-17.52357,-6.52785,-10.99572,-1.51625,-8.82669,-0.65278,0.9206,87.15,0.0918,20.06,3.92,0.497,0.502,0.243,0.0273,0.0500
5350,-17.69288,-6.63530,-11.05758,-1.54152,-8.92142,-0.59464,0.9360,180.97,0.1941,20.47,3.55,0.497,0.502,0.243,0.0273,0.0500
5375,-17.63445,-6.64600,-10.98845,-1.51436,-8.87828,-0.59581,0.9195,88.08,0.0928,19.92,4.01,0.497,0.502,0.243,0.0273,0.0500
5400,-17.69612,-6.63620,-11.05993,-1.53282,-8.90938,-0.61773,0.9307,87.88,0.0926,19.92,4.12,0.497,0.502,0.243,0.0273,0.0500
5425,-17.57534,-6.59592,-10.97941,-1.52395,-8.81903,-0.63644,0.9253,112.31,0.1164,20.11,3.92,0.497,0.502,0.243,0.0273,0.0500
5450,-17.55167,-6.52564,-11.02603,-1.52793,-8.87678,-0.62132,0.9277,111.68,0.1157,20.48,3.72,0.497,0.502,0.243,0.0273,0.0500
5475,-17.57464,-6.57795,-10.99670,-1.53384,-8.85284,-0.61001,0.9313,114.24,0.1184,19.98,3.89,0.497,0.502,0.243,0.0273,0.0500
5500,-17.65271,-6.60206,-11.05065,-1.53347,-8.88559,-0.63159,0.9311,114.89,0.1191,20.27,3.34,0.497,0.502,0.243,0.0273,0.0500
5525,-17.45765,-6.51722,-10.94042,-1.52446,-8.79098,-0.62499,0.9256,92.47,0.0975,20.36,3.57,0.497,0.502,0.243,0.0273,0.0500
5550,-17.53292,-6.49268,-11.04024,-1.52371,-8.88185,-0.63468,0.9251,91.22,0.0962,20.22,3.59,0.497,0.502,0.243,0.0273,0.0500
5575,-17.53531,-6.48670,-11.04860,-1.53300,-8.92093,-0.59468,0.9308,1.53,0.0016,20.90,3.16,0.497,0.502,0.243,0.0273,0.0500
5600,-17.62458,-6.57960,-11.04497,-1.53065,-8.90777,-0.60655,0.9294,90.00,0.0949,20.20,3.93,0.497,0.502,0.243,0.0273,0.0500
5625,-17.48114,-6.54741,-10.93373,-1.51200,-8.79798,-0.62374,0.9180,128.44,0.1334,20.57,3.84,0.497,0.502,0.243,0.0273,0.0500
5650,-17.58243,-6.56803,-11.01440,-1.52714,-8.85576,-0.63150,0.9272,111.95,0.1161,20.70,3.85,0.497,0.502,0.243,0.0273,0.0500
5675,-17.68403,-6.63279,-11.05124,-1.53241,-8.91233,-0.60650,0.9304,6.70,0.0071,20.21,3.81,0.497,0.502,0.243,0.0273,0.0500
5700,-17.63770,-6.66909,-10.96861,-1.52136,-8.82788,-0.61937,0.9237,95.93,0.1011,20.20,3.43,0.498,0.502,0.243,0.0273,0.0500
5725,-17.62437,-6.63437,-10.99000,-1.52536,-8.82964,-0.63499,0.9261,10.40,0.0110,20.54,3.31,0.498,0.502,0.243,0.0273,0.0500
5750,-17.75463,-6.76543,-10.98920,-1.52086,-8.82921,-0.63912,0.9234,96.94,0.1022,20.44,3.42,0.498,0.502,0.243,0.0273,0.0500
5775,-17.72118,-6.76845,-10.95272,-1.51944,-8.81619,-0.61709,0.9226,96.27,0.1014,20.33,3.48,0.498,0.502,0.243,0.0273,0.0500
5800,-17.62943,-6.62751,-11.00192,-1.51888,-8.84712,-0.63591,0.9222,100.61,0.1060,20.39,3.87,0.498,0.502,0.243,0.0273,0.0500
5825,-17.64541,-6.57576,-11.06965,-1.52901,-8.92420,-0.61644,0.9284,100.09,0.1055,20.20,4.02,0.497,0.502,0.243,0.0273,0.0500
5850,-17.63104,-6.57079,-11.06025,-1.53348,-8.94830,-0.57847,0.9311,212.15,0.2200,20.37,3.95,0.498,0.502,0.243,0.0273,0.0500
5875,-17.66685,-6.65650,-11.01035,-1.51388,-8.87228,-0.62419,0.9192,191.30,0.2015,20.36,3.92,0.498,0.502,0.243,0.0273,0.0500
5900,-17.72582,-6.67995,-11.04587,-1.52426,-8.87860,-0.64300,0.9255,171.09,0.1799,20.47,3.75,0.498,0.502,0.243,0.0273,0.0500
5925,-17.65155,-6.68200,-10.96955,-1.51847,-8.82115,-0.62993,0.9220,170.98,0.1799,20.50,3.63,0.498,0.502,0.243,0.0273,0.0500
5950,-17.58344,-6.65353,-10.92991,-1.51038,-8.78230,-0.63723,0.9171,81.83,0.0860,20.59,3.86,0.498,0.502,0.243,0.0273,0.0500
5975,-17.76189,-6.78245,-10.97944,-1.51020,-8.84174,-0.62750,0.9169,171.70,0.1805,20.46,3.63,0.498,0.502,0.243,0.0273,0.0500
6000,-17.75813,-6.76143,-10.99670,-1.52518,-8.83813,-0.63339,0.9260,170.41,0.1791,20.55,3.85,0.498,0.502,0.255,0.0286,0.0500
6025,-17.76996,-6.71811,-11.05185,-1.53124,-8.91695,-0.60365,0.9297,-11.29,-0.0119,20.51,3.92,0.498,0.502,0.255,0.0286,0.0500
6050,-17.74776,-6.69718,-11.05058,-1.53308,-8.89787,-0.61964,0.9308,-97.94,-0.1029,20.53,3.90,0.497,0.502,0.255,0.0286,0.0500
6075,-17.79666,-6.77514,-11.02152,-1.52024,-8.86633,-0.63494,0.9230,79.93,0.0840,20.62,3.73,0.497,0.502,0.255,0.0286,0.0500
6100,-17.78501,-6.76919,-11.01582,-1.52332,-8.86041,-0.63209,0.9249,74.20,0.0780,20.59,3.85,0.497,0.502,0.255,0.0286,0.0500
6125,-17.81829,-6.76853,-11.04976,-1.53937,-8.91973,-0.59067,0.9346,165.07,0.1735,20.59,4.03,0.497,0.502,0.255,0.0286,0.0500
6150,-17.70401,-6.72438,-10.97963,-1.53092,-8.81121,-0.63750,0.9295,74.14,0.0779,20.69,3.76,0.497,0.502,0.255,0.0286,0.0500
6175,-17.85813,-6.77234,-11.08580,-1.53121,-8.92669,-0.62789,0.9297,-12.72,-0.0134,20.57,3.90,0.497,0.502,0.255,0.0286,0.0500
6200,-17.85970,-6.77495,-11.08475,-1.53899,-8.92686,-0.61890,0.9344,-14.04,-0.0148,20.68,3.76,0.497,0.502,0.255,0.0286,0.0500
6225,-17.86191,-6.82757,-11.03434,-1.52281,-8.90438,-0.60715,0.9246,99.37,0.1029,20.42,3.94,0.497,0.502,0.255,0.0286,0.0500
6250,-17.81910,-6.84297,-10.97613,-1.52431,-8.82430,-0.62751,0.9255,190.12,0.1970,20.24,3.91,0.497,0.502,0.255,0.0286,0.0500
6275,-17.77059,-6.79239,-10.97821,-1.51987,-8.82149,-0.63684,0.9228,97.87,0.1014,20.41,3.94,0.497,0.502,0.255,0.0286,0.0500
6300,-17.97376,-6.85993,-11.11383,-1.53251,-8.97406,-0.60726,0.9305,97.82,0.1014,20.36,3.84,0.497,0.502,0.255,0.0286,0.0500
6325,-17.84603,-6.82107,-11.02495,-1.52976,-8.89800,-0.59719,0.9288,97.86,0.1014,20.35,3.94,0.497,0.502,0.255,0.0286,0.0500
6350,-17.95601,-6.80271,-11.15330,-1.53833,-9.00911,-0.60586,0.9340,97.38,0.1009,20.28,3.95,0.497,0.502,0.255,0.0286,0.0500
6375,-17.83632,-6.77692,-11.05941,-1.51674,-8.90264,-0.64002,0.9209,97.60,0.1012,20.13,4.37,0.497,0.502,0.255,0.0286,0.0500
6400,-17.90804,-6.85868,-11.04936,-1.52456,-8.91478,-0.61002,0.9257,189.88,0.1968,20.33,4.05,0.497,0.502,0.255,0.0286,0.0500
6425,-18.03394,-6.92114,-11.11280,-1.52984,-8.95974,-0.62321,0.9289,99.19,0.1029,20.28,4.09,0.497,0.502,0.255,0.0286,0.0500
6450,-17.99422,-6.91558,-11.07864,-1.51948,-8.93706,-0.62210,0.9226,189.67,0.1967,20.21,4.22,0.496,0.501,0.255,0.0286,0.0500
6475,-18.01152,-6.96966,-11.04186,-1.53267,-8.90516,-0.60402,0.9306,98.76,0.1024,20.20,3.96,0.496,0.501,0.255,0.0286,0.0500
6500,-18.02118,-6.91180,-11.10938,-1.52364,-8.95752,-0.62822,0.9251,99.42,0.1031,20.32,3.89,0.496,0.501,0.255,0.0286,0.0500
6525,-17.97450,-6.92450,-11.05000,-1.53286,-8.87231,-0.64483,0.9307,115.21,0.1196,20.28,4.03,0.496,0.501,0.255,0.0286,0.0500
6550,-17.86190,-6.86639,-10.99551,-1.51927,-8.87003,-0.60621,0.9224,96.40,0.0999,20.64,3.74,0.496,0.501,0.255,0.0286,0.0500
6575,-18.04206,-6.95130,-11.09076,-1.52891,-8.94883,-0.61302,0.9283,114.93,0.1194,20.09,4.31,0.496,0.501,0.255,0.0286,0.0500
6600,-17.98770,-6.89621,-11.09148,-1.54276,-8.97311,-0.57561,0.9367,116.54,0.1210,19.97,4.19,0.496,0.501,0.255,0.0286,0.0500
6625,-17.97646,-6.95487,-11.02158,-1.52694,-8.87683,-0.61782,0.9271,194.48,0.2088,20.17,3.95,0.496,0.501,0.255,0.0286,0.0500
6650,-18.02222,-7.03553,-10.98669,-1.51866,-8.83747,-0.63057,0.9221,194.52,0.2089,20.11,4.10,0.496,0.501,0.255,0.0286,0.0500
6675,-17.95217,-6.94804,-11.00414,-1.51721,-8.86885,-0.61807,0.9212,103.53,0.1111,19.99,4.08,0.495,0.501,0.255,0.0286,0.0500
6700,-17.97742,-6.92736,-11.05006,-1.52711,-8.89798,-0.62497,0.9272,102.76,0.1103,20.34,3.77,0.495,0.501,0.255,0.0286,0.0500
6725,-17.93569,-6.91375,-11.02194,-1.53064,-8.88997,-0.60133,0.9294,87.84,0.0941,20.22,3.89,0.495,0.501,0.255,0.0286,0.0500
6750,-17.83187,-6.89300,-10.93888,-1.50393,-8.81195,-0.62300,0.9131,88.77,0.0934,20.30,3.85,0.495,0.501,0.255,0.0286,0.0500
6775,-18.02944,-6.89976,-11.12968,-1.54588,-8.98255,-0.60125,0.9386,-5.90,-0.0063,20.48,3.48,0.495,0.501,0.255,0.0286,0.0500
6800,-17.89740,-6.88600,-11.01140,-1.52817,-8.83520,-0.64804,0.9278,-3.10,-0.0033,20.36,3.81,0.495,0.501,0.255,0.0286,0.0500
6825,-18.07094,-6.97252,-11.09842,-1.52785,-8.95609,-0.61448,0.9277,88.25,0.0945,20.34,3.68,0.495,0.501,0.255,0.0286,0.0500
6850,-17.93818,-6.92019,-11.01800,-1.52637,-8.89514,-0.59649,0.9268,86.33,0.0925,20.48,3.70,0.495,0.501,0.255,0.0286,0.0500
6875,-17.90920,-6.91961,-10.98959,-1.51659,-8.82190,-0.65110,0.9208,-5.08,-0.0054,20.38,3.75,0.495,0.501,0.255,0.0286,0.0500
6900,-18.05684,-6.95871,-11.09813,-1.52805,-8.95585,-0.61423,0.9278,100.56,0.1079,19.78,4.28,0.495,0.501,0.255,0.0286,0.0500
6925,-18.06782,-6.96350,-11.10432,-1.53526,-8.95740,-0.61166,0.9322,87.71,0.0940,20.05,4.25,0.495,0.501,0.255,0.0286,0.0500
6950,-18.12981,-7.01754,-11.11228,-1.54269,-8.96159,-0.60799,0.9367,10.93,0.0117,20.22,4.06,0.495,0.501,0.255,0.0286,0.0500
6975,-17.97122,-6.89541,-11.07581,-1.52394,-8.95610,-0.59577,0.9253,101.48,0.1089,20.09,4.14,0.495,0.501,0.255,0.0286,0.0500
7000,-17.95669,-6.85254,-11.10415,-1.53046,-8.96533,-0.60837,0.9292,12.16,0.0130,20.15,4.18,0.494,0.501,0.242,0.0272,0.0500
7025,-18.01734,-6.95939,-11.05796,-1.51947,-8.90518,-0.63331,0.9226,-77.79,-0.0835,20.32,4.24,0.494,0.501,0.242,0.0272,0.0500
7050,-18.02372,-6.95655,-11.06717,-1.52012,-8.90953,-0.63752,0.9230,-77.06,-0.0827,20.26,3.95,0.494,0.501,0.242,0.0272,0.0500
7075,-18.09030,-7.00636,-11.08395,-1.52402,-8.95203,-0.60790,0.9253,101.47,0.1089,19.93,4.64,0.494,0.501,0.242,0.0272,0.0500
7100,-18.06816,-7.00950,-11.05866,-1.53211,-8.92516,-0.60139,0.9302,86.85,0.0915,19.85,4.86,0.494,0.501,0.242,0.0272,0.0500
7125,-18.07804,-6.94262,-11.13542,-1.53489,-9.01829,-0.58224,0.9319,87.73,0.0925,20.10,4.40,0.494,0.501,0.242,0.0272,0.0500
7150,-18.00146,-6.98809,-11.01337,-1.50500,-8.85562,-0.65274,0.9138,0.08,0.0001,20.26,4.75,0.494,0.501,0.242,0.0272,0.0500
7175,-17.97387,-6.94755,-11.02632,-1.52242,-8.87993,-0.62397,0.9244,107.93,0.1137,19.95,4.98,0.494,0.501,0.242,0.0272,0.0500
7200,-18.06026,-6.96758,-11.09268,-1.52852,-8.91396,-0.65020,0.9281,179.76,0.1924,20.62,3.93,0.494,0.501,0.242,0.0272,0.0500
7225,-17.91173,-6.88195,-11.02978,-1.51935,-8.85570,-0.65473,0.9225,0.56,0.0006,20.72,3.97,0.494,0.501,0.242,0.0272,0.0500
7250,-17.99805,-6.95439,-11.04366,-1.52381,-8.90904,-0.61081,0.9252,-106.33,-0.1118,20.50,4.15,0.494,0.501,0.242,0.0272,0.0500
7275,-18.01206,-6.93813,-11.07393,-1.53595,-8.90059,-0.63739,0.9326,-77.28,-0.0801,20.72,3.89,0.494,0.501,0.242,0.0272,0.0500
7300,-17.96591,-6.92642,-11.03949,-1.51965,-8.89158,-0.62826,0.9227,-13.84,-0.0145,20.80,3.71,0.494,0.501,0.242,0.0272,0.0500
7325,-17.96287,-6.91929,-11.04359,-1.52106,-8.90360,-0.61893,0.9235,76.94,0.0809,20.75,3.77,0.494,0.501,0.242,0.0272,0.0500
7350,-18.03131,-6.95384,-11.07746,-1.52451,-8.92744,-0.62552,0.9256,74.98,0.0788,20.88,3.68,0.494,0.501,0.242,0.0272,0.0500
7375,-18.00894,-6.90605,-11.10289,-1.53394,-8.94958,-0.61937,0.9314,284.83,0.2954,20.47,3.95,0.494,0.501,0.242,0.0272,0.0500
7400,-17.95863,-6.86203,-11.09661,-1.52849,-8.94879,-0.61933,0.9280,120.00,0.1247,20.40,4.03,0.494,0.501,0.242,0.0272,0.0500
7425,-17.95806,-6.90260,-11.05545,-1.51946,-8.89630,-0.63969,0.9226,209.61,0.2177,20.86,3.80,0.494,0.501,0.242,0.0272,0.0500
7450,-17.94485,-6.88364,-11.06121,-1.51877,-8.89848,-0.64396,0.9221,-77.32,-0.0802,20.74,3.84,0.494,0.501,0.242,0.0272,0.0500
7475,-17.94650,-6.90964,-11.03686,-1.53248,-8.88567,-0.61871,0.9305,12.24,0.0127,20.60,4.08,0.494,0.501,0.242,0.0272,0.0500
7500,-18.00073,-6.92752,-11.07320,-1.53210,-8.90484,-0.63626,0.9302,13.59,0.0141,20.86,3.91,0.494,0.501,0.242,0.0272,0.0500
7525,-18.09482,-7.03774,-11.05708,-1.53472,-8.92974,-0.59263,0.9318,-0.03,-0.0000,20.62,4.18,0.494,0.501,0.242,0.0272,0.0500
7550,-17.97686,-6.93960,-11.03725,-1.52187,-8.89996,-0.61543,0.9240,-77.73,-0.0806,20.73,3.80,0.494,0.501,0.242,0.0272,0.0500
7575,-17.95498,-6.96581,-10.98917,-1.50176,-8.82275,-0.66467,0.9118,-171.24,-0.1777,20.84,3.72,0.494,0.501,0.242,0.0272,0.0500
7600,-18.04792,-6.94769,-11.10023,-1.52511,-8.94739,-0.62773,0.9260,8.77,0.0091,20.67,3.83,0.494,0.501,0.242,0.0272,0.0500
7625,-17.99301,-6.91352,-11.07950,-1.53746,-8.97307,-0.56896,0.9335,-260.53,-0.2704,20.76,4.01,0.494,0.501,0.242,0.0272,0.0500
7650,-17.93712,-6.86234,-11.07477,-1.52844,-8.92750,-0.61883,0.9280,21.32,0.0222,20.36,3.88,0.494,0.501,0.242,0.0272,0.0500
7675,-17.91667,-6.92178,-10.99488,-1.52324,-8.87650,-0.59514,0.9249,98.85,0.1061,20.53,3.70,0.494,0.501,0.242,0.0272,0.0500
7700,-17.98432,-6.94258,-11.04173,-1.52176,-8.88338,-0.63659,0.9240,114.16,0.1187,20.47,3.86,0.494,0.501,0.242,0.0272,0.0500
7725,-17.93720,-6.90675,-11.03044,-1.51973,-8.87535,-0.63536,0.9227,112.89,0.1174,20.43,3.87,0.494,0.501,0.242,0.0272,0.0500
7750,-17.98540,-6.93457,-11.05083,-1.50894,-8.92530,-0.61659,0.9162,113.97,0.1185,20.57,3.63,0.494,0.501,0.242,0.0272,0.0500
7775,-17.90428,-6.81754,-11.08674,-1.52876,-8.94718,-0.61080,0.9282,98.08,0.1052,20.65,3.52,0.494,0.501,0.242,0.0272,0.0500
7800,-17.96199,-6.90308,-11.05891,-1.52395,-8.90858,-0.62639,0.9253,81.97,0.0878,20.56,3.82,0.494,0.501,0.242,0.0272,0.0500
7825,-18.06474,-7.00276,-11.06198,-1.53059,-8.91801,-0.61338,0.9293,83.18,0.0891,20.58,3.66,0.494,0.501,0.242,0.0272,0.0500
7850,-18.06456,-6.95278,-11.11178,-1.53251,-8.94049,-0.63879,0.9305,3.50,0.0038,20.75,3.50,0.494,0.501,0.242,0.0272,0.0500
7875,-18.12805,-7.07802,-11.05003,-1.51852,-8.88189,-0.64962,0.9220,2.80,0.0030,20.71,3.65,0.494,0.501,0.242,0.0272,0.0500
7900,-18.02516,-6.99256,-11.03261,-1.50537,-8.88384,-0.64340,0.9140,182.94,0.1963,20.90,3.52,0.494,0.501,0.242,0.0272,0.0500
7925,-18.05987,-6.95969,-11.10019,-1.51843,-8.95318,-0.62858,0.9219,283.47,0.2988,20.74,3.64,0.494,0.501,0.242,0.0272,0.0500
7950,-18.15957,-7.08809,-11.07149,-1.51803,-8.92960,-0.62385,0.9217,103.53,0.1091,20.43,3.88,0.494,0.501,0.242,0.0272,0.0500
7975,-18.17631,-7.03303,-11.14329,-1.51897,-8.97273,-0.65159,0.9223,273.20,0.2932,20.83,3.49,0.494,0.501,0.242,0.0272,0.0500
8000,-18.11132,-7.00638,-11.10494,-1.52448,-8.94394,-0.63651,0.9256,2.22,0.0024,20.88,3.51,0.494,0.501,0.230,0.0258,0.0500
8025,-18.07738,-6.97582,-11.10156,-1.52579,-8.98283,-0.59295,0.9264,93.25,0.1000,20.97,3.63,0.494,0.501,0.230,0.0258,0.0500
8050,-18.17488,-7.07752,-11.09735,-1.52659,-8.94828,-0.62248,0.9269,-85.95,-0.0922,20.95,3.60,0.494,0.501,0.230,0.0258,0.0500
8075,-18.11896,-7.06678,-11.05218,-1.51686,-8.92453,-0.61079,0.9210,-86.13,-0.0924,20.94,3.70,0.494,0.501,0.230,0.0258,0.0500
8100,-18.17427,-7.13660,-11.03767,-1.52050,-8.89348,-0.62369,0.9232,-158.55,-0.1648,20.60,4.06,0.494,0.501,0.230,0.0258,0.0500
8125,-18.16596,-7.02949,-11.13647,-1.53722,-8.99431,-0.60494,0.9333,112.78,0.1172,20.65,3.89,0.494,0.501,0.230,0.0258,0.0500
8150,-18.16606,-7.02684,-11.13922,-1.52834,-8.97473,-0.63616,0.9280,22.29,0.0232,20.48,4.07,0.494,0.501,0.230,0.0258,0.0500
8175,-18.18471,-7.13699,-11.04773,-1.51850,-8.89616,-0.63306,0.9220,22.90,0.0238,20.37,4.16,0.494,0.501,0.230,0.0258,0.0500
8200,-18.31162,-7.16618,-11.14544,-1.53064,-8.98946,-0.62533,0.9294,24.06,0.0250,20.33,4.31,0.494,0.501,0.230,0.0258,0.0500
8225,-18.27602,-7.20090,-11.07513,-1.51725,-8.92603,-0.63185,0.9212,23.28,0.0242,20.25,4.12,0.494,0.501,0.230,0.0258,0.0500
8250,-18.33285,-7.22942,-11.10343,-1.51765,-8.96800,-0.61777,0.9215,-3.50,-0.0039,20.18,4.25,0.494,0.501,0.230,0.0258,0.0500
8275,-18.37583,-7.18783,-11.18800,-1.53699,-9.02878,-0.62223,0.9332,24.84,0.0258,20.23,4.37,0.494,0.501,0.230,0.0258,0.0500
8300,-18.31330,-7.26763,-11.04567,-1.51885,-8.89724,-0.62958,0.9222,-74.80,-0.0788,20.41,4.10,0.494,0.501,0.230,0.0258,0.0500
8325,-18.34946,-7.25739,-11.09207,-1.53521,-8.93251,-0.62436,0.9321,105.95,0.1117,20.22,4.50,0.494,0.501,0.230,0.0258,0.0500
8350,-18.31774,-7.23712,-11.08062,-1.52247,-8.91130,-0.64686,0.9244,14.13,0.0149,20.24,4.26,0.494,0.501,0.230,0.0258,0.0500
8375,-18.34304,-7.20347,-11.13956,-1.53842,-9.00583,-0.59531,0.9341,116.63,0.1213,20.18,4.54,0.494,0.501,0.230,0.0258,0.0500
8400,-18.33179,-7.20443,-11.12736,-1.52114,-8.98107,-0.62515,0.9236,-52.65,-0.0571,21.02,3.50,0.494,0.501,0.230,0.0258,0.0500
8425,-18.22989,-7.12771,-11.10218,-1.53416,-8.94612,-0.62189,0.9315,-143.11,-0.1553,21.00,3.49,0.494,0.501,0.230,0.0258,0.0500
8450,-18.27129,-7.17351,-11.09778,-1.52956,-8.94624,-0.62199,0.9287,-52.05,-0.0565,20.90,3.60,0.494,0.501,0.230,0.0258,0.0500
8475,-18.25233,-7.17764,-11.07469,-1.52857,-8.90537,-0.64074,0.9281,106.80,0.1125,20.51,3.89,0.494,0.501,0.230,0.0258,0.0500
8500,-18.19850,-7.17883,-11.01966,-1.51478,-8.86091,-0.64397,0.9197,-52.71,-0.0572,20.55,3.64,0.494,0.501,0.230,0.0258,0.0500
8525,-18.21151,-7.14136,-11.07016,-1.52509,-8.93005,-0.61502,0.9260,107.40,0.1131,20.54,3.88,0.494,0.501,0.230,0.0258,0.0500
8550,-18.19843,-7.09611,-11.10232,-1.52891,-8.94595,-0.62745,0.9283,287.64,0.3029,20.50,4.15,0.494,0.501,0.230,0.0258,0.0500
8575,-18.15383,-7.10100,-11.05283,-1.51667,-8.88451,-0.65166,0.9209,166.66,0.1888,20.48,4.04,0.494,0.501,0.230,0.0258,0.0500
8600,-18.17717,-7.07969,-11.09748,-1.52042,-8.94713,-0.62993,0.9231,198.15,0.2087,20.26,4.27,0.494,0.501,0.230,0.0258,0.0500
8625,-18.20262,-7.13391,-11.06871,-1.52643,-8.90395,-0.63834,0.9268,16.58,0.0175,20.24,4.17,0.494,0.501,0.230,0.0258,0.0500
8650,-18.27465,-7.15458,-11.12007,-1.51589,-8.97250,-0.63168,0.9204,107.66,0.1134,20.34,4.23,0.494,0.501,0.230,0.0258,0.0500
8675,-18.19312,-7.16281,-11.03031,-1.51848,-8.87074,-0.64110,0.9220,199.09,0.2098,20.43,4.26,0.494,0.501,0.230,0.0258,0.0500
8700,-18.18494,-7.13078,-11.05416,-1.51903,-8.88615,-0.64899,0.9223,179.03,0.1984,20.27,4.22,0.494,0.501,0.230,0.0258,0.0500
8725,-18.15538,-7.09386,-11.06152,-1.52137,-8.91023,-0.62992,0.9237,-1.37,-0.0015,20.16,4.40,0.494,0.501,0.230,0.0258,0.0500
8750,-18.23657,-7.10622,-11.13035,-1.53021,-8.95793,-0.64221,0.9291,89.89,0.0996,20.38,4.44,0.494,0.501,0.230,0.0258,0.0500
8775,-18.27795,-7.18490,-11.09306,-1.52872,-8.92946,-0.63488,0.9282,-12.65,-0.0143,20.52,3.98,0.494,0.501,0.230,0.0258,0.0500
8800,-18.25357,-7.17946,-11.07411,-1.51798,-8.91181,-0.64432,0.9217,223.18,0.2423,20.37,4.25,0.494,0.501,0.230,0.0258,0.0500
8825,-18.25570,-7.22600,-11.02969,-1.49938,-8.86001,-0.67030,0.9104,197.39,0.2080,20.56,4.23,0.494,0.500,0.230,0.0258,0.0500
8850,-18.35760,-7.23058,-11.12702,-1.52256,-8.98565,-0.61880,0.9244,131.68,0.1429,20.47,4.21,0.494,0.500,0.230,0.0258,0.0500
8875,-18.26923,-7.20469,-11.06454,-1.52197,-8.91884,-0.62373,0.9241,-65.75,-0.0683,20.88,4.28,0.494,0.500,0.230,0.0258,0.0500
8900,-18.31664,-7.26583,-11.05081,-1.51863,-8.89796,-0.63422,0.9221,-55.11,-0.0572,20.63,4.28,0.494,0.500,0.230,0.0258,0.0500
8925,-18.32046,-7.19852,-11.12195,-1.52036,-8.98185,-0.61973,0.9231,24.78,0.0258,20.99,3.93,0.494,0.500,0.230,0.0258,0.0500
8950,-18.17198,-7.17367,-10.99831,-1.52086,-8.83846,-0.63900,0.9234,113.89,0.1184,20.79,4.29,0.494,0.500,0.230,0.0258,0.0500
8975,-18.34381,-7.29310,-11.05070,-1.51282,-8.91736,-0.62053,0.9185,130.32,0.1414,20.74,3.97,0.494,0.500,0.230,0.0258,0.0500
9000,-18.27339,-7.23279,-11.04060,-1.51306,-8.89548,-0.63206,0.9187,-1.86,-0.0020,20.69,4.02,0.494,0.500,0.219,0.0245,0.0500
9025,-18.26077,-7.19995,-11.06082,-1.51092,-8.90677,-0.64312,0.9174,89.36,0.0941,20.51,4.10,0.494,0.500,0.219,0.0245,0.0500
9050,-18.20451,-7.13539,-11.06912,-1.50696,-8.93243,-0.62973,0.9150,179.92,0.1895,20.21,4.21,0.494,0.500,0.219,0.0245,0.0500
9075,-18.17678,-7.06215,-11.11463,-1.52016,-8.94985,-0.64462,0.9230,99.44,0.1048,20.26,4.24,0.494,0.500,0.219,0.0245,0.0500
9100,-18.23780,-7.19894,-11.03886,-1.51278,-8.91348,-0.61260,0.9185,-139.31,-0.1508,20.81,3.94,0.494,0.500,0.219,0.0245,0.0500
9125,-18.20010,-7.12677,-11.07333,-1.50347,-8.92282,-0.64703,0.9129,16.08,0.0169,20.16,4.47,0.494,0.500,0.219,0.0245,0.0500
9150,-18.33533,-7.17126,-11.16407,-1.52488,-9.01029,-0.62889,0.9259,-50.90,-0.0551,20.35,4.12,0.494,0.500,0.219,0.0245,0.0500
9175,-18.37857,-7.13820,-11.24037,-1.53873,-9.06886,-0.63277,0.9343,-51.07,-0.0553,20.44,4.22,0.494,0.500,0.219,0.0245,0.0500
9200,-18.29171,-7.14241,-11.14931,-1.52049,-8.99933,-0.62949,0.9232,38.54,0.0417,20.56,3.86,0.494,0.500,0.219,0.0245,0.0500
9225,-18.33194,-7.22990,-11.10204,-1.52280,-8.94152,-0.63772,0.9246,-94.96,-0.0999,20.79,3.76,0.494,0.500,0.219,0.0245,0.0500
9250,-18.34364,-7.19295,-11.15069,-1.53037,-9.00610,-0.61422,0.9292,-93.27,-0.0981,20.14,4.47,0.494,0.500,0.219,0.0245,0.0500
9275,-18.12111,-7.11301,-11.00810,-1.50514,-8.82370,-0.67926,0.9139,-92.53,-0.0974,20.20,4.58,0.494,0.501,0.219,0.0245,0.0500
9300,-18.24394,-7.07744,-11.16650,-1.51958,-8.99494,-0.65198,0.9226,178.02,0.1876,20.25,4.30,0.494,0.501,0.219,0.0245,0.0500
9325,-18.22232,-7.11637,-11.10594,-1.51134,-8.95364,-0.64097,0.9176,-92.13,-0.0969,20.54,4.29,0.494,0.501,0.219,0.0245,0.0500
9350,-18.24251,-7.14409,-11.09842,-1.52643,-8.96244,-0.60954,0.9268,95.60,0.1006,20.68,4.01,0.494,0.501,0.219,0.0245,0.0500
9375,-18.18751,-7.11568,-11.07183,-1.52262,-8.87373,-0.67548,0.9245,129.23,0.1400,20.62,3.86,0.494,0.501,0.219,0.0245,0.0500
9400,-18.29529,-7.16349,-11.13180,-1.53098,-8.98884,-0.61198,0.9296,2.68,0.0028,20.47,4.03,0.494,0.501,0.219,0.0245,0.0500
9425,-18.36022,-7.21629,-11.14393,-1.52838,-8.96978,-0.64578,0.9280,37.92,0.0411,20.38,4.30,0.494,0.501,0.219,0.0245,0.0500
9450,-18.42863,-7.25459,-11.17404,-1.53057,-9.01476,-0.62871,0.9293,-93.76,-0.0986,20.04,4.48,0.494,0.501,0.219,0.0245,0.0500
9475,-18.14427,-7.13696,-11.00732,-1.51635,-8.86500,-0.62597,0.9207,176.55,0.1857,20.03,4.25,0.494,0.501,0.219,0.0245,0.0500
9500,-18.21292,-7.17242,-11.04050,-1.51309,-8.86851,-0.65891,0.9187,129.76,0.1405,20.03,4.34,0.494,0.501,0.219,0.0245,0.0500
9525,-18.31760,-7.17242,-11.14519,-1.52834,-9.01220,-0.60465,0.9280,193.84,0.2042,20.25,4.43,0.494,0.501,0.219,0.0245,0.0500
9550,-18.34061,-7.18080,-11.15982,-1.52456,-8.98514,-0.65011,0.9257,222.54,0.2415,20.16,4.46,0.494,0.501,0.219,0.0245,0.0500
9575,-18.33529,-7.20248,-11.13281,-1.51994,-8.98647,-0.62640,0.9229,132.16,0.1432,20.30,4.28,0.494,0.501,0.219,0.0245,0.0500
9600,-18.38680,-7.27898,-11.10782,-1.51315,-8.96443,-0.63023,0.9187,132.97,0.1443,20.07,4.65,0.494,0.501,0.219,0.0245,0.0500
9625,-18.32712,-7.27640,-11.05072,-1.51562,-8.90244,-0.63266,0.9202,92.31,0.0960,20.03,4.53,0.494,0.501,0.219,0.0245,0.0500
9650,-18.30649,-7.21982,-11.08668,-1.52534,-8.93202,-0.62931,0.9261,90.03,0.0937,19.83,4.59,0.494,0.501,0.219,0.0245,0.0500
9675,-18.35602,-7.27374,-11.08227,-1.50637,-8.90220,-0.67371,0.9146,92.62,0.0964,20.10,4.53,0.494,0.501,0.219,0.0245,0.0500
9700,-18.21338,-7.16764,-11.04574,-1.51416,-8.87122,-0.66035,0.9193,91.29,0.0950,20.12,4.54,0.494,0.501,0.219,0.0245,0.0500
9725,-18.33138,-7.22212,-11.10926,-1.51369,-8.93657,-0.65901,0.9191,131.69,0.1430,20.06,4.23,0.494,0.501,0.219,0.0245,0.0500
9750,-18.25302,-7.16684,-11.08619,-1.51869,-8.92164,-0.64586,0.9221,131.81,0.1431,20.36,3.94,0.494,0.501,0.219,0.0245,0.0500
9775,-18.31798,-7.19899,-11.11899,-1.52230,-8.95009,-0.64661,0.9243,-51.91,-0.0563,20.68,3.90,0.494,0.501,0.219,0.0245,0.0500
9800,-18.31584,-7.24938,-11.06646,-1.52788,-8.89352,-0.64506,0.9277,-52.51,-0.0569,20.65,3.85,0.495,0.501,0.219,0.0245,0.0500
9825,-18.30051,-7.15540,-11.14511,-1.53417,-8.99402,-0.61692,0.9315,128.62,0.1394,20.40,4.14,0.495,0.501,0.219,0.0245,0.0500
9850,-18.24899,-7.22631,-11.02268,-1.51860,-8.85764,-0.64643,0.9220,221.14,0.2400,20.37,4.20,0.495,0.501,0.219,0.0245,0.0500
9875,-18.23289,-7.13671,-11.09618,-1.52210,-8.92077,-0.65331,0.9242,265.31,0.2795,20.39,4.07,0.495,0.501,0.219,0.0245,0.0500
9900,-18.32079,-7.18618,-11.13461,-1.52159,-8.98944,-0.62358,0.9239,85.23,0.0896,20.50,4.15,0.495,0.501,0.219,0.0245,0.0500
9925,-18.23978,-7.20470,-11.03508,-1.51863,-8.88819,-0.62827,0.9221,132.11,0.1432,20.45,3.91,0.495,0.501,0.219,0.0245,0.0500
9950,-18.23481,-7.17202,-11.06280,-1.51923,-8.89486,-0.64871,0.9224,40.86,0.0443,20.51,4.00,0.495,0.501,0.219,0.0245,0.0500
9975,-18.32268,-7.23770,-11.08498,-1.52722,-8.93150,-0.62626,0.9273,-49.31,-0.0535,20.35,4.13,0.495,0.501,0.219,0.0245,0.0500
10000,-18.37312,-7.26563,-11.10749,-1.53081,-8.93549,-0.64119,0.9295,-263.11,-0.2770,20.64,3.94,0.495,0.501,0.230,0.0258,0.0500
10025,-18.45445,-7.32462,-11.12982,-1.52496,-8.94437,-0.66048,0.9259,-50.42,-0.0547,20.38,4.10,0.495,0.501,0.230,0.0258,0.0500
10050,-18.41322,-7.38422,-11.02901,-1.51042,-8.86725,-0.65133,0.9171,-231.09,-0.2504,20.58,4.02,0.495,0.501,0.230,0.0258,0.0500
10075,-18.46275,-7.38752,-11.07523,-1.51356,-8.88089,-0.68078,0.9190,-85.53,-0.0900,20.49,4.08,0.495,0.501,0.230,0.0258,0.0500
10100,-18.45495,-7.33537,-11.11958,-1.52376,-8.94876,-0.64706,0.9252,-51.05,-0.0553,20.49,4.08,0.495,0.501,0.230,0.0258,0.0500
10125,-18.40000,-7.31039,-11.08961,-1.51700,-8.95321,-0.61940,0.9211,-51.15,-0.0554,20.47,4.12,0.495,0.501,0.230,0.0258,0.0500
10150,-18.39324,-7.37189,-11.02135,-1.50454,-8.87171,-0.64511,0.9135,3.96,0.0042,21.37,3.43,0.495,0.501,0.230,0.0258,0.0500
10175,-18.32095,-7.24924,-11.07171,-1.51512,-8.91126,-0.64533,0.9199,-53.19,-0.0576,21.23,3.57,0.494,0.501,0.230,0.0258,0.0500
10200,-18.36889,-7.29654,-11.07235,-1.51724,-8.91205,-0.64306,0.9212,-53.59,-0.0580,21.15,3.67,0.494,0.501,0.230,0.0258,0.0500
10225,-18.36869,-7.30448,-11.06421,-1.51405,-8.90328,-0.64688,0.9193,-87.24,-0.0918,21.02,3.59,0.494,0.501,0.230,0.0258,0.0500
10250,-18.37888,-7.28789,-11.09099,-1.51180,-8.92700,-0.65219,0.9179,-177.84,-0.1871,20.91,3.72,0.495,0.501,0.230,0.0258,0.0500
10275,-18.43011,-7.34148,-11.08863,-1.50766,-8.93655,-0.64442,0.9154,-266.34,-0.2803,20.85,3.84,0.494,0.501,0.230,0.0258,0.0500
10300,-18.46522,-7.35456,-11.11066,-1.51958,-8.94902,-0.64206,0.9226,-356.06,-0.3747,20.76,3.96,0.494,0.501,0.230,0.0258,0.0500
10325,-18.47215,-7.35573,-11.11642,-1.52283,-8.96596,-0.62762,0.9246,-266.43,-0.2804,20.71,3.81,0.494,0.501,0.230,0.0258,0.0500
10350,-18.37821,-7.26533,-11.11288,-1.51944,-8.96693,-0.62651,0.9226,-176.18,-0.1854,20.60,4.06,0.494,0.501,0.230,0.0258,0.0500
10375,-18.48866,-7.28847,-11.20019,-1.52524,-9.04138,-0.63357,0.9261,-267.38,-0.2813,20.65,3.85,0.494,0.500,0.230,0.0258,0.0500
10400,-18.35882,-7.24776,-11.11106,-1.52238,-8.95740,-0.63128,0.9243,-91.80,-0.0965,20.55,4.19,0.494,0.500,0.230,0.0258,0.0500
10425,-18.38430,-7.27216,-11.11214,-1.52178,-8.98563,-0.60473,0.9240,-90.99,-0.0956,20.29,4.23,0.494,0.500,0.230,0.0258,0.0500
10450,-18.38514,-7.36977,-11.01537,-1.51302,-8.87365,-0.62869,0.9187,-85.98,-0.0905,20.34,4.44,0.494,0.500,0.230,0.0258,0.0500
10475,-18.49431,-7.37275,-11.12156,-1.53496,-8.95386,-0.63274,0.9320,-266.56,-0.2804,20.84,3.99,0.494,0.500,0.230,0.0258,0.0500
10500,-18.42557,-7.30097,-11.12460,-1.53917,-8.97087,-0.61457,0.9345,-266.94,-0.2809,20.64,4.15,0.494,0.500,0.230,0.0258,0.0500
10525,-18.37881,-7.31165,-11.06715,-1.51831,-8.93866,-0.61018,0.9219,-88.29,-0.0929,20.64,3.99,0.494,0.500,0.230,0.0258,0.0500
10550,-18.42711,-7.34129,-11.08581,-1.53094,-8.92449,-0.63038,0.9295,-87.73,-0.0923,20.98,3.57,0.494,0.500,0.230,0.0258,0.0500
10575,-18.51083,-7.36842,-11.14241,-1.53721,-8.97389,-0.63131,0.9333,-177.33,-0.1866,20.50,4.46,0.494,0.500,0.230,0.0258,0.0500
10600,-18.43274,-7.32643,-11.10630,-1.51826,-8.94457,-0.64348,0.9218,-86.75,-0.0913,20.67,4.15,0.494,0.500,0.230,0.0258,0.0500
10625,-18.44350,-7.35480,-11.08870,-1.50781,-8.91575,-0.66514,0.9155,-365.13,-0.3840,20.56,4.27,0.494,0.500,0.230,0.0258,0.0500
10650,-18.45480,-7.37456,-11.08024,-1.51321,-8.91556,-0.65147,0.9188,-276.70,-0.2910,20.52,4.24,0.494,0.500,0.230,0.0258,0.0500
10675,-18.35120,-7.27056,-11.08064,-1.51129,-8.90228,-0.66708,0.9176,-229.93,-0.2489,20.43,4.15,0.494,0.500,0.230,0.0258,0.0500
10700,-18.40043,-7.32616,-11.07427,-1.53398,-8.91876,-0.62154,0.9314,-359.86,-0.3788,20.56,4.06,0.494,0.500,0.230,0.0258,0.0500
10725,-18.47351,-7.40040,-11.07311,-1.51460,-8.92790,-0.63060,0.9196,-451.71,-0.4754,20.62,4.20,0.494,0.500,0.230,0.0258,0.0500
10750,-18.48503,-7.34086,-11.14417,-1.51655,-8.97961,-0.64801,0.9208,-188.88,-0.1986,20.51,4.07,0.494,0.500,0.230,0.0258,0.0500
10775,-18.37838,-7.25352,-11.12486,-1.51778,-8.96987,-0.63721,0.9215,-181.40,-0.1907,20.45,4.21,0.494,0.500,0.230,0.0258,0.0500
10800,-18.37533,-7.23673,-11.13861,-1.52548,-8.98322,-0.62991,0.9262,43.07,0.0467,20.46,4.00,0.494,0.500,0.230,0.0258,0.0500
10825,-18.34961,-7.23177,-11.11784,-1.53159,-8.94607,-0.64018,0.9299,-172.54,-0.1791,20.49,4.29,0.494,0.500,0.230,0.0258,0.0500
10850,-18.44934,-7.24201,-11.20733,-1.52365,-9.02839,-0.65529,0.9251,-84.31,-0.0877,20.38,3.95,0.494,0.500,0.230,0.0258,0.0500
10875,-18.35517,-7.20171,-11.15347,-1.53997,-9.01329,-0.60021,0.9350,-356.78,-0.3703,20.63,3.99,0.494,0.500,0.230,0.0258,0.0500
10900,-18.38797,-7.25113,-11.13684,-1.51961,-8.99039,-0.62684,0.9227,-359.26,-0.3730,20.58,3.96,0.494,0.500,0.230,0.0258,0.0500
10925,-18.54862,-7.35707,-11.19155,-1.52778,-9.03263,-0.63115,0.9276,-357.13,-0.3758,20.69,3.83,0.494,0.500,0.230,0.0258,0.0500
10950,-18.34803,-7.22955,-11.11848,-1.53113,-8.97449,-0.61286,0.9296,-356.43,-0.3750,20.72,3.68,0.494,0.500,0.230,0.0258,0.0500
10975,-18.50289,-7.33932,-11.16357,-1.53372,-9.00231,-0.62754,0.9312,-446.23,-0.4694,20.98,3.78,0.494,0.500,0.230,0.0258,0.0500
11000,-18.56483,-7.38225,-11.18258,-1.53482,-9.02636,-0.62140,0.9319,-442.16,-0.4646,20.74,3.99,0.494,0.500,0.218,0.0245,0.0500
11025,-18.46735,-7.35588,-11.11147,-1.52517,-8.95154,-0.63476,0.9260,-352.61,-0.3707,20.82,4.13,0.494,0.500,0.218,0.0245,0.0500
11050,-18.59885,-7.50468,-11.09417,-1.52559,-8.94142,-0.62715,0.9263,-262.53,-0.2759,20.69,4.29,0.494,0.500,0.218,0.0245,0.0500
11075,-18.64096,-7.52111,-11.11985,-1.51874,-8.97014,-0.63097,0.9221,-260.77,-0.2745,20.64,4.29,0.494,0.500,0.218,0.0245,0.0500
11100,-18.61721,-7.49299,-11.12422,-1.52231,-8.98623,-0.61568,0.9243,-172.94,-0.1820,20.60,4.20,0.494,0.500,0.218,0.0245,0.0500
11125,-18.58510,-7.44010,-11.14500,-1.52099,-8.98417,-0.63984,0.9235,-352.58,-0.3706,20.74,4.06,0.494,0.500,0.218,0.0245,0.0500
11150,-18.62473,-7.46085,-11.16387,-1.52355,-9.02446,-0.61586,0.9250,-141.53,-0.1535,20.68,3.94,0.494,0.500,0.218,0.0245,0.0500
11175,-18.55773,-7.44373,-11.11400,-1.52226,-8.95344,-0.63830,0.9243,-141.02,-0.1530,20.74,3.87,0.494,0.500,0.218,0.0245,0.0500
11200,-18.45657,-7.30914,-11.14743,-1.52132,-8.98624,-0.63988,0.9237,-142.35,-0.1544,20.76,3.74,0.494,0.500,0.218,0.0245,0.0500
11225,-18.54301,-7.38211,-11.16090,-1.52214,-9.02835,-0.61042,0.9242,-231.54,-0.2512,20.70,3.83,0.494,0.500,0.218,0.0245,0.0500
11250,-18.52107,-7.40896,-11.11211,-1.52937,-8.96196,-0.62078,0.9286,-231.52,-0.2512,20.47,3.95,0.494,0.500,0.218,0.0245,0.0500
11275,-18.47777,-7.35997,-11.11780,-1.52244,-8.94861,-0.64675,0.9244,-141.20,-0.1532,20.50,3.91,0.494,0.500,0.218,0.0245,0.0500
11300,-18.58747,-7.40769,-11.17978,-1.52708,-9.00349,-0.64921,0.9272,-139.73,-0.1516,20.50,3.92,0.494,0.500,0.218,0.0245,0.0500
11325,-18.52202,-7.40659,-11.11543,-1.52910,-8.95517,-0.63116,0.9284,-319.82,-0.3471,20.67,3.83,0.494,0.500,0.218,0.0245,0.0500
11350,-18.53177,-7.35030,-11.18147,-1.53259,-9.03505,-0.61383,0.9305,39.57,0.0429,20.51,4.08,0.494,0.500,0.218,0.0245,0.0500
11375,-18.43592,-7.32848,-11.10745,-1.52259,-8.94835,-0.63651,0.9245,39.94,0.0433,21.06,3.58,0.494,0.500,0.218,0.0245,0.0500
11400,-18.43722,-7.31305,-11.12416,-1.51369,-8.98827,-0.62220,0.9191,-50.76,-0.0551,20.88,3.86,0.494,0.500,0.218,0.0245,0.0500
11425,-18.41091,-7.31402,-11.09688,-1.51837,-8.92943,-0.64909,0.9219,-141.62,-0.1537,20.59,4.02,0.494,0.500,0.218,0.0245,0.0500
11450,-18.38095,-7.23118,-11.14977,-1.51673,-8.99921,-0.63382,0.9209,-141.59,-0.1536,20.59,4.09,0.494,0.500,0.218,0.0245,0.0500
11475,-18.32715,-7.24177,-11.08538,-1.50522,-8.92164,-0.65852,0.9139,-142.10,-0.1542,20.61,3.98,0.494,0.500,0.218,0.0245,0.0500
11500,-18.45417,-7.29200,-11.16217,-1.52388,-9.01610,-0.62219,0.9252,-142.97,-0.1552,20.66,4.05,0.494,0.500,0.218,0.0245,0.0500
11525,-18.43619,-7.31459,-11.12160,-1.52264,-8.95667,-0.64229,0.9245,-143.40,-0.1556,20.86,3.55,0.494,0.500,0.218,0.0245,0.0500
11550,-18.43511,-7.32682,-11.10829,-1.52043,-8.94810,-0.63976,0.9232,-142.99,-0.1552,20.78,3.74,0.494,0.500,0.218,0.0245,0.0500
11575,-18.53382,-7.39199,-11.14183,-1.52110,-9.00682,-0.61391,0.9236,-143.29,-0.1555,20.73,3.93,0.494,0.500,0.218,0.0245,0.0500
11600,-18.50702,-7.37771,-11.12931,-1.51280,-8.93881,-0.67770,0.9185,-323.40,-0.3510,21.08,3.60,0.495,0.500,0.218,0.0245,0.0500
11625,-18.42922,-7.35148,-11.07774,-1.50935,-8.91111,-0.65728,0.9164,-142.26,-0.1544,20.96,3.62,0.495,0.500,0.218,0.0245,0.0500
11650,-18.60419,-7.44703,-11.15716,-1.51524,-8.96151,-0.68041,0.9200,-51.68,-0.0561,20.87,3.81,0.495,0.500,0.218,0.0245,0.0500
11675,-18.66975,-7.47748,-11.19228,-1.51796,-9.05248,-0.62183,0.9217,-230.34,-0.2500,20.82,3.71,0.495,0.500,0.218,0.0245,0.0500
11700,-18.67366,-7.57061,-11.10305,-1.50957,-8.92151,-0.67198,0.9166,-410.72,-0.4457,20.76,3.86,0.495,0.500,0.218,0.0245,0.0500
11725,-18.57987,-7.44578,-11.13409,-1.52400,-8.97019,-0.63989,0.9253,-320.86,-0.3482,20.93,3.73,0.495,0.500,0.218,0.0245,0.0500
11750,-18.56975,-7.43799,-11.13176,-1.53472,-8.97767,-0.61938,0.9318,-231.34,-0.2510,20.87,3.96,0.495,0.500,0.218,0.0245,0.0500
11775,-18.49887,-7.33373,-11.16514,-1.51872,-9.00629,-0.64013,0.9221,-167.87,-0.1767,20.73,3.97,0.495,0.500,0.218,0.0245,0.0500
11800,-18.49305,-7.33646,-11.15659,-1.52225,-9.00392,-0.63041,0.9243,-256.14,-0.2696,20.83,3.99,0.495,0.500,0.218,0.0245,0.0500
11825,-18.52336,-7.35216,-11.17120,-1.52417,-9.03079,-0.61624,0.9254,-255.13,-0.2685,20.79,3.80,0.495,0.500,0.218,0.0245,0.0500
11850,-18.34462,-7.27719,-11.06743,-1.52262,-8.90331,-0.64150,0.9245,-230.46,-0.2499,20.84,3.87,0.495,0.500,0.218,0.0245,0.0500
11875,-18.42223,-7.33514,-11.08709,-1.50366,-8.96989,-0.61354,0.9130,-230.44,-0.2499,20.86,3.84,0.495,0.500,0.218,0.0245,0.0500
11900,-18.43122,-7.32443,-11.10678,-1.52138,-8.91505,-0.67035,0.9237,-50.66,-0.0549,20.78,3.86,0.495,0.500,0.218,0.0245,0.0500
11925,-18.62459,-7.44570,-11.17889,-1.51478,-9.02790,-0.63621,0.9197,-51.73,-0.0561,20.71,3.84,0.495,0.500,0.218,0.0245,0.0500
11950,-18.57047,-7.40340,-11.16706,-1.52301,-8.98825,-0.65581,0.9247,-229.63,-0.2489,20.70,4.08,0.495,0.500,0.218,0.0245,0.0500
11975,-18.57620,-7.38089,-11.19531,-1.52153,-9.06418,-0.60960,0.9238,-51.08,-0.0554,20.73,3.91,0.495,0.500,0.218,0.0245,0.0500
12000,-18.49473,-7.34872,-11.14601,-1.51202,-8.97848,-0.65551,0.9180,-138.83,-0.1505,20.72,3.96,0.495,0.500,0.229,0.0257,0.0500
12025,-18.45653,-7.30819,-11.14833,-1.52004,-9.01718,-0.61112,0.9229,-138.86,-0.1505,20.74,3.97,0.495,0.500,0.229,0.0257,0.0500
12050,-18.48099,-7.32040,-11.16059,-1.53152,-8.99515,-0.63392,0.9299,-227.51,-0.2466,20.91,3.95,0.495,0.500,0.229,0.0257,0.0500
12075,-18.35791,-7.28210,-11.07581,-1.50962,-8.89960,-0.66659,0.9166,-318.54,-0.3453,20.93,3.97,0.495,0.500,0.229,0.0257,0.0500
12100,-18.45358,-7.26232,-11.19126,-1.52319,-9.03318,-0.63488,0.9248,-228.66,-0.2479,20.87,4.06,0.495,0.500,0.229,0.0257,0.0500
12125,-18.51336,-7.34565,-11.16771,-1.52879,-9.02747,-0.61145,0.9282,-51.19,-0.0555,20.78,4.16,0.495,0.500,0.229,0.0257,0.0500
12150,-18.56715,-7.38947,-11.17768,-1.52378,-9.00816,-0.64575,0.9252,-170.25,-0.1790,20.59,4.30,0.495,0.500,0.229,0.0257,0.0500
12175,-18.50787,-7.36239,-11.14548,-1.51564,-8.99162,-0.63822,0.9202,-171.05,-0.1798,20.53,4.27,0.495,0.500,0.229,0.0257,0.0500
12200,-18.49526,-7.31083,-11.18442,-1.52456,-9.03694,-0.62293,0.9257,-323.03,-0.3502,20.69,4.18,0.495,0.500,0.229,0.0257,0.0500
12225,-18.57743,-7.38371,-11.19372,-1.52029,-8.99534,-0.67809,0.9231,-143.00,-0.1550,20.63,4.16,0.495,0.500,0.229,0.0257,0.0500
12250,-18.67790,-7.50700,-11.17090,-1.52481,-9.01722,-0.62887,0.9258,-142.87,-0.1549,20.69,4.22,0.495,0.500,0.229,0.0257,0.0500
12275,-18.64860,-7.43168,-11.21692,-1.53339,-9.05666,-0.62687,0.9310,-171.84,-0.1806,20.51,4.48,0.495,0.500,0.229,0.0257,0.0500
12300,-18.50949,-7.33690,-11.17259,-1.52540,-9.03380,-0.61339,0.9262,-263.44,-0.2768,20.74,4.28,0.495,0.500,0.229,0.0257,0.0500
12325,-18.58831,-7.45878,-11.12953,-1.51314,-9.00507,-0.61132,0.9187,-82.85,-0.0871,20.38,4.64,0.495,0.500,0.229,0.0257,0.0500
12350,-18.51930,-7.42278,-11.09652,-1.50666,-8.95088,-0.63898,0.9148,-174.21,-0.1831,20.48,4.43,0.495,0.500,0.229,0.0257,0.0500
12375,-18.66630,-7.40476,-11.26155,-1.52824,-9.11634,-0.61696,0.9279,-84.39,-0.0887,20.84,4.23,0.495,0.500,0.229,0.0257,0.0500
12400,-18.68056,-7.51078,-11.16977,-1.52226,-9.01774,-0.62977,0.9243,-263.96,-0.2775,20.75,4.17,0.495,0.500,0.229,0.0257,0.0500
12425,-18.58043,-7.41836,-11.16208,-1.51617,-8.98450,-0.66140,0.9206,6.66,0.0070,20.43,4.47,0.495,0.500,0.229,0.0257,0.0500
12450,-18.57597,-7.45566,-11.12032,-1.51809,-8.98775,-0.61447,0.9217,-84.32,-0.0886,20.35,4.51,0.495,0.500,0.229,0.0257,0.0500
12475,-18.70479,-7.54937,-11.15542,-1.51631,-8.98594,-0.65316,0.9206,-85.27,-0.0896,20.59,4.25,0.495,0.500,0.229,0.0257,0.0500
12500,-18.75883,-7.57803,-11.18080,-1.51447,-9.03735,-0.62899,0.9195,-173.60,-0.1824,20.36,4.52,0.495,0.500,0.229,0.0257,0.0500
12525,-18.70331,-7.55591,-11.14740,-1.52066,-9.00236,-0.62438,0.9233,-173.83,-0.1826,20.35,4.41,0.495,0.500,0.229,0.0257,0.0500
12550,-18.67102,-7.49696,-11.17406,-1.51676,-8.98929,-0.66801,0.9209,-83.60,-0.0878,20.50,4.34,0.495,0.500,0.229,0.0257,0.0500
12575,-18.65310,-7.51525,-11.13785,-1.52635,-8.96871,-0.64279,0.9267,-175.01,-0.1839,20.55,4.30,0.495,0.500,0.229,0.0257,0.0500
12600,-18.53282,-7.43209,-11.10073,-1.51971,-8.94515,-0.63586,0.9227,-265.93,-0.2794,20.62,4.29,0.495,0.500,0.229,0.0257,0.0500
12625,-18.67597,-7.53655,-11.13942,-1.51660,-9.00260,-0.62023,0.9208,-84.53,-0.0888,20.57,4.48,0.495,0.500,0.229,0.0257,0.0500
12650,-18.62788,-7.46628,-11.16161,-1.52895,-9.04048,-0.59218,0.9283,-175.19,-0.1841,20.51,4.45,0.495,0.500,0.229,0.0257,0.0500
12675,-18.67615,-7.53723,-11.13892,-1.51553,-8.97198,-0.65141,0.9202,-355.26,-0.3733,20.52,4.49,0.495,0.500,0.229,0.0257,0.0500
12700,-18.61102,-7.49755,-11.11347,-1.52102,-8.98095,-0.61150,0.9235,-173.97,-0.1828,20.53,4.38,0.495,0.500,0.229,0.0257,0.0500
12725,-18.64471,-7.43140,-11.21330,-1.53145,-9.03022,-0.65164,0.9298,-85.85,-0.0902,20.59,4.42,0.495,0.500,0.229,0.0257,0.0500
12750,-18.61343,-7.44382,-11.16960,-1.52169,-8.99946,-0.64846,0.9239,-266.22,-0.2797,20.60,4.46,0.494,0.500,0.229,0.0257,0.0500
12775,-18.63060,-7.44608,-11.18453,-1.52196,-9.05217,-0.61041,0.9241,-270.73,-0.2848,20.64,4.26,0.495,0.500,0.229,0.0257,0.0500
12800,-18.61795,-7.47174,-11.14621,-1.53370,-8.96345,-0.64906,0.9312,-270.03,-0.2839,20.73,4.21,0.494,0.500,0.229,0.0257,0.0500
12825,-18.53776,-7.43570,-11.10206,-1.51042,-8.92767,-0.66398,0.9171,-358.92,-0.3774,20.65,4.29,0.494,0.500,0.229,0.0257,0.0500
12850,-18.54439,-7.45095,-11.09343,-1.52327,-8.90778,-0.66238,0.9249,-447.79,-0.4708,20.71,4.53,0.494,0.500,0.229,0.0257,0.0500
12875,-18.66088,-7.52606,-11.13482,-1.52290,-9.00446,-0.60745,0.9246,-448.70,-0.4718,20.80,4.24,0.494,0.500,0.229,0.0257,0.0500
12900,-18.68983,-7.53948,-11.15035,-1.51339,-8.98706,-0.64990,0.9189,-269.60,-0.2836,20.94,4.15,0.494,0.500,0.229,0.0257,0.0500
12925,-18.67399,-7.52394,-11.15005,-1.52393,-8.97524,-0.65089,0.9253,-449.05,-0.4723,20.85,4.26,0.494,0.500,0.229,0.0257,0.0500
12950,-18.67325,-7.52444,-11.14881,-1.52416,-9.00417,-0.62048,0.9254,-448.59,-0.4718,20.88,4.50,0.494,0.500,0.229,0.0257,0.0500
12975,-18.58387,-7.52620,-11.05767,-1.50919,-8.91755,-0.63093,0.9163,-359.76,-0.3784,20.78,4.44,0.494,0.500,0.229,0.0257,0.0500
13000,-18.71606,-7.57063,-11.14544,-1.52874,-9.01775,-0.59895,0.9282,-355.37,-0.3734,20.82,4.51,0.494,0.500,0.218,0.0244,0.0500
13025,-18.61862,-7.54055,-11.07806,-1.52446,-8.90955,-0.64406,0.9256,-268.88,-0.2829,21.03,4.21,0.494,0.500,0.218,0.0244,0.0500
13050,-18.66522,-7.51727,-11.14795,-1.52601,-8.97951,-0.64242,0.9265,-357.81,-0.3764,21.01,4.23,0.494,0.500,0.218,0.0244,0.0500
13075,-18.67123,-7.51086,-11.16037,-1.53824,-9.01447,-0.60766,0.9340,-268.01,-0.2820,20.89,4.36,0.494,0.500,0.218,0.0244,0.0500
13100,-18.53454,-7.36315,-11.17139,-1.53112,-9.02847,-0.61180,0.9296,-180.12,-0.1895,20.80,4.26,0.494,0.500,0.218,0.0244,0.0500
13125,-18.73636,-7.58320,-11.15315,-1.52630,-9.01440,-0.61245,0.9267,-269.44,-0.2835,20.87,4.24,0.494,0.500,0.218,0.0244,0.0500
13150,-18.71290,-7.59805,-11.11486,-1.52407,-8.97639,-0.61440,0.9254,-268.59,-0.2825,21.03,4.21,0.494,0.500,0.218,0.0244,0.0500
13175,-18.63814,-7.50712,-11.13103,-1.52060,-8.98604,-0.62439,0.9233,-177.90,-0.1871,20.89,4.30,0.494,0.500,0.218,0.0244,0.0500
13200,-18.61418,-7.44432,-11.16986,-1.53041,-9.01250,-0.62695,0.9292,-267.10,-0.2810,20.76,4.51,0.494,0.500,0.218,0.0244,0.0500
13225,-18.62044,-7.49166,-11.12879,-1.51917,-8.95085,-0.65876,0.9224,-178.66,-0.1879,20.85,4.26,0.494,0.500,0.218,0.0244,0.0500
13250,-18.68152,-7.50096,-11.18055,-1.53162,-9.01144,-0.63750,0.9299,-268.19,-0.2821,20.89,4.38,0.494,0.500,0.218,0.0244,0.0500
13275,-18.54964,-7.40154,-11.14810,-1.52663,-8.98225,-0.63922,0.9269,-269.75,-0.2838,20.89,4.29,0.494,0.500,0.218,0.0244,0.0500
13300,-18.66165,-7.51823,-11.14342,-1.52158,-8.96675,-0.65508,0.9238,-358.38,-0.3763,21.10,4.25,0.494,0.500,0.218,0.0244,0.0500
13325,-18.64030,-7.49059,-11.14971,-1.52496,-8.99123,-0.63353,0.9259,-357.93,-0.3765,21.08,4.16,0.494,0.500,0.218,0.0244,0.0500
13350,-18.56418,-7.42647,-11.13770,-1.53156,-8.98505,-0.62109,0.9299,-356.00,-0.3739,20.90,4.12,0.494,0.500,0.218,0.0244,0.0500
13375,-18.78329,-7.52968,-11.25360,-1.52980,-9.09409,-0.62972,0.9288,-177.47,-0.1867,20.93,4.31,0.494,0.500,0.218,0.0244,0.0500
13400,-18.47243,-7.35855,-11.11388,-1.49891,-8.92659,-0.68838,0.9101,-266.81,-0.2807,21.13,4.14,0.494,0.500,0.218,0.0244,0.0500
13425,-18.65254,-7.45608,-11.19646,-1.53119,-9.02028,-0.64499,0.9297,-266.74,-0.2808,20.81,4.52,0.495,0.500,0.218,0.0244,0.0500
13450,-18.66880,-7.48570,-11.18310,-1.52361,-9.03610,-0.62339,0.9251,-265.44,-0.2794,20.82,4.20,0.495,0.500,0.218,0.0244,0.0500
13475,-18.71350,-7.57295,-11.14055,-1.52221,-8.98898,-0.62935,0.9242,-263.10,-0.2764,20.72,4.47,0.495,0.500,0.218,0.0244,0.0500
13500,-18.69777,-7.49610,-11.20168,-1.51654,-9.01392,-0.67122,0.9208,-173.23,-0.1820,20.91,4.18,0.495,0.500,0.218,0.0244,0.0500
13525,-18.82345,-7.62376,-11.19969,-1.52098,-9.03116,-0.64755,0.9235,-174.05,-0.1829,20.75,4.15,0.495,0.500,0.218,0.0244,0.0500
13550,-18.82517,-7.64504,-11.18013,-1.51587,-9.00387,-0.66039,0.9204,-175.20,-0.1840,20.83,4.07,0.495,0.500,0.218,0.0244,0.0500
13575,-18.80848,-7.61637,-11.19211,-1.52002,-9.02927,-0.64281,0.9229,-176.39,-0.1853,20.70,4.42,0.495,0.500,0.218,0.0244,0.0500
13600,-18.71403,-7.54286,-11.17116,-1.53404,-8.98012,-0.65700,0.9314,-176.89,-0.1858,20.80,4.37,0.495,0.500,0.218,0.0244,0.0500
13625,-18.67857,-7.51026,-11.16831,-1.50922,-9.01488,-0.64421,0.9163,-86.79,-0.0914,20.87,4.31,0.495,0.500,0.218,0.0244,0.0500
13650,-18.75896,-7.59325,-11.16570,-1.51835,-8.98657,-0.66078,0.9219,-175.03,-0.1839,20.78,4.25,0.495,0.500,0.218,0.0244,0.0500
13675,-18.76827,-7.55318,-11.21510,-1.51762,-9.04856,-0.64892,0.9214,-176.36,-0.1853,20.94,4.18,0.495,0.500,0.218,0.0244,0.0500
13700,-18.68256,-7.54987,-11.13269,-1.51974,-8.94087,-0.67208,0.9227,-176.75,-0.1857,20.97,4.11,0.495,0.500,0.218,0.0244,0.0500
13725,-18.77480,-7.56021,-11.21459,-1.52396,-9.04053,-0.65010,0.9253,-153.79,-0.1592,20.91,4.17,0.495,0.500,0.218,0.0244,0.0500
13750,-18.63440,-7.43118,-11.20322,-1.53441,-9.03244,-0.63638,0.9316,-85.96,-0.0903,20.79,4.34,0.495,0.500,0.218,0.0244,0.0500
13775,-18.77769,-7.53763,-11.24006,-1.53139,-9.06000,-0.64867,0.9298,-265.93,-0.2793,20.99,4.19,0.495,0.500,0.218,0.0244,0.0500
13800,-18.68730,-7.52224,-11.16505,-1.52723,-8.99104,-0.64678,0.9273,-85.67,-0.0900,21.03,4.13,0.495,0.500,0.218,0.0244,0.0500
13825,-18.65841,-7.54987,-11.10853,-1.52688,-8.95929,-0.62236,0.9271,-64.34,-0.0666,20.95,4.19,0.495,0.500,0.218,0.0244,0.0500
13850,-18.82857,-7.62891,-11.19966,-1.51862,-9.01972,-0.66132,0.9221,5.96,0.0063,21.04,4.19,0.495,0.500,0.218,0.0244,0.0500
13875,-18.68887,-7.48430,-11.20456,-1.52175,-9.01106,-0.67175,0.9240,-175.87,-0.1847,21.09,4.09,0.495,0.500,0.218,0.0244,0.0500
13900,-18.83306,-7.66067,-11.17239,-1.52890,-8.99651,-0.64698,0.9283,-86.05,-0.0904,21.15,3.87,0.495,0.500,0.218,0.0244,0.0500
13925,-18.83248,-7.65765,-11.17483,-1.51330,-9.02391,-0.63762,0.9188,-170.63,-0.1792,20.94,4.04,0.495,0.500,0.218,0.0244,0.0500
13950,-18.77771,-7.54467,-11.23304,-1.52986,-9.08095,-0.62223,0.9289,-170.78,-0.1795,20.74,4.37,0.495,0.500,0.218,0.0244,0.0500
13975,-18.82294,-7.63739,-11.18555,-1.52107,-9.03136,-0.63313,0.9235,-169.48,-0.1781,20.95,4.27,0.495,0.500,0.218,0.0244,0.0500
14000,-18.79452,-7.62429,-11.17023,-1.50279,-8.99980,-0.66764,0.9124,-261.19,-0.2745,21.00,4.24,0.495,0.500,0.229,0.0256,0.0500
14025,-18.83692,-7.66955,-11.16737,-1.51902,-8.99032,-0.65803,0.9223,9.06,0.0095,20.90,4.45,0.495,0.500,0.229,0.0256,0.0500
14050,-18.72556,-7.56448,-11.16108,-1.53117,-8.97355,-0.65636,0.9297,-83.12,-0.0874,20.95,4.29,0.495,0.500,0.229,0.0256,0.0500
14075,-18.78726,-7.58777,-11.19948,-1.53422,-9.01895,-0.64631,0.9315,-83.77,-0.0881,20.91,4.28,0.495,0.500,0.229,0.0256,0.0500
14100,-18.85139,-7.64697,-11.20442,-1.53549,-9.05924,-0.60970,0.9323,-174.77,-0.1835,20.99,4.38,0.495,0.500,0.229,0.0256,0.0500
14125,-18.71118,-7.55681,-11.15437,-1.52648,-8.99583,-0.63206,0.9268,-172.54,-0.1814,21.06,4.10,0.495,0.500,0.229,0.0256,0.0500
14150,-18.83958,-7.68259,-11.15700,-1.52391,-8.97665,-0.65643,0.9253,-172.76,-0.1816,20.99,4.18,0.495,0.500,0.229,0.0256,0.0500
14175,-18.77548,-7.60831,-11.16717,-1.53512,-8.99618,-0.63586,0.9321,-179.63,-0.1886,21.00,4.33,0.495,0.500,0.229,0.0256,0.0500
14200,-18.74561,-7.60259,-11.14302,-1.52465,-9.01162,-0.60675,0.9257,-266.09,-0.2794,20.85,4.52,0.495,0.500,0.229,0.0256,0.0500
14225,-18.76679,-7.61626,-11.15053,-1.52418,-8.98230,-0.64405,0.9254,-176.07,-0.1852,20.89,4.55,0.495,0.500,0.229,0.0256,0.0500
14250,-18.79115,-7.59561,-11.19554,-1.54147,-9.03814,-0.61593,0.9359,-175.24,-0.1839,21.08,4.42,0.495,0.500,0.229,0.0256,0.0500
14275,-18.81577,-7.61562,-11.20015,-1.52919,-9.04808,-0.62288,0.9285,-85.98,-0.0902,20.99,4.45,0.495,0.500,0.229,0.0256,0.0500
14300,-18.76972,-7.56931,-11.20042,-1.52008,-9.00974,-0.67059,0.9229,-176.87,-0.1856,21.07,4.42,0.495,0.500,0.229,0.0256,0.0500
14325,-18.73773,-7.55757,-11.18016,-1.53317,-9.05009,-0.59690,0.9309,-174.67,-0.1834,20.93,4.65,0.495,0.500,0.229,0.0256,0.0500
14350,-18.87244,-7.60551,-11.26693,-1.53779,-9.09520,-0.63393,0.9337,-86.15,-0.0906,21.13,4.23,0.495,0.500,0.229,0.0256,0.0500
14375,-18.68129,-7.49272,-11.18857,-1.52524,-9.00560,-0.65773,0.9261,3.13,0.0033,20.91,4.45,0.495,0.500,0.229,0.0256,0.0500
14400,-18.76464,-7.61977,-11.14487,-1.52337,-8.97524,-0.64626,0.9249,-86.77,-0.0913,20.85,4.45,0.495,0.500,0.229,0.0256,0.0500
14425,-18.72873,-7.57512,-11.15360,-1.52596,-9.00039,-0.62725,0.9265,-80.94,-0.0857,21.02,4.21,0.495,0.500,0.229,0.0256,0.0500
14450,-18.76130,-7.57096,-11.19035,-1.53638,-9.02981,-0.62415,0.9328,-170.90,-0.1808,21.11,4.23,0.495,0.500,0.229,0.0256,0.0500
14475,-18.76686,-7.57106,-11.19579,-1.52149,-9.06012,-0.61419,0.9238,-264.25,-0.2779,21.09,4.31,0.495,0.500,0.229,0.0256,0.0500
14500,-18.75093,-7.54558,-11.20536,-1.54194,-9.05164,-0.61178,0.9362,-175.06,-0.1841,20.97,4.47,0.495,0.500,0.229,0.0256,0.0500
14525,-18.58600,-7.45177,-11.13424,-1.52474,-8.98174,-0.62776,0.9258,23.51,0.0244,20.91,4.31,0.495,0.500,0.229,0.0256,0.0500
14550,-18.80712,-7.54180,-11.26532,-1.53454,-9.12662,-0.60416,0.9317,-157.30,-0.1631,21.09,4.62,0.495,0.500,0.229,0.0256,0.0500
14575,-18.67762,-7.52465,-11.15297,-1.50786,-8.99119,-0.65392,0.9155,-68.39,-0.0709,21.33,4.09,0.495,0.500,0.229,0.0256,0.0500
14600,-18.69114,-7.49133,-11.19981,-1.53364,-9.03984,-0.62632,0.9312,23.15,0.0240,21.07,4.50,0.495,0.500,0.229,0.0256,0.0500
14625,-18.83555,-7.58722,-11.24833,-1.53481,-9.08202,-0.63150,0.9319,23.95,0.0248,21.04,4.46,0.495,0.500,0.229,0.0256,0.0500
14650,-18.91304,-7.67565,-11.23739,-1.53326,-9.06642,-0.63771,0.9309,114.06,0.1183,21.15,4.44,0.495,0.500,0.229,0.0256,0.0500
14675,-18.81908,-7.68412,-11.13497,-1.50766,-8.98769,-0.63962,0.9154,202.99,0.2110,20.91,4.21,0.495,0.500,0.229,0.0256,0.0500
14700,-18.97881,-7.76538,-11.21343,-1.52208,-9.05830,-0.63305,0.9242,-67.83,-0.0705,21.03,4.17,0.495,0.500,0.229,0.0256,0.0500
14725,-19.02972,-7.78436,-11.24536,-1.53014,-9.05676,-0.65846,0.9290,-84.57,-0.0895,20.88,4.33,0.494,0.500,0.229,0.0256,0.0500
14750,-18.84203,-7.65639,-11.18564,-1.51998,-9.04000,-0.62566,0.9229,-68.43,-0.0711,21.09,4.05,0.494,0.500,0.229,0.0256,0.0500
14775,-18.86430,-7.60902,-11.25528,-1.51987,-9.09544,-0.63998,0.9228,-158.62,-0.1648,21.15,4.30,0.494,0.500,0.229,0.0256,0.0500
14800,-18.85547,-7.68130,-11.17418,-1.52004,-9.00495,-0.64919,0.9229,-158.41,-0.1646,20.99,4.33,0.494,0.500,0.229,0.0256,0.0500
14825,-18.75685,-7.58156,-11.17529,-1.51511,-8.99783,-0.66235,0.9199,-159.60,-0.1655,21.00,4.35,0.494,0.500,0.229,0.0256,0.0500
14850,-18.91343,-7.72814,-11.18529,-1.52895,-9.01845,-0.63788,0.9283,-69.62,-0.0722,21.17,4.01,0.494,0.500,0.229,0.0256,0.0500
14875,-18.89650,-7.71837,-11.17813,-1.52029,-9.01627,-0.64157,0.9231,-157.43,-0.1633,21.24,4.00,0.494,0.499,0.229,0.0256,0.0500
14900,-18.90831,-7.68385,-11.22446,-1.52504,-9.03122,-0.66820,0.9259,-338.72,-0.3512,21.01,4.29,0.494,0.499,0.229,0.0256,0.0500
14925,-18.96491,-7.69758,-11.26733,-1.53747,-9.12178,-0.60807,0.9335,-338.16,-0.3507,21.11,4.29,0.494,0.499,0.229,0.0256,0.0500
14950,-18.89728,-7.69288,-11.20440,-1.51545,-9.02849,-0.66046,0.9201,-429.26,-0.4450,21.10,4.51,0.494,0.499,0.229,0.0256,0.0500
14975,-18.77648,-7.65086,-11.12562,-1.52216,-8.97970,-0.62376,0.9242,-429.66,-0.4454,20.94,4.57,0.494,0.499,0.229,0.0256,0.0500
15000,-18.74677,-7.60070,-11.14607,-1.51698,-8.97557,-0.65352,0.9211,-159.88,-0.1658,21.07,4.25,0.494,0.499,0.217,0.0244,0.0500
15025,-18.71644,-7.56038,-11.15607,-1.53040,-9.00535,-0.62032,0.9292,-158.95,-0.1652,20.87,4.34,0.494,0.499,0.217,0.0244,0.0500
15050,-18.80261,-7.63826,-11.16434,-1.53030,-8.96442,-0.66962,0.9291,-340.41,-0.3529,21.16,4.26,0.494,0.499,0.217,0.0244,0.0500
15075,-18.90280,-7.67982,-11.22297,-1.53129,-9.05270,-0.63899,0.9297,-521.49,-0.5408,21.23,4.40,0.494,0.499,0.217,0.0244,0.0500
15100,-18.73419,-7.59607,-11.13812,-1.51207,-8.97222,-0.65383,0.9181,-427.76,-0.4446,20.91,4.23,0.494,0.499,0.217,0.0244,0.0500
15125,-18.76578,-7.67059,-11.09519,-1.51803,-8.93980,-0.63736,0.9217,-431.98,-0.4481,21.20,4.47,0.494,0.499,0.217,0.0244,0.0500
15150,-18.86499,-7.66970,-11.19528,-1.52349,-9.05968,-0.61211,0.9250,-521.92,-0.5413,21.07,4.53,0.494,0.499,0.217,0.0244,0.0500
15175,-18.79552,-7.62630,-11.16923,-1.52740,-8.97531,-0.66652,0.9274,-520.04,-0.5393,20.77,4.79,0.494,0.499,0.217,0.0244,0.0500
15200,-18.78526,-7.60997,-11.17529,-1.52525,-8.99304,-0.65700,0.9261,-341.07,-0.3537,21.24,4.47,0.494,0.500,0.217,0.0244,0.0500
15225,-18.66075,-7.58917,-11.07158,-1.51299,-8.88247,-0.67612,0.9186,-339.01,-0.3523,21.16,4.44,0.494,0.500,0.217,0.0244,0.0500
15250,-18.83674,-7.63646,-11.20028,-1.53264,-9.02312,-0.64453,0.9306,-427.71,-0.4436,21.38,4.39,0.494,0.500,0.217,0.0244,0.0500
15275,-18.77047,-7.57029,-11.20019,-1.53742,-9.06197,-0.60080,0.9335,-336.36,-0.3488,21.12,4.64,0.494,0.500,0.217,0.0244,0.0500
15300,-18.71442,-7.49884,-11.21559,-1.53865,-9.05687,-0.62006,0.9342,-342.88,-0.3555,21.33,4.42,0.494,0.500,0.217,0.0244,0.0500
15325,-18.68370,-7.54342,-11.14028,-1.51273,-9.00073,-0.62682,0.9185,-434.08,-0.4501,21.21,4.44,0.494,0.500,0.217,0.0244,0.0500
15350,-18.70699,-7.60208,-11.10491,-1.51860,-8.96972,-0.61659,0.9220,-343.83,-0.3566,21.36,4.43,0.494,0.500,0.217,0.0244,0.0500
15375,-18.77696,-7.64322,-11.13373,-1.52155,-8.98565,-0.62653,0.9238,-162.85,-0.1688,21.49,4.32,0.494,0.500,0.217,0.0244,0.0500
15400,-18.65826,-7.57422,-11.08404,-1.52070,-8.92832,-0.63502,0.9233,-163.90,-0.1700,21.22,4.24,0.495,0.500,0.217,0.0244,0.0500
15425,-18.56561,-7.51291,-11.05270,-1.51298,-8.89503,-0.64468,0.9186,-159.74,-0.1660,20.92,4.65,0.495,0.500,0.217,0.0244,0.0500
15450,-18.72005,-7.59577,-11.12427,-1.52774,-8.97484,-0.62170,0.9276,-159.61,-0.1659,20.97,4.65,0.495,0.500,0.217,0.0244,0.0500
15475,-18.55627,-7.52581,-11.03046,-1.50540,-8.87714,-0.64792,0.9140,-249.48,-0.2593,20.71,4.81,0.495,0.500,0.217,0.0244,0.0500
15500,-18.67276,-7.53487,-11.13789,-1.51128,-8.96980,-0.65681,0.9176,-69.54,-0.0723,21.02,4.47,0.495,0.500,0.217,0.0244,0.0500
15525,-18.59340,-7.53520,-11.05820,-1.51763,-8.92154,-0.61904,0.9214,-340.89,-0.3543,21.09,4.40,0.495,0.500,0.217,0.0244,0.0500
15550,-18.68336,-7.54440,-11.13895,-1.53813,-8.95680,-0.64402,0.9339,-161.62,-0.1679,21.23,4.23,0.495,0.500,0.217,0.0244,0.0500
15575,-18.54786,-7.52717,-11.02069,-1.51415,-8.84247,-0.66407,0.9193,-70.27,-0.0729,21.31,4.16,0.495,0.500,0.217,0.0244,0.0500
15600,-18.75534,-7.64435,-11.11099,-1.52999,-8.94532,-0.63568,0.9290,-162.07,-0.1684,21.31,4.36,0.495,0.500,0.217,0.0244,0.0500
15625,-18.77696,-7.73367,-11.04328,-1.53457,-8.89080,-0.61791,0.9317,-160.25,-0.1663,21.46,4.20,0.495,0.500,0.217,0.0244,0.0500
15650,-18.77374,-7.65641,-11.11733,-1.53589,-8.97034,-0.61110,0.9325,-251.54,-0.2615,21.25,4.44,0.495,0.500,0.217,0.0244,0.0500
15675,-18.84103,-7.70589,-11.13514,-1.53247,-8.96581,-0.63686,0.9305,-251.75,-0.2617,21.03,4.56,0.495,0.500,0.217,0.0244,0.0500
15700,-18.91820,-7.70313,-11.21507,-1.52820,-9.02671,-0.66016,0.9279,-253.25,-0.2628,21.11,4.34,0.495,0.500,0.217,0.0244,0.0500
15725,-18.92036,-7.83647,-11.08390,-1.51244,-8.93974,-0.63171,0.9183,-162.44,-0.1685,21.45,4.16,0.495,0.500,0.217,0.0244,0.0500
15750,-18.90490,-7.79159,-11.11331,-1.52679,-8.94620,-0.64033,0.9270,-157.90,-0.1641,21.16,4.46,0.495,0.500,0.217,0.0244,0.0500
15775,-19.00914,-7.81670,-11.19243,-1.52665,-9.04440,-0.62138,0.9269,-248.87,-0.2586,21.30,4.16,0.494,0.500,0.217,0.0244,0.0500
15800,-18.79172,-7.71382,-11.07790,-1.52172,-8.90564,-0.65054,0.9239,-252.10,-0.2615,21.30,4.07,0.494,0.500,0.217,0.0244,0.0500
15825,-18.85385,-7.71017,-11.14368,-1.52457,-8.98454,-0.63457,0.9257,-161.26,-0.1672,20.92,4.39,0.494,0.500,0.217,0.0244,0.0500
15850,-18.90715,-7.78778,-11.11937,-1.51921,-8.95646,-0.64370,0.9224,-251.67,-0.2610,20.93,4.58,0.494,0.500,0.217,0.0244,0.0500
15875,-18.87483,-7.76926,-11.10557,-1.52681,-8.93173,-0.64703,0.9270,-158.93,-0.1651,21.00,4.36,0.494,0.500,0.217,0.0244,0.0500
15900,-18.86899,-7.72202,-11.14697,-1.53065,-8.97462,-0.64170,0.9294,-158.04,-0.1641,21.07,4.32,0.494,0.500,0.217,0.0244,0.0500
15925,-18.91472,-7.75982,-11.15489,-1.53128,-8.97822,-0.64539,0.9297,-159.85,-0.1660,20.94,4.48,0.494,0.500,0.217,0.0244,0.0500
15950,-19.00886,-7.84003,-11.16883,-1.51982,-8.99491,-0.65410,0.9228,-159.91,-0.1661,20.97,4.40,0.494,0.500,0.217,0.0244,0.0500
15975,-18.85690,-7.74858,-11.10832,-1.49689,-8.94211,-0.66933,0.9089,-68.93,-0.0716,21.10,4.27,0.494,0.500,0.217,0.0244,0.0500
16000,-18.88213,-7.71551,-11.16662,-1.52538,-9.00942,-0.63183,0.9262,-248.82,-0.2585,20.86,4.55,0.494,0.500,0.206,0.0231,0.0500
16025,-18.89680,-7.69085,-11.20596,-1.53043,-9.05515,-0.62038,0.9292,-248.23,-0.2579,20.99,4.71,0.494,0.500,0.206,0.0231,0.0500
16050,-18.85793,-7.72380,-11.13413,-1.51668,-8.98466,-0.63280,0.9209,-151.66,-0.1576,20.90,4.68,0.494,0.500,0.206,0.0231,0.0500
16075,-18.79812,-7.67865,-11.11947,-1.52072,-8.94468,-0.65407,0.9233,-152.64,-0.1586,21.02,4.48,0.494,0.500,0.206,0.0231,0.0500
16100,-18.76590,-7.65584,-11.11006,-1.52389,-8.95244,-0.63373,0.9253,-248.34,-0.2580,20.93,4.78,0.494,0.500,0.206,0.0231,0.0500
16125,-18.82262,-7.70747,-11.11515,-1.51668,-8.95034,-0.64813,0.9209,-158.51,-0.1647,20.93,4.61,0.494,0.500,0.206,0.0231,0.0500
16150,-18.93295,-7.70016,-11.23279,-1.53015,-9.05243,-0.65020,0.9291,-247.07,-0.2562,20.81,4.58,0.494,0.500,0.206,0.0231,0.0500
16175,-18.90886,-7.77468,-11.13418,-1.52168,-8.94467,-0.66783,0.9239,-153.93,-0.1599,20.86,4.41,0.494,0.500,0.206,0.0231,0.0500
16200,-18.95963,-7.86849,-11.09114,-1.51523,-8.93268,-0.64322,0.9200,-248.92,-0.2581,20.76,4.40,0.494,0.500,0.206,0.0231,0.0500
16225,-19.00248,-7.83658,-11.16590,-1.52398,-9.02510,-0.61682,0.9253,-250.25,-0.2595,20.75,4.40,0.495,0.500,0.206,0.0231,0.0500
16250,-18.89270,-7.80425,-11.08845,-1.52184,-8.92608,-0.64054,0.9240,21.65,0.0225,20.97,4.23,0.495,0.500,0.206,0.0231,0.0500
16275,-19.10266,-7.89731,-11.20535,-1.52638,-9.03230,-0.64667,0.9268,-157.35,-0.1634,20.95,4.28,0.495,0.500,0.206,0.0231,0.0500
16300,-18.86170,-7.77522,-11.08648,-1.51876,-8.93577,-0.63195,0.9221,-156.47,-0.1625,20.67,4.35,0.494,0.500,0.206,0.0231,0.0500
16325,-18.90721,-7.76614,-11.14106,-1.53190,-8.95757,-0.65159,0.9301,-248.53,-0.2576,21.01,4.10,0.494,0.500,0.206,0.0231,0.0500
16350,-19.04598,-7.81504,-11.23094,-1.53684,-9.05455,-0.63955,0.9331,-252.17,-0.2614,20.73,4.29,0.495,0.500,0.206,0.0231,0.0500
16375,-18.95854,-7.81892,-11.13962,-1.51969,-8.94059,-0.67934,0.9227,-432.12,-0.4487,20.85,4.53,0.495,0.500,0.206,0.0231,0.0500
16400,-18.85999,-7.69413,-11.16586,-1.53950,-9.00567,-0.62068,0.9347,-443.13,-0.4654,21.00,4.33,0.495,0.500,0.206,0.0231,0.0500
16425,-18.89882,-7.79776,-11.10106,-1.52047,-8.92098,-0.65961,0.9232,-161.78,-0.1680,20.88,4.33,0.495,0.500,0.206,0.0231,0.0500
16450,-19.02687,-7.89081,-11.13606,-1.53268,-8.99618,-0.60720,0.9306,-162.12,-0.1684,20.70,4.59,0.495,0.500,0.206,0.0231,0.0500
16475,-18.97707,-7.84629,-11.13078,-1.53433,-8.97789,-0.61856,0.9316,7.32,0.0077,20.66,4.54,0.495,0.500,0.206,0.0231,0.0500
16500,-18.81277,-7.70217,-11.11060,-1.52135,-8.94361,-0.64563,0.9237,5.90,0.0062,21.14,4.37,0.495,0.500,0.206,0.0231,0.0500
16525,-18.82880,-7.68269,-11.14611,-1.53220,-8.95003,-0.66388,0.9303,6.28,0.0066,21.04,4.43,0.495,0.500,0.206,0.0231,0.0500
16550,-18.91547,-7.80283,-11.11263,-1.52810,-8.93011,-0.65442,0.9278,6.24,0.0066,20.81,4.55,0.495,0.500,0.206,0.0231,0.0500
16575,-18.86864,-7.75970,-11.10894,-1.52775,-8.90531,-0.67588,0.9276,97.97,0.1028,20.85,4.30,0.495,0.500,0.206,0.0231,0.0500
16600,-18.90537,-7.76856,-11.13681,-1.52423,-8.95867,-0.65390,0.9255,7.83,0.0082,20.90,4.37,0.495,0.500,0.206,0.0231,0.0500
16625,-19.00189,-7.83009,-11.17180,-1.52381,-9.00848,-0.63950,0.9252,-171.14,-0.1795,20.95,4.47,0.495,0.500,0.206,0.0231,0.0500
16650,-19.08394,-7.84409,-11.23985,-1.52538,-9.07743,-0.63704,0.9262,-171.62,-0.1801,20.82,4.50,0.495,0.500,0.206,0.0231,0.0500
16675,-18.97173,-7.84625,-11.12548,-1.52650,-8.94546,-0.65352,0.9268,8.55,0.0090,20.79,4.45,0.495,0.500,0.206,0.0231,0.0500
16700,-19.12757,-7.91933,-11.20824,-1.53370,-9.02278,-0.65176,0.9312,29.23,0.0301,20.87,4.46,0.495,0.500,0.206,0.0231,0.0500
16725,-19.04314,-7.84581,-11.19734,-1.52933,-9.00881,-0.65920,0.9286,-81.83,-0.0859,20.90,4.46,0.495,0.500,0.206,0.0231,0.0500
16750,-19.10593,-7.94922,-11.15671,-1.52758,-8.99378,-0.63536,0.9275,6.10,0.0064,20.92,4.39,0.495,0.500,0.206,0.0231,0.0500
16775,-18.92758,-7.79591,-11.13168,-1.51910,-8.96944,-0.64314,0.9223,4.87,0.0051,21.02,4.33,0.495,0.499,0.206,0.0231,0.0500
16800,-18.93743,-7.80381,-11.13362,-1.51143,-8.94731,-0.67488,0.9177,6.77,0.0071,20.92,4.62,0.495,0.499,0.206,0.0231,0.0500
16825,-19.10118,-7.86881,-11.23238,-1.53931,-9.05533,-0.63775,0.9346,-173.60,-0.1822,20.93,4.44,0.495,0.499,0.206,0.0231,0.0500
16850,-18.94685,-7.77795,-11.16889,-1.51888,-8.96376,-0.68625,0.9222,-171.46,-0.1800,20.98,4.45,0.495,0.499,0.206,0.0231,0.0500
16875,-18.92248,-7.78960,-11.13288,-1.52793,-8.97977,-0.62518,0.9277,8.83,0.0093,20.76,4.38,0.495,0.499,0.206,0.0231,0.0500
16900,-18.99077,-7.83874,-11.15203,-1.52383,-8.96714,-0.66106,0.9252,-81.62,-0.0857,21.08,4.35,0.495,0.499,0.206,0.0231,0.0500
16925,-18.94948,-7.77218,-11.17730,-1.52853,-9.02070,-0.62807,0.9281,-263.52,-0.2766,21.11,4.41,0.495,0.499,0.206,0.0231,0.0500
16950,-18.80679,-7.68892,-11.11787,-1.52370,-8.95705,-0.63712,0.9251,-171.34,-0.1799,21.18,4.42,0.495,0.499,0.206,0.0231,0.0500
16975,-18.92817,-7.75935,-11.16882,-1.53132,-8.97138,-0.66612,0.9298,-81.74,-0.0858,21.07,4.73,0.495,0.499,0.206,0.0231,0.0500
17000,-18.94277,-7.80036,-11.14241,-1.52859,-8.99349,-0.62032,0.9281,99.44,0.1044,20.83,4.41,0.495,0.499,0.217,0.0243,0.0500
17025,-18.81491,-7.69703,-11.11788,-1.51532,-8.96332,-0.63924,0.9200,-170.69,-0.1792,20.91,4.56,0.495,0.499,0.217,0.0243,0.0500
17050,-18.92358,-7.79937,-11.12420,-1.52728,-8.90994,-0.68699,0.9273,-79.90,-0.0839,20.74,4.75,0.495,0.499,0.217,0.0243,0.0500
17075,-19.07140,-7.87154,-11.19986,-1.53190,-9.02215,-0.64580,0.9301,-171.46,-0.1800,20.81,4.87,0.495,0.499,0.217,0.0243,0.0500
17100,-18.79296,-7.65539,-11.13758,-1.52626,-8.94020,-0.67111,0.9267,-81.91,-0.0860,20.82,4.72,0.495,0.499,0.217,0.0243,0.0500
17125,-18.87771,-7.69406,-11.18364,-1.52856,-8.98435,-0.67074,0.9281,-169.99,-0.1785,21.05,4.62,0.495,0.499,0.217,0.0243,0.0500
17150,-18.79465,-7.66003,-11.13462,-1.52471,-8.94343,-0.66648,0.9258,10.78,0.0113,20.67,4.78,0.495,0.499,0.217,0.0243,0.0500
17175,-18.83442,-7.70902,-11.12540,-1.52485,-8.96878,-0.63177,0.9258,-80.03,-0.0840,20.69,4.64,0.495,0.499,0.217,0.0243,0.0500
17200,-18.87275,-7.74547,-11.12728,-1.53179,-8.98382,-0.61167,0.9300,-207.17,-0.2150,20.76,4.66,0.495,0.499,0.217,0.0243,0.0500
17225,-19.00506,-7.83728,-11.16778,-1.54110,-8.98443,-0.64225,0.9357,-298.08,-0.3094,20.69,4.79,0.495,0.499,0.217,0.0243,0.0500
17250,-18.86623,-7.74843,-11.11781,-1.53597,-8.96531,-0.61652,0.9326,-167.71,-0.1761,20.66,4.91,0.495,0.500,0.217,0.0243,0.0500
17275,-18.83873,-7.74941,-11.08932,-1.52579,-8.91929,-0.64424,0.9264,-167.54,-0.1759,20.82,4.56,0.495,0.500,0.217,0.0243,0.0500
17300,-18.95437,-7.80780,-11.14657,-1.51290,-8.95565,-0.67801,0.9186,-258.48,-0.2714,20.74,4.77,0.495,0.500,0.217,0.0243,0.0500
17325,-18.99927,-7.82189,-11.17738,-1.52821,-8.99904,-0.65013,0.9279,-257.71,-0.2706,20.84,4.70,0.495,0.500,0.217,0.0243,0.0500
17350,-18.86489,-7.70774,-11.15715,-1.52539,-8.97487,-0.65689,0.9262,-167.97,-0.1764,20.75,4.57,0.495,0.500,0.217,0.0243,0.0500
17375,-18.97103,-7.81620,-11.15483,-1.51682,-8.95251,-0.68551,0.9210,-76.87,-0.0808,21.03,4.17,0.495,0.500,0.217,0.0243,0.0500
17400,-19.04656,-7.88997,-11.15659,-1.52884,-8.99135,-0.63640,0.9283,-167.05,-0.1755,21.00,4.36,0.495,0.500,0.217,0.0243,0.0500
17425,-19.05715,-7.88838,-11.16877,-1.53365,-8.99697,-0.63814,0.9312,-258.18,-0.2713,21.14,4.21,0.495,0.500,0.217,0.0243,0.0500
17450,-18.94105,-7.78612,-11.15493,-1.53166,-8.96654,-0.65672,0.9300,-259.70,-0.2729,21.01,4.27,0.495,0.500,0.217,0.0243,0.0500
17475,-18.92569,-7.79643,-11.12926,-1.52097,-8.95546,-0.65283,0.9235,-76.04,-0.0799,20.78,4.58,0.495,0.500,0.217,0.0243,0.0500
17500,-18.96098,-7.83355,-11.12743,-1.52060,-8.95585,-0.65098,0.9233,15.93,0.0167,20.81,4.60,0.495,0.500,0.217,0.0243,0.0500
17525,-18.90308,-7.76543,-11.13765,-1.51733,-8.95060,-0.66972,0.9213,14.06,0.0148,20.66,4.67,0.495,0.500,0.217,0.0243,0.0500
17550,-19.01018,-7.84989,-11.16029,-1.52200,-9.01154,-0.62675,0.9241,15.84,0.0166,20.86,4.69,0.495,0.500,0.217,0.0243,0.0500
17575,-18.95949,-7.83987,-11.11963,-1.53090,-8.96530,-0.62343,0.9295,16.93,0.0178,20.79,4.73,0.495,0.500,0.217,0.0243,0.0500
17600,-18.92249,-7.82359,-11.09890,-1.51602,-8.95033,-0.63255,0.9205,-72.24,-0.0759,20.86,4.65,0.495,0.500,0.217,0.0243,0.0500
17625,-18.96278,-7.82350,-11.13928,-1.52772,-8.97596,-0.63560,0.9276,-73.65,-0.0774,20.76,4.69,0.495,0.500,0.217,0.0243,0.0500
17650,-19.03686,-7.86955,-11.16731,-1.51917,-9.00689,-0.64124,0.9224,-72.53,-0.0762,20.78,4.58,0.495,0.500,0.217,0.0243,0.0500
17675,-19.04240,-7.82894,-11.21346,-1.53203,-9.02611,-0.65533,0.9302,-73.18,-0.0769,20.79,4.76,0.494,0.500,0.217,0.0243,0.0500
17700,-19.04089,-7.89154,-11.14936,-1.52163,-8.99428,-0.63344,0.9239,-163.75,-0.1721,20.90,4.68,0.494,0.500,0.217,0.0243,0.0500
17725,-18.98050,-7.80420,-11.17629,-1.51911,-9.01197,-0.64522,0.9223,-163.76,-0.1721,20.76,4.94,0.494,0.500,0.217,0.0243,0.0500
17750,-19.12577,-7.92430,-11.20147,-1.52017,-9.03365,-0.64765,0.9230,-253.17,-0.2660,20.89,4.65,0.494,0.500,0.217,0.0243,0.0500
17775,-19.12752,-7.91009,-11.21743,-1.52920,-9.02867,-0.65956,0.9285,-252.15,-0.2649,20.91,4.77,0.494,0.500,0.217,0.0243,0.0500
17800,-19.06035,-7.91379,-11.14656,-1.53396,-8.99761,-0.61499,0.9314,-161.93,-0.1701,20.86,4.78,0.494,0.500,0.217,0.0243,0.0500
17825,-18.96822,-7.84534,-11.12288,-1.51365,-8.97158,-0.63765,0.9190,-251.49,-0.2642,20.76,4.76,0.494,0.500,0.217,0.0243,0.0500
17850,-19.12937,-7.88546,-11.24391,-1.53333,-9.07699,-0.63359,0.9310,-159.29,-0.1674,20.93,4.67,0.494,0.500,0.217,0.0243,0.0500
17875,-19.09690,-7.95164,-11.14526,-1.52005,-8.94994,-0.67527,0.9229,-160.19,-0.1683,20.71,4.88,0.494,0.500,0.217,0.0243,0.0500
17900,-19.07581,-7.91242,-11.16339,-1.51945,-9.00651,-0.63743,0.9226,-72.29,-0.0759,20.77,4.86,0.494,0.500,0.217,0.0243,0.0500
17925,-19.16266,-7.95390,-11.20876,-1.52141,-9.03899,-0.64835,0.9237,-72.31,-0.0760,20.69,4.94,0.494,0.500,0.217,0.0243,0.0500
17950,-19.21865,-8.00493,-11.21371,-1.52328,-9.02557,-0.66486,0.9249,-108.93,-0.1130,20.70,5.02,0.494,0.500,0.217,0.0243,0.0500
17975,-19.30851,-8.09399,-11.21452,-1.52329,-9.03797,-0.65326,0.9249,-19.50,-0.0202,20.65,5.11,0.494,0.500,0.217,0.0243,0.0500
18000,-19.14343,-7.94521,-11.19822,-1.51507,-9.02400,-0.65914,0.9199,-109.56,-0.1137,20.70,4.89,0.494,0.500,0.206,0.0231,0.0500
18025,-19.05587,-7.86676,-11.18910,-1.51248,-9.02911,-0.64750,0.9183,-109.49,-0.1136,20.87,4.93,0.494,0.500,0.206,0.0231,0.0500
18050,-19.06067,-7.86193,-11.19874,-1.53002,-9.03685,-0.63187,0.9290,-110.34,-0.1144,20.84,4.80,0.494,0.500,0.206,0.0231,0.0500
18075,-19.13310,-7.92142,-11.21167,-1.52703,-9.04823,-0.63642,0.9272,-19.79,-0.0205,20.95,4.66,0.494,0.500,0.206,0.0231,0.0500
18100,-19.07500,-7.90581,-11.16920,-1.52955,-8.96637,-0.67328,0.9287,68.81,0.0714,20.78,4.83,0.494,0.500,0.206,0.0231,0.0500
18125,-19.09680,-7.96186,-11.13494,-1.52190,-8.96450,-0.64854,0.9240,-21.06,-0.0218,21.05,4.51,0.494,0.500,0.206,0.0231,0.0500
18150,-19.14912,-7.93434,-11.21478,-1.53684,-9.06899,-0.60894,0.9331,70.33,0.0730,20.76,4.69,0.494,0.500,0.206,0.0231,0.0500
18175,-19.05481,-7.94258,-11.11223,-1.51096,-8.97701,-0.62427,0.9174,70.67,0.0733,20.92,4.73,0.494,0.500,0.206,0.0231,0.0500
18200,-19.07678,-7.91779,-11.15900,-1.51975,-9.00317,-0.63607,0.9227,-201.13,-0.2086,20.91,4.82,0.494,0.500,0.206,0.0231,0.0500
18225,-19.07184,-7.88430,-11.18754,-1.52313,-9.02981,-0.63459,0.9248,-111.53,-0.1157,20.97,4.66,0.494,0.500,0.206,0.0231,0.0500
18250,-19.01211,-7.90027,-11.11185,-1.52469,-8.93206,-0.65510,0.9257,-111.33,-0.1155,20.87,4.71,0.494,0.500,0.206,0.0231,0.0500
18275,-19.06797,-7.87247,-11.19550,-1.51708,-9.04271,-0.63572,0.9211,-21.91,-0.0227,20.85,4.73,0.494,0.500,0.206,0.0231,0.0500
18300,-19.14798,-7.90688,-11.24110,-1.51894,-9.04600,-0.67615,0.9222,-111.46,-0.1156,20.79,4.99,0.494,0.500,0.206,0.0231,0.0500
18325,-18.98710,-7.86659,-11.12051,-1.51020,-8.96249,-0.64781,0.9169,-22.44,-0.0233,20.82,4.99,0.494,0.500,0.206,0.0231,0.0500
18350,-19.07343,-7.89464,-11.17879,-1.52560,-9.01977,-0.63342,0.9263,-113.01,-0.1172,20.75,4.96,0.494,0.500,0.206,0.0231,0.0500
18375,-19.04084,-7.90979,-11.13105,-1.51383,-8.92210,-0.69512,0.9191,-114.26,-0.1185,20.99,4.59,0.494,0.500,0.206,0.0231,0.0500
18400,-19.04136,-7.89580,-11.14556,-1.52079,-8.93241,-0.69236,0.9234,-204.13,-0.2117,20.96,4.69,0.494,0.500,0.206,0.0231,0.0500
18425,-19.09789,-7.91776,-11.18013,-1.52836,-8.99781,-0.65396,0.9280,-114.95,-0.1193,20.74,4.75,0.494,0.500,0.206,0.0231,0.0500
18450,-19.18684,-8.01678,-11.17006,-1.53978,-9.00924,-0.62104,0.9349,-204.44,-0.2122,20.69,4.87,0.494,0.500,0.206,0.0231,0.0500
18475,-19.14106,-8.02056,-11.12051,-1.51463,-8.97450,-0.63137,0.9196,-204.38,-0.2121,20.73,4.76,0.494,0.500,0.206,0.0231,0.0500
18500,-19.19167,-8.05560,-11.13607,-1.52368,-8.99702,-0.61538,0.9251,-23.36,-0.0242,20.68,4.79,0.494,0.500,0.206,0.0231,0.0500
18525,-19.29391,-8.06919,-11.22472,-1.52519,-9.03857,-0.66096,0.9260,-114.37,-0.1187,20.80,4.36,0.494,0.500,0.206,0.0231,0.0500
18550,-19.17356,-7.98783,-11.18572,-1.52003,-9.00554,-0.66015,0.9229,-24.80,-0.0257,20.83,4.57,0.494,0.500,0.206,0.0231,0.0500
18575,-19.07401,-7.92787,-11.14614,-1.51574,-8.97595,-0.65445,0.9203,154.30,0.1602,20.71,4.87,0.494,0.500,0.206,0.0231,0.0500
18600,-19.08586,-7.94078,-11.14508,-1.51582,-8.98327,-0.64600,0.9204,-179.01,-0.1854,20.76,4.71,0.494,0.500,0.206,0.0231,0.0500
18625,-19.07400,-7.90145,-11.17255,-1.52161,-8.99173,-0.65921,0.9239,1.60,0.0017,20.63,4.70,0.494,0.500,0.206,0.0231,0.0500
18650,-19.12241,-7.89847,-11.22394,-1.53016,-9.05331,-0.64047,0.9291,-34.44,-0.0360,20.56,4.56,0.494,0.500,0.206,0.0231,0.0500
18675,-19.21651,-8.01328,-11.20323,-1.54292,-9.05717,-0.60314,0.9368,-112.62,-0.1169,20.71,4.72,0.494,0.500,0.206,0.0231,0.0500
18700,-19.18474,-8.00968,-11.17506,-1.51384,-9.01160,-0.64962,0.9191,-24.10,-0.0250,20.87,4.44,0.494,0.499,0.206,0.0231,0.0500
18725,-19.12855,-7.95872,-11.16983,-1.52281,-8.97262,-0.67440,0.9246,-113.70,-0.1181,20.81,4.52,0.494,0.499,0.206,0.0231,0.0500
18750,-19.06749,-7.92551,-11.14199,-1.50814,-8.96471,-0.66914,0.9157,-111.86,-0.1162,20.69,4.52,0.494,0.499,0.206,0.0231,0.0500
18775,-19.12787,-7.94534,-11.18253,-1.52733,-8.97806,-0.67715,0.9273,-22.17,-0.0230,20.82,4.67,0.494,0.499,0.206,0.0231,0.0500
18800,-19.13162,-7.98926,-11.14236,-1.53062,-8.97923,-0.63251,0.9293,-111.76,-0.1161,20.82,4.72,0.494,0.499,0.206,0.0231,0.0500
18825,-19.12552,-8.04242,-11.08310,-1.52018,-8.91571,-0.64721,0.9230,-112.41,-0.1167,20.95,4.68,0.494,0.499,0.206,0.0231,0.0500
18850,-19.26501,-8.10866,-11.15636,-1.52048,-8.95342,-0.68246,0.9232,-21.24,-0.0221,20.76,4.84,0.494,0.499,0.206,0.0231,0.0500
18875,-19.23093,-8.09247,-11.13846,-1.52845,-8.98078,-0.62923,0.9280,-20.89,-0.0217,20.43,4.89,0.494,0.499,0.206,0.0231,0.0500
18900,-19.23746,-8.10700,-11.13045,-1.53357,-8.99757,-0.59932,0.9311,69.07,0.0717,20.90,4.70,0.494,0.499,0.206,0.0231,0.0500
18925,-19.04752,-7.95912,-11.08839,-1.51789,-8.93946,-0.63104,0.9216,-20.93,-0.0217,20.94,4.78,0.494,0.499,0.206,0.0231,0.0500
18950,-19.11704,-7.95626,-11.16078,-1.51825,-8.98896,-0.65357,0.9218,69.15,0.0718,20.53,4.77,0.494,0.499,0.206,0.0231,0.0500
18975,-19.09083,-7.90422,-11.18661,-1.52284,-9.00432,-0.65946,0.9246,-111.05,-0.1153,20.73,4.67,0.494,0.499,0.206,0.0231,0.0500
19000,-19.16705,-7.98793,-11.17912,-1.51846,-9.02107,-0.63959,0.9220,-21.31,-0.0221,20.56,4.76,0.493,0.499,0.195,0.0219,0.0500
19025,-19.25573,-8.07496,-11.18077,-1.52783,-9.00244,-0.65050,0.9276,70.36,0.0730,20.72,4.67,0.494,0.499,0.195,0.0219,0.0500
19050,-19.19324,-8.05498,-11.13826,-1.51588,-8.96893,-0.65345,0.9204,159.37,0.1654,20.36,4.98,0.494,0.499,0.195,0.0219,0.0500
19075,-19.22410,-8.01550,-11.20860,-1.52908,-9.02771,-0.65181,0.9284,248.04,0.2574,20.30,5.12,0.494,0.499,0.195,0.0219,0.0500
19100,-19.16836,-8.04941,-11.11895,-1.52824,-8.94941,-0.64129,0.9279,158.54,0.1645,20.47,4.94,0.493,0.499,0.195,0.0219,0.0500
19125,-19.26660,-8.03708,-11.22952,-1.52838,-9.07238,-0.62876,0.9280,159.17,0.1652,20.44,4.91,0.493,0.499,0.195,0.0219,0.0500
19150,-19.18466,-8.05895,-11.12571,-1.52327,-8.95506,-0.64738,0.9249,-21.64,-0.0225,20.79,4.64,0.494,0.499,0.195,0.0219,0.0500
19175,-19.33164,-8.10267,-11.22898,-1.52137,-9.03734,-0.67027,0.9237,68.76,0.0714,20.45,4.98,0.494,0.499,0.195,0.0219,0.0500
19200,-19.26688,-8.12269,-11.14419,-1.53758,-8.97737,-0.62924,0.9336,-110.71,-0.1149,20.50,5.01,0.494,0.499,0.195,0.0219,0.0500
19225,-19.26789,-8.08997,-11.17792,-1.51708,-9.02575,-0.63509,0.9211,-200.52,-0.2081,20.57,4.93,0.494,0.500,0.195,0.0219,0.0500
19250,-19.20140,-8.05673,-11.14467,-1.52368,-9.00028,-0.62070,0.9251,-202.73,-0.2104,20.53,4.93,0.494,0.500,0.195,0.0219,0.0500
19275,-19.30097,-8.08159,-11.21938,-1.51942,-9.04948,-0.65049,0.9225,-293.78,-0.3049,20.53,5.04,0.494,0.500,0.195,0.0219,0.0500
19300,-19.29383,-8.12788,-11.16595,-1.53176,-8.97650,-0.65769,0.9300,-204.05,-0.2118,20.45,4.89,0.493,0.500,0.195,0.0219,0.0500
19325,-19.19365,-8.05535,-11.13831,-1.51551,-8.98171,-0.64109,0.9202,-68.09,-0.0708,20.32,5.03,0.493,0.500,0.195,0.0219,0.0500
19350,-19.20663,-8.04009,-11.16653,-1.52357,-8.98586,-0.65710,0.9251,26.90,0.0280,20.45,4.96,0.493,0.500,0.195,0.0219,0.0500
19375,-19.09331,-7.97319,-11.12013,-1.52279,-8.96170,-0.63564,0.9246,-16.91,-0.0176,20.38,5.05,0.493,0.500,0.195,0.0219,0.0500
19400,-19.31020,-8.17874,-11.13146,-1.51648,-8.96403,-0.65095,0.9208,-16.78,-0.0174,20.27,5.07,0.493,0.500,0.195,0.0219,0.0500
19425,-19.37620,-8.16876,-11.20744,-1.52893,-9.05105,-0.62745,0.9283,26.48,0.0275,20.09,5.14,0.493,0.500,0.195,0.0219,0.0500
19450,-19.30730,-8.15071,-11.15659,-1.52280,-8.98804,-0.64576,0.9246,72.72,0.0755,20.50,4.88,0.493,0.500,0.195,0.0219,0.0500
19475,-19.40478,-8.18408,-11.22070,-1.52165,-9.04030,-0.65874,0.9239,72.56,0.0753,20.62,4.85,0.493,0.500,0.195,0.0219,0.0500
19500,-19.33937,-8.23120,-11.10817,-1.53481,-8.96193,-0.61143,0.9319,-111.93,-0.1162,20.76,4.65,0.493,0.500,0.195,0.0219,0.0500
19525,-19.30847,-8.13172,-11.17675,-1.52039,-9.00048,-0.65588,0.9231,-17.85,-0.0185,20.52,4.81,0.493,0.500,0.195,0.0219,0.0500
19550,-19.28238,-8.07591,-11.20647,-1.51708,-9.01808,-0.67131,0.9211,-112.30,-0.1166,20.33,5.07,0.493,0.500,0.195,0.0219,0.0500
19575,-19.28563,-8.07117,-11.21446,-1.52476,-9.04499,-0.64471,0.9258,-111.39,-0.1156,20.44,4.97,0.493,0.500,0.195,0.0219,0.0500
19600,-19.30637,-8.10747,-11.19890,-1.51744,-9.00772,-0.67375,0.9213,-109.76,-0.1139,20.33,4.99,0.493,0.500,0.195,0.0219,0.0500
19625,-19.20643,-8.04195,-11.16448,-1.52263,-9.00225,-0.63960,0.9245,70.72,0.0734,20.70,4.76,0.493,0.500,0.195,0.0219,0.0500
19650,-19.25354,-8.11297,-11.14057,-1.51578,-8.96887,-0.65593,0.9203,-199.84,-0.2074,20.74,4.70,0.493,0.500,0.195,0.0219,0.0500
19675,-19.27312,-8.08943,-11.18369,-1.51913,-9.01680,-0.64776,0.9224,-16.86,-0.0175,20.71,4.75,0.493,0.500,0.195,0.0219,0.0500
19700,-19.26384,-8.07030,-11.19354,-1.52206,-9.01751,-0.65397,0.9241,69.30,0.0719,20.57,4.80,0.493,0.500,0.195,0.0219,0.0500
19725,-19.29540,-8.13787,-11.15752,-1.52135,-8.97563,-0.66055,0.9237,72.63,0.0754,20.54,4.66,0.493,0.500,0.195,0.0219,0.0500
19750,-19.30140,-8.07438,-11.22701,-1.52222,-9.06323,-0.64157,0.9242,163.09,0.1693,20.63,4.67,0.493,0.500,0.195,0.0219,0.0500
19775,-19.31371,-8.15074,-11.16297,-1.52430,-9.00010,-0.63857,0.9255,71.13,0.0738,20.50,4.77,0.493,0.500,0.195,0.0219,0.0500
19800,-19.39596,-8.16457,-11.23139,-1.52524,-9.05881,-0.64734,0.9261,-18.96,-0.0197,20.53,4.97,0.493,0.500,0.195,0.0219,0.0500
19825,-19.40916,-8.13755,-11.27161,-1.52513,-9.08797,-0.65851,0.9260,70.75,0.0734,20.44,4.96,0.493,0.500,0.195,0.0219,0.0500
19850,-19.38063,-8.16643,-11.21421,-1.51594,-9.03125,-0.66702,0.9204,-18.93,-0.0196,20.55,4.87,0.493,0.500,0.195,0.0219,0.0500
19875,-19.38258,-8.15924,-11.22333,-1.53136,-9.02443,-0.66754,0.9298,-104.97,-0.1089,20.54,4.73,0.493,0.500,0.195,0.0219,0.0500
19900,-19.40862,-8.18888,-11.21974,-1.51558,-9.02998,-0.67417,0.9202,-108.45,-0.1125,20.54,4.72,0.493,0.500,0.195,0.0219,0.0500
19925,-19.41570,-8.15010,-11.26560,-1.53295,-9.07166,-0.66098,0.9308,-197.38,-0.2048,20.52,4.68,0.493,0.500,0.195,0.0219,0.0500
19950,-19.36370,-8.09922,-11.26448,-1.52856,-9.07090,-0.66502,0.9281,-106.30,-0.1103,20.68,4.72,0.493,0.500,0.195,0.0219,0.0500
19975,-19.48007,-8.16452,-11.31555,-1.53637,-9.12153,-0.65765,0.9328,-107.91,-0.1120,20.69,4.70,0.493,0.500,0.195,0.0219,0.0500
20000,-19.34322,-8.08116,-11.26206,-1.53651,-9.07589,-0.64965,0.9329,-107.13,-0.1112,20.70,4.57,0.493,0.500,0.186,0.0208,0.0500
20025,-19.27133,-8.10670,-11.16463,-1.52561,-9.00305,-0.63598,0.9263,-106.46,-0.1105,20.71,4.50,0.493,0.500,0.186,0.0208,0.0500
20050,-19.40080,-8.13758,-11.26322,-1.52644,-9.08068,-0.65610,0.9268,-190.96,-0.1982,20.55,4.85,0.493,0.500,0.186,0.0208,0.0500
20075,-19.35221,-8.12476,-11.22744,-1.52587,-9.04531,-0.65627,0.9265,80.70,0.0837,20.56,4.91,0.493,0.500,0.186,0.0208,0.0500
20100,-19.35937,-8.19283,-11.16653,-1.52246,-8.97648,-0.66760,0.9244,80.24,0.0833,20.68,4.72,0.493,0.500,0.186,0.0208,0.0500
20125,-19.46424,-8.21737,-11.24687,-1.51744,-9.05479,-0.67464,0.9213,-15.14,-0.0157,20.52,4.87,0.493,0.500,0.186,0.0208,0.0500
20150,-19.44711,-8.23358,-11.21352,-1.51985,-9.03351,-0.66017,0.9228,-15.43,-0.0160,20.65,4.80,0.493,0.500,0.186,0.0208,0.0500
20175,-19.39175,-8.12266,-11.26909,-1.53863,-9.10296,-0.62750,0.9342,75.05,0.0779,20.53,5.00,0.493,0.500,0.186,0.0208,0.0500
20200,-19.30823,-8.10515,-11.20308,-1.51789,-9.02643,-0.65875,0.9216,-15.31,-0.0159,20.43,5.09,0.494,0.500,0.186,0.0208,0.0500
20225,-19.28561,-8.13000,-11.15561,-1.51536,-8.99049,-0.64976,0.9201,-100.77,-0.1046,20.60,5.00,0.494,0.500,0.186,0.0208,0.0500
20250,-19.17868,-8.03197,-11.14671,-1.53070,-8.98561,-0.63039,0.9294,-104.26,-0.1082,20.60,4.99,0.494,0.500,0.186,0.0208,0.0500
20275,-19.39078,-8.18244,-11.20835,-1.51837,-9.03085,-0.65912,0.9219,-15.55,-0.0161,20.77,4.53,0.494,0.500,0.186,0.0208,0.0500
20300,-19.25925,-8.10610,-11.15315,-1.52450,-8.96514,-0.66351,0.9256,-15.84,-0.0164,20.68,4.63,0.494,0.500,0.186,0.0208,0.0500
20325,-19.33638,-8.13555,-11.20083,-1.52631,-9.02738,-0.64715,0.9267,-101.87,-0.1058,20.56,4.68,0.494,0.500,0.186,0.0208,0.0500
20350,-19.42504,-8.15919,-11.26585,-1.53315,-9.08810,-0.64461,0.9309,-102.11,-0.1060,20.47,4.90,0.494,0.500,0.186,0.0208,0.0500
20375,-19.32851,-8.15061,-11.17790,-1.51543,-9.00258,-0.65988,0.9201,-16.47,-0.0171,20.61,4.92,0.494,0.500,0.186,0.0208,0.0500
20400,-19.41801,-8.18494,-11.23307,-1.53275,-9.07605,-0.62426,0.9306,-16.07,-0.0167,20.60,4.89,0.494,0.500,0.186,0.0208,0.0500
20425,-19.51566,-8.29353,-11.22214,-1.52537,-9.05032,-0.64644,0.9262,-17.53,-0.0182,20.56,4.89,0.494,0.500,0.186,0.0208,0.0500
20450,-19.36581,-8.19867,-11.16714,-1.52265,-9.01709,-0.62739,0.9245,-16.21,-0.0168,20.80,4.70,0.494,0.500,0.186,0.0208,0.0500
20475,-19.37647,-8.12702,-11.24944,-1.52828,-9.09244,-0.62872,0.9279,-106.32,-0.1104,20.61,4.85,0.494,0.500,0.186,0.0208,0.0500
20500,-19.36764,-8.08373,-11.28391,-1.53406,-9.11289,-0.63696,0.9314,-15.77,-0.0164,20.56,4.99,0.494,0.500,0.186,0.0208,0.0500
20525,-19.25645,-8.01241,-11.24404,-1.52450,-9.05410,-0.66544,0.9256,-15.06,-0.0156,20.59,4.99,0.494,0.500,0.186,0.0208,0.0500
20550,-19.35092,-8.03879,-11.31213,-1.53306,-9.14668,-0.63238,0.9308,-105.66,-0.1097,20.70,4.88,0.494,0.500,0.186,0.0208,0.0500
20575,-19.34475,-8.10822,-11.23652,-1.52650,-9.06018,-0.64985,0.9268,-15.62,-0.0162,20.54,5.02,0.494,0.500,0.186,0.0208,0.0500
20600,-19.38804,-8.15711,-11.23093,-1.53545,-9.05640,-0.63909,0.9323,-16.41,-0.0170,20.47,4.96,0.494,0.500,0.186,0.0208,0.0500
20625,-19.31617,-8.06333,-11.25284,-1.53334,-9.06635,-0.65315,0.9310,-12.63,-0.0131,20.40,4.88,0.494,0.500,0.186,0.0208,0.0500
20650,-19.45236,-8.13600,-11.31636,-1.53781,-9.11788,-0.66067,0.9337,-101.73,-0.1056,20.54,4.79,0.494,0.500,0.186,0.0208,0.0500
20675,-19.35887,-8.13922,-11.21966,-1.51520,-9.06324,-0.64122,0.9200,-103.05,-0.1070,20.39,4.88,0.494,0.500,0.186,0.0208,0.0500
20700,-19.34127,-8.12162,-11.21965,-1.52664,-9.04910,-0.64391,0.9269,-13.67,-0.0142,20.51,4.83,0.494,0.500,0.186,0.0208,0.0500
20725,-19.38928,-8.18608,-11.20319,-1.53276,-9.02651,-0.64393,0.9306,72.75,0.0755,20.67,4.84,0.494,0.500,0.186,0.0208,0.0500
20750,-19.37821,-8.13445,-11.24376,-1.53209,-9.05824,-0.65344,0.9302,-13.38,-0.0139,20.48,5.11,0.494,0.500,0.186,0.0208,0.0500
20775,-19.30445,-8.10543,-11.19902,-1.51662,-9.03309,-0.64931,0.9208,-192.80,-0.2002,20.69,4.88,0.494,0.500,0.186,0.0208,0.0500
20800,-19.23735,-8.01583,-11.22152,-1.51331,-9.05548,-0.65272,0.9188,-196.77,-0.2044,20.64,4.76,0.494,0.499,0.186,0.0208,0.0500
20825,-19.44307,-8.14886,-11.29421,-1.52394,-9.12963,-0.64064,0.9253,-192.56,-0.2000,20.64,4.79,0.494,0.499,0.186,0.0208,0.0500
20850,-19.35691,-8.20331,-11.15360,-1.51898,-8.99577,-0.63884,0.9223,-107.59,-0.1117,20.51,4.98,0.494,0.499,0.186,0.0208,0.0500
20875,-19.34985,-8.15839,-11.19146,-1.53884,-9.03967,-0.61295,0.9343,-197.49,-0.2051,20.69,4.73,0.494,0.499,0.186,0.0208,0.0500
20900,-19.29751,-8.07751,-11.22000,-1.53176,-9.02340,-0.66484,0.9300,-107.88,-0.1121,20.38,4.95,0.494,0.499,0.186,0.0208,0.0500
20925,-19.30670,-8.09876,-11.20794,-1.52348,-9.05196,-0.63250,0.9250,-198.30,-0.2060,20.58,4.83,0.494,0.499,0.186,0.0208,0.0500
20950,-19.31599,-8.10021,-11.21579,-1.52329,-9.03483,-0.65767,0.9249,-107.18,-0.1113,20.45,5.03,0.494,0.499,0.186,0.0208,0.0500
20975,-19.43663,-8.17232,-11.26431,-1.53035,-9.05850,-0.67546,0.9292,71.29,0.0740,20.49,4.94,0.494,0.499,0.186,0.0208,0.0500
21000,-19.38638,-8.14074,-11.24565,-1.53413,-9.09124,-0.62028,0.9315,-18.80,-0.0195,20.71,4.75,0.494,0.499,0.195,0.0219,0.0500
21025,-19.38775,-8.12785,-11.25989,-1.54123,-9.07267,-0.64600,0.9358,-19.20,-0.0199,20.51,5.01,0.494,0.499,0.195,0.0219,0.0500
21050,-19.28406,-8.06995,-11.21411,-1.52532,-9.02704,-0.66174,0.9261,-104.87,-0.1089,20.58,4.65,0.494,0.499,0.195,0.0219,0.0500
21075,-19.36112,-8.08074,-11.28038,-1.52607,-9.11325,-0.64107,0.9266,-18.82,-0.0195,20.52,4.93,0.494,0.499,0.195,0.0219,0.0500
21100,-19.23350,-8.03449,-11.19900,-1.52472,-9.03843,-0.63586,0.9258,-198.53,-0.2062,20.43,4.83,0.494,0.499,0.195,0.0219,0.0500
21125,-19.25760,-8.04931,-11.20830,-1.52054,-9.01964,-0.66811,0.9232,-105.90,-0.1100,20.61,4.86,0.494,0.499,0.195,0.0219,0.0500
21150,-19.19103,-8.02585,-11.16519,-1.52306,-8.99630,-0.64582,0.9247,-15.70,-0.0163,20.49,5.07,0.494,0.499,0.195,0.0219,0.0500
21175,-19.23307,-8.06547,-11.16760,-1.51770,-9.00229,-0.64761,0.9215,-106.53,-0.1106,20.56,4.91,0.494,0.499,0.195,0.0219,0.0500
21200,-19.33338,-8.10464,-11.22874,-1.52562,-9.06781,-0.63531,0.9263,-196.45,-0.2039,20.57,4.93,0.494,0.499,0.195,0.0219,0.0500
21225,-19.31733,-8.10001,-11.21732,-1.53008,-9.06435,-0.62289,0.9290,77.55,0.0805,20.49,4.99,0.494,0.500,0.195,0.0219,0.0500
21250,-19.34305,-8.17047,-11.17258,-1.51741,-8.97925,-0.67592,0.9213,-104.08,-0.1080,20.54,4.95,0.494,0.500,0.195,0.0219,0.0500
21275,-19.37051,-8.20383,-11.16668,-1.52957,-8.99011,-0.64700,0.9287,-103.99,-0.1079,20.73,4.84,0.494,0.500,0.195,0.0219,0.0500
21300,-19.28183,-8.12808,-11.15375,-1.52026,-8.97681,-0.65668,0.9230,-104.91,-0.1089,20.64,5.05,0.494,0.500,0.195,0.0219,0.0500
21325,-19.33706,-8.12294,-11.21412,-1.52968,-9.04557,-0.63887,0.9288,-193.84,-0.2012,20.71,4.98,0.494,0.500,0.195,0.0219,0.0500
21350,-19.26476,-8.07890,-11.18586,-1.52524,-9.02675,-0.63387,0.9261,30.66,0.0319,20.62,4.92,0.494,0.500,0.195,0.0219,0.0500
21375,-19.38615,-8.14154,-11.24462,-1.52518,-9.06153,-0.65791,0.9260,-239.11,-0.2485,20.66,4.87,0.494,0.500,0.195,0.0219,0.0500
21400,-19.33685,-8.09270,-11.24415,-1.52328,-9.09128,-0.62960,0.9249,-240.17,-0.2496,20.67,4.83,0.494,0.500,0.195,0.0219,0.0500
21425,-19.43226,-8.20873,-11.22353,-1.54031,-9.04816,-0.63505,0.9352,-194.53,-0.2020,20.58,4.91,0.494,0.500,0.195,0.0219,0.0500
21450,-19.41110,-8.17565,-11.23545,-1.52209,-9.04029,-0.67307,0.9242,-58.81,-0.0611,20.46,5.11,0.494,0.500,0.195,0.0219,0.0500
21475,-19.29580,-8.09775,-11.19805,-1.52914,-9.03241,-0.63650,0.9284,-239.88,-0.2492,20.61,4.97,0.494,0.500,0.195,0.0219,0.0500
21500,-19.20063,-8.07771,-11.12292,-1.52031,-8.95748,-0.64513,0.9231,-154.25,-0.1603,20.58,4.84,0.494,0.500,0.195,0.0219,0.0500
21525,-19.23959,-8.07899,-11.16060,-1.52667,-9.00658,-0.62735,0.9269,-154.45,-0.1604,20.71,4.90,0.494,0.500,0.195,0.0219,0.0500
21550,-19.14869,-7.91237,-11.23632,-1.52910,-9.05851,-0.64871,0.9284,-155.12,-0.1611,20.55,5.11,0.494,0.500,0.195,0.0219,0.0500
21575,-19.23328,-7.98324,-11.25004,-1.53426,-9.08904,-0.62675,0.9315,-153.95,-0.1599,20.52,5.03,0.494,0.500,0.195,0.0219,0.0500
21600,-19.20563,-8.02164,-11.18399,-1.51907,-8.99191,-0.67301,0.9223,-244.21,-0.2537,20.57,4.98,0.494,0.500,0.195,0.0219,0.0500
21625,-19.27031,-8.05225,-11.21806,-1.52664,-9.02439,-0.66702,0.9269,-289.76,-0.3006,20.62,5.01,0.494,0.500,0.195,0.0219,0.0500
21650,-19.34554,-8.16699,-11.17855,-1.52415,-8.99579,-0.65861,0.9254,-201.16,-0.2087,20.70,4.84,0.494,0.500,0.195,0.0219,0.0500
21675,-19.40651,-8.18349,-11.22301,-1.52870,-9.06167,-0.63265,0.9282,26.95,0.0280,20.72,4.73,0.494,0.500,0.195,0.0219,0.0500
21700,-19.42267,-8.15468,-11.26799,-1.53984,-9.10149,-0.62666,0.9349,-19.10,-0.0198,20.70,4.89,0.494,0.500,0.195,0.0219,0.0500
21725,-19.32924,-8.09873,-11.23051,-1.53202,-9.06085,-0.63764,0.9302,28.12,0.0292,20.76,4.83,0.494,0.500,0.195,0.0219,0.0500
21750,-19.40210,-8.11450,-11.28760,-1.52112,-9.11684,-0.64964,0.9236,-19.30,-0.0200,20.79,4.75,0.494,0.500,0.195,0.0219,0.0500
21775,-19.35552,-8.11715,-11.23837,-1.52356,-9.04301,-0.67179,0.9251,-62.27,-0.0647,20.73,4.69,0.494,0.500,0.195,0.0219,0.0500
21800,-19.41789,-8.18473,-11.23316,-1.52062,-9.05710,-0.65544,0.9233,-19.38,-0.0201,20.70,4.80,0.494,0.500,0.195,0.0219,0.0500
21825,-19.42739,-8.16037,-11.26702,-1.53115,-9.09811,-0.63776,0.9297,-199.77,-0.2073,20.91,4.71,0.494,0.500,0.195,0.0219,0.0500
21850,-19.33147,-8.17919,-11.15228,-1.52449,-8.98699,-0.64079,0.9256,-65.65,-0.0682,20.48,5.07,0.494,0.500,0.195,0.0219,0.0500
21875,-19.45476,-8.22317,-11.23159,-1.51813,-9.05069,-0.66277,0.9218,-200.25,-0.2078,20.70,5.03,0.494,0.500,0.195,0.0219,0.0500
21900,-19.41014,-8.20730,-11.20284,-1.50875,-9.04873,-0.64537,0.9161,-200.93,-0.2086,20.52,4.97,0.494,0.500,0.195,0.0219,0.0500
21925,-19.46565,-8.27775,-11.18790,-1.52054,-9.02331,-0.64405,0.9232,-19.60,-0.0203,20.72,4.85,0.494,0.500,0.195,0.0219,0.0500
21950,-19.45314,-8.20142,-11.25172,-1.52091,-9.09538,-0.63542,0.9234,-20.67,-0.0214,20.70,4.80,0.494,0.500,0.195,0.0219,0.0500
21975,-19.53910,-8.27105,-11.26805,-1.52649,-9.08672,-0.65484,0.9268,-200.82,-0.2084,20.70,4.84,0.494,0.500,0.195,0.0219,0.0500
22000,-19.40235,-8.16889,-11.23346,-1.52652,-9.06578,-0.64115,0.9268,-110.17,-0.1143,20.64,4.86,0.494,0.500,0.185,0.0208,0.0500
22025,-19.43006,-8.21802,-11.21204,-1.51285,-9.04509,-0.65410,0.9185,-109.67,-0.1138,20.53,4.97,0.494,0.500,0.185,0.0208,0.0500
22050,-19.36344,-8.13630,-11.22715,-1.52541,-9.03288,-0.66886,0.9262,-288.30,-0.2991,20.66,4.85,0.494,0.500,0.185,0.0208,0.0500
22075,-19.40997,-8.19855,-11.21142,-1.51812,-9.05254,-0.64076,0.9218,-108.96,-0.1130,20.58,4.92,0.494,0.500,0.185,0.0208,0.0500
22100,-19.43291,-8.21608,-11.21684,-1.52195,-9.02807,-0.66681,0.9241,-108.36,-0.1124,20.52,4.96,0.494,0.500,0.185,0.0208,0.0500
22125,-19.45714,-8.21291,-11.24423,-1.52681,-9.07630,-0.64113,0.9270,-105.99,-0.1100,20.55,4.89,0.494,0.500,0.185,0.0208,0.0500
22150,-19.38372,-8.13393,-11.24979,-1.53604,-9.09533,-0.61842,0.9326,-14.72,-0.0153,20.62,4.89,0.494,0.500,0.185,0.0208,0.0500
22175,-19.27803,-8.09253,-11.18550,-1.52908,-9.01037,-0.64606,0.9284,-108.83,-0.1130,20.67,4.95,0.494,0.500,0.185,0.0208,0.0500
22200,-19.33267,-8.09583,-11.23684,-1.52323,-9.06808,-0.64553,0.9249,-109.56,-0.1137,20.59,4.99,0.494,0.500,0.185,0.0208,0.0500
22225,-19.32308,-8.10628,-11.21680,-1.52070,-9.04095,-0.65515,0.9233,-199.30,-0.2069,20.62,5.00,0.494,0.500,0.185,0.0208,0.0500
22250,-19.26244,-7.99579,-11.26665,-1.53262,-9.07933,-0.65470,0.9306,-107.37,-0.1114,20.60,4.96,0.494,0.500,0.185,0.0208,0.0500
22275,-19.41112,-8.15273,-11.25839,-1.53207,-9.07742,-0.64890,0.9302,-107.96,-0.1121,20.58,4.99,0.494,0.500,0.185,0.0208,0.0500
22300,-19.23330,-8.05023,-11.18307,-1.52279,-9.02038,-0.63990,0.9246,-289.58,-0.3006,20.64,5.08,0.494,0.500,0.185,0.0208,0.0500
22325,-19.28650,-8.11573,-11.17077,-1.52349,-9.00917,-0.63812,0.9250,-109.71,-0.1139,20.47,5.25,0.494,0.500,0.185,0.0208,0.0500
22350,-19.32404,-8.14219,-11.18186,-1.51762,-9.05078,-0.61345,0.9214,-199.58,-0.2072,20.55,4.98,0.494,0.500,0.185,0.0208,0.0500
22375,-19.38014,-8.15937,-11.22078,-1.51991,-9.06982,-0.63105,0.9228,-108.66,-0.1128,20.42,5.05,0.494,0.500,0.185,0.0208,0.0500
22400,-19.43360,-8.14584,-11.28776,-1.53460,-9.15703,-0.59614,0.9318,-199.63,-0.2072,20.41,4.98,0.494,0.500,0.185,0.0208,0.0500
22425,-19.47793,-8.29771,-11.18022,-1.51164,-8.99926,-0.66932,0.9178,-199.08,-0.2066,20.43,5.00,0.494,0.500,0.185,0.0208,0.0500
22450,-19.44462,-8.23946,-11.20516,-1.52162,-9.06406,-0.61948,0.9239,-198.80,-0.2064,20.37,5.09,0.494,0.500,0.185,0.0208,0.0500
22475,-19.43289,-8.21093,-11.22196,-1.53519,-9.02714,-0.65963,0.9321,-109.88,-0.1141,20.36,5.20,0.494,0.500,0.185,0.0208,0.0500
22500,-19.50916,-8.29361,-11.21555,-1.52838,-9.05829,-0.62888,0.9280,-110.91,-0.1151,20.39,5.14,0.494,0.500,0.185,0.0208,0.0500
22525,-19.47790,-8.32888,-11.14901,-1.51118,-8.98946,-0.64838,0.9175,-109.98,-0.1141,20.33,5.11,0.494,0.500,0.185,0.0208,0.0500
22550,-19.44369,-8.16194,-11.28175,-1.53668,-9.09148,-0.65360,0.9330,-109.34,-0.1134,20.38,5.14,0.494,0.500,0.185,0.0208,0.0500
22575,-19.41624,-8.21300,-11.20324,-1.52590,-9.04069,-0.63665,0.9265,-199.27,-0.2068,20.25,5.13,0.494,0.500,0.185,0.0208,0.0500
22600,-19.40487,-8.17519,-11.22968,-1.51831,-9.05072,-0.66065,0.9219,-109.92,-0.1140,20.33,5.16,0.494,0.500,0.185,0.0208,0.0500
22625,-19.41705,-8.18608,-11.23097,-1.52255,-9.07005,-0.63837,0.9244,-109.67,-0.1138,20.48,5.06,0.494,0.500,0.185,0.0208,0.0500
22650,-19.37402,-8.19332,-11.18070,-1.51710,-9.04219,-0.62141,0.9211,-110.06,-0.1142,20.43,5.03,0.494,0.500,0.185,0.0208,0.0500
22675,-19.50938,-8.24881,-11.26058,-1.52335,-9.12456,-0.61267,0.9249,-110.28,-0.1144,20.30,5.13,0.494,0.500,0.185,0.0208,0.0500
22700,-19.41765,-8.17476,-11.24289,-1.52215,-9.08057,-0.64017,0.9242,-110.94,-0.1151,20.50,4.97,0.494,0.500,0.185,0.0208,0.0500
22725,-19.36910,-8.12095,-11.24815,-1.53809,-9.08228,-0.62779,0.9339,-110.07,-0.1142,20.66,4.81,0.494,0.500,0.185,0.0208,0.0500
22750,-19.46505,-8.19522,-11.26983,-1.52705,-9.08131,-0.66147,0.9272,-199.61,-0.2072,20.42,4.94,0.494,0.500,0.185,0.0208,0.0500
22775,-19.34475,-8.12097,-11.22378,-1.53356,-9.06115,-0.62907,0.9311,-19.68,-0.0204,20.39,4.78,0.494,0.500,0.185,0.0208,0.0500
22800,-19.36923,-8.23769,-11.13154,-1.51442,-8.95203,-0.66510,0.9195,-20.28,-0.0211,20.55,4.81,0.494,0.500,0.185,0.0208,0.0500
22825,-19.42934,-8.19358,-11.23576,-1.51981,-9.04376,-0.67219,0.9228,-199.92,-0.2075,20.49,4.97,0.494,0.500,0.185,0.0208,0.0500
22850,-19.46346,-8.26534,-11.19813,-1.53253,-9.02160,-0.64399,0.9305,-19.85,-0.0206,20.61,4.86,0.494,0.500,0.185,0.0208,0.0500
22875,-19.45043,-8.25480,-11.19562,-1.52594,-9.04489,-0.62480,0.9265,69.50,0.0721,20.41,5.13,0.494,0.500,0.185,0.0208,0.0500
22900,-19.33975,-8.24783,-11.09192,-1.50716,-8.91384,-0.67092,0.9151,159.40,0.1655,20.45,5.15,0.494,0.500,0.185,0.0208,0.0500
22925,-19.43804,-8.22537,-11.21267,-1.50838,-9.02444,-0.67985,0.9158,70.15,0.0728,20.25,5.31,0.494,0.499,0.185,0.0208,0.0500
22950,-19.47077,-8.27466,-11.19611,-1.52458,-9.04557,-0.62597,0.9257,-19.36,-0.0201,20.37,5.33,0.494,0.499,0.185,0.0208,0.0500
22975,-19.53154,-8.27978,-11.25176,-1.52559,-9.06458,-0.66159,0.9263,-109.20,-0.1134,20.41,4.93,0.494,0.499,0.185,0.0208,0.0500
23000,-19.41595,-8.25529,-11.16066,-1.51022,-8.98852,-0.66192,0.9169,-107.97,-0.1121,20.34,4.97,0.494,0.499,0.176,0.0197,0.0500
23025,-19.58595,-8.32069,-11.26526,-1.53219,-9.06269,-0.67038,0.9303,72.90,0.0757,20.14,4.98,0.494,0.499,0.176,0.0197,0.0500
23050,-19.49892,-8.30308,-11.19584,-1.52762,-9.00547,-0.66274,0.9275,-108.27,-0.1124,20.39,4.84,0.494,0.499,0.176,0.0197,0.0500
23075,-19.58766,-8.41767,-11.16999,-1.51894,-9.01350,-0.63755,0.9222,-196.22,-0.2036,20.32,4.97,0.494,0.499,0.176,0.0197,0.0500
23100,-19.43800,-8.29063,-11.14737,-1.51476,-8.96938,-0.66323,0.9197,-106.51,-0.1105,19.92,5.08,0.494,0.500,0.176,0.0197,0.0500
23125,-19.54214,-8.32138,-11.22076,-1.53206,-9.03164,-0.65706,0.9302,-19.20,-0.0199,20.11,5.09,0.494,0.500,0.176,0.0197,0.0500
23150,-19.67839,-8.38834,-11.29005,-1.52691,-9.08092,-0.68223,0.9271,-110.38,-0.1145,20.36,5.24,0.494,0.500,0.176,0.0197,0.0500
23175,-19.64437,-8.45790,-11.18647,-1.52774,-9.04076,-0.61797,0.9276,-107.30,-0.1113,20.29,5.11,0.494,0.500,0.176,0.0197,0.0500
23200,-19.71825,-8.46877,-11.24948,-1.51696,-9.07306,-0.65946,0.9210,-19.10,-0.0198,20.28,5.15,0.494,0.500,0.176,0.0197,0.0500
23225,-19.68284,-8.44236,-11.24049,-1.52809,-9.04376,-0.66863,0.9278,73.51,0.0763,20.11,5.23,0.494,0.500,0.176,0.0197,0.0500
23250,-19.65821,-8.41942,-11.23880,-1.51722,-9.05158,-0.66999,0.9212,73.53,0.0763,20.26,5.23,0.494,0.500,0.176,0.0197,0.0500
23275,-19.57437,-8.27049,-11.30388,-1.52758,-9.13114,-0.64516,0.9275,-16.49,-0.0171,20.37,5.34,0.494,0.500,0.176,0.0197,0.0500
23300,-19.61572,-8.33559,-11.28013,-1.51548,-9.09901,-0.66564,0.9201,-16.36,-0.0170,20.50,5.04,0.494,0.500,0.176,0.0197,0.0500
23325,-19.51657,-8.32618,-11.19040,-1.52388,-9.00871,-0.65781,0.9252,-16.88,-0.0175,20.60,5.08,0.494,0.500,0.176,0.0197,0.0500
23350,-19.59771,-8.30164,-11.29607,-1.53593,-9.13475,-0.62539,0.9326,73.67,0.0764,20.53,4.96,0.494,0.500,0.176,0.0197,0.0500
23375,-19.52212,-8.30004,-11.22208,-1.52662,-9.04744,-0.64802,0.9269,-107.08,-0.1111,20.56,4.93,0.494,0.500,0.176,0.0197,0.0500
23400,-19.65943,-8.38448,-11.27495,-1.52528,-9.12080,-0.62887,0.9261,-16.47,-0.0171,20.55,4.83,0.494,0.500,0.176,0.0197,0.0500
23425,-19.57123,-8.33261,-11.23862,-1.52076,-9.04948,-0.66838,0.9234,73.54,0.0763,20.46,4.83,0.494,0.500,0.176,0.0197,0.0500
23450,-19.42569,-8.25504,-11.17065,-1.51915,-8.99399,-0.65751,0.9224,-15.80,-0.0164,20.27,4.82,0.494,0.500,0.176,0.0197,0.0500
23475,-19.58808,-8.32107,-11.26701,-1.53379,-9.12501,-0.60820,0.9313,71.28,0.0740,20.48,4.86,0.494,0.500,0.176,0.0197,0.0500
23499,-19.58135,-8.34814,-11.23320,-1.52664,-9.06344,-0.64313,0.9269,162.64,0.1688,20.27,4.91,0.494,0.500,0.176,0.0197,0.0500
