cycle,Eall,EvdW,Emag,Ez,Edd,Ea,Mz,twist_deg,twist_rate,width_nm,coil_nm,acc_mech,acc_mag,delta_s,delta_a,delta_tw
0,-16.73962,-10.50229,-6.23733,-2.31664,-3.09681,-0.82388,0.3373,0.72,0.0004,26.39,0.65,0.220,0.679,1.337,0.1500,0.0500
25,-26.27959,-10.08009,-16.19950,-6.58699,-9.28889,-0.32362,0.9591,4.04,0.0025,26.70,0.73,0.231,0.654,1.207,0.1354,0.0500
50,-26.33573,-10.11109,-16.22464,-6.60957,-9.28391,-0.33116,0.9624,9.69,0.0060,25.33,2.30,0.248,0.642,1.035,0.1161,0.0500
75,-26.38663,-10.17199,-16.21464,-6.58051,-9.26316,-0.37097,0.9581,16.71,0.0103,25.93,1.88,0.259,0.627,0.934,0.1048,0.0500
100,-26.49555,-10.28374,-16.21181,-6.57525,-9.24780,-0.38877,0.9574,14.67,0.0091,25.57,2.27,0.270,0.611,0.801,0.0898,0.0500
125,-26.66884,-10.49228,-16.17656,-6.57699,-9.21998,-0.37958,0.9576,4.25,0.0026,25.57,2.38,0.281,0.595,0.722,0.0811,0.0500
150,-26.75026,-10.54949,-16.20077,-6.57017,-9.21651,-0.41409,0.9566,48.60,0.0300,26.79,1.19,0.293,0.580,0.619,0.0695,0.0500
175,-26.88146,-10.65090,-16.23056,-6.56738,-9.23868,-0.42449,0.9562,39.96,0.0247,26.72,1.40,0.308,0.569,0.559,0.0627,0.0500
200,-26.97268,-10.73487,-16.23781,-6.57622,-9.22743,-0.43416,0.9575,39.46,0.0244,25.74,2.33,0.324,0.560,0.479,0.0538,0.0500
225,-27.03727,-10.76763,-16.26964,-6.63217,-9.25757,-0.37990,0.9657,59.59,0.0368,26.20,2.19,0.341,0.555,0.433,0.0485,0.0500
250,-27.05934,-10.90653,-16.15280,-6.55720,-9.16827,-0.42733,0.9547,58.38,0.0360,26.02,2.21,0.356,0.549,0.410,0.0460,0.0500
275,-27.18073,-10.99753,-16.18319,-6.56067,-9.18015,-0.44237,0.9553,60.87,0.0376,26.14,2.17,0.368,0.545,0.370,0.0415,0.0500
300,-27.19877,-11.01206,-16.18671,-6.58781,-9.18595,-0.41295,0.9592,60.54,0.0374,26.22,2.15,0.379,0.541,0.387,0.0435,0.0500
325,-27.30935,-11.10625,-16.20310,-6.58615,-9.20119,-0.41576,0.9590,61.68,0.0381,26.26,2.10,0.388,0.537,0.350,0.0392,0.0500
350,-27.43403,-11.17473,-16.25929,-6.59376,-9.24794,-0.41760,0.9601,60.72,0.0375,25.94,2.30,0.396,0.535,0.331,0.0372,0.0500
375,-27.37225,-11.17088,-16.20137,-6.55595,-9.19693,-0.44849,0.9546,61.69,0.0381,26.13,2.21,0.403,0.533,0.331,0.0371,0.0500
400,-27.58725,-11.34023,-16.24702,-6.57592,-9.21862,-0.45248,0.9575,51.01,0.0315,25.64,2.42,0.409,0.531,0.346,0.0388,0.0500
425,-27.61310,-11.38382,-16.22928,-6.56814,-9.20094,-0.46019,0.9563,62.49,0.0386,25.45,2.66,0.414,0.529,0.312,0.0351,0.0500
450,-27.60566,-11.40958,-16.19607,-6.56551,-9.17237,-0.45819,0.9560,62.53,0.0386,26.02,2.31,0.419,0.527,0.327,0.0367,0.0500
475,-27.70056,-11.49865,-16.20191,-6.57376,-9.17184,-0.45630,0.9572,62.37,0.0385,25.67,2.51,0.423,0.525,0.326,0.0366,0.0500
500,-27.68313,-11.53272,-16.15040,-6.56196,-9.12896,-0.45948,0.9554,62.39,0.0386,26.09,2.27,0.427,0.524,0.309,0.0347,0.0500
525,-27.67293,-11.54587,-16.12706,-6.53656,-9.13117,-0.45933,0.9517,58.99,0.0365,26.17,2.29,0.430,0.523,0.309,0.0346,0.0500
550,-27.88905,-11.68742,-16.20164,-6.58711,-9.17456,-0.43996,0.9591,58.16,0.0359,26.42,2.02,0.433,0.522,0.292,0.0328,0.0500
575,-28.06979,-11.81111,-16.25868,-6.57188,-9.20600,-0.48081,0.9569,58.50,0.0362,26.04,2.33,0.436,0.521,0.292,0.0327,0.0500
600,-28.18550,-11.89430,-16.29120,-6.60280,-9.21363,-0.47476,0.9614,60.30,0.0373,25.75,2.54,0.439,0.520,0.276,0.0310,0.0500
625,-28.08489,-11.81017,-16.27472,-6.60320,-9.21588,-0.45564,0.9614,81.65,0.0505,25.79,2.59,0.441,0.520,0.276,0.0309,0.0500
650,-28.16754,-11.94917,-16.21837,-6.58804,-9.15942,-0.47091,0.9592,81.31,0.0503,25.78,2.68,0.444,0.519,0.261,0.0293,0.0500
675,-28.26582,-11.97233,-16.29349,-6.60349,-9.22765,-0.46234,0.9615,81.13,0.0502,25.94,2.61,0.446,0.518,0.261,0.0292,0.0500
700,-28.37954,-12.05733,-16.32221,-6.59278,-9.24150,-0.48793,0.9599,81.27,0.0503,25.93,2.58,0.447,0.518,0.247,0.0277,0.0500
725,-28.47517,-12.13080,-16.34438,-6.61684,-9.26833,-0.45921,0.9634,82.98,0.0513,26.06,2.52,0.450,0.517,0.246,0.0276,0.0500
750,-28.50264,-12.20370,-16.29894,-6.58863,-9.23011,-0.48020,0.9593,80.79,0.0500,26.13,2.54,0.452,0.517,0.233,0.0262,0.0500
775,-28.51072,-12.19533,-16.31540,-6.60202,-9.25525,-0.45813,0.9613,79.23,0.0490,26.19,2.49,0.453,0.517,0.233,0.0261,0.0500
800,-28.52661,-12.22073,-16.30588,-6.59775,-9.23589,-0.47225,0.9607,81.28,0.0503,26.11,2.31,0.455,0.516,0.244,0.0274,0.0500
825,-28.60153,-12.25252,-16.34901,-6.59816,-9.26993,-0.48092,0.9607,78.36,0.0485,26.06,2.32,0.456,0.515,0.220,0.0247,0.0500
850,-28.62187,-12.33443,-16.28744,-6.54727,-9.21736,-0.52281,0.9533,79.12,0.0489,26.37,2.28,0.457,0.515,0.231,0.0259,0.0500
875,-28.65343,-12.32977,-16.32366,-6.62274,-9.23149,-0.46942,0.9643,79.14,0.0489,26.45,2.29,0.459,0.514,0.230,0.0258,0.0500
900,-28.73529,-12.37277,-16.36252,-6.64059,-9.26588,-0.45604,0.9669,64.94,0.0401,26.33,2.41,0.460,0.514,0.241,0.0270,0.0500
925,-28.53127,-12.24311,-16.28816,-6.57062,-9.22076,-0.49678,0.9567,83.20,0.0514,26.30,2.34,0.461,0.513,0.217,0.0244,0.0500
950,-28.67884,-12.43820,-16.24063,-6.58279,-9.17438,-0.48346,0.9585,81.65,0.0505,26.27,2.43,0.462,0.513,0.228,0.0255,0.0500
975,-28.77089,-12.42399,-16.34690,-6.58431,-9.26580,-0.49679,0.9587,81.40,0.0503,26.67,2.26,0.463,0.513,0.227,0.0255,0.0500
1000,-28.88380,-12.51350,-16.37030,-6.60733,-9.28847,-0.47450,0.9620,80.73,0.0499,26.47,2.28,0.464,0.512,0.215,0.0241,0.0500
1025,-28.82442,-12.48768,-16.33674,-6.59947,-9.24424,-0.49303,0.9609,81.81,0.0506,26.48,2.27,0.465,0.512,0.215,0.0241,0.0500
1050,-28.85778,-12.52514,-16.33264,-6.61145,-9.23988,-0.48131,0.9626,82.09,0.0508,26.71,2.15,0.466,0.512,0.225,0.0252,0.0500
1075,-28.87992,-12.48715,-16.39278,-6.61042,-9.29828,-0.48408,0.9625,81.76,0.0505,26.23,2.39,0.466,0.512,0.203,0.0228,0.0500
1100,-28.80561,-12.48404,-16.32157,-6.59082,-9.24732,-0.48343,0.9596,83.24,0.0515,26.38,2.30,0.467,0.511,0.213,0.0238,0.0500
1125,-28.95210,-12.62772,-16.32438,-6.59947,-9.23928,-0.48563,0.9609,83.88,0.0518,26.34,2.39,0.468,0.511,0.212,0.0238,0.0500
1150,-28.93573,-12.67940,-16.25632,-6.59217,-9.19940,-0.46474,0.9598,86.00,0.0532,26.23,2.44,0.469,0.511,0.222,0.0249,0.0500
1175,-29.01598,-12.66353,-16.35246,-6.62037,-9.26000,-0.47209,0.9639,83.92,0.0519,26.50,2.29,0.469,0.511,0.200,0.0225,0.0500
1200,-29.04599,-12.73245,-16.31354,-6.57772,-9.21325,-0.52258,0.9577,82.92,0.0513,26.44,2.38,0.470,0.510,0.190,0.0213,0.0500
1225,-29.06511,-12.74348,-16.32163,-6.60449,-9.23615,-0.48099,0.9616,85.46,0.0528,26.57,2.32,0.470,0.510,0.209,0.0235,0.0500
1250,-29.04769,-12.80233,-16.24536,-6.57719,-9.15383,-0.51434,0.9577,83.63,0.0517,26.21,2.52,0.471,0.510,0.198,0.0223,0.0500
1275,-29.05864,-12.78743,-16.27121,-6.57006,-9.18278,-0.51837,0.9566,84.46,0.0522,26.45,2.38,0.472,0.510,0.198,0.0222,0.0500
1300,-29.20452,-12.84451,-16.36000,-6.61134,-9.25902,-0.48965,0.9626,83.86,0.0519,26.43,2.43,0.472,0.510,0.170,0.0190,0.0500
1325,-29.16553,-12.79809,-16.36743,-6.59828,-9.28290,-0.48625,0.9607,81.79,0.0506,26.39,2.40,0.473,0.509,0.187,0.0210,0.0500
1350,-29.12383,-12.81432,-16.30951,-6.60938,-9.21754,-0.48259,0.9623,82.08,0.0507,26.32,2.44,0.474,0.509,0.196,0.0220,0.0500
1375,-29.22848,-12.89055,-16.33792,-6.62286,-9.22781,-0.48726,0.9643,82.41,0.0509,26.51,2.45,0.474,0.509,0.195,0.0219,0.0500
1400,-29.18282,-12.89511,-16.28771,-6.57792,-9.19840,-0.51139,0.9578,82.36,0.0509,26.56,2.46,0.475,0.509,0.185,0.0208,0.0500
1425,-29.16882,-12.85101,-16.31781,-6.59064,-9.21026,-0.51691,0.9596,82.27,0.0509,26.35,2.48,0.475,0.509,0.185,0.0207,0.0500
1450,-29.19978,-12.92544,-16.27434,-6.59062,-9.17366,-0.51006,0.9596,81.14,0.0502,26.39,2.47,0.476,0.508,0.193,0.0217,0.0500
1475,-29.28426,-12.91980,-16.36447,-6.60212,-9.24373,-0.51862,0.9613,82.08,0.0507,26.47,2.47,0.476,0.508,0.193,0.0217,0.0500
1500,-29.29818,-12.99090,-16.30727,-6.59819,-9.19229,-0.51679,0.9607,80.01,0.0495,26.55,2.40,0.477,0.508,0.202,0.0227,0.0500
1525,-29.37048,-13.02744,-16.34305,-6.59316,-9.25496,-0.49492,0.9600,80.95,0.0500,26.47,2.47,0.477,0.508,0.182,0.0205,0.0500
1550,-29.29241,-13.01831,-16.27409,-6.58461,-9.16161,-0.52787,0.9587,81.37,0.0503,26.77,2.40,0.477,0.508,0.173,0.0194,0.0500
1575,-29.27695,-13.02642,-16.25053,-6.58431,-9.14124,-0.52497,0.9587,81.98,0.0507,26.72,2.45,0.478,0.508,0.172,0.0193,0.0500
1600,-29.34622,-13.06079,-16.28543,-6.56413,-9.19669,-0.52461,0.9558,81.14,0.0502,26.87,2.43,0.478,0.508,0.181,0.0203,0.0500
1625,-29.42474,-13.15524,-16.26951,-6.58103,-9.19170,-0.49678,0.9582,80.52,0.0498,26.32,2.63,0.479,0.508,0.180,0.0202,0.0500
1650,-29.44658,-13.14333,-16.30326,-6.58791,-9.17951,-0.53583,0.9592,79.88,0.0494,26.57,2.49,0.479,0.508,0.171,0.0192,0.0500
1675,-29.43105,-13.13372,-16.29733,-6.59943,-9.19165,-0.50625,0.9609,77.72,0.0480,26.82,2.42,0.479,0.508,0.188,0.0211,0.0500
1700,-29.54048,-13.22534,-16.31514,-6.60414,-9.20077,-0.51023,0.9616,80.37,0.0497,26.67,2.43,0.480,0.508,0.178,0.0200,0.0500
1725,-29.60152,-13.30236,-16.29916,-6.59355,-9.20014,-0.50547,0.9600,79.98,0.0495,26.81,2.34,0.480,0.507,0.178,0.0200,0.0500
1750,-29.54302,-13.29181,-16.25121,-6.56969,-9.13586,-0.54566,0.9566,79.60,0.0492,26.47,2.47,0.480,0.507,0.169,0.0189,0.0500
1775,-29.59306,-13.25522,-16.33784,-6.61374,-9.21974,-0.50436,0.9630,79.76,0.0493,26.58,2.48,0.481,0.508,0.168,0.0189,0.0500
1800,-29.67734,-13.35695,-16.32039,-6.58809,-9.20288,-0.52942,0.9592,79.04,0.0489,26.49,2.56,0.481,0.507,0.159,0.0179,0.0500
1825,-29.58373,-13.27396,-16.30978,-6.61058,-9.19912,-0.50008,0.9625,79.05,0.0489,26.69,2.42,0.481,0.507,0.176,0.0197,0.0500
1850,-29.72190,-13.41852,-16.30338,-6.59487,-9.17904,-0.52946,0.9602,79.27,0.0490,26.90,2.42,0.481,0.507,0.167,0.0187,0.0500
1875,-29.74696,-13.40617,-16.34079,-6.61297,-9.20148,-0.52634,0.9629,78.76,0.0487,26.84,2.51,0.481,0.507,0.184,0.0206,0.0500
1900,-29.72676,-13.44113,-16.28563,-6.56353,-9.17286,-0.54924,0.9557,77.67,0.0480,26.87,2.39,0.482,0.507,0.174,0.0195,0.0500
1925,-29.67700,-13.39523,-16.28177,-6.57382,-9.16368,-0.54428,0.9572,77.29,0.0478,26.48,2.61,0.482,0.507,0.174,0.0195,0.0500
1950,-29.79372,-13.46765,-16.32608,-6.59037,-9.20954,-0.52617,0.9596,75.61,0.0467,26.82,2.45,0.482,0.507,0.164,0.0184,0.0500
1975,-29.80027,-13.49644,-16.30383,-6.59877,-9.17504,-0.53001,0.9608,75.90,0.0469,26.82,2.49,0.482,0.507,0.164,0.0184,0.0500
2000,-29.83212,-13.49123,-16.34089,-6.59671,-9.20532,-0.53887,0.9605,76.73,0.0474,26.50,2.58,0.482,0.507,0.172,0.0193,0.0500
2025,-29.86334,-13.57717,-16.28617,-6.58690,-9.18406,-0.51520,0.9591,77.44,0.0479,26.48,2.57,0.482,0.507,0.172,0.0193,0.0500
2050,-29.91692,-13.63185,-16.28506,-6.58319,-9.16088,-0.54099,0.9585,76.11,0.0471,26.54,2.59,0.482,0.507,0.172,0.0193,0.0500
2075,-29.89821,-13.60343,-16.29478,-6.59168,-9.16838,-0.53472,0.9598,75.39,0.0466,26.30,2.74,0.482,0.507,0.172,0.0193,0.0500
2100,-30.00075,-13.69518,-16.30557,-6.58917,-9.17117,-0.54524,0.9594,74.26,0.0459,26.40,2.66,0.482,0.507,0.172,0.0193,0.0500
2125,-29.96870,-13.67733,-16.29137,-6.58208,-9.19320,-0.51609,0.9584,73.48,0.0454,26.56,2.67,0.482,0.507,0.172,0.0193,0.0500
2150,-30.06417,-13.72704,-16.33713,-6.60828,-9.19576,-0.53309,0.9622,73.95,0.0457,26.25,2.79,0.482,0.507,0.172,0.0193,0.0500
2175,-29.87891,-13.63708,-16.24182,-6.59322,-9.12364,-0.52497,0.9600,71.65,0.0443,25.89,2.95,0.482,0.507,0.172,0.0193,0.0500
2200,-30.04542,-13.74241,-16.30301,-6.62789,-9.13356,-0.54156,0.9650,71.45,0.0442,26.28,2.82,0.482,0.507,0.172,0.0193,0.0500
2225,-30.05878,-13.72009,-16.33869,-6.60133,-9.18464,-0.55271,0.9612,37.82,0.0234,26.12,2.90,0.482,0.507,0.172,0.0193,0.0500
2250,-30.01722,-13.77783,-16.23939,-6.58912,-9.10587,-0.54439,0.9594,37.08,0.0229,26.21,2.82,0.481,0.507,0.172,0.0193,0.0500
2275,-30.12604,-13.77676,-16.34928,-6.60677,-9.18757,-0.55493,0.9620,35.60,0.0220,26.05,2.89,0.481,0.507,0.172,0.0193,0.0500
2300,-30.32813,-13.99723,-16.33089,-6.58759,-9.15642,-0.58688,0.9592,33.71,0.0208,26.48,2.56,0.481,0.507,0.172,0.0193,0.0500
2325,-30.12583,-13.84559,-16.28024,-6.57609,-9.15333,-0.55082,0.9575,33.76,0.0208,26.21,2.79,0.481,0.507,0.172,0.0193,0.0500
2350,-30.25357,-13.95539,-16.29818,-6.58136,-9.17842,-0.53840,0.9583,34.38,0.0212,26.39,2.77,0.480,0.507,0.172,0.0193,0.0500
2375,-30.30686,-13.99488,-16.31199,-6.60314,-9.16498,-0.54386,0.9614,31.86,0.0197,26.01,2.93,0.480,0.508,0.172,0.0193,0.0500
2400,-30.32466,-14.05646,-16.26819,-6.58344,-9.13264,-0.55212,0.9586,32.45,0.0200,26.24,2.78,0.480,0.508,0.172,0.0193,0.0500
2425,-30.36882,-14.05520,-16.31362,-6.59967,-9.14736,-0.56659,0.9609,71.98,0.0445,26.29,2.76,0.480,0.508,0.172,0.0193,0.0500
2450,-30.34697,-14.07866,-16.26831,-6.57055,-9.12442,-0.57335,0.9567,73.10,0.0452,26.45,2.68,0.479,0.508,0.172,0.0193,0.0500
2475,-30.51764,-14.15504,-16.36259,-6.60369,-9.20861,-0.55029,0.9615,74.88,0.0463,26.32,2.69,0.479,0.508,0.172,0.0193,0.0500
2500,-30.50552,-14.18126,-16.32426,-6.56958,-9.18954,-0.56514,0.9566,74.79,0.0462,26.41,2.62,0.479,0.508,0.172,0.0193,0.0500
2525,-30.60840,-14.26427,-16.34414,-6.60099,-9.19439,-0.54877,0.9611,74.68,0.0462,26.08,2.93,0.478,0.508,0.172,0.0193,0.0500
2550,-30.54375,-14.23145,-16.31230,-6.61425,-9.16101,-0.53705,0.9631,73.85,0.0456,25.90,2.99,0.478,0.508,0.172,0.0193,0.0500
2575,-30.60632,-14.28802,-16.31831,-6.59811,-9.18213,-0.53807,0.9607,73.93,0.0457,25.78,2.97,0.478,0.508,0.172,0.0193,0.0500
2600,-30.56470,-14.22674,-16.33796,-6.60513,-9.18447,-0.54836,0.9617,32.38,0.0200,26.10,2.76,0.477,0.508,0.172,0.0193,0.0500
2625,-30.68121,-14.32640,-16.35481,-6.59755,-9.19914,-0.55811,0.9606,75.40,0.0466,25.96,2.91,0.477,0.508,0.172,0.0193,0.0500
2650,-30.63255,-14.30302,-16.32953,-6.61009,-9.17242,-0.54702,0.9624,76.02,0.0470,26.07,2.81,0.477,0.508,0.172,0.0193,0.0500
2675,-30.54688,-14.24992,-16.29696,-6.57723,-9.14038,-0.57935,0.9577,75.88,0.0469,26.09,2.92,0.477,0.508,0.172,0.0193,0.0500
2700,-30.64191,-14.34930,-16.29260,-6.59429,-9.14862,-0.54970,0.9601,74.14,0.0458,26.02,2.91,0.476,0.508,0.172,0.0193,0.0500
2725,-30.63662,-14.33065,-16.30597,-6.61075,-9.15315,-0.54207,0.9625,73.99,0.0457,25.96,2.91,0.476,0.508,0.172,0.0193,0.0500
2750,-30.73166,-14.42107,-16.31059,-6.59878,-9.13845,-0.57336,0.9608,73.09,0.0452,26.20,2.88,0.476,0.508,0.172,0.0193,0.0500
2775,-30.74062,-14.40939,-16.33123,-6.61855,-9.15617,-0.55651,0.9637,73.27,0.0453,26.22,2.88,0.475,0.508,0.172,0.0193,0.0500
2800,-30.74631,-14.42159,-16.32472,-6.61501,-9.16947,-0.54025,0.9632,73.14,0.0452,26.39,2.80,0.475,0.508,0.172,0.0193,0.0500
2825,-30.73199,-14.47360,-16.25840,-6.57737,-9.12689,-0.55414,0.9577,73.46,0.0454,26.23,2.88,0.474,0.508,0.172,0.0193,0.0500
2850,-30.70596,-14.35374,-16.35223,-6.61169,-9.17222,-0.56831,0.9627,74.41,0.0460,26.13,2.92,0.474,0.508,0.172,0.0193,0.0500
2875,-30.78522,-14.36713,-16.41809,-6.63429,-9.22290,-0.56090,0.9660,73.86,0.0457,26.11,2.92,0.474,0.508,0.172,0.0193,0.0500
2900,-30.76020,-14.42019,-16.34001,-6.59358,-9.18564,-0.56079,0.9600,73.09,0.0452,26.37,2.79,0.474,0.508,0.172,0.0193,0.0500
2925,-30.74416,-14.42862,-16.31554,-6.58937,-9.16122,-0.56494,0.9594,73.14,0.0452,26.69,2.67,0.473,0.508,0.172,0.0193,0.0500
2950,-30.71958,-14.44258,-16.27699,-6.56429,-9.11753,-0.59517,0.9558,35.69,0.0220,26.28,2.85,0.473,0.508,0.172,0.0193,0.0500
2975,-30.75906,-14.44700,-16.31206,-6.59201,-9.14216,-0.57788,0.9598,33.77,0.0209,26.29,2.85,0.472,0.508,0.172,0.0193,0.0500
3000,-30.81697,-14.54013,-16.27684,-6.58180,-9.14225,-0.55279,0.9583,35.05,0.0216,26.44,2.84,0.472,0.508,0.163,0.0183,0.0500
3025,-30.85909,-14.52408,-16.33501,-6.61351,-9.15725,-0.56425,0.9629,71.79,0.0444,26.56,2.78,0.472,0.508,0.163,0.0183,0.0500
3050,-30.84113,-14.51291,-16.32822,-6.61285,-9.16164,-0.55373,0.9629,71.42,0.0442,26.20,2.92,0.471,0.508,0.163,0.0183,0.0500
3075,-30.82375,-14.55543,-16.26832,-6.57398,-9.10668,-0.58765,0.9572,71.29,0.0441,26.32,2.87,0.471,0.508,0.163,0.0183,0.0500
3100,-30.99270,-14.65394,-16.33875,-6.61312,-9.18494,-0.54069,0.9629,71.44,0.0442,26.25,2.86,0.471,0.508,0.163,0.0183,0.0500
3125,-31.03403,-14.74164,-16.29238,-6.59226,-9.12240,-0.57772,0.9599,72.88,0.0451,25.95,3.04,0.470,0.508,0.163,0.0183,0.0500
3150,-31.04263,-14.70671,-16.33592,-6.59852,-9.15438,-0.58302,0.9608,73.96,0.0457,26.27,2.89,0.470,0.508,0.163,0.0183,0.0500
3175,-31.01191,-14.72501,-16.28690,-6.60335,-9.11335,-0.57020,0.9615,74.16,0.0458,26.36,2.79,0.470,0.508,0.163,0.0183,0.0500
3200,-31.05125,-14.72984,-16.32141,-6.57344,-9.15569,-0.59227,0.9571,72.74,0.0450,26.40,2.91,0.470,0.507,0.163,0.0183,0.0500
3225,-31.04747,-14.75598,-16.29149,-6.59328,-9.12023,-0.57798,0.9600,72.54,0.0448,25.99,3.03,0.469,0.507,0.163,0.0183,0.0500
3250,-31.03851,-14.69628,-16.34223,-6.58889,-9.17444,-0.57890,0.9594,72.97,0.0451,25.99,3.05,0.469,0.507,0.163,0.0183,0.0500
3275,-31.07940,-14.77195,-16.30745,-6.59445,-9.12527,-0.58773,0.9602,74.02,0.0458,26.55,2.86,0.468,0.507,0.163,0.0183,0.0500
3300,-31.11293,-14.77334,-16.33958,-6.60157,-9.16623,-0.57178,0.9612,74.49,0.0461,26.57,2.79,0.468,0.507,0.163,0.0183,0.0500
3325,-31.08497,-14.78862,-16.29635,-6.58128,-9.12350,-0.59156,0.9583,74.58,0.0461,26.73,2.80,0.468,0.507,0.163,0.0183,0.0500
3350,-31.11041,-14.79596,-16.31445,-6.61584,-9.12712,-0.57149,0.9633,76.76,0.0475,26.52,2.83,0.467,0.507,0.163,0.0183,0.0500
3375,-31.18223,-14.82403,-16.35820,-6.59849,-9.18213,-0.57758,0.9608,76.69,0.0474,26.68,2.79,0.467,0.507,0.163,0.0183,0.0500
3400,-31.21911,-14.90448,-16.31463,-6.59364,-9.16120,-0.55979,0.9601,76.91,0.0475,26.66,2.79,0.467,0.507,0.163,0.0183,0.0500
3425,-31.24665,-14.91384,-16.33280,-6.61775,-9.16599,-0.54906,0.9636,77.02,0.0476,26.58,2.85,0.466,0.507,0.163,0.0183,0.0500
3450,-31.24456,-14.87304,-16.37152,-6.63515,-9.16709,-0.56927,0.9661,76.91,0.0476,26.60,2.83,0.466,0.506,0.163,0.0183,0.0500
3475,-31.21256,-14.86541,-16.34714,-6.60479,-9.16882,-0.57354,0.9617,75.55,0.0467,26.35,2.89,0.466,0.506,0.163,0.0183,0.0500
3500,-31.17254,-14.85609,-16.31645,-6.59191,-9.16191,-0.56263,0.9598,76.37,0.0472,26.08,3.06,0.465,0.506,0.163,0.0183,0.0500
3525,-31.23689,-14.96545,-16.27144,-6.56800,-9.09766,-0.60578,0.9563,75.85,0.0469,26.58,2.82,0.465,0.506,0.163,0.0183,0.0500
3550,-31.23983,-14.93669,-16.30314,-6.59132,-9.13740,-0.57442,0.9597,75.50,0.0467,26.55,2.83,0.465,0.506,0.163,0.0183,0.0500
3575,-31.22633,-14.86495,-16.36137,-6.60601,-9.17241,-0.58296,0.9619,76.15,0.0471,26.40,2.82,0.464,0.506,0.163,0.0183,0.0500
3600,-31.24204,-14.95316,-16.28889,-6.60410,-9.11778,-0.56701,0.9616,74.27,0.0459,26.40,2.87,0.464,0.506,0.163,0.0183,0.0500
3625,-31.28650,-14.98890,-16.29760,-6.58774,-9.11745,-0.59241,0.9592,73.75,0.0456,26.32,2.88,0.463,0.506,0.163,0.0183,0.0500
3650,-31.36417,-14.98110,-16.38307,-6.61834,-9.20031,-0.56442,0.9637,73.40,0.0454,26.42,2.83,0.463,0.506,0.163,0.0183,0.0500
3675,-31.27266,-14.90767,-16.36499,-6.58955,-9.18628,-0.58916,0.9595,73.24,0.0453,26.34,2.87,0.463,0.506,0.163,0.0183,0.0500
3700,-31.22239,-14.91022,-16.31217,-6.57617,-9.16217,-0.57383,0.9575,74.57,0.0461,26.74,2.68,0.462,0.506,0.163,0.0183,0.0500
3725,-31.32899,-14.98415,-16.34484,-6.59935,-9.17491,-0.57059,0.9609,74.45,0.0460,26.75,2.67,0.462,0.506,0.163,0.0183,0.0500
3750,-31.39613,-15.07334,-16.32278,-6.60943,-9.14173,-0.57162,0.9624,73.04,0.0452,26.82,2.67,0.462,0.506,0.163,0.0183,0.0500
3775,-31.44625,-15.06857,-16.37767,-6.59741,-9.20260,-0.57766,0.9606,53.80,0.0336,26.82,2.65,0.461,0.505,0.163,0.0183,0.0500
3800,-31.39574,-15.03613,-16.35962,-6.61452,-9.17560,-0.56949,0.9631,53.60,0.0335,26.69,2.66,0.461,0.505,0.163,0.0183,0.0500
3825,-31.48196,-15.09619,-16.38577,-6.59786,-9.18244,-0.60547,0.9607,71.95,0.0445,26.80,2.70,0.461,0.505,0.163,0.0183,0.0500
3850,-31.41373,-15.05753,-16.35619,-6.60797,-9.16410,-0.58412,0.9621,53.83,0.0336,26.84,2.66,0.460,0.505,0.163,0.0183,0.0500
3875,-31.52313,-15.16365,-16.35947,-6.60868,-9.16188,-0.58891,0.9622,53.44,0.0334,26.96,2.58,0.460,0.505,0.163,0.0183,0.0500
3900,-31.45948,-15.21430,-16.24518,-6.56403,-9.09597,-0.58517,0.9557,53.62,0.0335,26.84,2.67,0.460,0.505,0.163,0.0183,0.0500
3925,-31.51628,-15.21288,-16.30340,-6.58942,-9.11884,-0.59514,0.9594,52.58,0.0328,26.69,2.74,0.459,0.505,0.163,0.0183,0.0500
3950,-31.49760,-15.15475,-16.34285,-6.60264,-9.13370,-0.60652,0.9614,68.84,0.0426,26.85,2.63,0.459,0.505,0.163,0.0183,0.0500
3975,-31.58165,-15.23771,-16.34394,-6.63259,-9.13395,-0.57740,0.9657,68.70,0.0425,26.70,2.71,0.459,0.505,0.163,0.0183,0.0500
4000,-31.58992,-15.25951,-16.33041,-6.60627,-9.16271,-0.56144,0.9619,53.57,0.0334,26.92,2.60,0.458,0.505,0.155,0.0174,0.0500
4025,-31.57958,-15.26454,-16.31504,-6.60954,-9.13472,-0.57078,0.9624,53.33,0.0333,27.01,2.61,0.458,0.505,0.155,0.0174,0.0500
4050,-31.53753,-15.19093,-16.34660,-6.60115,-9.15978,-0.58568,0.9611,54.21,0.0338,26.70,2.74,0.458,0.505,0.155,0.0174,0.0500
4075,-31.43781,-15.11055,-16.32726,-6.59746,-9.12786,-0.60193,0.9606,49.80,0.0308,26.52,2.84,0.458,0.505,0.155,0.0174,0.0500
4100,-31.61594,-15.28976,-16.32618,-6.58734,-9.17125,-0.56759,0.9591,53.84,0.0336,26.79,2.69,0.457,0.505,0.155,0.0174,0.0500
4125,-31.53693,-15.26098,-16.27594,-6.56703,-9.09075,-0.61816,0.9562,48.70,0.0301,26.46,2.85,0.457,0.505,0.155,0.0174,0.0500
4150,-31.53349,-15.23418,-16.29932,-6.59746,-9.10687,-0.59499,0.9606,50.20,0.0310,26.73,2.69,0.457,0.505,0.155,0.0174,0.0500
4175,-31.53485,-15.22149,-16.31336,-6.59046,-9.11720,-0.60569,0.9596,49.95,0.0309,26.75,2.70,0.457,0.505,0.155,0.0174,0.0500
4200,-31.54464,-15.20690,-16.33774,-6.62131,-9.14367,-0.57276,0.9641,49.37,0.0305,26.73,2.70,0.456,0.505,0.155,0.0174,0.0500
4225,-31.52559,-15.24725,-16.27834,-6.59035,-9.09935,-0.58865,0.9596,59.95,0.0374,26.75,2.71,0.456,0.505,0.155,0.0174,0.0500
4250,-31.55773,-15.24890,-16.30883,-6.60518,-9.11862,-0.58504,0.9617,55.09,0.0344,26.89,2.62,0.456,0.505,0.155,0.0174,0.0500
4275,-31.60063,-15.29431,-16.30632,-6.57588,-9.13205,-0.59839,0.9575,70.60,0.0436,26.57,2.81,0.456,0.505,0.155,0.0174,0.0500
4300,-31.61144,-15.29610,-16.31534,-6.62105,-9.12173,-0.57256,0.9640,70.96,0.0439,26.56,2.83,0.455,0.505,0.155,0.0174,0.0500
4325,-31.66369,-15.30670,-16.35699,-6.62121,-9.16220,-0.57359,0.9641,55.53,0.0347,26.74,2.79,0.455,0.505,0.155,0.0174,0.0500
4350,-31.69837,-15.43340,-16.26497,-6.60345,-9.06140,-0.60011,0.9615,55.78,0.0348,26.65,2.80,0.455,0.505,0.155,0.0174,0.0500
4375,-31.59491,-15.36777,-16.22714,-6.58432,-9.04972,-0.59310,0.9587,55.76,0.0348,26.75,2.80,0.455,0.505,0.155,0.0174,0.0500
4400,-31.69120,-15.37762,-16.31358,-6.59472,-9.11054,-0.60832,0.9602,72.62,0.0449,26.36,3.00,0.454,0.505,0.155,0.0174,0.0500
4425,-31.66419,-15.38549,-16.27870,-6.60114,-9.10458,-0.57299,0.9611,56.42,0.0352,26.72,2.80,0.454,0.505,0.155,0.0174,0.0500
4450,-31.72836,-15.45173,-16.27664,-6.59843,-9.09211,-0.58609,0.9608,56.82,0.0355,26.88,2.70,0.454,0.505,0.155,0.0174,0.0500
4475,-31.71748,-15.40733,-16.31016,-6.60080,-9.11441,-0.59494,0.9611,64.17,0.0400,26.97,2.62,0.453,0.505,0.155,0.0174,0.0500
4500,-31.66163,-15.38423,-16.27740,-6.59008,-9.08896,-0.59836,0.9595,63.88,0.0399,26.77,2.80,0.453,0.505,0.155,0.0174,0.0500
4525,-31.76015,-15.46541,-16.29474,-6.58969,-9.11087,-0.59418,0.9595,64.24,0.0401,26.89,2.71,0.453,0.505,0.155,0.0174,0.0500
4550,-31.68364,-15.40193,-16.28171,-6.59469,-9.10256,-0.58446,0.9602,64.25,0.0401,26.79,2.79,0.453,0.505,0.155,0.0174,0.0500
4575,-31.77159,-15.41018,-16.36142,-6.62027,-9.18332,-0.55783,0.9639,64.30,0.0401,26.70,2.87,0.453,0.505,0.155,0.0174,0.0500
4600,-31.67567,-15.41746,-16.25821,-6.59463,-9.05852,-0.60506,0.9602,63.94,0.0399,26.99,2.74,0.452,0.505,0.155,0.0174,0.0500
4625,-31.63535,-15.35183,-16.28352,-6.60175,-9.10023,-0.58155,0.9612,64.50,0.0402,26.68,2.90,0.452,0.505,0.155,0.0174,0.0500
4650,-31.72960,-15.44963,-16.27997,-6.58426,-9.08006,-0.61565,0.9587,80.49,0.0498,26.79,2.79,0.452,0.505,0.155,0.0174,0.0500
4675,-31.80510,-15.45337,-16.35172,-6.61922,-9.15350,-0.57900,0.9638,65.32,0.0408,26.72,2.83,0.452,0.506,0.155,0.0174,0.0500
4700,-31.78062,-15.44515,-16.33547,-6.63469,-9.12364,-0.57714,0.9660,65.60,0.0409,27.13,2.62,0.451,0.506,0.155,0.0174,0.0500
4725,-31.79650,-15.45006,-16.34644,-6.63250,-9.13729,-0.57665,0.9657,65.23,0.0407,27.14,2.62,0.451,0.506,0.155,0.0174,0.0500
4750,-31.74925,-15.45270,-16.29655,-6.60135,-9.12146,-0.57374,0.9612,65.61,0.0409,27.17,2.61,0.451,0.506,0.155,0.0174,0.0500
4775,-31.77169,-15.42284,-16.34885,-6.60426,-9.12988,-0.61472,0.9616,65.38,0.0408,26.82,2.78,0.451,0.506,0.155,0.0174,0.0500
4800,-31.79845,-15.48886,-16.30958,-6.60237,-9.12003,-0.58718,0.9613,66.43,0.0415,27.27,2.56,0.451,0.506,0.155,0.0174,0.0500
4825,-31.76848,-15.47544,-16.29304,-6.59350,-9.11574,-0.58379,0.9600,65.96,0.0412,27.50,2.46,0.450,0.506,0.155,0.0174,0.0500
4850,-31.74419,-15.48570,-16.25850,-6.56760,-9.10342,-0.58747,0.9563,66.42,0.0414,27.24,2.57,0.450,0.506,0.155,0.0174,0.0500
4875,-31.87562,-15.59833,-16.27730,-6.58895,-9.06896,-0.61938,0.9594,66.40,0.0414,27.20,2.65,0.450,0.506,0.155,0.0174,0.0500
4900,-31.80019,-15.50527,-16.29492,-6.60302,-9.11217,-0.57973,0.9614,66.13,0.0413,27.40,2.50,0.449,0.506,0.155,0.0174,0.0500
4925,-31.79275,-15.50901,-16.28374,-6.57795,-9.08474,-0.62106,0.9578,65.62,0.0409,27.21,2.63,0.449,0.506,0.155,0.0174,0.0500
4950,-31.86790,-15.58843,-16.27947,-6.59839,-9.07788,-0.60319,0.9607,80.02,0.0495,26.94,2.71,0.449,0.506,0.155,0.0174,0.0500
4975,-31.92800,-15.62590,-16.30210,-6.59779,-9.10593,-0.59838,0.9607,79.65,0.0492,26.87,2.69,0.449,0.506,0.155,0.0174,0.0500
5000,-31.88389,-15.54703,-16.33687,-6.61199,-9.12798,-0.59690,0.9627,64.23,0.0401,27.17,2.61,0.448,0.506,0.147,0.0165,0.0500
5025,-31.83904,-15.54417,-16.29487,-6.57528,-9.10681,-0.61278,0.9574,79.07,0.0489,27.15,2.68,0.448,0.506,0.147,0.0165,0.0500
5050,-31.98085,-15.66706,-16.31378,-6.57563,-9.11190,-0.62624,0.9574,80.68,0.0499,27.06,2.68,0.448,0.506,0.147,0.0165,0.0500
5075,-31.89563,-15.57434,-16.32129,-6.61072,-9.10082,-0.60975,0.9625,79.05,0.0489,26.98,2.76,0.448,0.506,0.147,0.0165,0.0500
5100,-31.95556,-15.62019,-16.33537,-6.60638,-9.14280,-0.58619,0.9619,79.59,0.0492,27.05,2.68,0.448,0.506,0.147,0.0165,0.0500
5125,-31.81574,-15.51714,-16.29860,-6.60777,-9.10835,-0.58248,0.9621,78.33,0.0484,26.99,2.69,0.448,0.506,0.147,0.0165,0.0500
5150,-31.86717,-15.53885,-16.32832,-6.59838,-9.14615,-0.58379,0.9607,63.73,0.0398,27.25,2.63,0.448,0.506,0.147,0.0165,0.0500
5175,-31.88918,-15.55876,-16.33042,-6.60825,-9.14661,-0.57557,0.9622,63.61,0.0397,27.30,2.61,0.448,0.505,0.147,0.0165,0.0500
5200,-31.95912,-15.63353,-16.32559,-6.60258,-9.11933,-0.60368,0.9614,63.59,0.0397,27.44,2.50,0.447,0.505,0.147,0.0165,0.0500
5225,-32.04756,-15.68774,-16.35982,-6.62285,-9.14618,-0.59080,0.9643,63.50,0.0396,27.27,2.63,0.447,0.505,0.147,0.0165,0.0500
5250,-31.89781,-15.63553,-16.26228,-6.58208,-9.06742,-0.61277,0.9584,63.56,0.0397,27.04,2.74,0.447,0.505,0.147,0.0165,0.0500
5275,-31.88943,-15.57958,-16.30984,-6.60030,-9.12961,-0.57993,0.9610,63.04,0.0393,27.09,2.77,0.447,0.505,0.147,0.0165,0.0500
5300,-31.96341,-15.60836,-16.35505,-6.63785,-9.14691,-0.57029,0.9665,62.98,0.0393,27.06,2.70,0.447,0.505,0.147,0.0165,0.0500
5325,-31.92356,-15.60278,-16.32078,-6.60355,-9.11012,-0.60710,0.9615,62.92,0.0393,27.25,2.63,0.447,0.505,0.147,0.0165,0.0500
5350,-31.91719,-15.62428,-16.29292,-6.61160,-9.09672,-0.58459,0.9627,78.90,0.0488,27.24,2.61,0.446,0.505,0.147,0.0165,0.0500
5375,-31.92951,-15.61634,-16.31317,-6.57907,-9.11763,-0.61647,0.9579,62.61,0.0391,27.25,2.64,0.446,0.505,0.147,0.0165,0.0500
5400,-31.99035,-15.68390,-16.30645,-6.60233,-9.11724,-0.58688,0.9613,63.16,0.0394,27.40,2.57,0.446,0.505,0.147,0.0165,0.0500
5425,-31.92783,-15.60625,-16.32158,-6.60326,-9.14157,-0.57674,0.9615,62.57,0.0391,27.23,2.63,0.446,0.505,0.147,0.0165,0.0500
5450,-31.94841,-15.64963,-16.29879,-6.60705,-9.10727,-0.58446,0.9620,58.32,0.0360,27.18,2.66,0.446,0.505,0.147,0.0165,0.0500
5475,-31.84204,-15.59056,-16.25148,-6.59756,-9.06470,-0.58922,0.9606,77.25,0.0477,27.10,2.67,0.446,0.505,0.147,0.0165,0.0500
5500,-31.92445,-15.62120,-16.30326,-6.57347,-9.11102,-0.61877,0.9571,57.08,0.0353,27.36,2.58,0.445,0.505,0.147,0.0165,0.0500
5525,-31.98829,-15.64856,-16.33973,-6.61462,-9.14427,-0.58084,0.9631,57.49,0.0355,27.24,2.73,0.445,0.505,0.147,0.0165,0.0500
5550,-32.00934,-15.72499,-16.28435,-6.59611,-9.11064,-0.57759,0.9604,60.57,0.0378,27.14,2.79,0.445,0.505,0.147,0.0165,0.0500
5575,-32.03760,-15.67851,-16.35909,-6.62093,-9.15327,-0.58489,0.9640,59.82,0.0373,27.21,2.72,0.445,0.505,0.147,0.0165,0.0500
5600,-31.94838,-15.63834,-16.31003,-6.59951,-9.11418,-0.59635,0.9609,60.37,0.0377,27.30,2.65,0.445,0.505,0.147,0.0165,0.0500
5625,-32.04556,-15.68694,-16.35862,-6.62700,-9.14417,-0.58745,0.9649,60.99,0.0381,27.28,2.56,0.445,0.505,0.147,0.0165,0.0500
5650,-32.06380,-15.76943,-16.29437,-6.62784,-9.09587,-0.57066,0.9650,61.13,0.0381,27.26,2.59,0.445,0.505,0.147,0.0165,0.0500
5675,-32.11708,-15.75313,-16.36396,-6.61070,-9.14647,-0.60679,0.9625,60.29,0.0376,27.32,2.59,0.444,0.505,0.147,0.0165,0.0500
5700,-32.07757,-15.77098,-16.30659,-6.58441,-9.09447,-0.62771,0.9587,60.33,0.0377,27.25,2.59,0.444,0.505,0.147,0.0165,0.0500
5725,-32.03491,-15.78686,-16.24805,-6.60742,-9.03807,-0.60257,0.9621,60.65,0.0379,26.92,2.72,0.444,0.505,0.147,0.0165,0.0500
5750,-32.03785,-15.77381,-16.26404,-6.58203,-9.07849,-0.60351,0.9584,61.00,0.0381,27.01,2.75,0.444,0.504,0.147,0.0165,0.0500
5775,-32.14552,-15.79475,-16.35078,-6.61149,-9.12506,-0.61422,0.9627,60.84,0.0380,26.93,2.92,0.444,0.504,0.147,0.0165,0.0500
5800,-32.04105,-15.73193,-16.30912,-6.58214,-9.13230,-0.59467,0.9584,60.74,0.0379,27.13,2.79,0.444,0.504,0.147,0.0165,0.0500
5825,-32.02750,-15.80224,-16.22526,-6.57743,-9.04260,-0.60523,0.9577,61.07,0.0381,27.06,2.76,0.443,0.504,0.147,0.0165,0.0500
5850,-32.10397,-15.80864,-16.29533,-6.59394,-9.08972,-0.61168,0.9601,60.83,0.0380,26.88,2.87,0.443,0.504,0.147,0.0165,0.0500
5875,-32.21436,-15.87127,-16.34310,-6.60813,-9.15227,-0.58269,0.9622,60.78,0.0379,27.09,2.72,0.443,0.504,0.147,0.0165,0.0500
5900,-32.10610,-15.82421,-16.28189,-6.59661,-9.05769,-0.62760,0.9605,60.53,0.0378,27.05,2.80,0.443,0.504,0.147,0.0165,0.0500
5925,-32.04661,-15.76047,-16.28614,-6.60724,-9.10086,-0.57804,0.9620,60.67,0.0379,27.12,2.80,0.443,0.504,0.147,0.0165,0.0500
5950,-32.01024,-15.76589,-16.24436,-6.59504,-9.05909,-0.59023,0.9603,60.66,0.0379,27.15,2.77,0.443,0.504,0.147,0.0165,0.0500
5975,-32.06105,-15.79948,-16.26158,-6.59389,-9.08099,-0.58670,0.9601,60.75,0.0379,26.95,2.87,0.442,0.504,0.147,0.0165,0.0500
6000,-32.13908,-15.80780,-16.33128,-6.63164,-9.11460,-0.58504,0.9656,59.30,0.0370,26.88,2.86,0.442,0.504,0.140,0.0157,0.0500
6025,-31.99971,-15.74871,-16.25100,-6.58810,-9.05203,-0.61087,0.9592,58.82,0.0367,27.12,2.80,0.442,0.504,0.140,0.0157,0.0500
6050,-32.03384,-15.72350,-16.31034,-6.61876,-9.11086,-0.58072,0.9637,59.01,0.0368,26.89,2.78,0.442,0.504,0.140,0.0157,0.0500
6075,-31.97196,-15.72966,-16.24230,-6.58613,-9.04665,-0.60952,0.9590,59.38,0.0371,26.90,2.78,0.442,0.504,0.140,0.0157,0.0500
6100,-32.09894,-15.74806,-16.35087,-6.64380,-9.11649,-0.59059,0.9674,59.11,0.0369,27.14,2.69,0.442,0.504,0.140,0.0157,0.0500
6125,-32.04178,-15.71935,-16.32243,-6.62015,-9.10886,-0.59342,0.9639,58.86,0.0367,27.12,2.72,0.442,0.504,0.140,0.0157,0.0500
6150,-32.07624,-15.79914,-16.27710,-6.58752,-9.09426,-0.59532,0.9592,58.96,0.0368,26.64,3.03,0.442,0.504,0.140,0.0157,0.0500
6175,-32.15416,-15.85038,-16.30378,-6.59522,-9.09247,-0.61609,0.9603,58.94,0.0368,26.67,3.04,0.442,0.504,0.140,0.0157,0.0500
6200,-32.18192,-15.89153,-16.29040,-6.60696,-9.06746,-0.61598,0.9620,58.47,0.0365,26.66,3.05,0.442,0.504,0.140,0.0157,0.0500
6225,-32.08486,-15.88565,-16.19921,-6.56291,-8.99748,-0.63882,0.9556,55.76,0.0345,26.53,3.11,0.442,0.504,0.140,0.0157,0.0500
6250,-32.27579,-16.02501,-16.25077,-6.58794,-9.04485,-0.61798,0.9592,59.22,0.0370,26.49,3.11,0.441,0.504,0.140,0.0157,0.0500
6275,-32.33738,-16.05747,-16.27991,-6.59698,-9.07377,-0.60916,0.9605,55.71,0.0344,26.62,3.09,0.441,0.504,0.140,0.0157,0.0500
6300,-32.15975,-15.95372,-16.20603,-6.58418,-9.00523,-0.61662,0.9587,55.39,0.0342,26.70,3.09,0.441,0.504,0.140,0.0157,0.0500
6325,-32.23962,-15.97908,-16.26053,-6.59719,-9.03784,-0.62551,0.9606,55.99,0.0346,26.71,3.10,0.441,0.504,0.140,0.0157,0.0500
6350,-32.27309,-16.01184,-16.26125,-6.60353,-9.06019,-0.59753,0.9615,55.88,0.0345,26.79,3.11,0.441,0.504,0.140,0.0157,0.0500
6375,-32.31587,-16.04190,-16.27396,-6.60492,-9.04821,-0.62084,0.9617,55.74,0.0345,26.79,3.11,0.441,0.504,0.140,0.0157,0.0500
6400,-32.33155,-16.05630,-16.27524,-6.59600,-9.06516,-0.61408,0.9604,55.83,0.0345,26.82,3.06,0.441,0.504,0.140,0.0157,0.0500
6425,-32.24826,-15.98067,-16.26760,-6.58403,-9.05052,-0.63305,0.9587,55.98,0.0346,26.81,3.06,0.441,0.504,0.140,0.0157,0.0500
6450,-32.37563,-16.09123,-16.28440,-6.59327,-9.08786,-0.60328,0.9600,55.90,0.0346,26.77,3.11,0.440,0.505,0.140,0.0157,0.0500
6475,-32.27015,-16.01991,-16.25024,-6.59800,-9.04986,-0.60239,0.9607,56.59,0.0350,26.76,3.05,0.440,0.505,0.140,0.0157,0.0500
6500,-32.31547,-16.08391,-16.23156,-6.58922,-9.03896,-0.60339,0.9594,57.14,0.0353,26.85,3.07,0.440,0.505,0.140,0.0157,0.0500
6525,-32.27495,-16.04396,-16.23099,-6.59314,-9.03184,-0.60601,0.9600,57.15,0.0353,26.86,3.08,0.440,0.505,0.140,0.0157,0.0500
6550,-32.38555,-16.11476,-16.27079,-6.60638,-9.07501,-0.58940,0.9619,57.29,0.0354,26.78,3.08,0.440,0.505,0.140,0.0157,0.0500
6575,-32.42283,-16.14396,-16.27886,-6.58155,-9.08216,-0.61515,0.9583,57.26,0.0354,26.63,3.29,0.440,0.505,0.140,0.0157,0.0500
6600,-32.36843,-16.11258,-16.25586,-6.58685,-9.04690,-0.62211,0.9591,57.71,0.0357,26.96,3.13,0.440,0.505,0.140,0.0157,0.0500
6625,-32.30811,-16.10718,-16.20092,-6.58360,-8.99113,-0.62620,0.9586,57.75,0.0357,26.86,3.21,0.440,0.505,0.140,0.0157,0.0500
6650,-32.36861,-16.09670,-16.27191,-6.61389,-9.06453,-0.59350,0.9630,58.01,0.0358,26.88,3.11,0.440,0.505,0.140,0.0157,0.0500
6675,-32.36240,-16.12006,-16.24233,-6.60527,-9.03914,-0.59792,0.9617,58.20,0.0360,26.99,3.05,0.439,0.505,0.140,0.0157,0.0500
6700,-32.27163,-16.00302,-16.26861,-6.60548,-9.03452,-0.62860,0.9618,58.50,0.0362,26.84,3.14,0.439,0.505,0.140,0.0157,0.0500
6725,-32.37553,-16.04749,-16.32803,-6.61724,-9.09697,-0.61382,0.9635,58.34,0.0361,26.78,3.14,0.439,0.505,0.140,0.0157,0.0500
6750,-32.31419,-16.05862,-16.25557,-6.59883,-9.06132,-0.59543,0.9608,58.60,0.0362,26.83,3.17,0.439,0.505,0.140,0.0157,0.0500
6775,-32.32435,-16.01803,-16.30632,-6.59962,-9.09388,-0.61282,0.9609,58.14,0.0359,26.64,3.16,0.439,0.505,0.140,0.0157,0.0500
6800,-32.41127,-16.12823,-16.28304,-6.62153,-9.06268,-0.59883,0.9641,58.32,0.0360,26.68,3.15,0.439,0.505,0.140,0.0157,0.0500
6825,-32.38446,-16.06215,-16.32231,-6.61229,-9.07013,-0.63989,0.9628,58.29,0.0360,26.70,3.16,0.439,0.505,0.140,0.0157,0.0500
6850,-32.36694,-16.07105,-16.29589,-6.61443,-9.06887,-0.61259,0.9631,58.32,0.0360,26.74,3.10,0.439,0.505,0.140,0.0157,0.0500
6875,-32.44694,-16.11108,-16.33586,-6.62430,-9.11037,-0.60119,0.9645,58.68,0.0363,26.80,3.10,0.438,0.505,0.140,0.0157,0.0500
6900,-32.34157,-16.08233,-16.25924,-6.59203,-9.06435,-0.60286,0.9598,58.35,0.0361,26.63,3.16,0.438,0.505,0.140,0.0157,0.0500
6925,-32.39041,-16.10355,-16.28686,-6.60477,-9.06526,-0.61683,0.9617,58.13,0.0359,26.88,3.08,0.438,0.505,0.140,0.0157,0.0500
6950,-32.43689,-16.09266,-16.34423,-6.61365,-9.14765,-0.58293,0.9630,57.96,0.0358,26.70,3.15,0.438,0.505,0.140,0.0157,0.0500
6975,-32.37046,-16.08246,-16.28800,-6.59815,-9.10044,-0.58941,0.9607,35.48,0.0219,26.52,3.20,0.438,0.505,0.140,0.0157,0.0500
7000,-32.36200,-16.07863,-16.28337,-6.59839,-9.07651,-0.60847,0.9607,79.37,0.0491,26.45,3.16,0.438,0.505,0.133,0.0149,0.0500
7025,-32.37591,-16.08721,-16.28870,-6.60941,-9.09613,-0.58316,0.9624,79.24,0.0490,26.51,3.18,0.438,0.505,0.133,0.0149,0.0500
7050,-32.46802,-16.18048,-16.28754,-6.60765,-9.07243,-0.60746,0.9621,59.31,0.0370,26.77,3.09,0.438,0.505,0.133,0.0149,0.0500
7075,-32.40434,-16.11092,-16.29342,-6.59593,-9.08709,-0.61040,0.9604,58.59,0.0366,26.72,3.11,0.438,0.505,0.133,0.0149,0.0500
7100,-32.39947,-16.16243,-16.23704,-6.60923,-9.02961,-0.59819,0.9623,58.64,0.0366,26.80,3.10,0.438,0.505,0.133,0.0149,0.0500
7125,-32.54107,-16.22247,-16.31860,-6.61020,-9.11707,-0.59133,0.9625,58.95,0.0368,26.73,3.11,0.438,0.505,0.133,0.0149,0.0500
7150,-32.52167,-16.20627,-16.31540,-6.60328,-9.10455,-0.60757,0.9615,59.50,0.0371,26.79,3.11,0.437,0.505,0.133,0.0149,0.0500
7175,-32.53457,-16.21667,-16.31790,-6.61507,-9.10296,-0.59987,0.9632,59.21,0.0370,26.80,3.11,0.437,0.505,0.133,0.0149,0.0500
7200,-32.51326,-16.21863,-16.29462,-6.61718,-9.08640,-0.59104,0.9635,59.82,0.0373,26.72,3.10,0.437,0.505,0.133,0.0149,0.0500
7225,-32.44787,-16.18506,-16.26281,-6.58089,-9.05648,-0.62544,0.9582,60.04,0.0375,26.79,3.11,0.437,0.505,0.133,0.0149,0.0500
7250,-32.53936,-16.27340,-16.26596,-6.60612,-9.06375,-0.59608,0.9619,59.75,0.0373,26.94,2.95,0.437,0.505,0.133,0.0149,0.0500
7275,-32.59385,-16.33705,-16.25680,-6.60040,-9.07944,-0.57696,0.9610,59.84,0.0373,26.77,3.04,0.437,0.505,0.133,0.0149,0.0500
7300,-32.51418,-16.25689,-16.25729,-6.61186,-9.02465,-0.62078,0.9627,59.93,0.0374,26.77,3.03,0.437,0.505,0.133,0.0149,0.0500
7325,-32.51171,-16.22190,-16.28981,-6.61123,-9.09015,-0.58843,0.9626,59.56,0.0372,26.78,3.03,0.437,0.505,0.133,0.0149,0.0500
7350,-32.55406,-16.29330,-16.26077,-6.59701,-9.05733,-0.60642,0.9605,59.28,0.0370,26.79,3.05,0.437,0.504,0.133,0.0149,0.0500
7375,-32.49595,-16.25565,-16.24029,-6.59577,-9.04751,-0.59701,0.9604,59.12,0.0369,26.52,3.17,0.437,0.504,0.133,0.0149,0.0500
7400,-32.54055,-16.24846,-16.29209,-6.61722,-9.05516,-0.61971,0.9635,58.95,0.0368,26.63,3.09,0.437,0.504,0.133,0.0149,0.0500
7425,-32.51453,-16.27281,-16.24172,-6.58639,-9.03582,-0.61951,0.9590,58.63,0.0366,26.89,2.95,0.437,0.504,0.133,0.0149,0.0500
7450,-32.57906,-16.26924,-16.30981,-6.62656,-9.05476,-0.62850,0.9648,58.66,0.0366,26.95,2.87,0.436,0.504,0.133,0.0149,0.0500
7475,-32.65347,-16.39150,-16.26197,-6.59518,-9.06285,-0.60394,0.9603,58.76,0.0367,27.01,2.86,0.436,0.504,0.133,0.0149,0.0500
7500,-32.60017,-16.32182,-16.27835,-6.61490,-9.05936,-0.60410,0.9631,58.59,0.0366,27.01,2.87,0.436,0.504,0.133,0.0149,0.0500
7525,-32.59201,-16.34960,-16.24241,-6.58219,-9.04601,-0.61422,0.9584,58.46,0.0365,27.07,2.86,0.436,0.504,0.133,0.0149,0.0500
7550,-32.59968,-16.33499,-16.26469,-6.60012,-9.03920,-0.62537,0.9610,58.58,0.0366,27.11,2.78,0.436,0.504,0.133,0.0149,0.0500
7575,-32.58317,-16.29593,-16.28724,-6.60951,-9.06526,-0.61247,0.9624,58.72,0.0367,27.12,2.78,0.436,0.504,0.133,0.0149,0.0500
7600,-32.58308,-16.27593,-16.30715,-6.61186,-9.08948,-0.60581,0.9627,59.36,0.0371,27.14,2.66,0.436,0.504,0.133,0.0149,0.0500
7625,-32.57499,-16.29533,-16.27966,-6.59380,-9.05806,-0.62780,0.9601,59.41,0.0371,27.16,2.73,0.436,0.504,0.133,0.0149,0.0500
7650,-32.51331,-16.28626,-16.22705,-6.58563,-9.01697,-0.62445,0.9589,59.32,0.0370,26.94,2.96,0.436,0.504,0.133,0.0149,0.0500
7675,-32.60156,-16.33763,-16.26393,-6.59656,-9.05635,-0.61102,0.9605,59.16,0.0369,26.58,3.13,0.436,0.504,0.133,0.0149,0.0500
7700,-32.64335,-16.33337,-16.30998,-6.62738,-9.06722,-0.61537,0.9650,59.30,0.0370,26.92,3.02,0.436,0.504,0.133,0.0149,0.0500
7725,-32.64232,-16.38217,-16.26015,-6.60043,-9.03704,-0.62268,0.9610,59.23,0.0370,26.59,3.11,0.436,0.504,0.133,0.0149,0.0500
7750,-32.71247,-16.36999,-16.34247,-6.62875,-9.10099,-0.61274,0.9652,59.66,0.0372,26.42,3.21,0.436,0.504,0.133,0.0149,0.0500
7775,-32.73068,-16.44691,-16.28377,-6.58635,-9.06443,-0.63299,0.9590,59.47,0.0371,26.40,3.21,0.436,0.504,0.133,0.0149,0.0500
7800,-32.69850,-16.44165,-16.25684,-6.58194,-9.01881,-0.65610,0.9584,59.81,0.0373,26.58,3.13,0.436,0.504,0.133,0.0149,0.0500
7825,-32.72117,-16.47684,-16.24434,-6.58179,-9.03392,-0.62862,0.9583,59.58,0.0372,26.58,3.14,0.435,0.504,0.133,0.0149,0.0500
7850,-32.63425,-16.44734,-16.18691,-6.59656,-8.99231,-0.59804,0.9605,59.74,0.0373,26.69,3.05,0.435,0.504,0.133,0.0149,0.0500
7875,-32.76268,-16.48571,-16.27697,-6.61047,-9.04982,-0.61668,0.9625,60.02,0.0375,26.53,3.13,0.435,0.504,0.133,0.0149,0.0500
7900,-32.89729,-16.60019,-16.29709,-6.62471,-9.06864,-0.60374,0.9646,60.14,0.0375,26.28,3.29,0.435,0.504,0.133,0.0149,0.0500
7925,-32.78861,-16.47131,-16.31730,-6.61092,-9.06692,-0.63947,0.9626,60.28,0.0376,26.74,3.05,0.435,0.504,0.133,0.0149,0.0500
7950,-32.79481,-16.50696,-16.28785,-6.60792,-9.05495,-0.62498,0.9621,76.80,0.0475,26.59,3.08,0.435,0.504,0.133,0.0149,0.0500
7975,-32.76969,-16.52236,-16.24732,-6.59034,-9.04798,-0.60900,0.9596,60.60,0.0378,26.78,2.97,0.435,0.504,0.133,0.0149,0.0500
8000,-32.86854,-16.55425,-16.31429,-6.60585,-9.09718,-0.61126,0.9618,78.57,0.0486,27.23,2.80,0.435,0.504,0.126,0.0142,0.0500
8025,-32.80036,-16.55142,-16.24894,-6.57309,-9.03240,-0.64345,0.9571,78.00,0.0482,27.13,2.78,0.435,0.504,0.126,0.0142,0.0500
8050,-32.85854,-16.56985,-16.28870,-6.61518,-9.03249,-0.64102,0.9632,78.78,0.0487,26.86,2.93,0.435,0.504,0.126,0.0142,0.0500
8075,-32.81693,-16.59545,-16.22148,-6.58576,-8.99899,-0.63673,0.9589,78.11,0.0483,27.10,2.80,0.435,0.504,0.126,0.0142,0.0500
8100,-32.79244,-16.61722,-16.17522,-6.57366,-8.98266,-0.61889,0.9571,77.13,0.0477,27.22,2.74,0.435,0.504,0.126,0.0142,0.0500
8125,-32.91995,-16.63290,-16.28705,-6.60312,-9.05757,-0.62636,0.9614,77.02,0.0476,26.96,2.92,0.434,0.504,0.126,0.0142,0.0500
8150,-32.88749,-16.62700,-16.26049,-6.59834,-9.04455,-0.61760,0.9607,76.57,0.0473,27.15,2.83,0.434,0.504,0.126,0.0142,0.0500
8175,-32.86059,-16.59781,-16.26279,-6.59783,-9.04301,-0.62194,0.9607,76.65,0.0474,26.85,3.00,0.434,0.504,0.126,0.0142,0.0500
8200,-32.80586,-16.55701,-16.24885,-6.58559,-9.03610,-0.62715,0.9589,76.03,0.0470,26.76,3.08,0.434,0.504,0.126,0.0142,0.0500
8225,-32.85158,-16.60092,-16.25066,-6.59423,-9.03428,-0.62215,0.9601,76.49,0.0473,26.75,3.03,0.434,0.504,0.126,0.0142,0.0500
8250,-32.76558,-16.51675,-16.24883,-6.56047,-9.07078,-0.61758,0.9552,76.07,0.0470,26.57,3.06,0.434,0.504,0.126,0.0142,0.0500
8275,-32.89633,-16.55647,-16.33986,-6.61923,-9.09053,-0.63010,0.9638,76.44,0.0473,26.51,3.09,0.434,0.504,0.126,0.0142,0.0500
8300,-32.84495,-16.51718,-16.32777,-6.62664,-9.08485,-0.61628,0.9649,76.13,0.0471,26.80,2.99,0.434,0.504,0.126,0.0142,0.0500
8325,-32.82388,-16.52388,-16.30000,-6.61028,-9.06090,-0.62883,0.9625,76.86,0.0475,26.76,2.97,0.434,0.504,0.126,0.0142,0.0500
8350,-32.76898,-16.50168,-16.26730,-6.60057,-9.04055,-0.62618,0.9611,77.43,0.0479,26.77,3.03,0.434,0.504,0.126,0.0142,0.0500
8375,-32.80015,-16.56006,-16.24009,-6.59075,-9.02592,-0.62342,0.9596,77.67,0.0480,27.05,2.91,0.434,0.504,0.126,0.0142,0.0500
8400,-32.82279,-16.50692,-16.31587,-6.64245,-9.06332,-0.61009,0.9672,76.84,0.0475,26.79,3.03,0.434,0.504,0.126,0.0142,0.0500
8425,-32.87896,-16.54783,-16.33113,-6.62903,-9.08129,-0.62082,0.9652,77.04,0.0476,26.60,3.15,0.434,0.504,0.126,0.0142,0.0500
8450,-32.77164,-16.55327,-16.21837,-6.56169,-9.01045,-0.64623,0.9554,78.43,0.0485,26.79,2.99,0.434,0.504,0.126,0.0142,0.0500
8475,-32.85525,-16.61054,-16.24472,-6.58170,-9.03691,-0.62611,0.9583,77.59,0.0480,26.70,3.09,0.434,0.504,0.126,0.0142,0.0500
8500,-32.79770,-16.57360,-16.22409,-6.59106,-8.99472,-0.63832,0.9597,77.58,0.0480,26.88,3.02,0.434,0.504,0.126,0.0142,0.0500
8525,-32.82253,-16.57866,-16.24387,-6.58936,-9.02970,-0.62481,0.9594,77.46,0.0479,26.82,3.02,0.434,0.504,0.126,0.0142,0.0500
8550,-32.77925,-16.51668,-16.26258,-6.61636,-9.01984,-0.62637,0.9634,77.35,0.0478,26.86,3.00,0.434,0.504,0.126,0.0142,0.0500
8575,-32.86192,-16.61107,-16.25085,-6.57451,-9.03871,-0.63763,0.9573,77.29,0.0478,26.97,2.95,0.434,0.504,0.126,0.0142,0.0500
8600,-32.95753,-16.69285,-16.26468,-6.59552,-9.04684,-0.62232,0.9603,77.48,0.0479,26.96,2.93,0.434,0.504,0.126,0.0142,0.0500
8625,-32.92455,-16.67176,-16.25279,-6.59934,-9.02032,-0.63313,0.9609,77.46,0.0479,26.77,3.01,0.433,0.504,0.126,0.0142,0.0500
8650,-32.95882,-16.64727,-16.31155,-6.60781,-9.05762,-0.64611,0.9621,78.26,0.0484,26.78,2.97,0.433,0.504,0.126,0.0142,0.0500
8675,-32.94259,-16.68798,-16.25461,-6.60674,-9.03106,-0.61681,0.9620,77.36,0.0478,26.66,3.15,0.433,0.504,0.126,0.0142,0.0500
8700,-33.02029,-16.70374,-16.31656,-6.63425,-9.08357,-0.59873,0.9660,77.06,0.0476,26.66,3.16,0.433,0.504,0.126,0.0142,0.0500
8725,-32.92241,-16.67771,-16.24470,-6.56155,-9.04909,-0.63407,0.9554,76.32,0.0472,26.61,3.16,0.433,0.504,0.126,0.0142,0.0500
8750,-33.01243,-16.71634,-16.29609,-6.60268,-9.04585,-0.64756,0.9614,76.42,0.0473,26.78,3.08,0.433,0.504,0.126,0.0142,0.0500
8775,-32.93446,-16.68387,-16.25060,-6.59850,-9.02040,-0.63170,0.9608,75.47,0.0467,27.04,2.96,0.433,0.504,0.126,0.0142,0.0500
8800,-32.95753,-16.76365,-16.19389,-6.57674,-8.99152,-0.62563,0.9576,75.51,0.0467,26.93,2.95,0.433,0.504,0.126,0.0142,0.0500
8825,-33.05520,-16.79247,-16.26273,-6.60618,-9.03223,-0.62431,0.9619,76.35,0.0472,27.00,2.87,0.433,0.504,0.126,0.0142,0.0500
8850,-33.15217,-16.88484,-16.26733,-6.59797,-9.05388,-0.61548,0.9607,76.37,0.0472,26.68,2.97,0.433,0.504,0.126,0.0142,0.0500
8875,-33.10402,-16.83056,-16.27346,-6.60337,-9.05639,-0.61370,0.9615,77.27,0.0478,26.77,2.89,0.433,0.504,0.126,0.0142,0.0500
8900,-33.10909,-16.82226,-16.28683,-6.60916,-9.06380,-0.61387,0.9623,76.87,0.0475,26.77,2.90,0.433,0.504,0.126,0.0142,0.0500
8925,-33.12868,-16.85730,-16.27138,-6.62294,-9.03600,-0.61245,0.9643,77.15,0.0477,26.61,2.98,0.433,0.504,0.126,0.0142,0.0500
8950,-33.15116,-16.85745,-16.29371,-6.60540,-9.05702,-0.63129,0.9618,76.80,0.0475,26.45,3.08,0.433,0.504,0.126,0.0142,0.0500
8975,-33.14812,-16.91572,-16.23240,-6.59022,-8.98009,-0.66209,0.9596,77.16,0.0477,26.80,2.90,0.433,0.504,0.126,0.0142,0.0500
9000,-33.20441,-16.97628,-16.22813,-6.58806,-9.03076,-0.60930,0.9592,77.13,0.0477,26.81,2.90,0.432,0.504,0.120,0.0135,0.0500
9025,-33.25838,-16.94674,-16.31164,-6.61484,-9.07929,-0.61751,0.9631,77.02,0.0476,26.97,2.83,0.432,0.504,0.120,0.0135,0.0500
9050,-33.09015,-16.84928,-16.24086,-6.59607,-9.01661,-0.62819,0.9604,77.34,0.0478,26.93,2.89,0.432,0.504,0.120,0.0135,0.0500
9075,-32.99671,-16.82011,-16.17660,-6.57279,-8.98153,-0.62228,0.9570,76.79,0.0475,27.13,2.79,0.432,0.504,0.120,0.0135,0.0500
9100,-33.10551,-16.87290,-16.23261,-6.59967,-9.01110,-0.62184,0.9609,76.67,0.0474,26.38,3.11,0.432,0.504,0.120,0.0135,0.0500
9125,-32.98608,-16.81254,-16.17354,-6.58344,-8.96780,-0.62230,0.9586,76.65,0.0474,26.83,2.88,0.432,0.504,0.120,0.0135,0.0500
9150,-33.10633,-16.83581,-16.27052,-6.59193,-9.07413,-0.60446,0.9598,76.23,0.0471,26.75,2.91,0.432,0.504,0.120,0.0135,0.0500
9175,-33.10864,-16.79445,-16.31419,-6.60725,-9.07598,-0.63096,0.9620,75.90,0.0469,26.80,2.99,0.432,0.504,0.120,0.0135,0.0500
9200,-32.88398,-16.65256,-16.23143,-6.60106,-9.00639,-0.62397,0.9611,58.97,0.0368,26.68,2.96,0.432,0.504,0.120,0.0135,0.0500
9225,-32.99574,-16.71937,-16.27637,-6.59326,-9.02446,-0.65865,0.9600,59.13,0.0369,27.05,2.83,0.432,0.504,0.120,0.0135,0.0500
9250,-32.99679,-16.73921,-16.25757,-6.59996,-9.00993,-0.64768,0.9610,58.83,0.0367,26.89,2.92,0.432,0.504,0.120,0.0135,0.0500
9275,-32.93910,-16.70210,-16.23700,-6.57925,-9.01433,-0.64342,0.9580,59.21,0.0370,26.84,2.92,0.432,0.504,0.120,0.0135,0.0500
9300,-32.98145,-16.68054,-16.30091,-6.59881,-9.05241,-0.64969,0.9608,59.19,0.0370,26.96,2.90,0.432,0.504,0.120,0.0135,0.0500
9325,-32.89948,-16.64250,-16.25698,-6.60370,-9.01459,-0.63869,0.9615,58.90,0.0368,27.25,2.75,0.432,0.504,0.120,0.0135,0.0500
9350,-33.04719,-16.79395,-16.25324,-6.60005,-9.04044,-0.61275,0.9610,58.65,0.0366,26.93,2.91,0.432,0.504,0.120,0.0135,0.0500
9375,-33.07009,-16.79191,-16.27818,-6.60354,-9.04808,-0.62656,0.9615,55.83,0.0345,26.86,2.90,0.432,0.504,0.120,0.0135,0.0500
9400,-32.94718,-16.73900,-16.20818,-6.55845,-9.01082,-0.63891,0.9549,56.39,0.0349,26.75,3.00,0.432,0.504,0.120,0.0135,0.0500
9425,-32.96617,-16.72806,-16.23810,-6.60021,-9.01719,-0.62070,0.9610,57.30,0.0354,26.87,2.93,0.432,0.504,0.120,0.0135,0.0500
9450,-33.04594,-16.74433,-16.30161,-6.61454,-9.07816,-0.60890,0.9631,57.11,0.0353,26.75,2.96,0.432,0.504,0.120,0.0135,0.0500
9475,-32.98663,-16.73920,-16.24743,-6.57895,-9.03116,-0.63732,0.9579,56.32,0.0348,26.75,2.97,0.432,0.504,0.120,0.0135,0.0500
9500,-33.03491,-16.79870,-16.23621,-6.59542,-9.02753,-0.61326,0.9603,56.86,0.0352,26.68,3.00,0.432,0.504,0.120,0.0135,0.0500
9525,-33.04479,-16.73037,-16.31442,-6.59982,-9.08439,-0.63020,0.9610,56.47,0.0349,26.74,2.99,0.432,0.504,0.120,0.0135,0.0500
9550,-32.95887,-16.71889,-16.23998,-6.57109,-9.04167,-0.62723,0.9568,57.05,0.0353,26.89,2.88,0.432,0.504,0.120,0.0135,0.0500
9575,-33.06518,-16.80284,-16.26234,-6.59239,-9.03563,-0.63431,0.9599,56.76,0.0351,26.83,2.95,0.432,0.504,0.120,0.0135,0.0500
9600,-33.08043,-16.81822,-16.26221,-6.59331,-9.03669,-0.63221,0.9600,56.52,0.0349,27.06,2.81,0.432,0.504,0.120,0.0135,0.0500
9625,-33.11011,-16.85606,-16.25405,-6.59786,-9.03644,-0.61974,0.9607,56.82,0.0351,27.01,2.83,0.432,0.504,0.120,0.0135,0.0500
9650,-33.27092,-16.96277,-16.30815,-6.60487,-9.03968,-0.66359,0.9617,56.12,0.0347,26.79,2.95,0.432,0.504,0.120,0.0135,0.0500
9675,-33.20195,-16.90895,-16.29300,-6.58839,-9.05950,-0.64512,0.9593,55.75,0.0345,26.91,2.90,0.432,0.504,0.120,0.0135,0.0500
9700,-33.12034,-16.91115,-16.20918,-6.56815,-9.02687,-0.61417,0.9563,55.91,0.0346,26.97,2.88,0.432,0.504,0.120,0.0135,0.0500
9725,-33.06394,-16.77867,-16.28527,-6.60778,-9.03073,-0.64676,0.9621,56.53,0.0349,27.10,2.83,0.432,0.504,0.120,0.0135,0.0500
9750,-33.09972,-16.83860,-16.26112,-6.60728,-9.02584,-0.62800,0.9620,56.42,0.0349,26.87,2.95,0.432,0.504,0.120,0.0135,0.0500
9775,-33.17083,-16.84846,-16.32237,-6.61756,-9.05447,-0.65034,0.9635,55.97,0.0346,26.99,2.88,0.432,0.504,0.120,0.0135,0.0500
9800,-33.15277,-16.87334,-16.27944,-6.61226,-9.04047,-0.62671,0.9628,55.95,0.0346,27.11,2.83,0.432,0.504,0.120,0.0135,0.0500
9825,-33.08133,-16.85769,-16.22364,-6.58764,-9.02334,-0.61267,0.9592,56.45,0.0349,26.89,2.97,0.432,0.504,0.120,0.0135,0.0500
9850,-33.17909,-16.87073,-16.30836,-6.62828,-9.03553,-0.64454,0.9651,56.56,0.0350,26.95,2.90,0.432,0.504,0.120,0.0135,0.0500
9875,-33.10360,-16.85580,-16.24780,-6.60383,-9.01198,-0.63199,0.9615,56.59,0.0350,26.94,2.89,0.432,0.504,0.120,0.0135,0.0500
9900,-33.07747,-16.89719,-16.18028,-6.56194,-8.98527,-0.63308,0.9554,56.54,0.0350,26.99,2.92,0.432,0.504,0.120,0.0135,0.0500
9925,-33.19940,-16.89529,-16.30411,-6.61098,-9.05927,-0.63385,0.9626,56.12,0.0347,26.80,3.00,0.432,0.504,0.120,0.0135,0.0500
9950,-33.17400,-16.89329,-16.28071,-6.60658,-9.04777,-0.62635,0.9619,56.24,0.0348,26.75,2.99,0.432,0.504,0.120,0.0135,0.0500
9975,-33.22240,-16.91621,-16.30619,-6.62403,-9.04955,-0.63261,0.9645,56.83,0.0351,27.03,2.84,0.432,0.504,0.120,0.0135,0.0500
10000,-33.26208,-17.01306,-16.24902,-6.61885,-9.01841,-0.61176,0.9637,56.68,0.0350,26.76,3.00,0.431,0.503,0.114,0.0128,0.0500
10025,-33.27292,-16.99455,-16.27837,-6.59401,-9.02515,-0.65921,0.9601,56.44,0.0349,27.00,2.92,0.431,0.504,0.114,0.0128,0.0500
10050,-33.21523,-16.95763,-16.25761,-6.59232,-9.03414,-0.63115,0.9599,56.31,0.0348,27.01,2.91,0.431,0.504,0.114,0.0128,0.0500
10075,-33.29808,-17.03387,-16.26420,-6.60646,-9.03895,-0.61880,0.9619,56.58,0.0350,26.87,2.92,0.431,0.504,0.114,0.0128,0.0500
10100,-33.40173,-17.18200,-16.21973,-6.57811,-8.99264,-0.64899,0.9578,56.08,0.0347,26.85,2.92,0.431,0.504,0.114,0.0128,0.0500
10125,-33.36548,-17.14398,-16.22151,-6.58430,-8.99959,-0.63761,0.9587,55.66,0.0344,27.00,2.85,0.431,0.504,0.114,0.0128,0.0500
10150,-33.36366,-17.11882,-16.24484,-6.57365,-9.02000,-0.65119,0.9571,55.97,0.0346,26.90,2.93,0.431,0.504,0.114,0.0128,0.0500
10175,-33.33019,-17.09076,-16.23944,-6.57809,-9.00740,-0.65394,0.9578,55.46,0.0343,27.03,2.86,0.431,0.504,0.114,0.0128,0.0500
10200,-33.34636,-17.04270,-16.30366,-6.62455,-9.04573,-0.63338,0.9646,55.79,0.0345,26.93,2.94,0.431,0.504,0.114,0.0128,0.0500
10225,-33.37648,-17.13339,-16.24309,-6.60253,-8.99770,-0.64286,0.9613,56.19,0.0347,26.94,2.95,0.431,0.504,0.114,0.0128,0.0500
10250,-33.41650,-17.12529,-16.29121,-6.60531,-9.04322,-0.64268,0.9618,55.61,0.0344,26.83,3.03,0.431,0.504,0.114,0.0128,0.0500
10275,-33.44700,-17.13057,-16.31643,-6.63258,-9.05118,-0.63267,0.9657,55.79,0.0345,26.75,3.05,0.431,0.504,0.114,0.0128,0.0500
10300,-33.42294,-17.17701,-16.24593,-6.59919,-9.00170,-0.64505,0.9609,55.57,0.0343,26.92,2.98,0.431,0.504,0.114,0.0128,0.0500
10325,-33.60325,-17.32994,-16.27330,-6.61902,-9.02014,-0.63414,0.9637,55.34,0.0342,27.11,2.96,0.431,0.504,0.114,0.0128,0.0500
10350,-33.51632,-17.27701,-16.23931,-6.59315,-9.01590,-0.63026,0.9600,55.32,0.0342,27.04,2.98,0.431,0.504,0.114,0.0128,0.0500
10375,-33.46305,-17.24563,-16.21742,-6.59239,-8.97861,-0.64642,0.9599,55.14,0.0341,27.28,2.89,0.431,0.504,0.114,0.0128,0.0500
10400,-33.40190,-17.21532,-16.18658,-6.58001,-8.98542,-0.62114,0.9581,55.98,0.0346,26.78,3.15,0.431,0.504,0.114,0.0128,0.0500
10425,-33.35730,-17.14852,-16.20878,-6.59133,-8.97568,-0.64177,0.9597,56.70,0.0350,27.19,2.93,0.431,0.504,0.114,0.0128,0.0500
10450,-33.38445,-17.19450,-16.18996,-6.57173,-8.95579,-0.66244,0.9569,56.67,0.0350,27.45,2.85,0.431,0.504,0.114,0.0128,0.0500
10475,-33.48520,-17.23681,-16.24839,-6.60436,-9.00824,-0.63579,0.9616,56.36,0.0348,27.27,2.87,0.431,0.504,0.114,0.0128,0.0500
10500,-33.42172,-17.15202,-16.26971,-6.60127,-9.01411,-0.65432,0.9612,56.22,0.0348,27.15,2.96,0.431,0.504,0.114,0.0128,0.0500
10525,-33.45695,-17.20808,-16.24887,-6.60886,-9.02352,-0.61649,0.9623,56.77,0.0351,27.14,2.98,0.431,0.504,0.114,0.0128,0.0500
10550,-33.40133,-17.15409,-16.24724,-6.59359,-9.00897,-0.64468,0.9600,57.00,0.0352,26.93,3.05,0.431,0.504,0.114,0.0128,0.0500
10575,-33.53746,-17.27560,-16.26186,-6.60174,-9.02911,-0.63101,0.9612,57.32,0.0354,26.94,3.05,0.431,0.504,0.114,0.0128,0.0500
10600,-33.45814,-17.19774,-16.26040,-6.61808,-9.04209,-0.60024,0.9636,57.52,0.0356,27.11,2.98,0.431,0.504,0.114,0.0128,0.0500
10625,-33.42043,-17.20525,-16.21518,-6.58627,-8.98823,-0.64068,0.9590,57.05,0.0353,26.99,3.10,0.431,0.504,0.114,0.0128,0.0500
10650,-33.58875,-17.29066,-16.29810,-6.63117,-9.04792,-0.61901,0.9655,57.62,0.0356,27.04,3.06,0.430,0.504,0.114,0.0128,0.0500
10675,-33.58307,-17.29718,-16.28589,-6.62126,-9.04205,-0.62257,0.9641,57.33,0.0354,27.13,2.92,0.430,0.504,0.114,0.0128,0.0500
10700,-33.48029,-17.24234,-16.23795,-6.61489,-8.98584,-0.63722,0.9631,57.15,0.0353,27.24,2.86,0.430,0.504,0.114,0.0128,0.0500
10725,-33.49679,-17.23840,-16.25839,-6.61582,-9.02023,-0.62234,0.9633,56.92,0.0352,27.14,3.02,0.430,0.504,0.114,0.0128,0.0500
10750,-33.47630,-17.25943,-16.21687,-6.58419,-8.99550,-0.63717,0.9587,56.99,0.0352,27.14,2.99,0.430,0.504,0.114,0.0128,0.0500
10775,-33.44815,-17.25319,-16.19496,-6.59816,-8.97018,-0.62662,0.9607,56.98,0.0352,27.27,2.94,0.430,0.504,0.114,0.0128,0.0500
10800,-33.37342,-17.20517,-16.16825,-6.56919,-8.95410,-0.64497,0.9565,56.56,0.0350,27.34,2.93,0.430,0.504,0.114,0.0128,0.0500
10825,-33.48166,-17.25169,-16.22997,-6.59619,-8.98927,-0.64450,0.9604,56.70,0.0351,27.28,2.93,0.430,0.504,0.114,0.0128,0.0500
10850,-33.45919,-17.21045,-16.24874,-6.60177,-9.00862,-0.63835,0.9612,56.20,0.0347,27.27,2.93,0.430,0.504,0.114,0.0128,0.0500
10875,-33.38122,-17.17664,-16.20458,-6.59882,-8.96943,-0.63633,0.9608,56.18,0.0347,27.27,2.94,0.430,0.504,0.114,0.0128,0.0500
10900,-33.43807,-17.22026,-16.21780,-6.59907,-8.96818,-0.65055,0.9608,56.70,0.0351,27.15,2.99,0.430,0.504,0.114,0.0128,0.0500
10925,-33.47630,-17.20112,-16.27518,-6.62175,-9.03220,-0.62122,0.9641,56.89,0.0352,27.26,2.94,0.430,0.504,0.114,0.0128,0.0500
10950,-33.40535,-17.15828,-16.24707,-6.60311,-9.00040,-0.64356,0.9614,56.47,0.0349,27.27,2.93,0.430,0.504,0.114,0.0128,0.0500
10975,-33.39172,-17.16073,-16.23099,-6.58019,-8.99529,-0.65550,0.9581,56.02,0.0346,27.08,3.01,0.430,0.504,0.114,0.0128,0.0500
11000,-33.51916,-17.26473,-16.25442,-6.58768,-9.01921,-0.64754,0.9592,55.84,0.0345,27.02,3.01,0.430,0.504,0.108,0.0121,0.0500
11025,-33.37265,-17.17808,-16.19456,-6.57137,-8.98769,-0.63550,0.9568,55.25,0.0342,26.72,3.16,0.430,0.504,0.108,0.0121,0.0500
11050,-33.56922,-17.31152,-16.25770,-6.60471,-9.01777,-0.63521,0.9617,54.77,0.0339,26.72,3.17,0.430,0.504,0.108,0.0121,0.0500
11075,-33.53249,-17.23391,-16.29858,-6.60698,-9.06066,-0.63094,0.9620,54.93,0.0340,26.72,3.18,0.430,0.504,0.108,0.0121,0.0500
11100,-33.48307,-17.24940,-16.23367,-6.60282,-8.99089,-0.63996,0.9614,55.09,0.0341,26.71,3.19,0.430,0.504,0.108,0.0121,0.0500
11125,-33.45433,-17.25218,-16.20215,-6.57793,-8.97314,-0.65108,0.9578,55.19,0.0341,26.77,3.19,0.430,0.504,0.108,0.0121,0.0500
11150,-33.48186,-17.28619,-16.19568,-6.57808,-8.99160,-0.62599,0.9578,54.89,0.0339,26.78,3.18,0.430,0.504,0.108,0.0121,0.0500
11175,-33.50200,-17.28539,-16.21661,-6.57779,-8.96482,-0.67399,0.9577,54.18,0.0335,26.70,3.19,0.430,0.504,0.108,0.0121,0.0500
11200,-33.37417,-17.17995,-16.19422,-6.59857,-8.96225,-0.63340,0.9608,54.48,0.0337,26.92,3.09,0.430,0.504,0.108,0.0121,0.0500
11225,-33.47047,-17.18428,-16.28619,-6.59841,-9.05212,-0.63566,0.9607,54.55,0.0337,26.79,3.19,0.430,0.504,0.108,0.0121,0.0500
11250,-33.50938,-17.25158,-16.25780,-6.58770,-8.99816,-0.67193,0.9592,54.48,0.0337,27.01,3.09,0.430,0.504,0.108,0.0121,0.0500
11275,-33.49835,-17.24181,-16.25654,-6.60865,-9.01309,-0.63481,0.9622,53.79,0.0333,26.89,3.16,0.430,0.504,0.108,0.0121,0.0500
11300,-33.46692,-17.25245,-16.21447,-6.59755,-8.97264,-0.64428,0.9606,53.50,0.0331,26.99,3.09,0.431,0.504,0.108,0.0121,0.0500
11325,-33.55064,-17.26286,-16.28778,-6.62027,-9.02691,-0.64060,0.9639,53.41,0.0330,26.82,3.16,0.431,0.504,0.108,0.0121,0.0500
11350,-33.31710,-17.19795,-16.11914,-6.54698,-8.90508,-0.66709,0.9533,53.46,0.0330,26.92,3.09,0.431,0.504,0.108,0.0121,0.0500
11375,-33.57907,-17.33949,-16.23958,-6.59361,-9.01275,-0.63322,0.9600,52.43,0.0324,26.99,3.10,0.431,0.504,0.108,0.0121,0.0500
11400,-33.57067,-17.38033,-16.19034,-6.58252,-8.92912,-0.67869,0.9584,52.19,0.0323,26.87,3.17,0.431,0.504,0.108,0.0121,0.0500
11425,-33.51557,-17.30832,-16.20726,-6.58888,-8.99029,-0.62809,0.9594,52.38,0.0324,26.98,3.09,0.431,0.504,0.108,0.0121,0.0500
11450,-33.50638,-17.26702,-16.23936,-6.58669,-8.99196,-0.66071,0.9590,51.98,0.0321,26.88,3.18,0.431,0.504,0.108,0.0121,0.0500
11475,-33.48341,-17.25554,-16.22787,-6.59009,-8.99916,-0.63862,0.9595,52.11,0.0322,27.00,3.10,0.431,0.504,0.108,0.0121,0.0500
11500,-33.50897,-17.28318,-16.22580,-6.60459,-8.98154,-0.63967,0.9616,52.04,0.0322,27.02,3.09,0.431,0.504,0.108,0.0121,0.0500
11525,-33.55215,-17.29589,-16.25626,-6.60148,-9.01602,-0.63876,0.9612,51.96,0.0321,27.03,3.09,0.431,0.504,0.108,0.0121,0.0500
11550,-33.43626,-17.23298,-16.20329,-6.59185,-8.96595,-0.64549,0.9598,51.59,0.0319,27.06,3.08,0.431,0.504,0.108,0.0121,0.0500
11575,-33.42458,-17.23191,-16.19266,-6.57450,-8.96968,-0.64848,0.9573,51.72,0.0320,26.91,3.14,0.431,0.504,0.108,0.0121,0.0500
11600,-33.42311,-17.23373,-16.18937,-6.56943,-8.96494,-0.65501,0.9565,51.31,0.0317,26.91,3.15,0.431,0.504,0.108,0.0121,0.0500
11625,-33.58474,-17.37345,-16.21129,-6.60060,-8.94921,-0.66148,0.9611,52.08,0.0322,27.06,3.10,0.431,0.504,0.108,0.0121,0.0500
11650,-33.63949,-17.41215,-16.22734,-6.58784,-9.01383,-0.62567,0.9592,51.70,0.0320,27.07,3.10,0.431,0.504,0.108,0.0121,0.0500
11675,-33.58529,-17.30275,-16.28253,-6.63098,-9.00888,-0.64268,0.9655,51.84,0.0320,27.18,3.05,0.431,0.504,0.108,0.0121,0.0500
11700,-33.50935,-17.33161,-16.17774,-6.57100,-8.96992,-0.63682,0.9568,51.97,0.0321,26.97,3.09,0.431,0.504,0.108,0.0121,0.0500
11725,-33.69568,-17.42589,-16.26979,-6.62108,-9.01584,-0.63288,0.9640,51.91,0.0321,26.79,3.23,0.431,0.504,0.108,0.0121,0.0500
11750,-33.64936,-17.42950,-16.21985,-6.59470,-8.97264,-0.65252,0.9602,51.75,0.0320,26.99,3.10,0.431,0.504,0.108,0.0121,0.0500
11775,-33.66441,-17.41093,-16.25348,-6.62614,-8.98665,-0.64069,0.9648,51.05,0.0316,27.03,3.10,0.431,0.504,0.108,0.0121,0.0500
11800,-33.62685,-17.41967,-16.20718,-6.58130,-8.95973,-0.66615,0.9583,50.93,0.0315,27.16,3.02,0.431,0.504,0.108,0.0121,0.0500
11825,-33.62840,-17.40785,-16.22054,-6.60675,-8.99839,-0.61540,0.9620,51.08,0.0316,26.99,3.10,0.431,0.504,0.108,0.0121,0.0500
11850,-33.57972,-17.40662,-16.17310,-6.56776,-8.93617,-0.66917,0.9563,51.56,0.0319,27.10,3.09,0.431,0.504,0.108,0.0121,0.0500
11875,-33.65989,-17.42354,-16.23635,-6.61073,-8.98587,-0.63975,0.9625,51.60,0.0319,27.18,3.04,0.431,0.503,0.108,0.0121,0.0500
11900,-33.55594,-17.29540,-16.26054,-6.60988,-9.00320,-0.64746,0.9624,51.78,0.0320,27.16,3.01,0.431,0.503,0.108,0.0121,0.0500
11925,-33.59795,-17.38869,-16.20926,-6.60364,-8.95744,-0.64817,0.9615,51.84,0.0320,26.92,3.12,0.431,0.503,0.108,0.0121,0.0500
11950,-33.66274,-17.38820,-16.27454,-6.60857,-9.00701,-0.65896,0.9622,51.81,0.0320,27.09,3.15,0.431,0.503,0.108,0.0121,0.0500
11975,-33.71999,-17.42153,-16.29846,-6.62361,-9.03729,-0.63757,0.9644,52.04,0.0322,27.10,3.04,0.431,0.503,0.108,0.0121,0.0500
12000,-33.55397,-17.34521,-16.20876,-6.59568,-8.95877,-0.65431,0.9604,52.50,0.0325,27.07,3.11,0.431,0.503,0.103,0.0115,0.0500
12025,-33.58809,-17.39172,-16.19637,-6.59576,-8.94663,-0.65398,0.9604,53.24,0.0329,27.16,3.05,0.431,0.503,0.103,0.0115,0.0500
12050,-33.61700,-17.44583,-16.17116,-6.59179,-8.95978,-0.61959,0.9598,53.11,0.0328,26.95,3.19,0.431,0.503,0.103,0.0115,0.0500
12075,-33.68990,-17.49035,-16.19955,-6.59188,-8.96992,-0.63776,0.9598,53.02,0.0328,27.14,3.10,0.431,0.503,0.103,0.0115,0.0500
12100,-33.71116,-17.50843,-16.20273,-6.58815,-8.98196,-0.63262,0.9593,53.08,0.0328,26.84,3.27,0.431,0.503,0.103,0.0115,0.0500
12125,-33.70330,-17.43847,-16.26483,-6.62269,-8.99413,-0.64802,0.9643,65.46,0.0405,26.80,3.24,0.431,0.503,0.103,0.0115,0.0500
12150,-33.61464,-17.42804,-16.18660,-6.57217,-8.98239,-0.63204,0.9569,65.14,0.0403,26.85,3.25,0.431,0.503,0.103,0.0115,0.0500
12175,-33.58486,-17.31338,-16.27148,-6.59672,-9.04006,-0.63471,0.9605,52.60,0.0325,27.03,3.19,0.431,0.504,0.103,0.0115,0.0500
12200,-33.52530,-17.37754,-16.14776,-6.57741,-8.96140,-0.60895,0.9577,52.30,0.0323,27.04,3.19,0.431,0.504,0.103,0.0115,0.0500
12225,-33.58244,-17.39875,-16.18369,-6.60327,-8.92715,-0.65328,0.9615,52.39,0.0324,26.91,3.19,0.431,0.504,0.103,0.0115,0.0500
12250,-33.62617,-17.38676,-16.23941,-6.59121,-8.99839,-0.64982,0.9597,63.81,0.0395,27.06,3.19,0.431,0.504,0.103,0.0115,0.0500
12275,-33.56098,-17.42929,-16.13169,-6.56754,-8.91492,-0.64923,0.9563,63.01,0.0390,27.06,3.19,0.431,0.504,0.103,0.0115,0.0500
12300,-33.71682,-17.51751,-16.19930,-6.58966,-8.94576,-0.66388,0.9595,63.26,0.0391,26.86,3.26,0.431,0.504,0.103,0.0115,0.0500
12325,-33.62853,-17.43065,-16.19788,-6.58952,-8.95369,-0.65467,0.9595,63.51,0.0393,26.68,3.33,0.431,0.504,0.103,0.0115,0.0500
12350,-33.69270,-17.48492,-16.20779,-6.61772,-8.95703,-0.63303,0.9636,63.16,0.0391,26.93,3.29,0.431,0.504,0.103,0.0115,0.0500
12375,-33.66839,-17.48948,-16.17890,-6.59037,-8.95534,-0.63320,0.9596,63.03,0.0390,26.82,3.36,0.431,0.504,0.103,0.0115,0.0500
12400,-33.68295,-17.48343,-16.19952,-6.59409,-8.95475,-0.65068,0.9601,63.20,0.0391,27.23,3.24,0.431,0.504,0.103,0.0115,0.0500
12425,-33.64492,-17.47664,-16.16828,-6.58951,-8.92909,-0.64967,0.9595,63.14,0.0390,27.09,3.25,0.431,0.504,0.103,0.0115,0.0500
12450,-33.59518,-17.43395,-16.16122,-6.58404,-8.94754,-0.62964,0.9587,63.51,0.0393,27.16,3.25,0.431,0.504,0.103,0.0115,0.0500
12475,-33.62413,-17.45439,-16.16975,-6.58933,-8.93123,-0.64919,0.9594,62.92,0.0389,27.24,3.26,0.431,0.504,0.103,0.0115,0.0500
12500,-33.70002,-17.46856,-16.23146,-6.60124,-8.97160,-0.65862,0.9612,63.30,0.0391,27.07,3.31,0.431,0.504,0.103,0.0115,0.0500
12525,-33.73044,-17.48830,-16.24215,-6.61615,-8.97762,-0.64837,0.9633,63.12,0.0390,27.05,3.27,0.431,0.504,0.103,0.0115,0.0500
12550,-33.64499,-17.47245,-16.17254,-6.60087,-8.95130,-0.62037,0.9611,62.95,0.0389,27.00,3.29,0.431,0.504,0.103,0.0115,0.0500
12575,-33.66455,-17.50967,-16.15487,-6.56714,-8.94623,-0.64151,0.9562,64.18,0.0397,27.02,3.21,0.431,0.504,0.103,0.0115,0.0500
12600,-33.79401,-17.58855,-16.20546,-6.61456,-8.95755,-0.63335,0.9631,64.85,0.0401,27.34,3.06,0.431,0.504,0.103,0.0115,0.0500
12625,-33.76292,-17.52194,-16.24098,-6.59925,-8.97974,-0.66200,0.9609,64.90,0.0401,27.35,3.08,0.431,0.504,0.103,0.0115,0.0500
12650,-33.73318,-17.52814,-16.20504,-6.59668,-8.95715,-0.65121,0.9605,65.42,0.0404,27.35,3.06,0.431,0.504,0.103,0.0115,0.0500
12675,-33.66017,-17.46342,-16.19675,-6.59671,-8.96046,-0.63958,0.9605,64.66,0.0400,27.07,3.14,0.431,0.504,0.103,0.0115,0.0500
12700,-33.65413,-17.47074,-16.18339,-6.58543,-8.93253,-0.66544,0.9589,64.12,0.0396,27.24,3.10,0.431,0.504,0.103,0.0115,0.0500
12725,-33.69201,-17.48734,-16.20467,-6.60825,-8.95507,-0.64135,0.9622,64.81,0.0401,26.90,3.21,0.431,0.504,0.103,0.0115,0.0500
12750,-33.73030,-17.57467,-16.15563,-6.57282,-8.95086,-0.63195,0.9570,64.04,0.0396,27.19,3.13,0.431,0.504,0.103,0.0115,0.0500
12775,-33.82246,-17.56700,-16.25546,-6.60038,-9.01533,-0.63975,0.9610,63.49,0.0393,27.31,3.18,0.431,0.504,0.103,0.0115,0.0500
12800,-33.82909,-17.59919,-16.22990,-6.61654,-8.98008,-0.63328,0.9634,63.44,0.0392,27.44,3.10,0.431,0.504,0.103,0.0115,0.0500
12825,-33.72260,-17.51714,-16.20546,-6.58345,-8.99718,-0.62482,0.9586,63.27,0.0391,27.30,3.17,0.431,0.504,0.103,0.0115,0.0500
12850,-33.78336,-17.57871,-16.20464,-6.59931,-8.98577,-0.61957,0.9609,63.54,0.0393,27.35,3.19,0.431,0.504,0.103,0.0115,0.0500
12875,-33.84710,-17.60684,-16.24026,-6.60658,-8.99152,-0.64216,0.9619,63.39,0.0392,27.47,3.11,0.431,0.504,0.103,0.0115,0.0500
12900,-33.79182,-17.60778,-16.18403,-6.60067,-8.93521,-0.64815,0.9611,63.05,0.0390,27.47,3.12,0.431,0.504,0.103,0.0115,0.0500
12925,-33.71804,-17.50624,-16.21180,-6.61276,-8.97123,-0.62781,0.9628,63.23,0.0391,27.30,3.18,0.431,0.504,0.103,0.0115,0.0500
12950,-33.80618,-17.58089,-16.22529,-6.59203,-8.94279,-0.69047,0.9598,62.94,0.0389,27.35,3.16,0.431,0.504,0.103,0.0115,0.0500
12975,-33.73355,-17.49819,-16.23536,-6.62047,-8.97760,-0.63730,0.9640,62.60,0.0387,27.30,3.17,0.431,0.504,0.103,0.0115,0.0500
13000,-33.61193,-17.44045,-16.17148,-6.59219,-8.93157,-0.64772,0.9598,62.53,0.0387,27.29,3.17,0.431,0.504,0.098,0.0110,0.0500
13025,-33.73819,-17.53753,-16.20066,-6.58429,-8.94829,-0.66808,0.9587,63.16,0.0391,27.43,3.11,0.431,0.504,0.098,0.0110,0.0500
13050,-33.71251,-17.48932,-16.22319,-6.62347,-8.96266,-0.63707,0.9644,62.62,0.0387,27.01,3.24,0.431,0.504,0.098,0.0110,0.0500
13075,-33.78199,-17.52885,-16.25314,-6.62041,-8.97468,-0.65805,0.9640,61.97,0.0383,27.16,3.28,0.431,0.504,0.098,0.0110,0.0500
13100,-33.65661,-17.49281,-16.16381,-6.56125,-8.95514,-0.64741,0.9553,62.28,0.0385,27.21,3.19,0.432,0.504,0.098,0.0110,0.0500
13125,-33.77799,-17.59199,-16.18600,-6.58330,-8.95468,-0.64802,0.9585,62.66,0.0387,27.03,3.23,0.432,0.504,0.098,0.0110,0.0500
13150,-33.75189,-17.51502,-16.23687,-6.59575,-9.00932,-0.63179,0.9604,63.48,0.0393,26.96,3.23,0.432,0.504,0.098,0.0110,0.0500
13175,-33.84655,-17.56253,-16.28401,-6.61632,-9.03422,-0.63347,0.9634,63.46,0.0392,26.86,3.29,0.432,0.504,0.098,0.0110,0.0500
13200,-33.79443,-17.55402,-16.24041,-6.59857,-8.99924,-0.64260,0.9608,63.75,0.0394,27.09,3.24,0.432,0.504,0.098,0.0110,0.0500
13225,-33.76938,-17.56805,-16.20133,-6.59493,-8.96624,-0.64016,0.9602,62.92,0.0389,27.08,3.24,0.432,0.504,0.098,0.0110,0.0500
13250,-33.85742,-17.64890,-16.20852,-6.60039,-8.94436,-0.66378,0.9610,63.75,0.0394,26.79,3.35,0.432,0.504,0.098,0.0110,0.0500
13275,-33.76328,-17.56242,-16.20086,-6.59745,-8.97431,-0.62910,0.9606,63.07,0.0390,26.91,3.28,0.432,0.504,0.098,0.0110,0.0500
13300,-33.77234,-17.60004,-16.17230,-6.58754,-8.93842,-0.64634,0.9592,63.42,0.0392,27.16,3.23,0.432,0.504,0.098,0.0110,0.0500
13325,-33.84149,-17.66647,-16.17502,-6.55639,-8.96328,-0.65535,0.9546,63.54,0.0393,27.16,3.23,0.432,0.504,0.098,0.0110,0.0500
13350,-33.81968,-17.63111,-16.18856,-6.57096,-8.94761,-0.67000,0.9568,63.17,0.0391,27.01,3.29,0.432,0.504,0.098,0.0110,0.0500
13375,-33.94702,-17.66475,-16.28227,-6.61594,-9.01777,-0.64856,0.9633,63.52,0.0393,27.06,3.32,0.432,0.504,0.098,0.0110,0.0500
13400,-33.85087,-17.66859,-16.18228,-6.59519,-8.94620,-0.64090,0.9603,64.18,0.0397,27.00,3.32,0.432,0.504,0.098,0.0110,0.0500
13425,-33.87906,-17.61472,-16.26434,-6.60760,-9.00916,-0.64758,0.9621,63.67,0.0394,26.85,3.38,0.432,0.504,0.098,0.0110,0.0500
13450,-33.84212,-17.66183,-16.18028,-6.57016,-8.94146,-0.66866,0.9566,62.70,0.0388,27.08,3.32,0.432,0.504,0.098,0.0110,0.0500
13475,-33.88689,-17.64226,-16.24464,-6.62185,-8.96117,-0.66162,0.9642,52.08,0.0322,27.18,3.28,0.432,0.504,0.098,0.0110,0.0500
13500,-33.91470,-17.70271,-16.21199,-6.61651,-8.97658,-0.61891,0.9634,51.70,0.0320,27.17,3.27,0.432,0.504,0.098,0.0110,0.0500
13525,-33.91174,-17.67562,-16.23612,-6.58637,-8.98115,-0.66860,0.9590,51.97,0.0321,27.08,3.19,0.432,0.504,0.098,0.0110,0.0500
13550,-33.98176,-17.75391,-16.22785,-6.60739,-8.98808,-0.63239,0.9621,51.91,0.0321,27.26,3.12,0.432,0.504,0.098,0.0110,0.0500
13575,-34.08840,-17.81738,-16.27102,-6.64626,-8.99839,-0.62638,0.9677,51.46,0.0318,27.20,3.11,0.432,0.504,0.098,0.0110,0.0500
13600,-33.97893,-17.73815,-16.24079,-6.60986,-8.98450,-0.64642,0.9624,51.16,0.0316,27.15,3.11,0.432,0.504,0.098,0.0110,0.0500
13625,-33.88041,-17.70449,-16.17592,-6.60414,-8.92714,-0.64464,0.9616,61.48,0.0380,27.12,3.24,0.432,0.504,0.098,0.0110,0.0500
13650,-33.95778,-17.75608,-16.20170,-6.59766,-8.95709,-0.64695,0.9606,61.60,0.0381,26.93,3.28,0.432,0.504,0.098,0.0110,0.0500
13675,-33.94767,-17.74207,-16.20560,-6.59251,-8.96163,-0.65146,0.9599,61.45,0.0380,27.22,3.17,0.432,0.504,0.098,0.0110,0.0500
13700,-33.92121,-17.65676,-16.26444,-6.61251,-8.99351,-0.65843,0.9628,62.56,0.0387,27.22,3.18,0.433,0.504,0.098,0.0110,0.0500
13725,-33.80309,-17.68916,-16.11393,-6.57741,-8.89456,-0.64196,0.9577,62.03,0.0384,27.05,3.23,0.433,0.504,0.098,0.0110,0.0500
13750,-33.94147,-17.74823,-16.19324,-6.59002,-8.95629,-0.64693,0.9595,62.05,0.0384,27.04,3.27,0.433,0.504,0.098,0.0110,0.0500
13775,-33.89216,-17.72330,-16.16886,-6.60374,-8.92339,-0.64172,0.9615,62.86,0.0389,27.14,3.24,0.433,0.504,0.098,0.0110,0.0500
13800,-33.93004,-17.74531,-16.18473,-6.58568,-8.94263,-0.65643,0.9589,62.55,0.0387,26.97,3.29,0.433,0.504,0.098,0.0110,0.0500
13825,-33.97119,-17.81891,-16.15228,-6.61039,-8.90080,-0.64110,0.9625,62.05,0.0384,26.91,3.30,0.433,0.504,0.098,0.0110,0.0500
13850,-34.04130,-17.78922,-16.25208,-6.62061,-8.97212,-0.65935,0.9640,61.44,0.0380,26.97,3.30,0.433,0.504,0.098,0.0110,0.0500
13875,-33.96606,-17.76601,-16.20005,-6.55892,-8.99145,-0.64969,0.9550,61.75,0.0382,27.14,3.24,0.433,0.504,0.098,0.0110,0.0500
13900,-33.90259,-17.76823,-16.13436,-6.58283,-8.87940,-0.67213,0.9585,41.10,0.0254,26.97,3.33,0.433,0.504,0.098,0.0110,0.0500
13925,-33.99730,-17.80904,-16.18826,-6.56582,-8.96234,-0.66009,0.9560,41.56,0.0257,26.88,3.43,0.433,0.503,0.098,0.0110,0.0500
13950,-33.91711,-17.73990,-16.17721,-6.59706,-8.94356,-0.63660,0.9606,42.14,0.0260,26.85,3.41,0.433,0.503,0.098,0.0110,0.0500
13975,-34.01521,-17.81578,-16.19943,-6.57911,-8.95749,-0.66283,0.9579,42.18,0.0261,26.99,3.42,0.433,0.503,0.098,0.0110,0.0500
14000,-33.95165,-17.80897,-16.14267,-6.57434,-8.93376,-0.63457,0.9572,42.63,0.0263,27.04,3.37,0.433,0.503,0.093,0.0104,0.0500
14025,-33.91097,-17.73083,-16.18014,-6.58684,-8.94180,-0.65150,0.9591,41.62,0.0257,26.97,3.37,0.433,0.503,0.093,0.0104,0.0500
14050,-33.99139,-17.80109,-16.19030,-6.60253,-8.93072,-0.65705,0.9613,60.08,0.0371,27.09,3.35,0.433,0.503,0.093,0.0104,0.0500
14075,-33.93841,-17.79271,-16.14570,-6.57425,-8.91310,-0.65835,0.9572,60.00,0.0371,26.80,3.38,0.433,0.504,0.093,0.0104,0.0500
14100,-33.95818,-17.73719,-16.22098,-6.62371,-8.92371,-0.67357,0.9644,59.37,0.0367,26.91,3.37,0.433,0.504,0.093,0.0104,0.0500
14125,-33.89110,-17.72355,-16.16755,-6.59034,-8.92465,-0.65256,0.9596,59.40,0.0367,27.22,3.31,0.433,0.504,0.093,0.0104,0.0500
14150,-33.86772,-17.67349,-16.19424,-6.59900,-8.94561,-0.64962,0.9608,60.08,0.0371,26.99,3.43,0.433,0.504,0.093,0.0104,0.0500
14175,-33.97589,-17.79776,-16.17813,-6.58798,-8.93296,-0.65720,0.9592,59.94,0.0371,26.94,3.43,0.433,0.504,0.093,0.0104,0.0500
14200,-33.93220,-17.76360,-16.16860,-6.58745,-8.93195,-0.64920,0.9592,59.56,0.0368,27.27,3.24,0.433,0.504,0.093,0.0104,0.0500
14225,-34.00654,-17.81015,-16.19639,-6.60396,-8.93954,-0.65289,0.9616,59.94,0.0371,27.39,3.19,0.433,0.504,0.093,0.0104,0.0500
14250,-33.93885,-17.74683,-16.19202,-6.61955,-8.94924,-0.62323,0.9638,58.53,0.0362,27.33,3.20,0.434,0.504,0.093,0.0104,0.0500
14275,-33.88207,-17.73282,-16.14926,-6.59845,-8.88960,-0.66121,0.9608,58.59,0.0362,27.12,3.31,0.434,0.504,0.093,0.0104,0.0500
14300,-34.05408,-17.85405,-16.20002,-6.59781,-8.96238,-0.63983,0.9607,59.02,0.0365,27.07,3.32,0.434,0.504,0.093,0.0104,0.0500
14325,-34.06262,-17.84592,-16.21670,-6.59849,-8.95603,-0.66218,0.9608,58.93,0.0364,27.13,3.28,0.434,0.504,0.093,0.0104,0.0500
14350,-34.09954,-17.85362,-16.24591,-6.61042,-8.97083,-0.66466,0.9625,59.05,0.0365,26.92,3.36,0.434,0.504,0.093,0.0104,0.0500
14375,-33.98198,-17.80503,-16.17695,-6.58158,-8.94076,-0.65460,0.9583,59.07,0.0365,27.02,3.29,0.434,0.504,0.093,0.0104,0.0500
14400,-34.03019,-17.80055,-16.22964,-6.60478,-8.98985,-0.63501,0.9617,41.30,0.0255,26.96,3.43,0.434,0.504,0.093,0.0104,0.0500
14425,-33.94688,-17.74832,-16.19856,-6.60618,-8.93545,-0.65693,0.9619,41.10,0.0254,27.15,3.29,0.434,0.504,0.093,0.0104,0.0500
14450,-33.95052,-17.80417,-16.14635,-6.58423,-8.91506,-0.64707,0.9587,40.64,0.0251,26.99,3.44,0.434,0.504,0.093,0.0104,0.0500
14475,-34.00666,-17.86304,-16.14362,-6.59070,-8.88530,-0.66762,0.9596,40.97,0.0253,26.93,3.44,0.434,0.504,0.093,0.0104,0.0500
14500,-34.05865,-17.91038,-16.14827,-6.55695,-8.93617,-0.65515,0.9547,40.40,0.0249,27.09,3.34,0.434,0.504,0.093,0.0104,0.0500
14525,-34.07941,-17.85231,-16.22710,-6.62316,-8.96939,-0.63455,0.9644,39.72,0.0245,27.43,3.20,0.434,0.504,0.093,0.0104,0.0500
14550,-34.02320,-17.85599,-16.16721,-6.58714,-8.94506,-0.63501,0.9591,39.79,0.0246,27.02,3.34,0.434,0.504,0.093,0.0104,0.0500
14575,-34.07156,-17.85289,-16.21867,-6.59132,-8.95556,-0.67179,0.9597,40.19,0.0248,27.03,3.41,0.434,0.504,0.093,0.0104,0.0500
14600,-34.05730,-17.86592,-16.19138,-6.60644,-8.92321,-0.66173,0.9619,40.71,0.0251,27.02,3.39,0.434,0.504,0.093,0.0104,0.0500
14625,-34.02470,-17.81950,-16.20520,-6.59741,-8.95169,-0.65610,0.9606,41.08,0.0254,27.15,3.34,0.434,0.504,0.093,0.0104,0.0500
14650,-34.06559,-17.85992,-16.20568,-6.60348,-8.95157,-0.65063,0.9615,40.45,0.0250,27.01,3.39,0.434,0.504,0.093,0.0104,0.0500
14675,-34.02749,-17.87316,-16.15433,-6.57251,-8.91277,-0.66905,0.9570,40.24,0.0248,27.02,3.36,0.434,0.504,0.093,0.0104,0.0500
14700,-34.05993,-17.88595,-16.17397,-6.58873,-8.93877,-0.64647,0.9593,60.12,0.0372,27.13,3.26,0.434,0.504,0.093,0.0104,0.0500
14725,-34.08893,-17.84334,-16.24558,-6.61772,-8.99862,-0.62925,0.9636,40.24,0.0248,27.08,3.32,0.434,0.504,0.093,0.0104,0.0500
14750,-34.02321,-17.82818,-16.19503,-6.60671,-8.95963,-0.62869,0.9620,60.35,0.0373,27.08,3.31,0.435,0.504,0.093,0.0104,0.0500
14775,-34.07604,-17.86233,-16.21370,-6.57044,-8.96893,-0.67433,0.9567,40.36,0.0249,27.20,3.32,0.435,0.504,0.093,0.0104,0.0500
14800,-34.06559,-17.93692,-16.12867,-6.57267,-8.89524,-0.66076,0.9570,60.72,0.0375,27.03,3.37,0.435,0.504,0.093,0.0104,0.0500
14825,-34.08871,-17.92041,-16.16830,-6.59783,-8.91133,-0.65914,0.9607,60.68,0.0375,27.13,3.24,0.435,0.504,0.093,0.0104,0.0500
14850,-34.06031,-17.86745,-16.19286,-6.60959,-8.93401,-0.64926,0.9624,60.51,0.0374,26.78,3.36,0.435,0.504,0.093,0.0104,0.0500
14875,-34.13110,-17.90900,-16.22210,-6.60420,-8.94367,-0.67423,0.9616,60.44,0.0374,27.11,3.25,0.435,0.504,0.093,0.0104,0.0500
14900,-34.08000,-17.84815,-16.23185,-6.60703,-8.94387,-0.68095,0.9620,61.27,0.0379,27.00,3.36,0.435,0.504,0.093,0.0104,0.0500
14925,-34.11310,-17.88939,-16.22371,-6.61886,-8.94163,-0.66323,0.9637,39.44,0.0244,27.19,3.32,0.435,0.504,0.093,0.0104,0.0500
14950,-34.09318,-17.89713,-16.19605,-6.59753,-8.93701,-0.66152,0.9606,39.62,0.0245,26.75,3.48,0.435,0.504,0.093,0.0104,0.0500
14975,-34.13558,-17.93590,-16.19969,-6.61717,-8.94621,-0.63631,0.9635,39.48,0.0244,27.15,3.33,0.435,0.504,0.093,0.0104,0.0500
15000,-34.12132,-17.91101,-16.21032,-6.61386,-8.94622,-0.65024,0.9630,38.82,0.0240,27.33,3.31,0.435,0.504,0.088,0.0099,0.0500
15025,-34.12781,-17.90026,-16.22755,-6.60449,-8.98262,-0.64043,0.9616,38.98,0.0241,27.11,3.39,0.435,0.504,0.088,0.0099,0.0500
15050,-34.05108,-17.88850,-16.16259,-6.57921,-8.90556,-0.67782,0.9580,38.54,0.0238,27.38,3.19,0.435,0.504,0.088,0.0099,0.0500
15075,-34.14089,-17.93320,-16.20768,-6.59400,-8.93979,-0.67389,0.9601,38.18,0.0236,27.06,3.33,0.435,0.504,0.088,0.0099,0.0500
15100,-34.16181,-17.94419,-16.21762,-6.58946,-8.96959,-0.65856,0.9594,38.65,0.0239,27.20,3.22,0.435,0.504,0.088,0.0099,0.0500
15125,-34.07849,-17.82026,-16.25823,-6.63116,-8.96866,-0.65842,0.9655,38.66,0.0239,27.21,3.22,0.435,0.504,0.088,0.0099,0.0500
15150,-34.05432,-17.91991,-16.13440,-6.58279,-8.89613,-0.65548,0.9585,39.17,0.0242,27.22,3.22,0.435,0.504,0.088,0.0099,0.0500
15175,-34.25525,-17.99027,-16.26498,-6.62694,-8.99426,-0.64378,0.9649,39.04,0.0241,27.43,3.12,0.436,0.504,0.088,0.0099,0.0500
15200,-34.04928,-17.91888,-16.13041,-6.60103,-8.86427,-0.66511,0.9611,39.28,0.0242,27.34,3.22,0.436,0.504,0.088,0.0099,0.0500
15225,-34.13518,-17.93798,-16.19719,-6.59879,-8.93797,-0.66043,0.9608,39.25,0.0242,27.05,3.36,0.436,0.504,0.088,0.0099,0.0500
15250,-34.14214,-17.99262,-16.14952,-6.60936,-8.89366,-0.64650,0.9623,38.64,0.0239,26.90,3.43,0.436,0.504,0.088,0.0099,0.0500
15275,-34.07886,-17.89936,-16.17950,-6.59992,-8.92458,-0.65500,0.9610,38.75,0.0239,26.95,3.44,0.436,0.504,0.088,0.0099,0.0500
15300,-34.06515,-17.86285,-16.20229,-6.59669,-8.95021,-0.65539,0.9605,38.60,0.0238,27.15,3.39,0.436,0.504,0.088,0.0099,0.0500
15325,-34.05516,-17.92767,-16.12749,-6.55749,-8.90044,-0.66955,0.9548,39.46,0.0244,27.09,3.35,0.436,0.504,0.088,0.0099,0.0500
15350,-34.12258,-17.93651,-16.18607,-6.60849,-8.96753,-0.61005,0.9622,39.37,0.0243,26.91,3.41,0.436,0.504,0.088,0.0099,0.0500
15375,-34.09284,-17.92687,-16.16597,-6.57471,-8.91669,-0.67457,0.9573,38.53,0.0238,26.79,3.50,0.436,0.504,0.088,0.0099,0.0500
15400,-34.18816,-17.96063,-16.22753,-6.61080,-8.96502,-0.65171,0.9626,39.81,0.0246,26.79,3.50,0.436,0.504,0.088,0.0099,0.0500
15425,-34.23842,-18.05005,-16.18837,-6.59961,-8.92839,-0.66038,0.9609,39.89,0.0246,26.90,3.42,0.436,0.504,0.088,0.0099,0.0500
15450,-34.03885,-17.95035,-16.08850,-6.56139,-8.88326,-0.64385,0.9554,40.10,0.0248,26.90,3.43,0.436,0.504,0.088,0.0099,0.0500
15475,-34.18592,-17.99517,-16.19075,-6.58483,-8.94096,-0.66496,0.9588,40.68,0.0251,27.00,3.33,0.436,0.504,0.088,0.0099,0.0500
15500,-34.19175,-18.02812,-16.16362,-6.58576,-8.91405,-0.66381,0.9589,40.73,0.0251,27.03,3.35,0.436,0.504,0.088,0.0099,0.0500
15525,-34.18589,-17.97986,-16.20603,-6.61091,-8.93160,-0.66351,0.9626,40.57,0.0250,26.85,3.41,0.436,0.504,0.088,0.0099,0.0500
15550,-34.22815,-18.05904,-16.16911,-6.57728,-8.94512,-0.64670,0.9577,41.25,0.0255,26.84,3.41,0.437,0.504,0.088,0.0099,0.0500
15575,-34.26346,-18.04530,-16.21815,-6.61264,-8.93543,-0.67008,0.9628,41.95,0.0259,26.85,3.43,0.437,0.504,0.088,0.0099,0.0500
15600,-34.20789,-18.01822,-16.18967,-6.59651,-8.92940,-0.66376,0.9605,42.25,0.0261,26.91,3.41,0.437,0.504,0.088,0.0099,0.0500
15625,-34.09710,-17.96385,-16.13325,-6.57590,-8.90202,-0.65533,0.9575,41.91,0.0259,26.94,3.42,0.437,0.504,0.088,0.0099,0.0500
15650,-34.20147,-18.07564,-16.12583,-6.56822,-8.90003,-0.65759,0.9564,41.95,0.0259,26.88,3.42,0.437,0.504,0.088,0.0099,0.0500
15675,-34.35602,-18.07965,-16.27637,-6.61598,-8.99558,-0.66481,0.9633,41.25,0.0255,27.07,3.39,0.437,0.504,0.088,0.0099,0.0500
15700,-34.32304,-18.10262,-16.22042,-6.61705,-8.95459,-0.64878,0.9635,41.06,0.0253,27.11,3.38,0.437,0.504,0.088,0.0099,0.0500
15725,-34.32910,-18.14690,-16.18220,-6.60584,-8.93449,-0.64187,0.9618,41.67,0.0257,26.92,3.34,0.437,0.504,0.088,0.0099,0.0500
15750,-34.39581,-18.17840,-16.21741,-6.62104,-8.95575,-0.64062,0.9640,41.69,0.0257,27.15,3.18,0.437,0.504,0.088,0.0099,0.0500
15775,-34.21500,-18.09713,-16.11787,-6.53686,-8.90994,-0.67107,0.9518,40.61,0.0251,26.92,3.34,0.437,0.504,0.088,0.0099,0.0500
15800,-34.28289,-18.07214,-16.21075,-6.61817,-8.93833,-0.65425,0.9636,41.09,0.0254,27.04,3.37,0.437,0.504,0.088,0.0099,0.0500
15825,-34.31577,-18.11921,-16.19656,-6.59658,-8.94553,-0.65446,0.9605,40.65,0.0251,27.08,3.37,0.437,0.504,0.088,0.0099,0.0500
15850,-34.26265,-18.05666,-16.20599,-6.58860,-8.93695,-0.68045,0.9593,40.19,0.0248,27.03,3.37,0.437,0.504,0.088,0.0099,0.0500
15875,-34.23187,-18.09315,-16.13872,-6.56575,-8.91688,-0.65609,0.9560,40.06,0.0247,27.05,3.37,0.437,0.504,0.088,0.0099,0.0500
15900,-34.30361,-18.11518,-16.18843,-6.57304,-8.96334,-0.65205,0.9571,40.18,0.0248,27.06,3.37,0.437,0.504,0.088,0.0099,0.0500
15925,-34.30354,-18.10936,-16.19418,-6.60245,-8.93231,-0.65942,0.9613,40.62,0.0251,26.77,3.47,0.437,0.504,0.088,0.0099,0.0500
15950,-34.27807,-18.11121,-16.16686,-6.57392,-8.93291,-0.66003,0.9572,40.60,0.0251,26.95,3.39,0.437,0.504,0.088,0.0099,0.0500
15975,-34.18432,-18.03482,-16.14950,-6.58756,-8.92422,-0.63772,0.9592,39.91,0.0246,27.04,3.39,0.438,0.504,0.088,0.0099,0.0500
16000,-34.31735,-18.11016,-16.20718,-6.58171,-8.96078,-0.66469,0.9583,39.79,0.0246,27.08,3.40,0.438,0.504,0.084,0.0094,0.0500
16025,-34.23740,-18.06729,-16.17010,-6.59449,-8.92817,-0.64744,0.9602,39.62,0.0245,27.08,3.40,0.438,0.504,0.084,0.0094,0.0500
16050,-34.30963,-18.15295,-16.15668,-6.57834,-8.92019,-0.65814,0.9578,39.78,0.0246,27.02,3.39,0.438,0.504,0.084,0.0094,0.0500
16075,-34.35043,-18.18772,-16.16272,-6.58459,-8.95595,-0.62218,0.9587,38.71,0.0239,27.07,3.38,0.438,0.504,0.084,0.0094,0.0500
16100,-34.43030,-18.19186,-16.23844,-6.62061,-8.95049,-0.66734,0.9640,38.68,0.0239,26.83,3.43,0.438,0.504,0.084,0.0094,0.0500
16125,-34.45891,-18.22453,-16.23438,-6.61987,-8.96321,-0.65130,0.9639,38.38,0.0237,26.95,3.34,0.438,0.504,0.084,0.0094,0.0500
16150,-34.36379,-18.16685,-16.19694,-6.59604,-8.95090,-0.64999,0.9604,38.14,0.0235,27.00,3.38,0.438,0.504,0.084,0.0094,0.0500
16175,-34.29496,-18.15087,-16.14409,-6.57918,-8.90480,-0.66012,0.9579,38.46,0.0237,27.14,3.32,0.438,0.504,0.084,0.0094,0.0500
16200,-34.39210,-18.19998,-16.19211,-6.61443,-8.91204,-0.66565,0.9631,39.11,0.0241,26.97,3.36,0.438,0.504,0.084,0.0094,0.0500
16225,-34.35613,-18.10780,-16.24833,-6.63757,-8.97960,-0.63115,0.9665,38.91,0.0240,27.06,3.37,0.438,0.504,0.084,0.0094,0.0500
16250,-34.33562,-18.09234,-16.24328,-6.61737,-9.00657,-0.61934,0.9635,38.93,0.0240,27.06,3.36,0.438,0.504,0.084,0.0094,0.0500
16275,-34.28418,-18.07944,-16.20474,-6.61422,-8.92255,-0.66797,0.9631,37.51,0.0232,27.07,3.36,0.438,0.504,0.084,0.0094,0.0500
16300,-34.32195,-18.17141,-16.15054,-6.59531,-8.89513,-0.66010,0.9603,37.40,0.0231,27.09,3.38,0.438,0.504,0.084,0.0094,0.0500
16325,-34.32718,-18.13311,-16.19407,-6.58904,-8.94766,-0.65737,0.9594,37.06,0.0229,27.06,3.38,0.438,0.504,0.084,0.0094,0.0500
16350,-34.43094,-18.23007,-16.20087,-6.59173,-8.91103,-0.69811,0.9598,37.32,0.0230,27.06,3.38,0.439,0.504,0.084,0.0094,0.0500
16375,-34.28814,-18.13745,-16.15069,-6.57442,-8.92032,-0.65595,0.9573,37.89,0.0234,26.99,3.39,0.439,0.504,0.084,0.0094,0.0500
16400,-34.41055,-18.20167,-16.20888,-6.60202,-8.94563,-0.66123,0.9613,37.92,0.0234,26.88,3.48,0.439,0.504,0.084,0.0094,0.0500
16425,-34.34210,-18.13717,-16.20493,-6.59476,-8.93617,-0.67400,0.9602,38.25,0.0236,26.68,3.55,0.439,0.504,0.084,0.0094,0.0500
16450,-34.28163,-18.14081,-16.14081,-6.59460,-8.88719,-0.65903,0.9602,38.56,0.0238,26.68,3.55,0.439,0.504,0.084,0.0094,0.0500
16475,-34.39136,-18.17917,-16.21219,-6.59745,-8.98152,-0.63322,0.9606,38.10,0.0235,26.73,3.53,0.439,0.504,0.084,0.0094,0.0500
16500,-34.32379,-18.19020,-16.13359,-6.58545,-8.89694,-0.65120,0.9589,37.52,0.0232,26.95,3.41,0.439,0.504,0.084,0.0094,0.0500
16525,-34.47349,-18.24549,-16.22800,-6.62471,-8.93695,-0.66633,0.9646,37.60,0.0232,26.76,3.44,0.439,0.504,0.084,0.0094,0.0500
16550,-34.49618,-18.29884,-16.19734,-6.59312,-8.94891,-0.65532,0.9600,38.05,0.0235,26.76,3.44,0.439,0.504,0.084,0.0094,0.0500
16575,-34.48152,-18.26461,-16.21691,-6.60580,-8.96418,-0.64693,0.9618,37.65,0.0232,26.97,3.41,0.439,0.504,0.084,0.0094,0.0500
16600,-34.45283,-18.30468,-16.14815,-6.59495,-8.88373,-0.66947,0.9602,59.59,0.0368,26.96,3.38,0.439,0.504,0.084,0.0094,0.0500
16625,-34.37028,-18.22416,-16.14612,-6.59238,-8.88558,-0.66815,0.9599,59.56,0.0368,26.90,3.39,0.439,0.504,0.084,0.0094,0.0500
16650,-34.39663,-18.17962,-16.21701,-6.60161,-8.97181,-0.64359,0.9612,37.38,0.0231,26.71,3.48,0.439,0.504,0.084,0.0094,0.0500
16675,-34.34569,-18.15070,-16.19500,-6.60039,-8.92946,-0.66514,0.9610,37.49,0.0232,26.67,3.57,0.439,0.504,0.084,0.0094,0.0500
16700,-34.35075,-18.22850,-16.12225,-6.57842,-8.87733,-0.66650,0.9578,60.81,0.0376,26.84,3.38,0.439,0.504,0.084,0.0094,0.0500
16725,-34.38388,-18.24344,-16.14044,-6.57253,-8.89395,-0.67395,0.9570,60.44,0.0374,26.83,3.38,0.439,0.504,0.084,0.0094,0.0500
16750,-34.40490,-18.26379,-16.14112,-6.57800,-8.90148,-0.66163,0.9578,59.51,0.0368,26.85,3.38,0.439,0.504,0.084,0.0094,0.0500
16775,-34.42845,-18.22729,-16.20116,-6.61055,-8.93505,-0.65556,0.9625,59.75,0.0369,26.90,3.39,0.440,0.504,0.084,0.0094,0.0500
16800,-34.48999,-18.31305,-16.17694,-6.60457,-8.93520,-0.63718,0.9616,59.46,0.0368,26.83,3.39,0.440,0.504,0.084,0.0094,0.0500
16825,-34.51260,-18.36499,-16.14761,-6.60262,-8.90073,-0.64426,0.9614,38.59,0.0238,26.94,3.42,0.440,0.504,0.084,0.0094,0.0500
16850,-34.50758,-18.31551,-16.19207,-6.61273,-8.92134,-0.65799,0.9628,39.30,0.0243,26.77,3.49,0.440,0.504,0.084,0.0094,0.0500
16875,-34.38383,-18.23059,-16.15324,-6.57814,-8.89748,-0.67762,0.9578,38.87,0.0240,26.85,3.52,0.440,0.504,0.084,0.0094,0.0500
16900,-34.45412,-18.24262,-16.21150,-6.59254,-8.95612,-0.66284,0.9599,38.38,0.0237,26.98,3.47,0.440,0.504,0.084,0.0094,0.0500
16925,-34.33962,-18.19968,-16.13994,-6.57226,-8.86648,-0.70120,0.9569,38.22,0.0236,26.93,3.49,0.440,0.504,0.084,0.0094,0.0500
16950,-34.37794,-18.18557,-16.19237,-6.59760,-8.92018,-0.67458,0.9606,37.17,0.0229,26.93,3.49,0.440,0.504,0.084,0.0094,0.0500
16975,-34.37846,-18.25448,-16.12398,-6.56067,-8.89222,-0.67109,0.9553,36.68,0.0226,26.91,3.47,0.440,0.504,0.084,0.0094,0.0500
17000,-34.50649,-18.33536,-16.17113,-6.61190,-8.89827,-0.66096,0.9627,36.23,0.0224,26.91,3.47,0.440,0.504,0.080,0.0089,0.0500
17025,-34.44772,-18.27570,-16.17202,-6.58998,-8.93550,-0.64654,0.9595,36.32,0.0224,26.95,3.45,0.440,0.504,0.080,0.0089,0.0500
17050,-34.48611,-18.32017,-16.16594,-6.59834,-8.92394,-0.64367,0.9607,36.43,0.0225,27.07,3.39,0.440,0.504,0.080,0.0089,0.0500
17075,-34.43113,-18.30335,-16.12777,-6.59856,-8.87339,-0.65582,0.9608,36.79,0.0227,27.21,3.30,0.440,0.504,0.080,0.0089,0.0500
17100,-34.52746,-18.32670,-16.20076,-6.60878,-8.94378,-0.64820,0.9623,59.70,0.0369,26.99,3.34,0.440,0.504,0.080,0.0089,0.0500
17125,-34.46799,-18.34577,-16.12222,-6.59011,-8.90034,-0.63177,0.9595,59.53,0.0368,26.98,3.34,0.440,0.504,0.080,0.0089,0.0500
17150,-34.49653,-18.32943,-16.16710,-6.59051,-8.91292,-0.66367,0.9596,60.08,0.0371,27.04,3.34,0.440,0.504,0.080,0.0089,0.0500
17175,-34.50870,-18.32842,-16.18028,-6.59159,-8.92813,-0.66055,0.9598,60.20,0.0372,26.95,3.44,0.441,0.504,0.080,0.0089,0.0500
17200,-34.55237,-18.38892,-16.16345,-6.61226,-8.88111,-0.67007,0.9628,59.96,0.0371,27.07,3.36,0.441,0.504,0.080,0.0089,0.0500
17225,-34.57853,-18.36151,-16.21702,-6.60636,-8.95788,-0.65278,0.9619,60.53,0.0374,27.07,3.35,0.441,0.504,0.080,0.0089,0.0500
17250,-34.68717,-18.43951,-16.24767,-6.61647,-8.97311,-0.65808,0.9634,60.71,0.0375,27.08,3.36,0.441,0.504,0.080,0.0089,0.0500
17275,-34.57382,-18.35465,-16.21917,-6.62879,-8.93991,-0.65047,0.9652,60.96,0.0377,27.08,3.37,0.441,0.504,0.080,0.0089,0.0500
17300,-34.54668,-18.39578,-16.15090,-6.57536,-8.90350,-0.67204,0.9574,61.70,0.0381,27.16,3.37,0.441,0.504,0.080,0.0089,0.0500
17325,-34.69689,-18.45073,-16.24616,-6.62283,-8.97781,-0.64553,0.9643,62.17,0.0384,27.11,3.39,0.441,0.504,0.080,0.0089,0.0500
17350,-34.59649,-18.40780,-16.18869,-6.58950,-8.94205,-0.65715,0.9595,62.04,0.0384,27.12,3.38,0.441,0.504,0.080,0.0089,0.0500
17375,-34.48849,-18.32099,-16.16750,-6.60126,-8.90772,-0.65853,0.9612,62.25,0.0385,27.25,3.39,0.441,0.504,0.080,0.0089,0.0500
17400,-34.57696,-18.38436,-16.19260,-6.60541,-8.91750,-0.66969,0.9618,61.88,0.0383,27.26,3.41,0.441,0.504,0.080,0.0089,0.0500
17425,-34.57078,-18.33798,-16.23280,-6.61516,-8.99137,-0.62627,0.9632,62.18,0.0384,26.96,3.56,0.441,0.504,0.080,0.0089,0.0500
17450,-34.49225,-18.34398,-16.14827,-6.58867,-8.89658,-0.66302,0.9593,62.85,0.0389,26.98,3.56,0.441,0.504,0.080,0.0089,0.0500
17475,-34.58681,-18.40319,-16.18362,-6.60349,-8.91375,-0.66638,0.9615,62.73,0.0388,27.29,3.30,0.441,0.504,0.080,0.0089,0.0500
17500,-34.48267,-18.30962,-16.17305,-6.60439,-8.88199,-0.68666,0.9616,62.18,0.0384,27.13,3.39,0.441,0.504,0.080,0.0089,0.0500
17525,-34.59238,-18.37064,-16.22174,-6.60824,-8.95167,-0.66183,0.9622,37.51,0.0232,27.17,3.41,0.442,0.504,0.080,0.0089,0.0500
17550,-34.60820,-18.42830,-16.17990,-6.60831,-8.91526,-0.65633,0.9622,37.74,0.0233,27.03,3.60,0.442,0.504,0.080,0.0089,0.0500
17575,-34.58896,-18.36270,-16.22626,-6.61923,-8.94144,-0.66559,0.9638,37.76,0.0233,26.79,3.69,0.442,0.504,0.080,0.0089,0.0500
17600,-34.50543,-18.40752,-16.09791,-6.57503,-8.86457,-0.65831,0.9573,61.63,0.0381,26.70,3.57,0.442,0.504,0.080,0.0089,0.0500
17625,-34.63762,-18.42899,-16.20863,-6.61569,-8.94429,-0.64865,0.9633,61.33,0.0379,26.96,3.50,0.442,0.504,0.080,0.0089,0.0500
17650,-34.49015,-18.35260,-16.13756,-6.58692,-8.90168,-0.64896,0.9591,60.73,0.0375,27.14,3.42,0.442,0.504,0.080,0.0089,0.0500
17675,-34.59609,-18.43767,-16.15841,-6.58466,-8.90945,-0.66430,0.9587,61.29,0.0379,27.02,3.50,0.442,0.504,0.080,0.0089,0.0500
17700,-34.66013,-18.49368,-16.16645,-6.58294,-8.91680,-0.66671,0.9585,61.40,0.0380,27.01,3.51,0.442,0.504,0.080,0.0089,0.0500
17725,-34.72546,-18.49733,-16.22812,-6.62319,-8.95616,-0.64878,0.9644,60.95,0.0377,27.41,3.35,0.442,0.504,0.080,0.0089,0.0500
17750,-34.56426,-18.41275,-16.15151,-6.57988,-8.89642,-0.67522,0.9580,60.95,0.0377,27.30,3.42,0.442,0.504,0.080,0.0089,0.0500
17775,-34.60735,-18.40901,-16.19834,-6.63316,-8.91093,-0.65424,0.9658,60.91,0.0377,27.18,3.43,0.442,0.504,0.080,0.0089,0.0500
17800,-34.55331,-18.34178,-16.21153,-6.60857,-8.93807,-0.66489,0.9622,61.89,0.0383,26.85,3.57,0.442,0.504,0.080,0.0089,0.0500
17825,-34.59378,-18.39471,-16.19907,-6.61647,-8.94613,-0.63646,0.9634,61.91,0.0383,26.89,3.55,0.442,0.504,0.080,0.0089,0.0500
17850,-34.44757,-18.29195,-16.15562,-6.58758,-8.89339,-0.67465,0.9592,62.29,0.0385,27.00,3.48,0.442,0.504,0.080,0.0089,0.0500
17875,-34.45411,-18.33328,-16.12083,-6.56356,-8.88242,-0.67485,0.9557,61.89,0.0383,26.75,3.55,0.443,0.504,0.080,0.0089,0.0500
17900,-34.48660,-18.33524,-16.15136,-6.57707,-8.89576,-0.67854,0.9576,62.06,0.0384,26.67,3.55,0.443,0.504,0.080,0.0089,0.0500
17925,-34.60369,-18.37923,-16.22446,-6.62512,-8.96084,-0.63850,0.9646,62.46,0.0386,26.77,3.50,0.443,0.504,0.080,0.0089,0.0500
17950,-34.60749,-18.43432,-16.17317,-6.57634,-8.92135,-0.67549,0.9575,62.51,0.0387,26.83,3.48,0.443,0.504,0.080,0.0089,0.0500
17975,-34.70960,-18.53084,-16.17877,-6.59952,-8.94043,-0.63881,0.9609,62.38,0.0386,26.65,3.54,0.443,0.504,0.080,0.0089,0.0500
18000,-34.64619,-18.48971,-16.15648,-6.58580,-8.87707,-0.69360,0.9589,63.18,0.0391,26.84,3.48,0.443,0.504,0.076,0.0085,0.0500
18025,-34.68575,-18.53061,-16.15514,-6.58601,-8.91754,-0.65158,0.9589,63.26,0.0391,26.74,3.57,0.443,0.504,0.076,0.0085,0.0500
18050,-34.50739,-18.42169,-16.08570,-6.54233,-8.87443,-0.66894,0.9526,63.81,0.0395,27.15,3.42,0.443,0.504,0.076,0.0085,0.0500
18075,-34.69703,-18.45600,-16.24104,-6.60492,-8.99081,-0.64531,0.9617,63.85,0.0395,27.22,3.42,0.443,0.504,0.076,0.0085,0.0500
18100,-34.59151,-18.42031,-16.17120,-6.59626,-8.92290,-0.65204,0.9604,63.69,0.0394,27.06,3.49,0.443,0.504,0.076,0.0085,0.0500
18125,-34.55593,-18.42254,-16.13339,-6.57596,-8.89241,-0.66502,0.9575,63.78,0.0394,26.97,3.47,0.443,0.504,0.076,0.0085,0.0500
18150,-34.58332,-18.40802,-16.17529,-6.59375,-8.90445,-0.67709,0.9601,64.17,0.0397,27.15,3.39,0.443,0.504,0.076,0.0085,0.0500
18175,-34.56421,-18.41127,-16.15293,-6.56916,-8.91179,-0.67198,0.9565,63.71,0.0394,26.97,3.47,0.443,0.504,0.076,0.0085,0.0500
18200,-34.63355,-18.42076,-16.21279,-6.59108,-8.97370,-0.64801,0.9597,64.05,0.0396,27.14,3.40,0.444,0.504,0.076,0.0085,0.0500
18225,-34.68254,-18.44077,-16.24177,-6.61528,-8.95856,-0.66793,0.9632,64.16,0.0397,27.12,3.39,0.444,0.504,0.076,0.0085,0.0500
18250,-34.63521,-18.44848,-16.18673,-6.59963,-8.92975,-0.65735,0.9609,63.57,0.0393,27.06,3.39,0.444,0.504,0.076,0.0085,0.0500
18275,-34.63517,-18.48471,-16.15046,-6.59536,-8.90320,-0.65190,0.9603,63.48,0.0392,26.90,3.46,0.444,0.504,0.076,0.0085,0.0500
18300,-34.61147,-18.40860,-16.20287,-6.61029,-8.94900,-0.64357,0.9625,63.37,0.0392,26.70,3.54,0.444,0.504,0.076,0.0085,0.0500
18325,-34.61677,-18.38361,-16.23316,-6.62112,-8.95755,-0.65449,0.9641,64.09,0.0396,27.09,3.41,0.444,0.504,0.076,0.0085,0.0500
18350,-34.78558,-18.53428,-16.25130,-6.60371,-8.97325,-0.67434,0.9615,63.50,0.0393,27.10,3.43,0.444,0.504,0.076,0.0085,0.0500
18375,-34.63777,-18.42838,-16.20939,-6.59700,-8.94391,-0.66848,0.9605,63.55,0.0393,26.93,3.46,0.444,0.504,0.076,0.0085,0.0500
18400,-34.55672,-18.39210,-16.16462,-6.60813,-8.89922,-0.65727,0.9622,63.92,0.0395,27.19,3.42,0.444,0.504,0.076,0.0085,0.0500
18425,-34.53497,-18.36571,-16.16926,-6.57658,-8.91931,-0.67337,0.9576,63.95,0.0395,26.84,3.53,0.444,0.504,0.076,0.0085,0.0500
18450,-34.60914,-18.41264,-16.19650,-6.60580,-8.92613,-0.66456,0.9618,64.39,0.0398,26.95,3.45,0.444,0.504,0.076,0.0085,0.0500
18475,-34.59126,-18.41812,-16.17315,-6.59124,-8.92898,-0.65292,0.9597,64.55,0.0399,26.94,3.45,0.444,0.504,0.076,0.0085,0.0500
18500,-34.62255,-18.43233,-16.19022,-6.60244,-8.92297,-0.66480,0.9613,64.06,0.0396,26.80,3.52,0.445,0.504,0.076,0.0085,0.0500
18525,-34.59281,-18.41891,-16.17390,-6.62509,-8.88438,-0.66443,0.9646,63.79,0.0394,26.88,3.47,0.445,0.504,0.076,0.0085,0.0500
18550,-34.68999,-18.49025,-16.19975,-6.57467,-8.94862,-0.67646,0.9573,64.50,0.0399,26.95,3.47,0.445,0.504,0.076,0.0085,0.0500
18575,-34.61861,-18.43986,-16.17876,-6.59000,-8.91511,-0.67365,0.9595,64.88,0.0401,26.79,3.57,0.445,0.504,0.076,0.0085,0.0500
18600,-34.58116,-18.38501,-16.19615,-6.60243,-8.92327,-0.67046,0.9613,64.70,0.0400,27.03,3.50,0.445,0.504,0.076,0.0085,0.0500
18625,-34.65102,-18.42190,-16.22912,-6.59437,-8.96721,-0.66754,0.9602,64.37,0.0398,26.72,3.57,0.445,0.504,0.076,0.0085,0.0500
18650,-34.63879,-18.44083,-16.19796,-6.61417,-8.92953,-0.65426,0.9630,64.61,0.0400,26.68,3.63,0.445,0.504,0.076,0.0085,0.0500
18675,-34.60859,-18.44033,-16.16826,-6.57729,-8.93799,-0.65298,0.9577,63.94,0.0395,26.96,3.47,0.445,0.504,0.076,0.0085,0.0500
18700,-34.67665,-18.39286,-16.28379,-6.63684,-8.96830,-0.67865,0.9663,64.63,0.0400,26.96,3.47,0.445,0.504,0.076,0.0085,0.0500
18725,-34.64302,-18.50039,-16.14264,-6.57561,-8.92905,-0.63797,0.9574,64.46,0.0399,26.96,3.48,0.445,0.504,0.076,0.0085,0.0500
18750,-34.64202,-18.47846,-16.16356,-6.57404,-8.92605,-0.66347,0.9572,63.62,0.0393,26.72,3.56,0.445,0.504,0.076,0.0085,0.0500
18775,-34.71374,-18.50415,-16.20959,-6.61486,-8.93150,-0.66322,0.9631,63.33,0.0392,26.55,3.64,0.446,0.504,0.076,0.0085,0.0500
18800,-34.65266,-18.48970,-16.16297,-6.60010,-8.88070,-0.68216,0.9610,64.15,0.0397,26.71,3.57,0.446,0.504,0.076,0.0085,0.0500
18825,-34.72806,-18.55175,-16.17631,-6.57991,-8.94276,-0.65364,0.9581,63.91,0.0395,26.64,3.56,0.446,0.504,0.076,0.0085,0.0500
18850,-34.74396,-18.55969,-16.18427,-6.60536,-8.92641,-0.65250,0.9618,63.60,0.0393,26.82,3.49,0.446,0.504,0.076,0.0085,0.0500
18875,-34.67657,-18.50768,-16.16889,-6.59207,-8.93226,-0.64456,0.9598,63.13,0.0390,26.54,3.65,0.446,0.504,0.076,0.0085,0.0500
18900,-34.69708,-18.49980,-16.19728,-6.62271,-8.91806,-0.65652,0.9643,63.06,0.0390,26.71,3.54,0.446,0.504,0.076,0.0085,0.0500
18925,-34.77815,-18.58931,-16.18884,-6.60619,-8.93663,-0.64602,0.9619,63.09,0.0390,26.56,3.65,0.446,0.504,0.076,0.0085,0.0500
18950,-34.67542,-18.56311,-16.11231,-6.57970,-8.87420,-0.65841,0.9580,63.77,0.0394,26.73,3.58,0.446,0.504,0.076,0.0085,0.0500
18975,-34.79892,-18.62978,-16.16913,-6.58468,-8.93560,-0.64886,0.9587,63.24,0.0391,26.79,3.48,0.446,0.504,0.076,0.0085,0.0500
19000,-34.83600,-18.63320,-16.20280,-6.59036,-8.95099,-0.66145,0.9596,63.73,0.0394,26.91,3.45,0.446,0.504,0.079,0.0089,0.0500
19025,-34.80816,-18.57227,-16.23589,-6.61362,-8.97039,-0.65188,0.9630,63.60,0.0393,26.80,3.56,0.446,0.504,0.079,0.0089,0.0500
19050,-34.71998,-18.53060,-16.18937,-6.59359,-8.94153,-0.65425,0.9600,63.03,0.0390,27.00,3.38,0.446,0.504,0.079,0.0089,0.0500
19075,-34.78531,-18.51790,-16.26741,-6.61635,-8.99602,-0.65504,0.9634,63.69,0.0394,26.74,3.57,0.446,0.504,0.079,0.0089,0.0500
19100,-34.70630,-18.49269,-16.21361,-6.58902,-8.95085,-0.67374,0.9594,63.44,0.0392,27.46,3.21,0.446,0.504,0.079,0.0089,0.0500
19125,-34.72243,-18.44844,-16.27399,-6.61502,-8.99993,-0.65904,0.9632,64.11,0.0396,27.35,3.30,0.446,0.504,0.079,0.0089,0.0500
19150,-34.58910,-18.38460,-16.20449,-6.61064,-8.91946,-0.67439,0.9625,63.47,0.0392,27.27,3.31,0.447,0.504,0.079,0.0089,0.0500
19175,-34.68147,-18.48725,-16.19422,-6.60116,-8.92472,-0.66834,0.9611,63.42,0.0392,27.35,3.37,0.447,0.504,0.079,0.0089,0.0500
19200,-34.75594,-18.56705,-16.18889,-6.58977,-8.93195,-0.66717,0.9595,63.27,0.0391,26.99,3.49,0.447,0.504,0.079,0.0089,0.0500
19225,-34.76931,-18.58334,-16.18597,-6.60705,-8.91948,-0.65945,0.9620,63.66,0.0394,27.27,3.36,0.447,0.504,0.079,0.0089,0.0500
19250,-34.77372,-18.57652,-16.19719,-6.61361,-8.93166,-0.65192,0.9630,63.30,0.0391,26.97,3.53,0.447,0.504,0.079,0.0089,0.0500
19275,-34.79176,-18.60615,-16.18561,-6.59091,-8.92468,-0.67002,0.9597,64.15,0.0397,27.01,3.52,0.447,0.504,0.079,0.0089,0.0500
19300,-34.81340,-18.62479,-16.18861,-6.57156,-8.96258,-0.65447,0.9568,63.79,0.0394,27.03,3.53,0.447,0.504,0.079,0.0089,0.0500
19325,-34.75696,-18.56854,-16.18842,-6.56696,-8.94999,-0.67146,0.9562,62.83,0.0389,26.90,3.48,0.447,0.504,0.079,0.0089,0.0500
19350,-34.78778,-18.60507,-16.18272,-6.60520,-8.93534,-0.64218,0.9617,63.05,0.0390,26.68,3.58,0.447,0.504,0.079,0.0089,0.0500
19375,-34.80876,-18.57806,-16.23071,-6.60261,-8.98388,-0.64422,0.9614,61.38,0.0380,26.70,3.60,0.447,0.504,0.079,0.0089,0.0500
19400,-34.59188,-18.48128,-16.11060,-6.58095,-8.86967,-0.65998,0.9582,61.52,0.0380,26.71,3.60,0.447,0.504,0.079,0.0089,0.0500
19425,-34.78680,-18.58683,-16.19996,-6.60293,-8.92852,-0.66852,0.9614,61.78,0.0382,26.54,3.67,0.447,0.504,0.079,0.0089,0.0500
19450,-34.82442,-18.61216,-16.21225,-6.59397,-8.93982,-0.67846,0.9601,61.09,0.0378,26.52,3.68,0.447,0.504,0.079,0.0089,0.0500
19475,-34.73030,-18.54123,-16.18907,-6.60193,-8.92040,-0.66674,0.9613,61.17,0.0378,26.51,3.68,0.447,0.504,0.079,0.0089,0.0500
19500,-34.69136,-18.50772,-16.18364,-6.59968,-8.90022,-0.68374,0.9609,61.81,0.0382,26.53,3.68,0.447,0.504,0.079,0.0089,0.0500
19525,-34.66822,-18.48352,-16.18469,-6.61787,-8.89964,-0.66719,0.9636,62.11,0.0384,26.54,3.68,0.447,0.504,0.079,0.0089,0.0500
19550,-34.75654,-18.53495,-16.22159,-6.61633,-8.96619,-0.63907,0.9634,61.68,0.0381,26.82,3.50,0.447,0.504,0.079,0.0089,0.0500
19575,-34.65427,-18.51350,-16.14077,-6.57048,-8.89572,-0.67457,0.9567,61.73,0.0382,26.83,3.50,0.448,0.504,0.079,0.0089,0.0500
19600,-34.69367,-18.48743,-16.20625,-6.57488,-8.96456,-0.66680,0.9573,61.95,0.0383,26.64,3.58,0.448,0.504,0.079,0.0089,0.0500
19625,-34.70749,-18.55079,-16.15669,-6.58452,-8.91216,-0.66002,0.9587,62.09,0.0384,26.65,3.60,0.448,0.504,0.079,0.0089,0.0500
19650,-34.83623,-18.58697,-16.24926,-6.61149,-8.97983,-0.65794,0.9627,62.38,0.0386,26.76,3.52,0.448,0.504,0.079,0.0089,0.0500
19675,-34.70198,-18.48272,-16.21927,-6.60618,-8.96480,-0.64829,0.9619,62.76,0.0388,26.53,3.68,0.448,0.504,0.079,0.0089,0.0500
19700,-34.81186,-18.56890,-16.24295,-6.60904,-8.98340,-0.65051,0.9623,63.19,0.0391,26.72,3.59,0.448,0.504,0.079,0.0089,0.0500
19725,-34.73869,-18.55496,-16.18373,-6.57909,-8.93899,-0.66564,0.9579,38.53,0.0238,26.52,3.68,0.448,0.504,0.079,0.0089,0.0500
19750,-34.80293,-18.57520,-16.22773,-6.60303,-8.95610,-0.66860,0.9614,38.82,0.0240,26.70,3.61,0.448,0.504,0.079,0.0089,0.0500
19775,-34.72859,-18.59124,-16.13735,-6.58046,-8.89549,-0.66139,0.9581,39.20,0.0242,26.69,3.61,0.448,0.504,0.079,0.0089,0.0500
19800,-34.79488,-18.63520,-16.15968,-6.58427,-8.91373,-0.66169,0.9587,62.92,0.0389,26.40,3.76,0.448,0.504,0.079,0.0089,0.0500
19825,-34.78017,-18.58863,-16.19154,-6.58230,-8.93923,-0.67002,0.9584,63.16,0.0391,26.30,3.84,0.448,0.504,0.079,0.0089,0.0500
19850,-34.81106,-18.61124,-16.19982,-6.59499,-8.93838,-0.66645,0.9603,63.38,0.0392,26.41,3.76,0.448,0.504,0.079,0.0089,0.0500
19875,-34.76396,-18.58461,-16.17935,-6.59257,-8.93830,-0.64847,0.9599,63.41,0.0392,26.28,3.79,0.448,0.504,0.079,0.0089,0.0500
19900,-34.71390,-18.54850,-16.16540,-6.57472,-8.93003,-0.66066,0.9573,63.29,0.0391,26.39,3.72,0.448,0.504,0.079,0.0089,0.0500
19925,-34.89026,-18.66596,-16.22431,-6.62306,-8.94196,-0.65929,0.9643,63.77,0.0394,26.57,3.65,0.448,0.504,0.079,0.0089,0.0500
19950,-34.79768,-18.62540,-16.17229,-6.58533,-8.94005,-0.64690,0.9588,63.08,0.0390,26.46,3.74,0.448,0.504,0.079,0.0089,0.0500
19975,-34.81889,-18.63826,-16.18063,-6.60557,-8.91816,-0.65691,0.9618,63.64,0.0393,26.28,3.83,0.448,0.504,0.079,0.0089,0.0500
20000,-34.89378,-18.69776,-16.19603,-6.60713,-8.94519,-0.64371,0.9620,63.80,0.0394,26.28,3.88,0.449,0.504,0.075,0.0085,0.0500
20025,-34.83793,-18.63832,-16.19961,-6.59539,-8.91414,-0.69008,0.9603,63.36,0.0392,26.17,3.91,0.449,0.504,0.075,0.0085,0.0500
20050,-34.91271,-18.71074,-16.20197,-6.60021,-8.93495,-0.66680,0.9610,63.11,0.0390,26.28,3.85,0.449,0.504,0.075,0.0085,0.0500
20075,-34.79781,-18.65944,-16.13838,-6.58382,-8.90539,-0.64918,0.9586,63.03,0.0390,26.23,3.92,0.449,0.504,0.075,0.0085,0.0500
20100,-34.84632,-18.67068,-16.17564,-6.60922,-8.91651,-0.64991,0.9623,63.03,0.0390,26.56,3.69,0.449,0.504,0.075,0.0085,0.0500
20125,-34.88253,-18.69741,-16.18512,-6.60022,-8.90169,-0.68321,0.9610,63.63,0.0393,26.40,3.77,0.449,0.504,0.075,0.0085,0.0500
20150,-34.78457,-18.59898,-16.18559,-6.58448,-8.93702,-0.66408,0.9587,64.16,0.0397,26.69,3.64,0.449,0.504,0.075,0.0085,0.0500
20175,-34.86054,-18.61995,-16.24059,-6.61095,-8.98543,-0.64422,0.9626,64.35,0.0398,26.73,3.56,0.449,0.504,0.075,0.0085,0.0500
20200,-34.92862,-18.70793,-16.22069,-6.60810,-8.92038,-0.69221,0.9622,63.84,0.0395,26.72,3.56,0.449,0.504,0.075,0.0085,0.0500
20225,-34.91882,-18.73454,-16.18428,-6.60962,-8.90767,-0.66699,0.9624,63.66,0.0394,26.70,3.56,0.449,0.504,0.075,0.0085,0.0500
20250,-34.82724,-18.70652,-16.12071,-6.60674,-8.85035,-0.66362,0.9620,63.22,0.0391,26.83,3.47,0.449,0.504,0.075,0.0085,0.0500
20275,-34.87534,-18.69051,-16.18483,-6.58404,-8.93917,-0.66162,0.9587,62.27,0.0385,26.83,3.47,0.449,0.504,0.075,0.0085,0.0500
20300,-34.83974,-18.66656,-16.17318,-6.60470,-8.92069,-0.64779,0.9617,61.90,0.0383,26.83,3.47,0.449,0.504,0.075,0.0085,0.0500
20325,-34.69104,-18.61471,-16.07632,-6.58885,-8.81005,-0.67743,0.9594,61.75,0.0382,27.11,3.32,0.450,0.504,0.075,0.0085,0.0500
20350,-34.78734,-18.65339,-16.13395,-6.59157,-8.88367,-0.65871,0.9598,61.38,0.0380,26.80,3.48,0.450,0.504,0.075,0.0085,0.0500
20375,-34.82031,-18.61036,-16.20994,-6.61172,-8.93001,-0.66822,0.9627,61.68,0.0381,27.27,3.25,0.450,0.504,0.075,0.0085,0.0500
20400,-34.80870,-18.59288,-16.21583,-6.61381,-8.93107,-0.67095,0.9630,60.88,0.0376,27.16,3.41,0.450,0.504,0.075,0.0085,0.0500
20425,-34.91559,-18.72557,-16.19002,-6.61728,-8.92103,-0.65171,0.9635,60.58,0.0375,27.17,3.28,0.450,0.504,0.075,0.0085,0.0500
20450,-34.96572,-18.72072,-16.24500,-6.62044,-8.94995,-0.67462,0.9640,61.35,0.0379,27.11,3.28,0.450,0.504,0.075,0.0085,0.0500
20475,-34.88119,-18.70405,-16.17715,-6.58295,-8.91911,-0.67508,0.9585,61.54,0.0381,27.28,3.24,0.450,0.504,0.075,0.0085,0.0500
20500,-34.88413,-18.71830,-16.16583,-6.57972,-8.90755,-0.67856,0.9580,61.84,0.0382,27.11,3.42,0.450,0.504,0.075,0.0085,0.0500
20525,-34.91690,-18.72458,-16.19233,-6.59968,-8.91257,-0.68008,0.9609,61.68,0.0381,27.05,3.51,0.450,0.504,0.075,0.0085,0.0500
20550,-34.93335,-18.73407,-16.19928,-6.57380,-8.95376,-0.67172,0.9572,61.54,0.0380,27.16,3.41,0.450,0.504,0.075,0.0085,0.0500
20575,-34.96189,-18.78943,-16.17246,-6.58402,-8.92320,-0.66523,0.9587,61.92,0.0383,26.93,3.57,0.450,0.504,0.075,0.0085,0.0500
20600,-34.90316,-18.78474,-16.11842,-6.58948,-8.85408,-0.67486,0.9594,61.96,0.0383,26.93,3.59,0.450,0.504,0.075,0.0085,0.0500
20625,-34.92836,-18.79155,-16.13681,-6.59841,-8.87882,-0.65958,0.9607,62.65,0.0387,26.79,3.64,0.450,0.504,0.075,0.0085,0.0500
20650,-34.94025,-18.77769,-16.16257,-6.58335,-8.91707,-0.66214,0.9586,62.47,0.0386,26.93,3.45,0.450,0.504,0.075,0.0085,0.0500
20675,-35.00180,-18.82460,-16.17720,-6.62033,-8.89364,-0.66323,0.9639,62.10,0.0384,26.61,3.63,0.450,0.504,0.075,0.0085,0.0500
20700,-35.00913,-18.80891,-16.20022,-6.59976,-8.93894,-0.66152,0.9609,62.09,0.0384,27.23,3.42,0.450,0.504,0.075,0.0085,0.0500
20725,-34.94621,-18.78430,-16.16191,-6.57790,-8.90268,-0.68133,0.9578,61.95,0.0383,27.24,3.43,0.450,0.504,0.075,0.0085,0.0500
20750,-35.00332,-18.83779,-16.16553,-6.60019,-8.92495,-0.64039,0.9610,36.91,0.0228,26.99,3.51,0.450,0.504,0.075,0.0085,0.0500
20775,-35.14764,-18.95851,-16.18913,-6.60003,-8.90190,-0.68720,0.9610,37.09,0.0229,27.12,3.44,0.451,0.504,0.075,0.0085,0.0500
20800,-35.08131,-18.93732,-16.14399,-6.58538,-8.88509,-0.67352,0.9589,37.16,0.0229,26.99,3.39,0.451,0.504,0.075,0.0085,0.0500
20825,-34.98618,-18.87806,-16.10812,-6.61786,-8.84905,-0.64120,0.9636,37.03,0.0229,27.12,3.45,0.451,0.504,0.075,0.0085,0.0500
20850,-34.91349,-18.80253,-16.11096,-6.57773,-8.86651,-0.66672,0.9577,36.90,0.0228,26.99,3.52,0.451,0.504,0.075,0.0085,0.0500
20875,-34.96937,-18.83746,-16.13191,-6.58174,-8.89855,-0.65163,0.9583,36.16,0.0223,27.00,3.53,0.451,0.504,0.075,0.0085,0.0500
20900,-34.98960,-18.83395,-16.15565,-6.60596,-8.89370,-0.65598,0.9618,35.88,0.0222,27.02,3.54,0.451,0.504,0.075,0.0085,0.0500
20925,-34.99611,-18.89404,-16.10207,-6.60039,-8.83531,-0.66638,0.9610,35.23,0.0218,27.07,3.54,0.451,0.504,0.075,0.0085,0.0500
20950,-35.14287,-18.93871,-16.20416,-6.61685,-8.93774,-0.64956,0.9634,35.27,0.0218,27.35,3.37,0.451,0.504,0.075,0.0085,0.0500
20975,-34.93850,-18.80724,-16.13126,-6.59510,-8.88032,-0.65583,0.9603,35.62,0.0220,27.35,3.38,0.451,0.504,0.075,0.0085,0.0500
21000,-34.97986,-18.82787,-16.15199,-6.59101,-8.89330,-0.66767,0.9597,34.98,0.0216,27.18,3.41,0.451,0.504,0.079,0.0089,0.0500
21025,-34.93935,-18.79118,-16.14816,-6.59732,-8.88727,-0.66358,0.9606,35.62,0.0220,27.00,3.50,0.451,0.504,0.079,0.0089,0.0500
21050,-35.04727,-18.85880,-16.18848,-6.59763,-8.90756,-0.68329,0.9606,35.40,0.0219,27.08,3.50,0.451,0.504,0.079,0.0089,0.0500
21075,-35.04728,-18.90006,-16.14721,-6.55753,-8.90382,-0.68587,0.9548,34.87,0.0215,27.13,3.47,0.451,0.504,0.079,0.0089,0.0500
21100,-35.00101,-18.81137,-16.18963,-6.60409,-8.92012,-0.66542,0.9616,33.75,0.0208,27.22,3.39,0.451,0.504,0.079,0.0089,0.0500
21125,-35.07443,-18.92656,-16.14787,-6.60076,-8.87100,-0.67610,0.9611,33.46,0.0207,27.32,3.38,0.451,0.504,0.079,0.0089,0.0500
21150,-35.01812,-18.89379,-16.12432,-6.56812,-8.87832,-0.67788,0.9563,33.79,0.0209,27.19,3.46,0.451,0.504,0.079,0.0089,0.0500
21175,-35.06514,-18.90685,-16.15829,-6.61601,-8.89482,-0.64746,0.9633,61.51,0.0380,27.46,3.29,0.451,0.504,0.079,0.0089,0.0500
21200,-35.09415,-18.89019,-16.20396,-6.59942,-8.94154,-0.66300,0.9609,60.81,0.0376,27.44,3.21,0.451,0.504,0.079,0.0089,0.0500
21225,-35.01495,-18.85220,-16.16275,-6.59472,-8.89396,-0.67407,0.9602,60.69,0.0375,27.27,3.29,0.451,0.504,0.079,0.0089,0.0500
21250,-35.02142,-18.85737,-16.16405,-6.60340,-8.89878,-0.66187,0.9615,60.79,0.0376,27.26,3.27,0.452,0.504,0.079,0.0089,0.0500
21275,-35.10836,-18.92262,-16.18574,-6.60740,-8.92375,-0.65459,0.9621,61.21,0.0378,27.32,3.26,0.452,0.504,0.079,0.0089,0.0500
21300,-35.06605,-18.93045,-16.13560,-6.57665,-8.89321,-0.66574,0.9576,61.56,0.0381,27.34,3.19,0.452,0.504,0.079,0.0089,0.0500
21325,-35.07527,-18.93248,-16.14279,-6.57866,-8.90498,-0.65914,0.9579,61.10,0.0378,27.42,3.19,0.452,0.504,0.079,0.0089,0.0500
21350,-35.08773,-18.91205,-16.17568,-6.60285,-8.91368,-0.65915,0.9614,60.68,0.0375,27.36,3.18,0.452,0.504,0.079,0.0089,0.0500
21375,-35.06593,-18.93980,-16.12612,-6.59136,-8.86788,-0.66689,0.9597,61.50,0.0380,27.32,3.19,0.452,0.504,0.079,0.0089,0.0500
21400,-35.08895,-18.87347,-16.21548,-6.61498,-8.92184,-0.67866,0.9632,61.80,0.0382,27.49,3.16,0.452,0.504,0.079,0.0089,0.0500
21425,-34.94052,-18.85027,-16.09025,-6.56224,-8.84398,-0.68403,0.9555,35.20,0.0217,27.34,3.25,0.452,0.504,0.079,0.0089,0.0500
21450,-35.07046,-18.86237,-16.20809,-6.60715,-8.93317,-0.66777,0.9620,34.79,0.0215,27.41,3.25,0.452,0.504,0.079,0.0089,0.0500
21475,-35.13746,-18.92415,-16.21332,-6.62858,-8.94236,-0.64237,0.9651,34.20,0.0211,27.57,3.19,0.452,0.504,0.079,0.0089,0.0500
21500,-35.15338,-18.95672,-16.19666,-6.61468,-8.92258,-0.65941,0.9631,62.22,0.0385,27.38,3.23,0.452,0.504,0.079,0.0089,0.0500
21525,-35.11873,-18.94194,-16.17680,-6.59415,-8.93570,-0.64694,0.9601,61.78,0.0382,27.33,3.22,0.452,0.504,0.079,0.0089,0.0500
21550,-35.10722,-18.94348,-16.16374,-6.58975,-8.90874,-0.66525,0.9595,61.61,0.0381,27.32,3.23,0.452,0.504,0.079,0.0089,0.0500
21575,-35.14268,-18.97907,-16.16361,-6.59527,-8.91002,-0.65831,0.9603,61.43,0.0380,27.38,3.23,0.452,0.504,0.079,0.0089,0.0500
21600,-35.22197,-19.01088,-16.21109,-6.59545,-8.96597,-0.64967,0.9603,61.04,0.0377,27.37,3.23,0.452,0.504,0.079,0.0089,0.0500
21625,-35.18919,-19.02263,-16.16656,-6.58496,-8.91032,-0.67128,0.9588,61.26,0.0379,27.46,3.14,0.452,0.504,0.079,0.0089,0.0500
21650,-35.12368,-18.96867,-16.15501,-6.61384,-8.88071,-0.66046,0.9630,61.03,0.0377,27.31,3.22,0.452,0.504,0.079,0.0089,0.0500
21675,-35.30708,-19.05923,-16.24784,-6.63408,-8.94512,-0.66864,0.9659,61.27,0.0379,27.48,3.18,0.452,0.504,0.079,0.0089,0.0500
21700,-35.18219,-18.99671,-16.18548,-6.59527,-8.92045,-0.66976,0.9603,60.79,0.0376,27.04,3.47,0.452,0.504,0.079,0.0089,0.0500
21725,-35.20075,-19.04718,-16.15358,-6.57998,-8.91503,-0.65856,0.9581,60.97,0.0377,27.13,3.41,0.452,0.504,0.079,0.0089,0.0500
21750,-35.27532,-19.07396,-16.20136,-6.61471,-8.93177,-0.65487,0.9631,35.50,0.0219,27.32,3.32,0.452,0.504,0.079,0.0089,0.0500
21775,-35.28404,-19.09519,-16.18885,-6.62106,-8.91103,-0.65675,0.9640,35.83,0.0221,27.84,3.09,0.453,0.504,0.079,0.0089,0.0500
21800,-35.31705,-19.13982,-16.17723,-6.59500,-8.92077,-0.66146,0.9603,36.38,0.0225,27.45,3.26,0.453,0.504,0.079,0.0089,0.0500
21825,-35.23400,-19.10748,-16.12653,-6.59117,-8.86233,-0.67302,0.9597,36.07,0.0223,27.66,3.13,0.453,0.504,0.079,0.0089,0.0500
21850,-35.29804,-19.12624,-16.17180,-6.59380,-8.89487,-0.68313,0.9601,59.81,0.0370,27.36,3.16,0.453,0.504,0.079,0.0089,0.0500
21875,-35.36639,-19.14607,-16.22031,-6.61243,-8.94760,-0.66029,0.9628,37.01,0.0229,27.43,3.21,0.453,0.504,0.079,0.0089,0.0500
21900,-35.32177,-19.13138,-16.19039,-6.60224,-8.92058,-0.66756,0.9613,58.91,0.0364,27.67,3.12,0.453,0.504,0.079,0.0089,0.0500
21925,-35.24276,-19.10769,-16.13507,-6.54512,-8.88923,-0.70072,0.9530,58.49,0.0362,27.55,3.14,0.453,0.504,0.079,0.0089,0.0500
21950,-35.35465,-19.16681,-16.18784,-6.60068,-8.91645,-0.67072,0.9611,58.47,0.0361,27.36,3.22,0.453,0.504,0.079,0.0089,0.0500
21975,-35.26625,-19.14602,-16.12023,-6.58340,-8.87526,-0.66157,0.9586,57.70,0.0357,27.03,3.39,0.453,0.504,0.079,0.0089,0.0500
22000,-35.35486,-19.18589,-16.16897,-6.59622,-8.92865,-0.64410,0.9604,58.06,0.0359,27.03,3.39,0.453,0.504,0.075,0.0084,0.0500
22025,-35.36342,-19.20231,-16.16111,-6.60356,-8.91133,-0.64622,0.9615,57.76,0.0357,27.15,3.34,0.453,0.504,0.075,0.0084,0.0500
22050,-35.30122,-19.13353,-16.16769,-6.61639,-8.89514,-0.65616,0.9634,57.87,0.0358,27.15,3.35,0.453,0.504,0.075,0.0084,0.0500
22075,-35.28467,-19.12375,-16.16092,-6.59039,-8.90591,-0.66463,0.9596,58.08,0.0359,26.98,3.42,0.453,0.504,0.075,0.0084,0.0500
22100,-35.34163,-19.18020,-16.16143,-6.59993,-8.90006,-0.66144,0.9610,57.98,0.0358,27.09,3.32,0.453,0.504,0.075,0.0084,0.0500
22125,-35.32406,-19.14962,-16.17444,-6.59373,-8.90507,-0.67564,0.9601,57.64,0.0356,27.15,3.34,0.453,0.504,0.075,0.0084,0.0500
22150,-35.33632,-19.14467,-16.19165,-6.61161,-8.93005,-0.64999,0.9627,57.55,0.0356,27.05,3.42,0.453,0.504,0.075,0.0084,0.0500
22175,-35.26978,-19.12526,-16.14452,-6.58326,-8.89601,-0.66524,0.9585,57.09,0.0353,27.11,3.42,0.453,0.504,0.075,0.0084,0.0500
22200,-35.29550,-19.16663,-16.12888,-6.59412,-8.85236,-0.68240,0.9601,56.98,0.0352,26.96,3.42,0.453,0.504,0.075,0.0084,0.0500
22225,-35.30329,-19.16448,-16.13881,-6.57340,-8.89648,-0.66893,0.9571,57.11,0.0353,27.08,3.34,0.453,0.504,0.075,0.0084,0.0500
22250,-35.37986,-19.25169,-16.12817,-6.60090,-8.86308,-0.66419,0.9611,57.94,0.0358,27.07,3.34,0.453,0.504,0.075,0.0084,0.0500
22275,-35.40226,-19.26563,-16.13663,-6.61049,-8.87006,-0.65608,0.9625,58.48,0.0361,27.01,3.34,0.453,0.504,0.075,0.0084,0.0500
22300,-35.49879,-19.32736,-16.17143,-6.59574,-8.89263,-0.68306,0.9604,58.50,0.0362,27.08,3.35,0.454,0.504,0.075,0.0084,0.0500
22325,-35.44482,-19.28949,-16.15533,-6.57542,-8.89873,-0.68119,0.9574,58.65,0.0363,27.24,3.27,0.454,0.504,0.075,0.0084,0.0500
22350,-35.41593,-19.27568,-16.14025,-6.59236,-8.87713,-0.67076,0.9599,58.72,0.0363,26.90,3.43,0.454,0.504,0.075,0.0084,0.0500
22375,-35.46265,-19.33146,-16.13119,-6.61522,-8.85286,-0.66311,0.9632,58.48,0.0362,26.89,3.43,0.454,0.504,0.075,0.0084,0.0500
22400,-35.57608,-19.41187,-16.16421,-6.58222,-8.88683,-0.69515,0.9584,57.51,0.0355,26.97,3.40,0.454,0.504,0.075,0.0084,0.0500
22425,-35.55706,-19.33198,-16.22509,-6.61073,-8.94157,-0.67279,0.9625,57.37,0.0355,26.95,3.42,0.454,0.504,0.075,0.0084,0.0500
22450,-35.37745,-19.21577,-16.16168,-6.58983,-8.87644,-0.69541,0.9595,57.79,0.0357,27.21,3.34,0.454,0.504,0.075,0.0084,0.0500
22475,-35.48646,-19.32890,-16.15756,-6.59660,-8.92692,-0.63404,0.9605,57.78,0.0357,27.19,3.33,0.454,0.504,0.075,0.0084,0.0500
22500,-35.47841,-19.32042,-16.15799,-6.61652,-8.88277,-0.65870,0.9634,58.00,0.0359,27.34,3.32,0.454,0.504,0.075,0.0084,0.0500
22525,-35.38409,-19.28832,-16.09577,-6.57132,-8.86783,-0.65662,0.9568,57.60,0.0356,27.28,3.30,0.454,0.504,0.075,0.0084,0.0500
22550,-35.44818,-19.26690,-16.18128,-6.59556,-8.90805,-0.67768,0.9603,56.94,0.0352,27.09,3.41,0.454,0.504,0.075,0.0084,0.0500
22575,-35.48465,-19.30624,-16.17841,-6.58805,-8.90859,-0.68177,0.9592,57.13,0.0353,27.48,3.25,0.454,0.504,0.075,0.0084,0.0500
22600,-35.48222,-19.31658,-16.16564,-6.58883,-8.91225,-0.66457,0.9594,57.68,0.0357,27.33,3.33,0.454,0.504,0.075,0.0084,0.0500
22625,-35.57785,-19.43232,-16.14553,-6.61478,-8.88071,-0.65004,0.9631,57.78,0.0357,27.17,3.32,0.454,0.504,0.075,0.0084,0.0500
22650,-35.45991,-19.34948,-16.11043,-6.57020,-8.87856,-0.66167,0.9566,58.41,0.0361,27.09,3.42,0.454,0.504,0.075,0.0084,0.0500
22675,-35.45795,-19.30495,-16.15300,-6.57997,-8.92431,-0.64872,0.9581,58.71,0.0363,27.15,3.42,0.454,0.504,0.075,0.0084,0.0500
22700,-35.49534,-19.32353,-16.17181,-6.58752,-8.91172,-0.67257,0.9592,58.56,0.0362,27.29,3.34,0.454,0.504,0.075,0.0084,0.0500
22725,-35.48562,-19.35039,-16.13523,-6.58032,-8.88279,-0.67212,0.9581,57.77,0.0357,27.08,3.42,0.454,0.504,0.075,0.0084,0.0500
22750,-35.50114,-19.35631,-16.14483,-6.58658,-8.87702,-0.68123,0.9590,58.03,0.0359,27.67,3.27,0.454,0.504,0.075,0.0084,0.0500
22775,-35.56761,-19.39245,-16.17516,-6.59099,-8.92657,-0.65761,0.9597,58.21,0.0360,27.38,3.43,0.454,0.504,0.075,0.0084,0.0500
22800,-35.69022,-19.51656,-16.17367,-6.60790,-8.91241,-0.65336,0.9621,58.25,0.0360,27.48,3.35,0.455,0.504,0.075,0.0084,0.0500
22825,-35.61723,-19.45643,-16.16080,-6.58951,-8.90225,-0.66904,0.9595,57.70,0.0357,27.05,3.58,0.455,0.504,0.075,0.0084,0.0500
22850,-35.65991,-19.44980,-16.21011,-6.62164,-8.93024,-0.65823,0.9641,35.71,0.0220,27.33,3.44,0.455,0.504,0.075,0.0084,0.0500
22875,-35.65920,-19.49572,-16.16348,-6.60010,-8.90086,-0.66251,0.9610,35.68,0.0220,27.51,3.35,0.455,0.504,0.075,0.0084,0.0500
22900,-35.58873,-19.50388,-16.08486,-6.56998,-8.83804,-0.67683,0.9566,35.82,0.0221,27.51,3.35,0.455,0.504,0.075,0.0084,0.0500
22925,-35.63667,-19.51777,-16.11889,-6.57482,-8.85294,-0.69113,0.9573,34.83,0.0215,27.26,3.43,0.455,0.504,0.075,0.0084,0.0500
22950,-35.79958,-19.63879,-16.16079,-6.60717,-8.88737,-0.66625,0.9620,57.56,0.0356,27.26,3.43,0.455,0.504,0.075,0.0084,0.0500
22975,-35.76827,-19.60013,-16.16813,-6.57845,-8.90760,-0.68208,0.9578,58.07,0.0359,27.42,3.38,0.455,0.504,0.075,0.0084,0.0500
23000,-35.78305,-19.63198,-16.15107,-6.58949,-8.87673,-0.68485,0.9594,57.69,0.0357,27.56,3.39,0.455,0.504,0.071,0.0080,0.0500
23025,-35.78581,-19.60705,-16.17876,-6.60377,-8.91828,-0.65671,0.9615,35.32,0.0218,27.80,3.32,0.455,0.504,0.071,0.0080,0.0500
23050,-35.68755,-19.57416,-16.11339,-6.58643,-8.86549,-0.66147,0.9590,35.25,0.0218,27.81,3.31,0.455,0.504,0.071,0.0080,0.0500
23075,-35.78291,-19.64074,-16.14217,-6.57939,-8.89820,-0.66458,0.9580,35.06,0.0216,27.75,3.31,0.455,0.504,0.071,0.0080,0.0500
23100,-35.78475,-19.64281,-16.14195,-6.56916,-8.90003,-0.67275,0.9565,34.43,0.0213,27.75,3.31,0.455,0.504,0.071,0.0080,0.0500
23125,-35.76113,-19.59584,-16.16529,-6.60074,-8.91248,-0.65206,0.9611,34.39,0.0212,27.77,3.31,0.455,0.504,0.071,0.0080,0.0500
23150,-35.66783,-19.52990,-16.13793,-6.59703,-8.88173,-0.65917,0.9605,33.59,0.0207,27.62,3.34,0.455,0.504,0.071,0.0080,0.0500
23175,-35.71316,-19.52920,-16.18396,-6.59799,-8.93223,-0.65374,0.9607,33.71,0.0208,27.73,3.29,0.455,0.504,0.071,0.0080,0.0500
23200,-35.76725,-19.56744,-16.19981,-6.60721,-8.93070,-0.66190,0.9620,33.60,0.0207,27.62,3.37,0.455,0.504,0.071,0.0080,0.0500
23225,-35.67538,-19.48663,-16.18875,-6.59769,-8.92083,-0.67023,0.9606,34.18,0.0211,27.82,3.28,0.455,0.504,0.071,0.0080,0.0500
23250,-35.63895,-19.45531,-16.18364,-6.63494,-8.92170,-0.62700,0.9661,34.10,0.0210,27.83,3.29,0.456,0.504,0.071,0.0080,0.0500
23275,-35.66929,-19.55905,-16.11024,-6.57147,-8.85589,-0.68288,0.9568,34.60,0.0214,27.64,3.37,0.456,0.504,0.071,0.0080,0.0500
23300,-35.82098,-19.63605,-16.18493,-6.60600,-8.90419,-0.67474,0.9619,34.03,0.0210,27.64,3.37,0.456,0.504,0.071,0.0080,0.0500
23325,-35.74572,-19.62460,-16.12112,-6.57552,-8.86405,-0.68155,0.9574,33.95,0.0210,27.64,3.37,0.456,0.504,0.071,0.0080,0.0500
23350,-35.93404,-19.75194,-16.18210,-6.60921,-8.91042,-0.66248,0.9623,34.22,0.0211,27.80,3.28,0.456,0.504,0.071,0.0080,0.0500
23375,-35.78283,-19.66933,-16.11351,-6.57059,-8.88614,-0.65678,0.9567,34.82,0.0215,27.80,3.28,0.456,0.504,0.071,0.0080,0.0500
23400,-35.77987,-19.66591,-16.11396,-6.58067,-8.88199,-0.65130,0.9582,34.38,0.0212,27.80,3.28,0.456,0.504,0.071,0.0080,0.0500
23425,-35.82504,-19.67171,-16.15332,-6.58549,-8.88604,-0.68179,0.9589,35.72,0.0220,27.97,3.21,0.456,0.504,0.071,0.0080,0.0500
23450,-35.81231,-19.71488,-16.09742,-6.56373,-8.88392,-0.64977,0.9557,35.42,0.0219,27.80,3.29,0.456,0.504,0.071,0.0080,0.0500
23475,-35.77215,-19.64564,-16.12651,-6.56174,-8.86955,-0.69522,0.9554,35.04,0.0216,27.98,3.22,0.456,0.504,0.071,0.0080,0.0500
23499,-35.91402,-19.71670,-16.19733,-6.61556,-8.90247,-0.67930,0.9632,34.87,0.0215,28.00,3.22,0.456,0.504,0.071,0.0080,0.0500
