cycle,Eall,EvdW,Emag,Ez,Edd,Ea,Mz,twist_deg,twist_rate,width_nm,coil_nm,acc_mech,acc_mag,delta_s,delta_a,delta_tw
0,-18.05087,-10.48994,-7.56093,-1.28370,-5.49084,-0.78640,0.1869,-0.88,-0.0007,44.96,0.08,0.300,0.654,1.337,0.1500,0.0500
25,-32.70842,-12.80526,-19.90316,-6.55623,-13.07165,-0.27528,0.9546,1.02,0.0008,43.79,2.83,0.207,0.621,1.207,0.1354,0.0500
50,-33.71778,-13.83064,-19.88713,-6.61476,-12.95710,-0.31528,0.9631,1.76,0.0014,43.17,3.45,0.177,0.606,1.035,0.1161,0.0500
75,-34.53708,-14.67069,-19.86639,-6.60968,-12.92700,-0.32971,0.9624,2.25,0.0017,43.98,1.01,0.164,0.590,0.934,0.1048,0.0500
100,-35.23884,-15.31246,-19.92638,-6.62025,-12.97284,-0.33329,0.9639,3.08,0.0024,43.93,0.95,0.156,0.573,0.801,0.0898,0.0500
125,-35.71160,-15.78301,-19.92859,-6.62112,-12.96601,-0.34146,0.9641,2.73,0.0021,43.89,1.05,0.151,0.559,0.722,0.0811,0.0500
150,-36.15988,-16.28505,-19.87483,-6.60818,-12.92323,-0.34342,0.9622,2.92,0.0023,43.80,1.44,0.149,0.548,0.619,0.0695,0.0500
175,-36.51973,-16.60979,-19.90994,-6.61434,-12.93526,-0.36033,0.9631,3.19,0.0025,42.45,2.96,0.147,0.540,0.559,0.0627,0.0500
200,-36.81658,-16.91351,-19.90307,-6.61920,-12.93092,-0.35295,0.9638,2.98,0.0023,42.25,3.36,0.149,0.535,0.479,0.0538,0.0500
225,-37.00002,-17.06923,-19.93079,-6.61227,-12.95890,-0.35962,0.9628,9.70,0.0075,43.17,2.65,0.152,0.532,0.433,0.0485,0.0500
250,-37.19604,-17.28860,-19.90744,-6.61523,-12.92131,-0.37090,0.9632,9.16,0.0071,41.55,4.13,0.157,0.528,0.371,0.0416,0.0500
275,-37.30913,-17.39872,-19.91041,-6.59898,-12.93745,-0.37398,0.9608,9.59,0.0074,42.80,2.55,0.164,0.526,0.335,0.0376,0.0500
300,-37.41639,-17.52300,-19.89339,-6.60617,-12.91476,-0.37245,0.9619,8.95,0.0069,42.83,2.12,0.171,0.523,0.287,0.0322,0.0500
325,-37.54721,-17.62252,-19.92469,-6.60603,-12.94635,-0.37232,0.9619,9.37,0.0072,41.54,3.71,0.181,0.521,0.259,0.0291,0.0500
350,-37.69201,-17.74780,-19.94420,-6.61740,-12.96886,-0.35795,0.9635,99.01,0.0766,43.01,4.10,0.191,0.520,0.222,0.0249,0.0500
375,-37.85160,-17.91644,-19.93517,-6.60992,-12.95291,-0.37233,0.9624,105.27,0.0815,42.96,3.84,0.202,0.518,0.200,0.0225,0.0500
400,-37.86796,-17.92751,-19.94046,-6.59874,-12.95570,-0.38602,0.9608,15.33,0.0119,43.19,1.86,0.215,0.517,0.172,0.0193,0.0500
425,-37.87494,-17.97111,-19.90383,-6.59666,-12.93525,-0.37192,0.9605,15.12,0.0117,42.87,2.64,0.227,0.516,0.155,0.0174,0.0500
450,-37.99541,-18.07433,-19.92108,-6.58776,-12.94193,-0.39139,0.9592,14.90,0.0115,43.44,1.65,0.241,0.515,0.133,0.0149,0.0500
475,-37.97157,-18.07875,-19.89282,-6.58381,-12.91295,-0.39606,0.9586,15.29,0.0118,43.50,1.59,0.254,0.514,0.120,0.0135,0.0500
500,-38.01450,-18.05217,-19.96234,-6.61805,-12.98388,-0.36041,0.9636,15.09,0.0117,43.37,1.55,0.267,0.513,0.126,0.0141,0.0500
525,-38.05223,-18.11981,-19.93243,-6.60317,-12.94275,-0.38651,0.9614,15.22,0.0118,42.78,2.28,0.278,0.513,0.125,0.0141,0.0500
550,-38.03942,-18.09904,-19.94037,-6.59663,-12.94941,-0.39433,0.9605,105.40,0.0816,42.99,2.07,0.288,0.513,0.131,0.0147,0.0500
575,-38.08297,-18.15949,-19.92348,-6.59205,-12.93639,-0.39504,0.9598,14.93,0.0116,43.09,1.85,0.297,0.512,0.131,0.0147,0.0500
600,-38.09142,-18.18100,-19.91042,-6.60250,-12.91400,-0.39392,0.9613,19.49,0.0151,42.13,2.93,0.306,0.512,0.124,0.0139,0.0500
625,-38.22679,-18.25087,-19.97593,-6.62281,-12.97285,-0.38027,0.9643,19.56,0.0151,41.59,3.97,0.314,0.511,0.124,0.0139,0.0500
650,-38.22038,-18.28540,-19.93498,-6.60219,-12.93911,-0.39369,0.9613,109.09,0.0845,42.18,3.25,0.321,0.511,0.130,0.0145,0.0500
675,-38.23620,-18.28300,-19.95320,-6.60819,-12.95210,-0.39292,0.9622,18.99,0.0147,42.95,2.25,0.327,0.511,0.129,0.0145,0.0500
700,-38.23252,-18.30476,-19.92776,-6.60747,-12.92773,-0.39255,0.9621,18.84,0.0146,42.89,2.35,0.333,0.511,0.123,0.0138,0.0500
725,-38.21552,-18.30379,-19.91172,-6.59640,-12.91328,-0.40205,0.9605,18.26,0.0141,42.67,2.32,0.339,0.510,0.135,0.0152,0.0500
750,-38.32602,-18.35509,-19.97093,-6.61724,-12.98079,-0.37289,0.9635,18.35,0.0142,43.05,2.18,0.344,0.510,0.128,0.0144,0.0500
775,-38.29994,-18.34811,-19.95182,-6.61541,-12.95370,-0.38272,0.9632,18.44,0.0143,43.05,2.19,0.349,0.509,0.128,0.0143,0.0500
800,-38.35305,-18.43188,-19.92117,-6.58935,-12.92858,-0.40324,0.9594,18.42,0.0143,42.27,3.34,0.354,0.509,0.121,0.0136,0.0500
825,-38.43012,-18.48887,-19.94125,-6.59140,-12.94768,-0.40217,0.9597,18.79,0.0146,42.51,3.58,0.358,0.509,0.121,0.0135,0.0500
850,-38.34791,-18.41415,-19.93376,-6.58797,-12.93961,-0.40618,0.9592,19.23,0.0149,42.41,3.19,0.362,0.508,0.114,0.0128,0.0500
875,-38.42736,-18.46667,-19.96069,-6.62048,-12.95163,-0.38858,0.9640,19.34,0.0150,42.89,2.09,0.367,0.508,0.114,0.0128,0.0500
900,-38.43043,-18.49972,-19.93071,-6.60422,-12.94096,-0.38554,0.9616,19.55,0.0151,42.40,3.45,0.370,0.508,0.120,0.0134,0.0500
925,-38.46642,-18.51289,-19.95353,-6.61648,-12.95433,-0.38272,0.9634,19.35,0.0150,42.20,3.97,0.373,0.508,0.119,0.0134,0.0500
950,-38.51959,-18.58634,-19.93326,-6.59277,-12.94654,-0.39394,0.9599,19.39,0.0150,42.67,2.63,0.377,0.508,0.125,0.0140,0.0500
975,-38.47154,-18.53196,-19.93958,-6.60463,-12.93785,-0.39710,0.9617,19.35,0.0150,43.35,1.33,0.380,0.508,0.125,0.0140,0.0500
1000,-38.50408,-18.57602,-19.92806,-6.59842,-12.93868,-0.39096,0.9607,19.12,0.0148,43.12,1.82,0.383,0.508,0.118,0.0132,0.0500
1025,-38.53476,-18.60377,-19.93099,-6.59098,-12.93710,-0.40291,0.9597,19.45,0.0151,43.13,1.91,0.386,0.507,0.118,0.0132,0.0500
1050,-38.55666,-18.62026,-19.93640,-6.61367,-12.93593,-0.38680,0.9630,19.50,0.0151,42.16,3.68,0.388,0.507,0.123,0.0138,0.0500
1075,-38.59645,-18.64927,-19.94718,-6.61496,-12.93501,-0.39721,0.9632,19.38,0.0150,43.39,1.51,0.391,0.507,0.123,0.0138,0.0500
1100,-38.57187,-18.59959,-19.97228,-6.61542,-12.96949,-0.38738,0.9632,19.72,0.0153,43.09,2.11,0.393,0.507,0.117,0.0131,0.0500
1125,-38.52616,-18.55709,-19.96907,-6.62096,-12.96151,-0.38659,0.9640,19.97,0.0155,43.10,2.08,0.395,0.507,0.129,0.0144,0.0500
1150,-38.50457,-18.58491,-19.91966,-6.59033,-12.92050,-0.40883,0.9596,19.88,0.0154,43.05,2.17,0.398,0.507,0.122,0.0137,0.0500
1175,-38.65238,-18.70836,-19.94403,-6.59769,-12.93405,-0.41229,0.9606,20.20,0.0156,43.12,1.78,0.399,0.506,0.121,0.0136,0.0500
1200,-38.63785,-18.67432,-19.96353,-6.61778,-12.95333,-0.39242,0.9636,20.30,0.0157,43.18,2.22,0.402,0.506,0.115,0.0129,0.0500
1225,-38.61501,-18.69394,-19.92106,-6.58684,-12.92708,-0.40714,0.9591,20.16,0.0156,43.36,2.50,0.404,0.506,0.115,0.0129,0.0500
1250,-38.68180,-18.75094,-19.93086,-6.60039,-12.92950,-0.40097,0.9610,20.18,0.0156,42.92,2.88,0.406,0.506,0.120,0.0135,0.0500
1275,-38.65511,-18.77901,-19.87610,-6.57862,-12.88954,-0.40795,0.9579,20.53,0.0159,43.25,2.42,0.407,0.506,0.120,0.0135,0.0500
1300,-38.75189,-18.80417,-19.94772,-6.60044,-12.94718,-0.40010,0.9610,-69.53,-0.0538,42.80,3.51,0.409,0.505,0.114,0.0128,0.0500
1325,-38.66208,-18.73221,-19.92987,-6.60001,-12.91091,-0.41895,0.9610,20.45,0.0158,42.73,3.35,0.411,0.505,0.113,0.0127,0.0500
1350,-38.81734,-18.83589,-19.98145,-6.63228,-12.96840,-0.38078,0.9657,20.78,0.0161,42.31,3.53,0.413,0.505,0.119,0.0133,0.0500
1375,-38.74698,-18.80174,-19.94524,-6.61928,-12.92453,-0.40143,0.9638,20.69,0.0160,43.59,2.03,0.414,0.505,0.118,0.0133,0.0500
1400,-38.83909,-18.85300,-19.98609,-6.61350,-12.97137,-0.40122,0.9629,20.79,0.0161,43.53,1.73,0.416,0.505,0.112,0.0126,0.0500
1425,-38.77955,-18.85635,-19.92320,-6.60103,-12.90463,-0.41754,0.9611,21.38,0.0166,43.48,1.53,0.417,0.505,0.112,0.0126,0.0500
1450,-38.81872,-18.87642,-19.94230,-6.59647,-12.93359,-0.41224,0.9605,21.48,0.0166,43.35,1.64,0.419,0.505,0.117,0.0132,0.0500
1475,-38.78212,-18.87111,-19.91102,-6.57952,-12.90317,-0.42833,0.9580,21.09,0.0163,43.99,0.67,0.420,0.505,0.106,0.0119,0.0500
1500,-38.79677,-18.89737,-19.89940,-6.59045,-12.89605,-0.41290,0.9596,21.51,0.0167,43.76,0.97,0.422,0.505,0.111,0.0124,0.0500
1525,-38.83938,-18.89723,-19.94215,-6.59472,-12.93731,-0.41012,0.9602,21.08,0.0163,43.87,1.10,0.423,0.505,0.111,0.0124,0.0500
1550,-38.81365,-18.90714,-19.90651,-6.59266,-12.90117,-0.41269,0.9599,21.05,0.0163,43.84,0.86,0.424,0.505,0.116,0.0130,0.0500
1575,-38.83367,-18.87768,-19.95599,-6.60267,-12.94194,-0.41138,0.9614,21.05,0.0163,43.91,0.70,0.425,0.505,0.116,0.0130,0.0500
1600,-38.85218,-18.92980,-19.92237,-6.59694,-12.91238,-0.41306,0.9605,20.79,0.0161,43.73,0.80,0.426,0.505,0.110,0.0123,0.0500
1625,-38.93946,-18.94640,-19.99305,-6.60838,-12.97891,-0.40577,0.9622,20.91,0.0162,43.77,0.75,0.427,0.505,0.109,0.0123,0.0500
1650,-38.90101,-18.92228,-19.97873,-6.61837,-12.96174,-0.39861,0.9637,20.89,0.0162,43.77,0.76,0.428,0.505,0.104,0.0116,0.0500
1675,-38.91866,-18.92324,-19.99542,-6.60713,-12.98152,-0.40677,0.9620,21.17,0.0164,43.66,0.91,0.430,0.505,0.114,0.0128,0.0500
1700,-38.87530,-18.90864,-19.96666,-6.60918,-12.94182,-0.41566,0.9623,21.08,0.0163,43.70,0.86,0.431,0.505,0.108,0.0121,0.0500
1725,-38.90616,-18.98759,-19.91857,-6.59595,-12.91135,-0.41128,0.9604,20.87,0.0162,43.65,0.98,0.432,0.504,0.108,0.0121,0.0500
1750,-38.96598,-19.01378,-19.95220,-6.61121,-12.93906,-0.40194,0.9626,21.02,0.0163,43.68,0.92,0.433,0.504,0.113,0.0127,0.0500
1775,-38.92909,-18.99521,-19.93388,-6.58934,-12.92401,-0.42053,0.9594,20.87,0.0162,43.02,1.53,0.434,0.504,0.113,0.0126,0.0500
1800,-39.06629,-19.09740,-19.96889,-6.59748,-12.95828,-0.41313,0.9606,20.70,0.0160,43.55,1.15,0.435,0.504,0.118,0.0132,0.0500
1825,-39.04364,-19.05798,-19.98567,-6.60560,-12.96574,-0.41433,0.9618,20.54,0.0159,41.86,3.11,0.435,0.504,0.107,0.0120,0.0500
1850,-39.01428,-19.04669,-19.96759,-6.60663,-12.95495,-0.40601,0.9619,20.71,0.0160,42.84,2.16,0.436,0.504,0.112,0.0125,0.0500
1875,-39.10693,-19.10803,-19.99890,-6.60763,-12.98249,-0.40877,0.9621,110.67,0.0857,42.48,3.29,0.437,0.504,0.111,0.0125,0.0500
1900,-39.05281,-19.06533,-19.98749,-6.61402,-12.97185,-0.40162,0.9630,21.29,0.0165,42.31,2.81,0.438,0.505,0.105,0.0118,0.0500
1925,-39.08903,-19.12816,-19.96087,-6.58449,-12.95193,-0.42444,0.9587,21.18,0.0164,42.14,3.32,0.439,0.504,0.105,0.0118,0.0500
1950,-38.97589,-19.03334,-19.94255,-6.60841,-12.91198,-0.42216,0.9622,21.06,0.0163,42.37,2.80,0.440,0.504,0.110,0.0124,0.0500
1975,-39.11211,-19.14646,-19.96565,-6.59237,-12.95744,-0.41585,0.9599,20.89,0.0162,42.61,2.63,0.441,0.504,0.110,0.0123,0.0500
2000,-39.02568,-19.10037,-19.92531,-6.59611,-12.90848,-0.42072,0.9604,20.94,0.0162,43.13,1.90,0.441,0.504,0.115,0.0129,0.0500
2025,-39.12326,-19.13236,-19.99089,-6.61682,-12.96491,-0.40916,0.9634,20.83,0.0161,43.26,1.59,0.442,0.504,0.115,0.0129,0.0500
2050,-39.10464,-19.12475,-19.97988,-6.59881,-12.95963,-0.42145,0.9608,-69.11,-0.0535,42.58,2.23,0.442,0.504,0.115,0.0129,0.0500
2075,-39.00950,-19.07850,-19.93100,-6.59163,-12.91909,-0.42028,0.9598,20.75,0.0161,43.21,1.24,0.443,0.504,0.115,0.0129,0.0500
2100,-39.11895,-19.14834,-19.97061,-6.62366,-12.94598,-0.40097,0.9644,20.96,0.0162,42.55,2.15,0.443,0.504,0.115,0.0129,0.0500
2125,-39.10183,-19.14239,-19.95943,-6.58398,-12.93947,-0.43598,0.9586,21.09,0.0163,42.54,2.08,0.443,0.504,0.115,0.0129,0.0500
2150,-39.11084,-19.12763,-19.98321,-6.59544,-12.97489,-0.41288,0.9603,21.06,0.0163,42.95,2.16,0.444,0.504,0.115,0.0129,0.0500
2175,-39.17316,-19.19502,-19.97814,-6.59862,-12.96528,-0.41423,0.9608,21.19,0.0164,43.00,1.90,0.444,0.504,0.115,0.0129,0.0500
2200,-39.14221,-19.17925,-19.96296,-6.60124,-12.94782,-0.41390,0.9612,21.21,0.0164,42.87,2.00,0.445,0.504,0.115,0.0129,0.0500
2225,-39.05226,-19.08294,-19.96932,-6.59466,-12.94918,-0.42548,0.9602,21.22,0.0164,43.19,1.39,0.445,0.504,0.115,0.0129,0.0500
2250,-39.11855,-19.16592,-19.95263,-6.61099,-12.92266,-0.41898,0.9626,21.19,0.0164,43.42,1.09,0.446,0.504,0.115,0.0129,0.0500
2275,-39.14491,-19.18129,-19.96362,-6.59727,-12.93913,-0.42721,0.9606,21.25,0.0165,42.71,2.35,0.446,0.504,0.115,0.0129,0.0500
2300,-39.20440,-19.24694,-19.95745,-6.58517,-12.93915,-0.43314,0.9588,21.19,0.0164,42.61,2.18,0.447,0.504,0.115,0.0129,0.0500
2325,-39.09356,-19.13754,-19.95602,-6.58634,-12.94247,-0.42721,0.9590,21.10,0.0163,43.14,1.87,0.447,0.504,0.115,0.0129,0.0500
2350,-39.15036,-19.17827,-19.97209,-6.61228,-12.93760,-0.42221,0.9628,20.91,0.0162,43.11,1.98,0.447,0.504,0.115,0.0129,0.0500
2375,-39.16740,-19.20526,-19.96215,-6.61253,-12.94576,-0.40385,0.9628,20.69,0.0160,43.37,1.72,0.448,0.504,0.115,0.0129,0.0500
2400,-39.20906,-19.22704,-19.98202,-6.60453,-12.95711,-0.42038,0.9616,20.91,0.0162,42.82,2.30,0.448,0.504,0.115,0.0129,0.0500
2425,-39.18537,-19.24462,-19.94075,-6.60156,-12.91609,-0.42310,0.9612,20.99,0.0163,43.29,1.19,0.449,0.504,0.115,0.0129,0.0500
2450,-39.22149,-19.26989,-19.95160,-6.62073,-12.91942,-0.41146,0.9640,20.77,0.0161,43.21,1.30,0.449,0.504,0.115,0.0129,0.0500
2475,-39.28641,-19.33309,-19.95332,-6.61472,-12.91175,-0.42686,0.9631,20.87,0.0162,42.78,1.80,0.449,0.504,0.115,0.0129,0.0500
2500,-39.31788,-19.34754,-19.97034,-6.60996,-12.95325,-0.40713,0.9624,20.54,0.0159,42.66,1.83,0.449,0.504,0.115,0.0129,0.0500
2525,-39.36188,-19.45365,-19.90822,-6.59439,-12.88173,-0.43211,0.9602,20.58,0.0159,43.25,1.19,0.450,0.504,0.115,0.0129,0.0500
2550,-39.34898,-19.38070,-19.96828,-6.60666,-12.93127,-0.43035,0.9619,20.88,0.0162,43.13,2.22,0.450,0.504,0.115,0.0129,0.0500
2575,-39.30657,-19.37859,-19.92799,-6.58884,-12.90504,-0.43411,0.9594,21.40,0.0166,42.74,2.44,0.450,0.504,0.115,0.0129,0.0500
2600,-39.36666,-19.39093,-19.97574,-6.61846,-12.95877,-0.39850,0.9637,20.74,0.0161,42.78,2.28,0.450,0.504,0.115,0.0129,0.0500
2625,-39.36461,-19.42706,-19.93755,-6.60948,-12.89792,-0.43015,0.9624,20.99,0.0163,42.64,2.44,0.450,0.504,0.115,0.0129,0.0500
2650,-39.38164,-19.40514,-19.97650,-6.60827,-12.94598,-0.42225,0.9622,20.87,0.0162,42.37,3.48,0.451,0.504,0.115,0.0129,0.0500
2675,-39.40168,-19.43570,-19.96598,-6.61415,-12.92219,-0.42964,0.9630,20.84,0.0161,43.23,1.84,0.451,0.504,0.115,0.0129,0.0500
2700,-39.43855,-19.47729,-19.96125,-6.61595,-12.92629,-0.41901,0.9633,20.74,0.0161,43.39,1.65,0.451,0.504,0.115,0.0129,0.0500
2725,-39.39632,-19.45397,-19.94236,-6.59825,-12.90826,-0.43585,0.9607,-69.39,-0.0537,42.65,3.29,0.451,0.504,0.115,0.0129,0.0500
2750,-39.40452,-19.44981,-19.95472,-6.61187,-12.92039,-0.42246,0.9627,20.90,0.0162,42.81,3.28,0.451,0.504,0.115,0.0129,0.0500
2775,-39.42874,-19.46714,-19.96160,-6.60164,-12.94220,-0.41775,0.9612,-68.95,-0.0534,42.42,3.55,0.451,0.504,0.115,0.0129,0.0500
2800,-39.40144,-19.43401,-19.96742,-6.60667,-12.94109,-0.41966,0.9620,-68.79,-0.0533,42.41,3.86,0.451,0.504,0.115,0.0129,0.0500
2825,-39.37709,-19.44370,-19.93338,-6.58712,-12.89659,-0.44967,0.9591,-68.82,-0.0533,42.57,3.55,0.451,0.504,0.115,0.0129,0.0500
2850,-39.51339,-19.55054,-19.96285,-6.61352,-12.91708,-0.43225,0.9629,21.26,0.0165,42.37,3.91,0.452,0.504,0.115,0.0129,0.0500
2875,-39.53371,-19.54305,-19.99066,-6.61699,-12.94479,-0.42888,0.9635,21.09,0.0163,43.07,3.00,0.452,0.504,0.115,0.0129,0.0500
2900,-39.51346,-19.55608,-19.95738,-6.60939,-12.92465,-0.42334,0.9623,21.22,0.0164,42.48,3.55,0.452,0.504,0.115,0.0129,0.0500
2925,-39.48939,-19.53652,-19.95287,-6.60023,-12.92712,-0.42553,0.9610,-68.84,-0.0533,42.43,3.69,0.452,0.504,0.115,0.0129,0.0500
2950,-39.40316,-19.45866,-19.94449,-6.58945,-12.91586,-0.43918,0.9594,21.02,0.0163,42.35,3.97,0.452,0.504,0.115,0.0129,0.0500
2975,-39.48417,-19.50862,-19.97555,-6.61325,-12.93600,-0.42630,0.9629,20.69,0.0160,42.88,3.00,0.452,0.504,0.115,0.0129,0.0500
3000,-39.48562,-19.55729,-19.92833,-6.59550,-12.89836,-0.43447,0.9603,20.65,0.0160,43.11,3.19,0.452,0.504,0.109,0.0123,0.0500
3025,-39.53000,-19.59853,-19.93147,-6.62461,-12.88229,-0.42458,0.9646,20.55,0.0159,43.29,3.24,0.452,0.504,0.109,0.0123,0.0500
3050,-39.53188,-19.61809,-19.91379,-6.58064,-12.88990,-0.44325,0.9582,20.61,0.0160,42.98,3.29,0.452,0.504,0.109,0.0123,0.0500
3075,-39.58992,-19.62601,-19.96391,-6.59487,-12.94628,-0.42276,0.9602,20.48,0.0159,42.34,3.85,0.452,0.504,0.109,0.0123,0.0500
3100,-39.62222,-19.67543,-19.94679,-6.61974,-12.91692,-0.41013,0.9639,20.57,0.0159,42.71,3.41,0.452,0.504,0.109,0.0123,0.0500
3125,-39.56855,-19.65212,-19.91643,-6.58440,-12.88211,-0.44992,0.9587,20.93,0.0162,42.16,3.97,0.453,0.503,0.109,0.0123,0.0500
3150,-39.57627,-19.65527,-19.92100,-6.58568,-12.90506,-0.43026,0.9589,20.88,0.0162,42.92,3.51,0.453,0.503,0.109,0.0123,0.0500
3175,-39.58241,-19.65689,-19.92552,-6.58471,-12.88937,-0.45144,0.9588,20.93,0.0162,42.68,3.72,0.453,0.503,0.109,0.0123,0.0500
3200,-39.62627,-19.68787,-19.93840,-6.60163,-12.91628,-0.42049,0.9612,21.40,0.0166,42.50,3.46,0.453,0.503,0.109,0.0123,0.0500
3225,-39.65776,-19.72959,-19.92817,-6.58897,-12.89425,-0.44495,0.9594,21.45,0.0166,42.42,3.71,0.453,0.503,0.109,0.0123,0.0500
3250,-39.67960,-19.72703,-19.95257,-6.62033,-12.90945,-0.42278,0.9639,21.21,0.0164,42.71,3.01,0.453,0.503,0.109,0.0123,0.0500
3275,-39.65232,-19.72198,-19.93035,-6.60603,-12.89385,-0.43047,0.9619,21.19,0.0164,42.37,2.84,0.454,0.503,0.109,0.0123,0.0500
3300,-39.66793,-19.72184,-19.94609,-6.60267,-12.92292,-0.42050,0.9614,20.45,0.0158,42.21,3.18,0.454,0.503,0.109,0.0123,0.0500
3325,-39.62979,-19.67114,-19.95865,-6.61009,-12.93251,-0.41605,0.9624,20.58,0.0159,42.93,3.08,0.454,0.503,0.109,0.0123,0.0500
3350,-39.61662,-19.65090,-19.96573,-6.59790,-12.92302,-0.44481,0.9607,21.06,0.0163,42.56,3.56,0.454,0.502,0.109,0.0123,0.0500
3375,-39.53945,-19.61489,-19.92455,-6.59549,-12.88575,-0.44331,0.9603,21.03,0.0163,42.76,3.47,0.454,0.502,0.109,0.0123,0.0500
3400,-39.56916,-19.62674,-19.94242,-6.59544,-12.91150,-0.43547,0.9603,-68.96,-0.0534,42.57,3.56,0.454,0.502,0.109,0.0123,0.0500
3425,-39.65069,-19.68950,-19.96118,-6.60036,-12.93060,-0.43022,0.9610,21.25,0.0165,42.48,3.89,0.455,0.502,0.109,0.0123,0.0500
3450,-39.66777,-19.69781,-19.96996,-6.61454,-12.92620,-0.42921,0.9631,-68.91,-0.0534,42.04,3.45,0.455,0.502,0.109,0.0123,0.0500
3475,-39.77657,-19.77862,-19.99795,-6.61297,-12.95280,-0.43218,0.9629,-68.75,-0.0532,42.49,2.85,0.455,0.502,0.109,0.0123,0.0500
3500,-39.61957,-19.70558,-19.91400,-6.60166,-12.86622,-0.44612,0.9612,20.86,0.0162,42.77,1.80,0.455,0.502,0.109,0.0123,0.0500
3525,-39.65209,-19.67719,-19.97490,-6.59829,-12.94180,-0.43481,0.9607,21.32,0.0165,43.16,2.06,0.455,0.502,0.109,0.0123,0.0500
3550,-39.66791,-19.68486,-19.98305,-6.59770,-12.95601,-0.42934,0.9606,21.29,0.0165,42.94,2.37,0.455,0.502,0.109,0.0123,0.0500
3575,-39.71980,-19.74556,-19.97424,-6.59412,-12.94503,-0.43510,0.9601,21.20,0.0164,43.01,2.13,0.455,0.502,0.109,0.0123,0.0500
3600,-39.66117,-19.73211,-19.92907,-6.59313,-12.90494,-0.43100,0.9600,20.70,0.0160,42.95,2.15,0.455,0.502,0.109,0.0123,0.0500
3625,-39.69691,-19.77366,-19.92326,-6.58740,-12.88840,-0.44746,0.9591,20.42,0.0158,41.93,3.58,0.455,0.501,0.109,0.0123,0.0500
3650,-39.65285,-19.73119,-19.92166,-6.58451,-12.89747,-0.43968,0.9587,-69.19,-0.0536,41.95,3.92,0.455,0.501,0.109,0.0123,0.0500
3675,-39.65597,-19.71602,-19.93995,-6.57842,-12.91125,-0.45028,0.9578,20.81,0.0161,42.92,2.97,0.455,0.501,0.109,0.0123,0.0500
3700,-39.66969,-19.71552,-19.95418,-6.60102,-12.92630,-0.42686,0.9611,-68.89,-0.0534,42.05,3.78,0.455,0.501,0.109,0.0123,0.0500
3725,-39.69141,-19.71947,-19.97194,-6.61772,-12.92109,-0.43313,0.9636,21.01,0.0163,42.01,3.45,0.455,0.501,0.109,0.0123,0.0500
3750,-39.70080,-19.78687,-19.91393,-6.58303,-12.89101,-0.43989,0.9585,20.88,0.0162,41.78,4.25,0.456,0.501,0.109,0.0123,0.0500
3775,-39.75233,-19.80159,-19.95074,-6.59544,-12.91950,-0.43580,0.9603,20.75,0.0161,41.64,4.45,0.456,0.501,0.109,0.0123,0.0500
3800,-39.68188,-19.78018,-19.90169,-6.58246,-12.87868,-0.44055,0.9584,21.05,0.0163,42.10,3.52,0.456,0.501,0.109,0.0123,0.0500
3825,-39.81137,-19.83240,-19.97897,-6.60408,-12.93552,-0.43937,0.9616,20.75,0.0161,42.21,3.46,0.456,0.501,0.109,0.0123,0.0500
3850,-39.76940,-19.78603,-19.98337,-6.60882,-12.93856,-0.43599,0.9623,21.32,0.0165,41.79,4.47,0.456,0.501,0.109,0.0123,0.0500
3875,-39.73390,-19.75625,-19.97765,-6.59736,-12.93314,-0.44715,0.9606,21.24,0.0165,42.00,3.39,0.456,0.501,0.109,0.0123,0.0500
3900,-39.76293,-19.83667,-19.92627,-6.58698,-12.89975,-0.43954,0.9591,111.19,0.0861,42.31,4.27,0.456,0.501,0.109,0.0123,0.0500
3925,-39.79246,-19.82682,-19.96565,-6.59672,-12.91853,-0.45040,0.9605,111.18,0.0861,41.84,4.43,0.456,0.500,0.109,0.0123,0.0500
3950,-39.80451,-19.83679,-19.96771,-6.59291,-12.92858,-0.44622,0.9599,21.23,0.0164,41.48,4.33,0.456,0.500,0.109,0.0123,0.0500
3975,-39.72027,-19.77758,-19.94269,-6.59959,-12.90309,-0.44001,0.9609,21.20,0.0164,42.12,3.58,0.456,0.500,0.109,0.0123,0.0500
4000,-39.74630,-19.82343,-19.92287,-6.59120,-12.88838,-0.44329,0.9597,20.55,0.0159,42.41,3.01,0.456,0.500,0.104,0.0117,0.0500
4025,-39.81897,-19.82629,-19.99268,-6.62350,-12.93808,-0.43110,0.9644,20.32,0.0157,42.26,3.24,0.456,0.500,0.104,0.0117,0.0500
4050,-39.76333,-19.83943,-19.92390,-6.58674,-12.88025,-0.45691,0.9590,20.35,0.0158,42.58,3.27,0.457,0.500,0.104,0.0117,0.0500
4075,-39.81265,-19.86369,-19.94896,-6.60090,-12.91215,-0.43591,0.9611,20.21,0.0156,42.63,2.57,0.457,0.500,0.104,0.0117,0.0500
4100,-39.83865,-19.87780,-19.96086,-6.60518,-12.92112,-0.43456,0.9617,20.72,0.0161,42.46,2.61,0.457,0.500,0.104,0.0117,0.0500
4125,-39.79240,-19.86066,-19.93174,-6.58377,-12.88736,-0.46061,0.9586,110.91,0.0859,42.55,2.85,0.457,0.500,0.104,0.0117,0.0500
4150,-39.84286,-19.90911,-19.93375,-6.58518,-12.89852,-0.45005,0.9588,20.87,0.0162,43.13,2.70,0.457,0.500,0.104,0.0117,0.0500
4175,-39.80153,-19.87386,-19.92767,-6.60508,-12.87569,-0.44690,0.9617,20.82,0.0161,42.85,2.77,0.457,0.500,0.104,0.0117,0.0500
4200,-39.89909,-19.92609,-19.97300,-6.61837,-12.91536,-0.43926,0.9637,21.15,0.0164,43.12,2.56,0.458,0.500,0.104,0.0117,0.0500
4225,-39.88700,-19.93685,-19.95015,-6.59228,-12.89850,-0.45937,0.9599,111.03,0.0860,42.57,3.60,0.458,0.500,0.104,0.0117,0.0500
4250,-39.94021,-19.96859,-19.97162,-6.59689,-12.92332,-0.45141,0.9605,-68.54,-0.0531,42.93,3.42,0.458,0.500,0.104,0.0117,0.0500
4275,-39.90570,-19.94861,-19.95709,-6.59424,-12.91514,-0.44770,0.9601,111.22,0.0861,42.16,4.01,0.458,0.500,0.104,0.0117,0.0500
4300,-39.85470,-19.92278,-19.93193,-6.58669,-12.89837,-0.44687,0.9590,110.73,0.0858,42.99,3.31,0.458,0.500,0.104,0.0117,0.0500
4325,-39.94634,-20.01041,-19.93592,-6.61496,-12.88849,-0.43248,0.9632,-68.92,-0.0534,42.96,3.14,0.458,0.500,0.104,0.0117,0.0500
4350,-39.91018,-19.96976,-19.94042,-6.58985,-12.89511,-0.45546,0.9595,-69.05,-0.0535,43.28,2.91,0.458,0.500,0.104,0.0117,0.0500
4375,-39.83989,-19.93394,-19.90595,-6.58549,-12.86814,-0.45231,0.9589,200.67,0.1554,42.57,3.60,0.458,0.500,0.104,0.0117,0.0500
4400,-39.94770,-19.98883,-19.95887,-6.60835,-12.90346,-0.44706,0.9622,200.87,0.1556,42.01,4.08,0.458,0.501,0.104,0.0117,0.0500
4425,-39.92501,-19.97310,-19.95191,-6.60501,-12.90163,-0.44526,0.9617,110.85,0.0859,42.43,3.55,0.458,0.501,0.104,0.0117,0.0500
4450,-39.94466,-19.97732,-19.96734,-6.60118,-12.92240,-0.44376,0.9612,200.73,0.1555,42.24,3.67,0.458,0.501,0.104,0.0117,0.0500
4475,-39.82108,-19.93368,-19.88740,-6.58261,-12.84467,-0.46012,0.9584,110.79,0.0858,42.18,3.64,0.459,0.501,0.104,0.0117,0.0500
4500,-39.96109,-19.95593,-20.00515,-6.61179,-12.95431,-0.43905,0.9627,20.75,0.0161,42.76,3.49,0.459,0.501,0.104,0.0117,0.0500
4525,-39.86349,-19.95572,-19.90777,-6.59718,-12.86752,-0.44307,0.9606,20.63,0.0160,43.17,2.40,0.459,0.501,0.104,0.0117,0.0500
4550,-39.95318,-19.98439,-19.96879,-6.60932,-12.93008,-0.42938,0.9623,20.73,0.0161,42.67,2.95,0.459,0.501,0.104,0.0117,0.0500
4575,-39.90031,-19.94336,-19.95695,-6.59292,-12.90239,-0.46164,0.9599,20.71,0.0160,43.11,3.15,0.459,0.501,0.104,0.0117,0.0500
4600,-39.80656,-19.91419,-19.89237,-6.57806,-12.86828,-0.44603,0.9578,20.74,0.0161,42.52,3.76,0.459,0.501,0.104,0.0117,0.0500
4625,-39.92930,-19.97490,-19.95440,-6.60601,-12.91521,-0.43318,0.9619,20.64,0.0160,42.93,3.41,0.459,0.501,0.104,0.0117,0.0500
4650,-39.92708,-19.98398,-19.94310,-6.60460,-12.90621,-0.43229,0.9617,20.64,0.0160,43.23,2.97,0.459,0.501,0.104,0.0117,0.0500
4675,-39.89136,-19.93412,-19.95724,-6.59381,-12.92461,-0.43881,0.9601,20.48,0.0159,42.98,3.33,0.459,0.501,0.104,0.0117,0.0500
4700,-39.98663,-20.03483,-19.95180,-6.59634,-12.91089,-0.44457,0.9604,110.56,0.0856,42.99,3.15,0.459,0.501,0.104,0.0117,0.0500
4725,-39.90811,-19.98422,-19.92389,-6.61025,-12.87185,-0.44179,0.9625,20.59,0.0159,42.95,2.62,0.459,0.501,0.104,0.0117,0.0500
4750,-39.97107,-20.03543,-19.93564,-6.59278,-12.87463,-0.46823,0.9599,20.28,0.0157,42.62,3.12,0.460,0.501,0.104,0.0117,0.0500
4775,-40.02164,-20.03112,-19.99053,-6.60490,-12.94820,-0.43743,0.9617,110.38,0.0855,42.38,3.37,0.460,0.501,0.104,0.0117,0.0500
4800,-39.99301,-20.01836,-19.97465,-6.60444,-12.92268,-0.44754,0.9616,110.52,0.0856,42.62,2.50,0.460,0.501,0.104,0.0117,0.0500
4825,-39.98554,-20.01886,-19.96668,-6.58351,-12.94218,-0.44099,0.9586,20.39,0.0158,43.11,2.68,0.460,0.501,0.104,0.0117,0.0500
4850,-40.00430,-20.05680,-19.94749,-6.58696,-12.90107,-0.45945,0.9591,20.68,0.0160,43.26,2.21,0.460,0.501,0.104,0.0117,0.0500
4875,-40.08750,-20.09323,-19.99427,-6.59459,-12.94282,-0.45686,0.9602,110.46,0.0855,42.99,2.39,0.460,0.501,0.104,0.0117,0.0500
4900,-40.00991,-20.04991,-19.95999,-6.60386,-12.92097,-0.43517,0.9615,20.54,0.0159,43.43,1.62,0.460,0.501,0.104,0.0117,0.0500
4925,-40.00854,-20.06164,-19.94691,-6.58882,-12.91603,-0.44205,0.9594,20.74,0.0161,43.30,1.50,0.460,0.501,0.104,0.0117,0.0500
4950,-40.06414,-20.11839,-19.94575,-6.58682,-12.91613,-0.44280,0.9591,20.82,0.0161,43.30,1.50,0.460,0.501,0.104,0.0117,0.0500
4975,-40.05196,-20.06596,-19.98600,-6.60741,-12.92382,-0.45476,0.9621,110.77,0.0858,42.68,2.25,0.460,0.501,0.104,0.0117,0.0500
5000,-40.06546,-20.09508,-19.97038,-6.59048,-12.92324,-0.45666,0.9596,20.34,0.0157,42.99,1.89,0.460,0.501,0.099,0.0111,0.0500
5025,-40.07426,-20.11985,-19.95441,-6.59011,-12.91254,-0.45175,0.9595,20.36,0.0158,42.82,1.79,0.460,0.501,0.099,0.0111,0.0500
5050,-39.99771,-20.06442,-19.93329,-6.58163,-12.90506,-0.44659,0.9583,20.38,0.0158,43.19,1.28,0.460,0.501,0.099,0.0111,0.0500
5075,-40.01974,-20.05176,-19.96798,-6.59773,-12.92234,-0.44791,0.9606,20.21,0.0156,42.72,2.55,0.460,0.501,0.099,0.0111,0.0500
5100,-40.12680,-20.16680,-19.96000,-6.59018,-12.92670,-0.44312,0.9595,20.42,0.0158,42.48,2.57,0.461,0.501,0.099,0.0111,0.0500
5125,-40.13490,-20.13446,-20.00044,-6.62138,-12.94561,-0.43345,0.9641,20.60,0.0160,42.54,2.37,0.461,0.501,0.099,0.0111,0.0500
5150,-40.20445,-20.21401,-19.99044,-6.61443,-12.92981,-0.44621,0.9631,20.61,0.0160,42.66,2.11,0.461,0.501,0.099,0.0111,0.0500
5175,-40.16713,-20.17079,-19.99634,-6.59710,-12.93620,-0.46304,0.9606,20.73,0.0161,42.70,2.07,0.461,0.501,0.099,0.0111,0.0500
5200,-40.07195,-20.13780,-19.93415,-6.59544,-12.89075,-0.44796,0.9603,20.96,0.0162,43.15,1.38,0.461,0.500,0.099,0.0111,0.0500
5225,-40.12224,-20.13072,-19.99153,-6.62330,-12.93160,-0.43663,0.9644,20.97,0.0162,43.12,1.36,0.461,0.500,0.099,0.0111,0.0500
5250,-40.16249,-20.19158,-19.97091,-6.60464,-12.92639,-0.43988,0.9617,20.78,0.0161,43.12,1.35,0.461,0.500,0.099,0.0111,0.0500
5275,-40.20118,-20.20479,-19.99639,-6.62375,-12.92174,-0.45089,0.9644,20.91,0.0162,42.94,1.89,0.461,0.500,0.099,0.0111,0.0500
5300,-40.17316,-20.19012,-19.98304,-6.62441,-12.92684,-0.43179,0.9645,20.92,0.0162,42.84,2.10,0.461,0.500,0.099,0.0111,0.0500
5325,-40.14565,-20.20456,-19.94109,-6.58994,-12.89015,-0.46100,0.9595,21.06,0.0163,42.70,2.57,0.462,0.500,0.099,0.0111,0.0500
5350,-40.17092,-20.19310,-19.97783,-6.59911,-12.92349,-0.45522,0.9609,20.89,0.0162,42.22,2.85,0.462,0.500,0.099,0.0111,0.0500
5375,-40.13318,-20.18527,-19.94791,-6.59965,-12.90860,-0.43966,0.9609,20.78,0.0161,42.53,2.50,0.462,0.500,0.099,0.0111,0.0500
5400,-40.17646,-20.17190,-20.00456,-6.60313,-12.94460,-0.45684,0.9614,20.69,0.0160,42.38,2.18,0.462,0.500,0.099,0.0111,0.0500
5425,-40.16195,-20.18261,-19.97934,-6.60018,-12.90980,-0.46936,0.9610,20.99,0.0163,42.26,2.63,0.462,0.500,0.099,0.0111,0.0500
5450,-40.18887,-20.22639,-19.96249,-6.58658,-12.91883,-0.45708,0.9590,20.95,0.0162,42.36,2.42,0.462,0.500,0.099,0.0111,0.0500
5475,-40.16234,-20.18437,-19.97797,-6.59561,-12.91686,-0.46551,0.9603,20.90,0.0162,42.35,2.56,0.462,0.500,0.099,0.0111,0.0500
5500,-40.15659,-20.18121,-19.97538,-6.59894,-12.91605,-0.46040,0.9608,21.10,0.0163,42.69,2.45,0.462,0.500,0.099,0.0111,0.0500
5525,-40.21573,-20.23351,-19.98222,-6.59029,-12.93527,-0.45666,0.9596,21.08,0.0163,42.63,2.54,0.462,0.500,0.099,0.0111,0.0500
5550,-40.22228,-20.25425,-19.96802,-6.59711,-12.92160,-0.44931,0.9606,21.22,0.0164,42.60,2.59,0.462,0.500,0.099,0.0111,0.0500
5575,-40.30470,-20.31924,-19.98547,-6.61854,-12.91377,-0.45316,0.9637,21.06,0.0163,42.12,3.23,0.462,0.500,0.099,0.0111,0.0500
5600,-40.22705,-20.23381,-19.99325,-6.59815,-12.93634,-0.45875,0.9607,111.10,0.0860,42.45,3.45,0.463,0.500,0.099,0.0111,0.0500
5625,-40.23521,-20.23479,-20.00043,-6.60577,-12.93268,-0.46198,0.9618,111.25,0.0862,42.08,3.41,0.463,0.500,0.099,0.0111,0.0500
5650,-40.29541,-20.28375,-20.01166,-6.60992,-12.95398,-0.44775,0.9624,21.34,0.0165,41.84,3.64,0.463,0.500,0.099,0.0111,0.0500
5675,-40.30596,-20.34309,-19.96286,-6.58480,-12.91714,-0.46093,0.9588,111.47,0.0863,42.11,3.84,0.463,0.500,0.099,0.0111,0.0500
5700,-40.24136,-20.27086,-19.97050,-6.58618,-12.91423,-0.47010,0.9590,111.53,0.0864,42.03,3.73,0.463,0.499,0.099,0.0111,0.0500
5725,-40.26409,-20.32962,-19.93447,-6.59182,-12.87734,-0.46531,0.9598,111.67,0.0865,42.19,3.64,0.463,0.499,0.099,0.0111,0.0500
5750,-40.29330,-20.33840,-19.95490,-6.60931,-12.90572,-0.43986,0.9623,201.51,0.1561,41.80,3.47,0.463,0.499,0.099,0.0111,0.0500
5775,-40.30419,-20.33231,-19.97188,-6.59592,-12.90833,-0.46763,0.9604,111.63,0.0865,41.69,3.56,0.463,0.499,0.099,0.0111,0.0500
5800,-40.32539,-20.36820,-19.95719,-6.58260,-12.90383,-0.47076,0.9584,21.87,0.0169,42.36,2.55,0.463,0.499,0.099,0.0111,0.0500
5825,-40.20788,-20.27224,-19.93564,-6.57589,-12.87823,-0.48152,0.9575,21.98,0.0170,42.95,2.10,0.463,0.499,0.099,0.0111,0.0500
5850,-40.27860,-20.28021,-19.99839,-6.59623,-12.92542,-0.47675,0.9604,111.97,0.0867,42.80,2.34,0.463,0.499,0.099,0.0111,0.0500
5875,-40.28681,-20.29916,-19.98765,-6.60515,-12.93319,-0.44931,0.9617,22.24,0.0172,43.20,2.24,0.463,0.499,0.099,0.0111,0.0500
5900,-40.25962,-20.31671,-19.94290,-6.58893,-12.88854,-0.46543,0.9594,22.14,0.0171,42.22,3.00,0.463,0.499,0.099,0.0111,0.0500
5925,-40.36910,-20.39128,-19.97782,-6.60800,-12.91362,-0.45621,0.9621,22.13,0.0171,42.05,3.56,0.463,0.499,0.099,0.0111,0.0500
5950,-40.36097,-20.36418,-19.99679,-6.60773,-12.94067,-0.44840,0.9621,22.14,0.0171,42.08,3.46,0.464,0.499,0.099,0.0111,0.0500
5975,-40.28567,-20.33145,-19.95422,-6.58723,-12.88756,-0.47944,0.9591,22.11,0.0171,41.93,3.63,0.464,0.499,0.099,0.0111,0.0500
6000,-40.21780,-20.32785,-19.88995,-6.58029,-12.83818,-0.47148,0.9581,22.15,0.0172,41.43,4.39,0.464,0.499,0.094,0.0105,0.0500
6025,-40.30105,-20.33904,-19.96201,-6.59472,-12.90484,-0.46244,0.9602,22.44,0.0174,41.74,4.04,0.464,0.499,0.094,0.0105,0.0500
6050,-40.31140,-20.32475,-19.98665,-6.61315,-12.90985,-0.46365,0.9629,-67.77,-0.0525,41.63,3.98,0.464,0.499,0.094,0.0105,0.0500
6075,-40.34689,-20.35780,-19.98909,-6.60583,-12.94077,-0.44249,0.9618,22.36,0.0173,41.58,3.89,0.464,0.499,0.094,0.0105,0.0500
6100,-40.37872,-20.37840,-20.00032,-6.60513,-12.92822,-0.46697,0.9617,22.73,0.0176,42.15,3.58,0.464,0.499,0.094,0.0105,0.0500
6125,-40.29943,-20.31219,-19.98724,-6.59353,-12.93042,-0.46329,0.9600,112.87,0.0874,42.21,3.44,0.464,0.499,0.094,0.0105,0.0500
6150,-40.35057,-20.40533,-19.94524,-6.59100,-12.88163,-0.47261,0.9597,112.89,0.0874,41.25,4.06,0.464,0.499,0.094,0.0105,0.0500
6175,-40.34683,-20.42217,-19.92466,-6.57030,-12.88715,-0.46721,0.9567,23.16,0.0179,41.57,3.91,0.464,0.499,0.094,0.0105,0.0500
6200,-40.34440,-20.37901,-19.96539,-6.60730,-12.91015,-0.44794,0.9620,23.20,0.0180,41.40,4.25,0.465,0.499,0.094,0.0105,0.0500
6225,-40.45593,-20.45446,-20.00148,-6.60835,-12.92988,-0.46325,0.9622,23.15,0.0179,41.23,4.16,0.465,0.499,0.094,0.0105,0.0500
6250,-40.32930,-20.39201,-19.93729,-6.59459,-12.87210,-0.47060,0.9602,23.21,0.0180,41.52,3.94,0.465,0.499,0.094,0.0105,0.0500
6275,-40.36979,-20.37943,-19.99036,-6.58493,-12.94065,-0.46478,0.9588,23.33,0.0181,41.18,4.20,0.465,0.499,0.094,0.0105,0.0500
6300,-40.33686,-20.38406,-19.95280,-6.58348,-12.90828,-0.46103,0.9586,23.19,0.0180,41.12,4.09,0.465,0.499,0.094,0.0105,0.0500
6325,-40.37152,-20.39107,-19.98046,-6.60319,-12.92574,-0.45153,0.9614,22.86,0.0177,41.49,4.07,0.465,0.499,0.094,0.0105,0.0500
6350,-40.39342,-20.46650,-19.92692,-6.59034,-12.87808,-0.45849,0.9596,22.93,0.0178,41.57,3.83,0.465,0.499,0.094,0.0105,0.0500
6375,-40.41724,-20.46063,-19.95662,-6.58298,-12.89178,-0.48186,0.9585,22.81,0.0177,41.55,3.80,0.465,0.499,0.094,0.0105,0.0500
6400,-40.36800,-20.39416,-19.97384,-6.60058,-12.90239,-0.47087,0.9611,22.45,0.0174,41.31,3.99,0.465,0.499,0.094,0.0105,0.0500
6425,-40.39919,-20.45168,-19.94752,-6.58742,-12.89354,-0.46656,0.9591,22.80,0.0177,41.13,4.20,0.465,0.499,0.094,0.0105,0.0500
6450,-40.42088,-20.46361,-19.95727,-6.60251,-12.89160,-0.46316,0.9613,22.94,0.0178,41.09,4.20,0.465,0.499,0.094,0.0105,0.0500
6475,-40.41448,-20.43389,-19.98060,-6.59414,-12.91692,-0.46953,0.9601,22.67,0.0176,41.26,3.95,0.465,0.499,0.094,0.0105,0.0500
6500,-40.37233,-20.44549,-19.92684,-6.57015,-12.87284,-0.48386,0.9566,22.69,0.0176,41.12,4.11,0.465,0.499,0.094,0.0105,0.0500
6525,-40.46161,-20.49630,-19.96532,-6.59021,-12.90125,-0.47386,0.9596,22.76,0.0176,41.44,3.84,0.466,0.499,0.094,0.0105,0.0500
6550,-40.45642,-20.46866,-19.98776,-6.59555,-12.92948,-0.46273,0.9603,112.84,0.0874,41.22,4.05,0.466,0.499,0.094,0.0105,0.0500
6575,-40.35440,-20.41198,-19.94241,-6.59598,-12.89464,-0.45179,0.9604,22.97,0.0178,41.43,4.17,0.466,0.499,0.094,0.0105,0.0500
6600,-40.48361,-20.50480,-19.97881,-6.58141,-12.92434,-0.47306,0.9583,112.97,0.0875,40.69,4.48,0.466,0.499,0.094,0.0105,0.0500
6625,-40.40873,-20.46058,-19.94815,-6.57352,-12.89489,-0.47974,0.9571,22.96,0.0178,41.35,4.14,0.466,0.499,0.094,0.0105,0.0500
6650,-40.43633,-20.46218,-19.97415,-6.59180,-12.90356,-0.47880,0.9598,112.95,0.0875,40.63,4.37,0.466,0.499,0.094,0.0105,0.0500
6675,-40.47529,-20.50737,-19.96793,-6.59080,-12.90477,-0.47235,0.9596,113.13,0.0876,40.72,4.58,0.466,0.499,0.094,0.0105,0.0500
6700,-40.47160,-20.49726,-19.97434,-6.60714,-12.89930,-0.46790,0.9620,23.19,0.0180,40.33,4.78,0.466,0.499,0.094,0.0105,0.0500
6725,-40.56286,-20.57404,-19.98881,-6.61051,-12.92887,-0.44944,0.9625,-66.86,-0.0518,41.11,4.17,0.466,0.499,0.094,0.0105,0.0500
6750,-40.46692,-20.50286,-19.96405,-6.57433,-12.93400,-0.45572,0.9572,23.14,0.0179,41.26,4.25,0.466,0.499,0.094,0.0105,0.0500
6775,-40.51174,-20.53487,-19.97687,-6.58210,-12.91356,-0.48122,0.9584,23.15,0.0179,41.28,4.08,0.467,0.499,0.094,0.0105,0.0500
6800,-40.50385,-20.51006,-19.99379,-6.60226,-12.93753,-0.45399,0.9613,113.32,0.0878,40.74,4.30,0.467,0.499,0.094,0.0105,0.0500
6825,-40.50668,-20.55641,-19.95027,-6.59240,-12.89043,-0.46743,0.9599,23.20,0.0180,41.36,3.91,0.467,0.499,0.094,0.0105,0.0500
6850,-40.46181,-20.50560,-19.95622,-6.59447,-12.89287,-0.46888,0.9602,22.98,0.0178,41.25,4.03,0.467,0.499,0.094,0.0105,0.0500
6875,-40.37995,-20.41250,-19.96745,-6.59609,-12.90669,-0.46467,0.9604,112.86,0.0874,41.47,3.83,0.467,0.499,0.094,0.0105,0.0500
6900,-40.45336,-20.48604,-19.96733,-6.60491,-12.89287,-0.46955,0.9617,22.85,0.0177,40.93,4.21,0.467,0.500,0.094,0.0105,0.0500
6925,-40.47825,-20.49989,-19.97836,-6.59538,-12.91188,-0.47110,0.9603,-67.06,-0.0519,41.40,3.99,0.467,0.500,0.094,0.0105,0.0500
6950,-40.60374,-20.58619,-20.01755,-6.59997,-12.95579,-0.46179,0.9610,-66.91,-0.0518,41.37,4.14,0.467,0.500,0.094,0.0105,0.0500
6975,-40.55243,-20.57275,-19.97968,-6.59249,-12.92393,-0.46326,0.9599,-66.78,-0.0517,41.63,3.71,0.467,0.500,0.094,0.0105,0.0500
7000,-40.60877,-20.60587,-20.00290,-6.59690,-12.93534,-0.47066,0.9605,23.03,0.0178,41.14,4.39,0.467,0.500,0.089,0.0100,0.0500
7025,-40.56994,-20.59921,-19.97073,-6.59014,-12.91187,-0.46872,0.9595,23.00,0.0178,40.55,4.69,0.467,0.500,0.089,0.0100,0.0500
7050,-40.62035,-20.64377,-19.97658,-6.59186,-12.91614,-0.46857,0.9598,23.15,0.0179,40.67,4.51,0.467,0.499,0.089,0.0100,0.0500
7075,-40.64464,-20.67285,-19.97180,-6.58492,-12.90183,-0.48505,0.9588,23.34,0.0181,40.93,4.39,0.467,0.499,0.089,0.0100,0.0500
7100,-40.63274,-20.66262,-19.97012,-6.59352,-12.90501,-0.47159,0.9600,23.71,0.0184,40.54,4.71,0.468,0.499,0.089,0.0100,0.0500
7125,-40.61063,-20.62478,-19.98585,-6.60492,-12.92301,-0.45791,0.9617,23.52,0.0182,40.18,4.81,0.468,0.499,0.089,0.0100,0.0500
7150,-40.60533,-20.61848,-19.98685,-6.60712,-12.91470,-0.46503,0.9620,23.46,0.0182,41.26,4.10,0.468,0.499,0.089,0.0100,0.0500
7175,-40.62976,-20.65593,-19.97384,-6.61751,-12.89634,-0.45999,0.9635,113.33,0.0878,41.02,4.34,0.468,0.499,0.089,0.0100,0.0500
7200,-40.58992,-20.60922,-19.98070,-6.60321,-12.91357,-0.46392,0.9614,113.29,0.0878,41.27,4.24,0.468,0.499,0.089,0.0100,0.0500
7225,-40.63209,-20.65029,-19.98180,-6.60262,-12.91509,-0.46410,0.9614,23.48,0.0182,40.80,4.55,0.468,0.499,0.089,0.0100,0.0500
7250,-40.61464,-20.63252,-19.98212,-6.59171,-12.92098,-0.46943,0.9598,23.56,0.0182,41.47,4.10,0.468,0.499,0.089,0.0100,0.0500
7275,-40.59819,-20.62143,-19.97676,-6.59852,-12.90520,-0.47305,0.9608,23.68,0.0183,40.76,4.68,0.468,0.499,0.089,0.0100,0.0500
7300,-40.56004,-20.58793,-19.97212,-6.58298,-12.91102,-0.47812,0.9585,23.53,0.0182,40.84,4.49,0.468,0.499,0.089,0.0100,0.0500
7325,-40.58798,-20.62449,-19.96348,-6.59484,-12.90980,-0.45884,0.9602,113.56,0.0880,41.64,3.89,0.468,0.499,0.089,0.0100,0.0500
7350,-40.63870,-20.64609,-19.99261,-6.59380,-12.92291,-0.47591,0.9601,113.64,0.0880,41.77,3.78,0.469,0.499,0.089,0.0100,0.0500
7375,-40.60509,-20.62518,-19.97992,-6.60547,-12.91811,-0.45634,0.9618,113.80,0.0882,41.61,3.80,0.469,0.499,0.089,0.0100,0.0500
7400,-40.63113,-20.64782,-19.98331,-6.59219,-12.92798,-0.46315,0.9598,113.73,0.0881,41.59,3.81,0.469,0.499,0.089,0.0100,0.0500
7425,-40.65044,-20.64228,-20.00816,-6.60199,-12.94170,-0.46447,0.9613,113.74,0.0881,41.63,4.00,0.469,0.499,0.089,0.0100,0.0500
7450,-40.65448,-20.69477,-19.95971,-6.57234,-12.90638,-0.48099,0.9570,23.84,0.0185,41.20,4.46,0.469,0.499,0.089,0.0100,0.0500
7475,-40.65890,-20.68330,-19.97560,-6.58803,-12.91586,-0.47171,0.9592,23.90,0.0185,41.20,4.17,0.469,0.499,0.089,0.0100,0.0500
7500,-40.66392,-20.68804,-19.97588,-6.59537,-12.90449,-0.47602,0.9603,113.80,0.0882,41.09,4.30,0.469,0.499,0.089,0.0100,0.0500
7525,-40.67539,-20.67211,-20.00327,-6.60388,-12.94360,-0.45579,0.9615,113.79,0.0882,41.36,4.03,0.469,0.499,0.089,0.0100,0.0500
7550,-40.66045,-20.69730,-19.96314,-6.57795,-12.90200,-0.48319,0.9578,113.89,0.0882,40.79,4.40,0.469,0.499,0.089,0.0100,0.0500
7575,-40.67809,-20.71000,-19.96810,-6.59598,-12.90491,-0.46721,0.9604,23.65,0.0183,40.82,4.43,0.469,0.499,0.089,0.0100,0.0500
7600,-40.69611,-20.71301,-19.98310,-6.59406,-12.92165,-0.46738,0.9601,113.59,0.0880,41.07,4.29,0.469,0.499,0.089,0.0100,0.0500
7625,-40.70620,-20.73770,-19.96850,-6.59003,-12.89447,-0.48399,0.9595,113.80,0.0882,40.45,4.80,0.469,0.499,0.089,0.0100,0.0500
7650,-40.69506,-20.72200,-19.97306,-6.58791,-12.93050,-0.45464,0.9592,-66.06,-0.0512,41.30,4.35,0.469,0.499,0.089,0.0100,0.0500
7675,-40.69631,-20.74318,-19.95313,-6.59522,-12.87210,-0.48580,0.9603,114.13,0.0884,41.22,4.31,0.469,0.499,0.089,0.0100,0.0500
7700,-40.75777,-20.76689,-19.99088,-6.59890,-12.92872,-0.46326,0.9608,114.17,0.0885,41.46,4.34,0.470,0.499,0.089,0.0100,0.0500
7725,-40.72850,-20.74448,-19.98402,-6.58900,-12.92276,-0.47226,0.9594,-65.74,-0.0509,41.17,4.34,0.470,0.499,0.089,0.0100,0.0500
7750,-40.75591,-20.79546,-19.96045,-6.57725,-12.90037,-0.48283,0.9577,-65.87,-0.0510,40.70,4.63,0.470,0.498,0.089,0.0100,0.0500
7775,-40.73618,-20.75438,-19.98180,-6.59525,-12.92035,-0.46620,0.9603,24.08,0.0187,40.66,4.42,0.470,0.498,0.089,0.0100,0.0500
7800,-40.70172,-20.73811,-19.96361,-6.58087,-12.90536,-0.47738,0.9582,23.88,0.0185,40.68,4.47,0.470,0.498,0.089,0.0100,0.0500
7825,-40.68759,-20.73710,-19.95050,-6.57102,-12.90229,-0.47719,0.9568,-66.10,-0.0512,41.19,4.03,0.470,0.498,0.089,0.0100,0.0500
7850,-40.76964,-20.78178,-19.98786,-6.61890,-12.90090,-0.46805,0.9637,-66.12,-0.0512,41.09,4.03,0.470,0.498,0.089,0.0100,0.0500
7875,-40.76856,-20.79338,-19.97519,-6.57787,-12.90978,-0.48753,0.9578,23.80,0.0184,41.28,3.94,0.470,0.498,0.089,0.0100,0.0500
7900,-40.73830,-20.75450,-19.98380,-6.58145,-12.93433,-0.46801,0.9583,23.66,0.0183,41.14,4.13,0.470,0.498,0.089,0.0100,0.0500
7925,-40.71021,-20.75148,-19.95873,-6.60232,-12.88915,-0.46726,0.9613,23.44,0.0182,40.89,4.44,0.470,0.498,0.089,0.0100,0.0500
7950,-40.72647,-20.75429,-19.97217,-6.61189,-12.91246,-0.44782,0.9627,23.59,0.0183,40.97,4.53,0.470,0.498,0.089,0.0100,0.0500
7975,-40.77494,-20.80310,-19.97183,-6.60277,-12.89523,-0.47383,0.9614,-66.67,-0.0516,41.05,4.26,0.470,0.498,0.089,0.0100,0.0500
8000,-40.79289,-20.81851,-19.97439,-6.58885,-12.89566,-0.48988,0.9594,-66.78,-0.0517,41.30,3.74,0.470,0.498,0.085,0.0095,0.0500
8025,-40.74692,-20.78095,-19.96597,-6.60313,-12.89566,-0.46718,0.9614,23.15,0.0179,41.46,3.83,0.470,0.498,0.085,0.0095,0.0500
8050,-40.76504,-20.83341,-19.93162,-6.59843,-12.85563,-0.47756,0.9608,-66.84,-0.0518,41.65,3.61,0.471,0.498,0.085,0.0095,0.0500
8075,-40.77008,-20.81999,-19.95009,-6.58009,-12.89645,-0.47355,0.9581,-66.95,-0.0519,41.15,3.86,0.471,0.498,0.085,0.0095,0.0500
8100,-40.78994,-20.84735,-19.94259,-6.60159,-12.87989,-0.46111,0.9612,-66.94,-0.0519,41.33,4.06,0.471,0.498,0.085,0.0095,0.0500
8125,-40.78151,-20.81179,-19.96972,-6.61254,-12.89116,-0.46602,0.9628,23.45,0.0182,41.11,4.30,0.471,0.498,0.085,0.0095,0.0500
8150,-40.80075,-20.82452,-19.97623,-6.58185,-12.90650,-0.48788,0.9583,23.28,0.0180,41.27,4.22,0.471,0.498,0.085,0.0095,0.0500
8175,-40.83689,-20.86685,-19.97005,-6.58169,-12.90815,-0.48021,0.9583,23.25,0.0180,41.09,4.39,0.471,0.498,0.085,0.0095,0.0500
8200,-40.83770,-20.89086,-19.94684,-6.59069,-12.86936,-0.48678,0.9596,23.31,0.0181,40.75,4.41,0.471,0.498,0.085,0.0095,0.0500
8225,-40.85754,-20.88421,-19.97334,-6.58885,-12.89486,-0.48963,0.9594,113.22,0.0877,41.13,4.33,0.471,0.498,0.085,0.0095,0.0500
8250,-40.86885,-20.90242,-19.96642,-6.59267,-12.90428,-0.46947,0.9599,23.26,0.0180,41.48,3.96,0.471,0.498,0.085,0.0095,0.0500
8275,-40.86546,-20.87307,-19.99238,-6.59475,-12.93209,-0.46555,0.9602,23.24,0.0180,41.53,3.92,0.472,0.498,0.085,0.0095,0.0500
8300,-40.89186,-20.91549,-19.97637,-6.60287,-12.92543,-0.44807,0.9614,23.13,0.0179,41.54,3.72,0.472,0.498,0.085,0.0095,0.0500
8325,-40.88944,-20.90019,-19.98925,-6.60919,-12.89977,-0.48029,0.9623,113.30,0.0878,40.95,4.00,0.472,0.498,0.085,0.0095,0.0500
8350,-40.87730,-20.90609,-19.97121,-6.59870,-12.90911,-0.46340,0.9608,23.22,0.0180,40.87,4.20,0.472,0.498,0.085,0.0095,0.0500
8375,-40.85955,-20.90139,-19.95816,-6.59480,-12.89482,-0.46853,0.9602,23.31,0.0181,41.10,3.98,0.472,0.498,0.085,0.0095,0.0500
8400,-40.82621,-20.85912,-19.96709,-6.60136,-12.89995,-0.46579,0.9612,23.30,0.0180,40.75,4.48,0.472,0.498,0.085,0.0095,0.0500
8425,-40.78049,-20.81989,-19.96060,-6.59963,-12.88876,-0.47221,0.9609,23.23,0.0180,41.11,4.03,0.472,0.498,0.085,0.0095,0.0500
8450,-40.84361,-20.87707,-19.96654,-6.58201,-12.90156,-0.48296,0.9584,23.30,0.0180,41.24,3.86,0.472,0.498,0.085,0.0095,0.0500
8475,-40.88742,-20.95360,-19.93382,-6.58684,-12.85501,-0.49197,0.9591,23.40,0.0181,40.74,4.30,0.472,0.498,0.085,0.0095,0.0500
8500,-40.91923,-20.98313,-19.93610,-6.58029,-12.87282,-0.48299,0.9581,23.25,0.0180,41.03,4.06,0.472,0.498,0.085,0.0095,0.0500
8525,-40.99419,-20.99221,-20.00198,-6.60426,-12.94230,-0.45543,0.9616,-66.48,-0.0515,41.11,4.02,0.472,0.498,0.085,0.0095,0.0500
8550,-40.97161,-20.97415,-19.99745,-6.61444,-12.93022,-0.45280,0.9631,23.41,0.0181,41.32,3.85,0.473,0.499,0.085,0.0095,0.0500
8575,-40.87903,-20.90851,-19.97052,-6.59050,-12.91808,-0.46194,0.9596,113.37,0.0878,41.32,3.83,0.473,0.499,0.085,0.0095,0.0500
8600,-40.93417,-20.93906,-19.99511,-6.60461,-12.91478,-0.47572,0.9617,203.46,0.1576,41.14,3.96,0.473,0.499,0.085,0.0095,0.0500
8625,-40.88427,-20.91679,-19.96749,-6.60277,-12.89419,-0.47054,0.9614,23.31,0.0181,41.61,3.33,0.473,0.499,0.085,0.0095,0.0500
8650,-40.85874,-20.87863,-19.98011,-6.58060,-12.91342,-0.48609,0.9582,23.20,0.0180,41.59,3.55,0.473,0.499,0.085,0.0095,0.0500
8675,-40.88616,-20.92269,-19.96348,-6.58793,-12.89183,-0.48372,0.9592,23.40,0.0181,41.55,3.73,0.473,0.499,0.085,0.0095,0.0500
8700,-40.85201,-20.88758,-19.96443,-6.58531,-12.88887,-0.49025,0.9588,23.51,0.0182,41.54,3.72,0.473,0.499,0.085,0.0095,0.0500
8725,-40.85532,-20.89543,-19.95990,-6.58880,-12.88824,-0.48286,0.9593,23.70,0.0184,41.85,3.66,0.473,0.499,0.085,0.0095,0.0500
8750,-40.87989,-20.86609,-20.01380,-6.60513,-12.94383,-0.46485,0.9617,23.54,0.0182,41.29,3.89,0.473,0.499,0.085,0.0095,0.0500
8775,-40.87618,-20.86965,-20.00653,-6.60623,-12.91853,-0.48176,0.9619,23.63,0.0183,41.39,3.95,0.473,0.499,0.085,0.0095,0.0500
8800,-40.84772,-20.83576,-20.01195,-6.61289,-12.93644,-0.46263,0.9629,23.85,0.0185,41.33,3.90,0.473,0.499,0.085,0.0095,0.0500
8825,-40.85443,-20.84823,-20.00620,-6.62653,-12.91585,-0.46383,0.9648,23.72,0.0184,41.35,3.90,0.474,0.499,0.085,0.0095,0.0500
8850,-40.86525,-20.88456,-19.98069,-6.61155,-12.89629,-0.47285,0.9627,-65.88,-0.0510,41.55,3.70,0.474,0.499,0.085,0.0095,0.0500
8875,-40.83283,-20.87996,-19.95286,-6.58364,-12.89250,-0.47672,0.9586,-66.03,-0.0511,41.45,3.66,0.474,0.499,0.085,0.0095,0.0500
8900,-40.89842,-20.91987,-19.97856,-6.60591,-12.88292,-0.48972,0.9618,113.92,0.0882,41.50,3.79,0.474,0.499,0.085,0.0095,0.0500
8925,-40.88034,-20.91812,-19.96222,-6.59766,-12.88176,-0.48280,0.9606,23.81,0.0184,41.40,4.15,0.474,0.499,0.085,0.0095,0.0500
8950,-40.82043,-20.88325,-19.93718,-6.57826,-12.86477,-0.49415,0.9578,-66.04,-0.0512,41.08,3.97,0.474,0.499,0.085,0.0095,0.0500
8975,-40.96281,-20.96996,-19.99284,-6.59783,-12.90761,-0.48740,0.9607,24.24,0.0188,41.20,3.64,0.474,0.499,0.085,0.0095,0.0500
9000,-40.85867,-20.93649,-19.92218,-6.57920,-12.84212,-0.50087,0.9580,-65.77,-0.0509,41.42,3.77,0.474,0.499,0.089,0.0100,0.0500
9025,-40.94708,-20.99157,-19.95551,-6.57263,-12.90098,-0.48191,0.9570,-66.00,-0.0511,41.38,3.68,0.474,0.499,0.089,0.0100,0.0500
9050,-40.88489,-20.95272,-19.93217,-6.58864,-12.86524,-0.47829,0.9593,24.22,0.0188,41.49,3.62,0.474,0.499,0.089,0.0100,0.0500
9075,-40.96501,-21.00207,-19.96294,-6.58450,-12.90060,-0.47784,0.9587,24.44,0.0189,41.44,3.64,0.474,0.499,0.089,0.0100,0.0500
9100,-41.00899,-21.07476,-19.93424,-6.57500,-12.86345,-0.49579,0.9573,24.42,0.0189,41.88,3.44,0.474,0.499,0.089,0.0100,0.0500
9125,-41.04523,-21.10071,-19.94453,-6.59158,-12.87007,-0.48288,0.9598,24.51,0.0190,41.23,3.61,0.474,0.499,0.089,0.0100,0.0500
9150,-41.04819,-21.07666,-19.97153,-6.60064,-12.89699,-0.47391,0.9611,24.34,0.0189,41.23,3.52,0.474,0.499,0.089,0.0100,0.0500
9175,-41.04878,-21.07053,-19.97825,-6.58721,-12.90523,-0.48581,0.9591,24.54,0.0190,41.19,3.45,0.474,0.499,0.089,0.0100,0.0500
9200,-41.00222,-21.04991,-19.95232,-6.58627,-12.87983,-0.48622,0.9590,-65.26,-0.0505,41.16,3.64,0.474,0.499,0.089,0.0100,0.0500
9225,-41.02028,-21.06797,-19.95231,-6.60349,-12.87562,-0.47320,0.9615,24.95,0.0193,41.23,3.50,0.474,0.499,0.089,0.0100,0.0500
9250,-41.03765,-21.08847,-19.94918,-6.59044,-12.87046,-0.48828,0.9596,25.02,0.0194,41.23,3.58,0.474,0.499,0.089,0.0100,0.0500
9275,-40.97733,-21.02099,-19.95634,-6.58900,-12.88388,-0.48346,0.9594,24.58,0.0190,41.26,3.54,0.474,0.498,0.089,0.0100,0.0500
9300,-41.03498,-21.09155,-19.94344,-6.58995,-12.87381,-0.47968,0.9595,24.57,0.0190,41.01,3.71,0.474,0.498,0.089,0.0100,0.0500
9325,-41.03536,-21.08373,-19.95164,-6.58749,-12.87223,-0.49192,0.9592,24.21,0.0187,41.45,3.22,0.474,0.498,0.089,0.0100,0.0500
9350,-41.05602,-21.08407,-19.97195,-6.58750,-12.89307,-0.49138,0.9592,24.14,0.0187,41.08,3.27,0.474,0.498,0.089,0.0100,0.0500
9375,-41.07090,-21.15326,-19.91765,-6.57615,-12.85587,-0.48563,0.9575,24.16,0.0187,41.66,2.71,0.474,0.498,0.089,0.0100,0.0500
9400,-41.04715,-21.08234,-19.96482,-6.59308,-12.89451,-0.47722,0.9600,24.13,0.0187,41.47,2.86,0.474,0.498,0.089,0.0100,0.0500
9425,-41.05061,-21.10971,-19.94090,-6.58384,-12.87204,-0.48503,0.9586,113.93,0.0882,40.85,3.38,0.474,0.498,0.089,0.0100,0.0500
9450,-41.12532,-21.13520,-19.99012,-6.60104,-12.89734,-0.49174,0.9611,113.84,0.0882,41.24,3.38,0.474,0.498,0.089,0.0100,0.0500
9475,-41.02228,-21.06720,-19.95508,-6.60021,-12.88447,-0.47040,0.9610,113.89,0.0882,41.25,3.26,0.474,0.498,0.089,0.0100,0.0500
9500,-41.01881,-21.06633,-19.95248,-6.59136,-12.88131,-0.47981,0.9597,23.75,0.0184,40.91,3.60,0.474,0.498,0.089,0.0100,0.0500
9525,-41.02415,-21.04846,-19.97569,-6.59780,-12.88843,-0.48946,0.9607,23.79,0.0184,41.55,2.89,0.474,0.498,0.089,0.0100,0.0500
9550,-41.00501,-21.06884,-19.93617,-6.58916,-12.86978,-0.47723,0.9594,113.93,0.0882,41.46,2.99,0.474,0.498,0.089,0.0100,0.0500
9575,-40.98745,-21.06368,-19.92377,-6.56484,-12.86587,-0.49305,0.9559,24.01,0.0186,42.12,2.94,0.475,0.498,0.089,0.0100,0.0500
9600,-40.99948,-21.08439,-19.91508,-6.57176,-12.85167,-0.49166,0.9569,24.07,0.0186,41.30,3.71,0.475,0.498,0.089,0.0100,0.0500
9625,-41.05240,-21.09647,-19.95594,-6.58448,-12.88866,-0.48280,0.9587,24.29,0.0188,41.30,3.67,0.475,0.498,0.089,0.0100,0.0500
9650,-41.03233,-21.09528,-19.93704,-6.58891,-12.87024,-0.47789,0.9594,24.51,0.0190,41.38,3.68,0.475,0.498,0.089,0.0100,0.0500
9675,-41.08467,-21.08758,-19.99709,-6.60355,-12.91118,-0.48235,0.9615,24.52,0.0190,41.30,3.89,0.475,0.498,0.089,0.0100,0.0500
9700,-41.01374,-21.05618,-19.95756,-6.58654,-12.87265,-0.49837,0.9590,24.47,0.0190,41.27,3.83,0.475,0.498,0.089,0.0100,0.0500
9725,-41.06283,-21.12869,-19.93414,-6.58796,-12.86193,-0.48426,0.9592,24.40,0.0189,41.24,4.06,0.475,0.498,0.089,0.0100,0.0500
9750,-41.02940,-21.11278,-19.91662,-6.58422,-12.84930,-0.48309,0.9587,24.44,0.0189,41.11,3.94,0.475,0.498,0.089,0.0100,0.0500
9775,-41.10903,-21.11726,-19.99177,-6.61264,-12.90034,-0.47878,0.9628,24.23,0.0188,40.99,4.19,0.475,0.498,0.089,0.0100,0.0500
9800,-41.16735,-21.19000,-19.97735,-6.58312,-12.90460,-0.48963,0.9585,-65.62,-0.0508,40.81,4.10,0.475,0.498,0.089,0.0100,0.0500
9825,-41.07360,-21.13766,-19.93594,-6.58662,-12.86716,-0.48216,0.9590,24.26,0.0188,41.15,3.88,0.475,0.498,0.089,0.0100,0.0500
9850,-41.08545,-21.13939,-19.94607,-6.60027,-12.86980,-0.47600,0.9610,24.13,0.0187,40.82,4.07,0.475,0.498,0.089,0.0100,0.0500
9875,-41.08437,-21.12835,-19.95601,-6.59747,-12.87512,-0.48343,0.9606,24.32,0.0188,40.85,3.98,0.475,0.498,0.089,0.0100,0.0500
9900,-41.10839,-21.15257,-19.95581,-6.57589,-12.89497,-0.48495,0.9575,24.19,0.0187,40.63,4.10,0.475,0.498,0.089,0.0100,0.0500
9925,-41.07621,-21.13004,-19.94617,-6.58362,-12.87150,-0.49104,0.9586,24.36,0.0189,40.78,4.10,0.475,0.498,0.089,0.0100,0.0500
9950,-41.11211,-21.17115,-19.94096,-6.58308,-12.87614,-0.48174,0.9585,24.38,0.0189,41.41,3.62,0.475,0.498,0.089,0.0100,0.0500
9975,-41.10355,-21.13186,-19.97169,-6.59968,-12.89215,-0.47986,0.9609,24.34,0.0189,41.15,3.56,0.475,0.498,0.089,0.0100,0.0500
10000,-41.16012,-21.22656,-19.93356,-6.58799,-12.86792,-0.47764,0.9592,24.55,0.0190,41.36,3.61,0.475,0.498,0.084,0.0095,0.0500
10025,-41.10916,-21.15240,-19.95676,-6.57976,-12.87680,-0.50019,0.9580,24.85,0.0193,41.31,3.76,0.475,0.498,0.084,0.0095,0.0500
10050,-41.12392,-21.19819,-19.92574,-6.58038,-12.85225,-0.49311,0.9581,24.78,0.0192,41.46,3.58,0.475,0.498,0.084,0.0095,0.0500
10075,-41.14281,-21.18120,-19.96161,-6.58115,-12.87765,-0.50281,0.9582,24.94,0.0193,41.29,3.83,0.475,0.498,0.084,0.0095,0.0500
10100,-41.18953,-21.18126,-20.00827,-6.60052,-12.92132,-0.48643,0.9611,24.63,0.0191,41.49,3.71,0.475,0.498,0.084,0.0095,0.0500
10125,-41.15541,-21.22250,-19.93291,-6.59917,-12.85048,-0.48326,0.9609,24.96,0.0193,41.68,3.42,0.475,0.498,0.084,0.0095,0.0500
10150,-41.17297,-21.18512,-19.98786,-6.58993,-12.91677,-0.48115,0.9595,25.35,0.0196,41.79,3.31,0.475,0.498,0.084,0.0095,0.0500
10175,-41.17116,-21.19103,-19.98014,-6.60166,-12.89709,-0.48139,0.9612,25.15,0.0195,41.59,3.61,0.475,0.498,0.084,0.0095,0.0500
10200,-41.22485,-21.23074,-19.99410,-6.58967,-12.92568,-0.47876,0.9595,115.02,0.0891,41.48,3.84,0.475,0.498,0.084,0.0095,0.0500
10225,-41.17745,-21.24744,-19.93001,-6.57878,-12.85749,-0.49374,0.9579,114.97,0.0891,41.69,3.34,0.475,0.498,0.084,0.0095,0.0500
10250,-41.20837,-21.23317,-19.97519,-6.59860,-12.89652,-0.48007,0.9608,115.13,0.0892,41.37,3.70,0.475,0.498,0.084,0.0095,0.0500
10275,-41.17666,-21.23911,-19.93755,-6.57195,-12.86311,-0.50249,0.9569,115.17,0.0892,41.93,3.13,0.475,0.498,0.084,0.0095,0.0500
10300,-41.15812,-21.20358,-19.95454,-6.59258,-12.87888,-0.48307,0.9599,114.94,0.0890,42.03,3.14,0.476,0.498,0.084,0.0095,0.0500
10325,-41.20194,-21.23365,-19.96828,-6.58826,-12.89286,-0.48716,0.9593,115.08,0.0891,41.76,3.13,0.476,0.498,0.084,0.0095,0.0500
10350,-41.14363,-21.19014,-19.95350,-6.59045,-12.87489,-0.48815,0.9596,115.13,0.0892,41.71,3.00,0.476,0.498,0.084,0.0095,0.0500
10375,-41.20126,-21.21612,-19.98514,-6.59736,-12.90149,-0.48630,0.9606,115.12,0.0892,41.40,3.30,0.476,0.498,0.084,0.0095,0.0500
10400,-41.11635,-21.14463,-19.97172,-6.59015,-12.89131,-0.49027,0.9595,114.96,0.0890,41.54,3.09,0.476,0.498,0.084,0.0095,0.0500
10425,-41.22445,-21.23765,-19.98681,-6.59322,-12.89775,-0.49583,0.9600,114.91,0.0890,41.46,3.50,0.476,0.498,0.084,0.0095,0.0500
10450,-41.26847,-21.25856,-20.00991,-6.60769,-12.92560,-0.47662,0.9621,114.88,0.0890,41.37,3.75,0.476,0.498,0.084,0.0095,0.0500
10475,-41.18427,-21.19939,-19.98487,-6.59506,-12.89526,-0.49455,0.9603,114.79,0.0889,41.01,3.81,0.476,0.498,0.084,0.0095,0.0500
10500,-41.21661,-21.26702,-19.94960,-6.60705,-12.85618,-0.48637,0.9620,115.03,0.0891,41.24,3.77,0.476,0.498,0.084,0.0095,0.0500
10525,-41.27137,-21.25733,-20.01405,-6.61475,-12.91333,-0.48597,0.9631,114.92,0.0890,41.31,3.73,0.476,0.498,0.084,0.0095,0.0500
10550,-41.19998,-21.22312,-19.97685,-6.59033,-12.88744,-0.49908,0.9596,114.96,0.0891,41.50,3.22,0.476,0.498,0.084,0.0095,0.0500
10575,-41.24498,-21.26649,-19.97849,-6.60210,-12.89633,-0.48006,0.9613,115.04,0.0891,41.45,3.20,0.476,0.498,0.084,0.0095,0.0500
10600,-41.26186,-21.31620,-19.94566,-6.59464,-12.85733,-0.49368,0.9602,25.02,0.0194,41.88,2.65,0.476,0.498,0.084,0.0095,0.0500
10625,-41.23013,-21.29573,-19.93440,-6.59408,-12.85267,-0.48765,0.9601,24.88,0.0193,41.56,3.18,0.476,0.498,0.084,0.0095,0.0500
10650,-41.31474,-21.35218,-19.96256,-6.58404,-12.88824,-0.49028,0.9587,114.88,0.0890,41.28,3.36,0.476,0.498,0.084,0.0095,0.0500
10675,-41.24355,-21.26771,-19.97584,-6.59764,-12.88424,-0.49397,0.9606,114.60,0.0888,40.82,3.78,0.476,0.498,0.084,0.0095,0.0500
10700,-41.29601,-21.30780,-19.98821,-6.60892,-12.88652,-0.49277,0.9623,114.48,0.0887,41.37,3.46,0.476,0.498,0.084,0.0095,0.0500
10725,-41.31486,-21.38344,-19.93142,-6.58541,-12.86006,-0.48595,0.9589,114.48,0.0887,41.12,3.43,0.476,0.498,0.084,0.0095,0.0500
10750,-41.28085,-21.30840,-19.97246,-6.60631,-12.88629,-0.47985,0.9619,114.53,0.0887,41.48,3.22,0.476,0.498,0.084,0.0095,0.0500
10775,-41.28406,-21.27445,-20.00960,-6.60066,-12.93175,-0.47720,0.9611,114.56,0.0887,41.44,3.35,0.476,0.498,0.084,0.0095,0.0500
10800,-41.35551,-21.38288,-19.97263,-6.60083,-12.87844,-0.49336,0.9611,114.52,0.0887,40.99,3.66,0.476,0.498,0.084,0.0095,0.0500
10825,-41.33971,-21.39447,-19.94524,-6.57021,-12.87931,-0.49572,0.9566,24.74,0.0192,41.72,2.48,0.476,0.498,0.084,0.0095,0.0500
10850,-41.32921,-21.37431,-19.95490,-6.59983,-12.86778,-0.48728,0.9610,114.90,0.0890,41.48,2.77,0.476,0.498,0.084,0.0095,0.0500
10875,-41.32052,-21.33578,-19.98473,-6.58830,-12.90204,-0.49439,0.9593,115.01,0.0891,41.54,2.88,0.476,0.498,0.084,0.0095,0.0500
10900,-41.34447,-21.40388,-19.94059,-6.58653,-12.84952,-0.50455,0.9590,115.10,0.0892,41.51,2.99,0.476,0.498,0.084,0.0095,0.0500
10925,-41.31920,-21.35586,-19.96334,-6.57388,-12.88461,-0.50485,0.9572,114.92,0.0890,42.01,2.96,0.476,0.498,0.084,0.0095,0.0500
10950,-41.31811,-21.33763,-19.98048,-6.57524,-12.92593,-0.47930,0.9574,114.95,0.0891,42.08,2.68,0.476,0.498,0.084,0.0095,0.0500
10975,-41.42267,-21.43136,-19.99130,-6.59109,-12.90704,-0.49317,0.9597,115.06,0.0891,41.71,3.25,0.476,0.498,0.084,0.0095,0.0500
11000,-41.32995,-21.36873,-19.96122,-6.58332,-12.88661,-0.49130,0.9586,115.11,0.0892,41.81,3.16,0.477,0.498,0.080,0.0090,0.0500
11025,-41.37621,-21.41902,-19.95719,-6.58913,-12.88843,-0.47963,0.9594,115.10,0.0892,41.71,3.26,0.477,0.498,0.080,0.0090,0.0500
11050,-41.37227,-21.38659,-19.98568,-6.58293,-12.91440,-0.48835,0.9585,115.32,0.0893,41.86,3.16,0.477,0.498,0.080,0.0090,0.0500
11075,-41.42991,-21.45290,-19.97701,-6.60381,-12.89092,-0.48229,0.9615,25.33,0.0196,41.32,3.72,0.477,0.498,0.080,0.0090,0.0500
11100,-41.46927,-21.46467,-20.00460,-6.57904,-12.93429,-0.49128,0.9579,115.48,0.0895,41.70,3.27,0.477,0.498,0.080,0.0090,0.0500
11125,-41.31857,-21.39843,-19.92015,-6.57638,-12.83967,-0.50410,0.9575,25.59,0.0198,41.27,3.59,0.477,0.498,0.080,0.0090,0.0500
11150,-41.37343,-21.37452,-19.99891,-6.60288,-12.90957,-0.48647,0.9614,115.48,0.0895,41.50,3.43,0.477,0.498,0.080,0.0090,0.0500
11175,-41.42421,-21.41966,-20.00455,-6.60145,-12.91838,-0.48472,0.9612,115.49,0.0895,41.57,3.25,0.477,0.498,0.080,0.0090,0.0500
11200,-41.44582,-21.43923,-20.00660,-6.59281,-12.91950,-0.49428,0.9599,115.76,0.0897,41.75,3.41,0.477,0.498,0.080,0.0090,0.0500
11225,-41.42652,-21.43237,-19.99416,-6.57471,-12.90880,-0.51065,0.9573,115.84,0.0897,41.82,3.34,0.477,0.498,0.080,0.0090,0.0500
11250,-41.48707,-21.50233,-19.98475,-6.59311,-12.90998,-0.48165,0.9600,115.80,0.0897,40.97,3.87,0.477,0.498,0.080,0.0090,0.0500
11275,-41.48992,-21.49658,-19.99334,-6.59877,-12.91574,-0.47884,0.9608,115.67,0.0896,40.86,3.90,0.477,0.498,0.080,0.0090,0.0500
11300,-41.51296,-21.49337,-20.01959,-6.60360,-12.93725,-0.47875,0.9615,25.83,0.0200,40.65,4.08,0.477,0.498,0.080,0.0090,0.0500
11325,-41.52667,-21.51543,-20.01123,-6.59264,-12.93225,-0.48635,0.9599,26.05,0.0202,39.90,4.46,0.477,0.498,0.080,0.0090,0.0500
11350,-41.51766,-21.51409,-20.00357,-6.57709,-12.93545,-0.49103,0.9576,25.87,0.0200,40.45,4.13,0.477,0.498,0.080,0.0090,0.0500
11375,-41.45809,-21.48320,-19.97489,-6.57644,-12.88849,-0.50996,0.9575,26.03,0.0202,40.56,4.15,0.477,0.498,0.080,0.0090,0.0500
11400,-41.49125,-21.50993,-19.98132,-6.58848,-12.90625,-0.48658,0.9593,25.64,0.0199,40.52,4.23,0.477,0.498,0.080,0.0090,0.0500
11425,-41.43928,-21.49139,-19.94789,-6.56854,-12.87509,-0.50426,0.9564,25.90,0.0201,40.72,4.21,0.477,0.498,0.080,0.0090,0.0500
11450,-41.51413,-21.48167,-20.03246,-6.59698,-12.94949,-0.48599,0.9605,115.62,0.0896,40.81,3.82,0.477,0.498,0.080,0.0090,0.0500
11475,-41.49880,-21.51135,-19.98745,-6.58295,-12.90922,-0.49528,0.9585,25.48,0.0197,41.18,3.69,0.477,0.498,0.080,0.0090,0.0500
11500,-41.46988,-21.50799,-19.96189,-6.56944,-12.89903,-0.49342,0.9565,25.55,0.0198,40.14,4.34,0.477,0.498,0.080,0.0090,0.0500
11525,-41.55330,-21.56150,-19.99180,-6.58584,-12.90798,-0.49798,0.9589,25.67,0.0199,40.46,4.34,0.477,0.498,0.080,0.0090,0.0500
11550,-41.54366,-21.52293,-20.02073,-6.60791,-12.93144,-0.48138,0.9621,25.55,0.0198,40.08,4.43,0.477,0.498,0.080,0.0090,0.0500
11575,-41.45286,-21.50512,-19.94774,-6.57709,-12.88017,-0.49048,0.9576,25.59,0.0198,40.21,4.45,0.478,0.498,0.080,0.0090,0.0500
11600,-41.48317,-21.49297,-19.99020,-6.58215,-12.90916,-0.49888,0.9584,25.47,0.0197,40.45,4.41,0.478,0.498,0.080,0.0090,0.0500
11625,-41.48867,-21.49038,-19.99829,-6.59633,-12.91797,-0.48399,0.9604,25.87,0.0200,39.71,4.72,0.478,0.498,0.080,0.0090,0.0500
11650,-41.52549,-21.52651,-19.99899,-6.57249,-12.93364,-0.49286,0.9570,25.77,0.0200,39.87,4.64,0.478,0.498,0.080,0.0090,0.0500
11675,-41.47104,-21.50124,-19.96980,-6.60436,-12.88226,-0.48318,0.9616,25.83,0.0200,39.71,4.61,0.478,0.498,0.080,0.0090,0.0500
11700,-41.46326,-21.45116,-20.01209,-6.59931,-12.92444,-0.48834,0.9609,25.79,0.0200,39.68,4.64,0.478,0.498,0.080,0.0090,0.0500
11725,-41.44424,-21.49657,-19.94768,-6.58297,-12.85882,-0.50588,0.9585,25.59,0.0198,39.95,4.52,0.478,0.498,0.080,0.0090,0.0500
11750,-41.37082,-21.41595,-19.95487,-6.58438,-12.87842,-0.49207,0.9587,25.51,0.0198,39.88,4.65,0.478,0.498,0.080,0.0090,0.0500
11775,-41.42080,-21.44333,-19.97747,-6.58052,-12.89837,-0.49858,0.9581,25.85,0.0200,40.33,4.42,0.478,0.498,0.080,0.0090,0.0500
11800,-41.46638,-21.47675,-19.98963,-6.59476,-12.90904,-0.48583,0.9602,25.69,0.0199,39.58,4.73,0.478,0.498,0.080,0.0090,0.0500
11825,-41.39158,-21.47012,-19.92146,-6.57405,-12.85677,-0.49064,0.9572,25.69,0.0199,39.66,4.77,0.478,0.498,0.080,0.0090,0.0500
11850,-41.44917,-21.47925,-19.96993,-6.57568,-12.89047,-0.50377,0.9574,25.35,0.0196,40.01,4.72,0.478,0.498,0.080,0.0090,0.0500
11875,-41.43885,-21.45366,-19.98519,-6.59258,-12.90281,-0.48980,0.9599,25.40,0.0197,40.55,4.34,0.478,0.498,0.080,0.0090,0.0500
11900,-41.46498,-21.49482,-19.97016,-6.59955,-12.87622,-0.49440,0.9609,25.46,0.0197,40.39,4.61,0.478,0.498,0.080,0.0090,0.0500
11925,-41.50758,-21.51655,-19.99104,-6.60673,-12.89953,-0.48477,0.9620,25.38,0.0197,39.89,4.68,0.478,0.498,0.080,0.0090,0.0500
11950,-41.52293,-21.54971,-19.97322,-6.60427,-12.88438,-0.48457,0.9616,25.44,0.0197,40.47,4.27,0.478,0.498,0.080,0.0090,0.0500
11975,-41.46235,-21.49945,-19.96290,-6.59217,-12.89094,-0.47979,0.9598,25.27,0.0196,40.25,4.37,0.478,0.498,0.080,0.0090,0.0500
12000,-41.64464,-21.61202,-20.03262,-6.59353,-12.95534,-0.48375,0.9600,25.18,0.0195,40.10,4.54,0.478,0.498,0.076,0.0085,0.0500
12025,-41.53387,-21.57048,-19.96339,-6.58667,-12.88201,-0.49471,0.9590,25.01,0.0194,40.24,4.56,0.478,0.498,0.076,0.0085,0.0500
12050,-41.58954,-21.60938,-19.98016,-6.57987,-12.90517,-0.49512,0.9580,25.12,0.0195,40.18,4.48,0.479,0.498,0.076,0.0085,0.0500
12075,-41.56411,-21.59500,-19.96911,-6.58123,-12.88193,-0.50596,0.9582,25.09,0.0194,40.39,4.22,0.479,0.498,0.076,0.0085,0.0500
12100,-41.58257,-21.62183,-19.96074,-6.60084,-12.86703,-0.49287,0.9611,25.52,0.0198,40.17,4.42,0.479,0.498,0.076,0.0085,0.0500
12125,-41.47546,-21.52682,-19.94864,-6.57310,-12.86677,-0.50876,0.9571,25.44,0.0197,40.11,4.65,0.479,0.498,0.076,0.0085,0.0500
12150,-41.54831,-21.55988,-19.98843,-6.58962,-12.89683,-0.50198,0.9595,25.65,0.0199,40.14,4.53,0.479,0.498,0.076,0.0085,0.0500
12175,-41.57982,-21.62620,-19.95362,-6.59428,-12.87588,-0.48347,0.9601,25.48,0.0197,40.25,4.48,0.479,0.498,0.076,0.0085,0.0500
12200,-41.43730,-21.49409,-19.94321,-6.59287,-12.85689,-0.49345,0.9599,-64.47,-0.0499,40.24,4.47,0.479,0.498,0.076,0.0085,0.0500
12225,-41.49179,-21.51764,-19.97415,-6.58780,-12.88197,-0.50439,0.9592,25.46,0.0197,40.44,4.47,0.479,0.498,0.076,0.0085,0.0500
12250,-41.50355,-21.50677,-19.99678,-6.59719,-12.91764,-0.48195,0.9606,25.77,0.0200,40.50,4.47,0.479,0.498,0.076,0.0085,0.0500
12275,-41.58879,-21.57517,-20.01362,-6.58937,-12.92572,-0.49853,0.9594,-64.07,-0.0496,40.26,4.46,0.479,0.498,0.076,0.0085,0.0500
12300,-41.58021,-21.56101,-20.01920,-6.58676,-12.93114,-0.50129,0.9591,-63.87,-0.0495,40.18,4.41,0.479,0.498,0.076,0.0085,0.0500
12325,-41.57006,-21.60554,-19.96452,-6.58536,-12.88997,-0.48919,0.9588,-63.84,-0.0495,40.14,4.51,0.479,0.498,0.076,0.0085,0.0500
12350,-41.62523,-21.63381,-19.99142,-6.57326,-12.91386,-0.50430,0.9571,26.15,0.0203,40.12,4.64,0.479,0.498,0.076,0.0085,0.0500
12375,-41.54737,-21.59029,-19.95707,-6.58280,-12.86323,-0.51104,0.9585,-63.86,-0.0495,40.22,4.58,0.479,0.498,0.076,0.0085,0.0500
12400,-41.59910,-21.62831,-19.97078,-6.58697,-12.88079,-0.50303,0.9591,26.11,0.0202,40.06,4.59,0.480,0.498,0.076,0.0085,0.0500
12425,-41.60019,-21.64804,-19.95215,-6.56303,-12.89506,-0.49406,0.9556,26.15,0.0203,40.32,4.34,0.480,0.498,0.076,0.0085,0.0500
12450,-41.67336,-21.68441,-19.98896,-6.59827,-12.91103,-0.47966,0.9607,26.41,0.0205,39.71,4.63,0.480,0.498,0.076,0.0085,0.0500
12475,-41.56622,-21.60560,-19.96062,-6.58845,-12.89387,-0.47830,0.9593,26.79,0.0208,39.91,4.43,0.480,0.498,0.076,0.0085,0.0500
12500,-41.53067,-21.56112,-19.96955,-6.58948,-12.88721,-0.49286,0.9594,27.08,0.0210,40.39,4.29,0.480,0.498,0.076,0.0085,0.0500
12525,-41.50759,-21.56208,-19.94551,-6.59304,-12.86189,-0.49058,0.9600,27.13,0.0210,40.84,4.19,0.480,0.498,0.076,0.0085,0.0500
12550,-41.52901,-21.56466,-19.96435,-6.59864,-12.86315,-0.50255,0.9608,27.01,0.0209,40.80,4.17,0.480,0.498,0.076,0.0085,0.0500
12575,-41.54180,-21.55812,-19.98369,-6.59044,-12.90642,-0.48683,0.9596,26.99,0.0209,40.32,4.47,0.480,0.498,0.076,0.0085,0.0500
12600,-41.49576,-21.55744,-19.93832,-6.55543,-12.86444,-0.51844,0.9545,27.09,0.0210,40.56,4.22,0.480,0.498,0.076,0.0085,0.0500
12625,-41.58183,-21.60187,-19.97997,-6.59193,-12.90141,-0.48662,0.9598,27.36,0.0212,40.23,4.56,0.480,0.498,0.076,0.0085,0.0500
12650,-41.62623,-21.63780,-19.98843,-6.60801,-12.89463,-0.48579,0.9621,117.07,0.0907,40.49,4.15,0.480,0.498,0.076,0.0085,0.0500
12675,-41.59697,-21.61474,-19.98223,-6.60116,-12.88857,-0.49250,0.9611,26.98,0.0209,40.19,4.27,0.480,0.498,0.076,0.0085,0.0500
12700,-41.63809,-21.65531,-19.98277,-6.58799,-12.90602,-0.48876,0.9592,26.79,0.0208,40.35,4.62,0.480,0.498,0.076,0.0085,0.0500
12725,-41.62455,-21.63984,-19.98471,-6.60115,-12.89379,-0.48977,0.9611,26.75,0.0207,39.67,4.84,0.480,0.498,0.076,0.0085,0.0500
12750,-41.61517,-21.66536,-19.94981,-6.57709,-12.86528,-0.50744,0.9576,26.82,0.0208,40.51,4.43,0.480,0.498,0.076,0.0085,0.0500
12775,-41.65735,-21.66341,-19.99394,-6.59998,-12.89161,-0.50235,0.9610,26.83,0.0208,40.17,4.33,0.480,0.498,0.076,0.0085,0.0500
12800,-41.63213,-21.63763,-19.99450,-6.58941,-12.91300,-0.49210,0.9594,26.72,0.0207,40.65,4.04,0.481,0.498,0.076,0.0085,0.0500
12825,-41.60334,-21.62992,-19.97343,-6.59775,-12.89142,-0.48426,0.9607,26.74,0.0207,40.41,4.22,0.481,0.498,0.076,0.0085,0.0500
12850,-41.52225,-21.56570,-19.95655,-6.58232,-12.87964,-0.49460,0.9584,26.73,0.0207,40.32,4.59,0.481,0.498,0.076,0.0085,0.0500
12875,-41.58770,-21.60141,-19.98629,-6.61026,-12.89484,-0.48119,0.9625,26.59,0.0206,40.19,4.51,0.481,0.498,0.076,0.0085,0.0500
12900,-41.64629,-21.65703,-19.98926,-6.59456,-12.91095,-0.48375,0.9602,26.61,0.0206,40.30,4.58,0.481,0.498,0.076,0.0085,0.0500
12925,-41.63724,-21.68725,-19.94999,-6.56997,-12.87999,-0.50002,0.9566,26.83,0.0208,40.23,4.35,0.481,0.498,0.076,0.0085,0.0500
12950,-41.68256,-21.70518,-19.97737,-6.58692,-12.89216,-0.49829,0.9591,26.64,0.0206,40.29,4.44,0.481,0.498,0.076,0.0085,0.0500
12975,-41.68798,-21.71119,-19.97679,-6.60526,-12.88358,-0.48795,0.9617,26.58,0.0206,39.98,4.61,0.481,0.498,0.076,0.0085,0.0500
13000,-41.70666,-21.72351,-19.98315,-6.60764,-12.88068,-0.49483,0.9621,26.75,0.0207,40.37,4.52,0.481,0.498,0.080,0.0090,0.0500
13025,-41.64528,-21.64652,-19.99876,-6.59709,-12.91118,-0.49048,0.9606,26.58,0.0206,40.15,4.77,0.481,0.498,0.080,0.0090,0.0500
13050,-41.56395,-21.62950,-19.93445,-6.58984,-12.86686,-0.47775,0.9595,26.53,0.0206,39.95,4.82,0.481,0.498,0.080,0.0090,0.0500
13075,-41.58583,-21.60446,-19.98136,-6.60738,-12.87329,-0.50070,0.9621,26.77,0.0207,40.03,4.80,0.481,0.498,0.080,0.0090,0.0500
13100,-41.57807,-21.63907,-19.93901,-6.58254,-12.85739,-0.49907,0.9584,27.05,0.0210,39.88,4.77,0.481,0.498,0.080,0.0090,0.0500
13125,-41.63266,-21.65753,-19.97513,-6.57968,-12.90019,-0.49526,0.9580,26.99,0.0209,39.47,5.16,0.481,0.498,0.080,0.0090,0.0500
13150,-41.61034,-21.66097,-19.94937,-6.54392,-12.88883,-0.51662,0.9528,26.74,0.0207,39.68,4.89,0.481,0.498,0.080,0.0090,0.0500
13175,-41.65805,-21.66900,-19.98905,-6.59263,-12.90579,-0.49063,0.9599,26.55,0.0206,39.76,4.82,0.481,0.498,0.080,0.0090,0.0500
13200,-41.70289,-21.74720,-19.95569,-6.59227,-12.87090,-0.49251,0.9599,26.30,0.0204,39.76,4.76,0.481,0.498,0.080,0.0090,0.0500
13225,-41.70398,-21.74703,-19.95695,-6.56958,-12.88437,-0.50299,0.9566,26.36,0.0204,39.93,4.64,0.481,0.498,0.080,0.0090,0.0500
13250,-41.78958,-21.79843,-19.99116,-6.60012,-12.90225,-0.48878,0.9610,26.24,0.0203,39.66,4.83,0.481,0.498,0.080,0.0090,0.0500
13275,-41.73802,-21.78677,-19.95124,-6.56198,-12.88272,-0.50654,0.9554,25.98,0.0201,39.73,4.73,0.481,0.498,0.080,0.0090,0.0500
13300,-41.76801,-21.74577,-20.02224,-6.59476,-12.94124,-0.48624,0.9602,25.90,0.0201,40.05,4.59,0.481,0.498,0.080,0.0090,0.0500
13325,-41.76976,-21.76932,-20.00044,-6.61314,-12.90320,-0.48410,0.9629,25.82,0.0200,39.67,4.75,0.481,0.498,0.080,0.0090,0.0500
13350,-41.73365,-21.76236,-19.97129,-6.58948,-12.89339,-0.48842,0.9594,25.82,0.0200,39.51,5.00,0.481,0.498,0.080,0.0090,0.0500
13375,-41.75338,-21.75456,-19.99883,-6.59372,-12.92382,-0.48130,0.9601,25.65,0.0199,39.36,4.92,0.482,0.498,0.080,0.0090,0.0500
13400,-41.79326,-21.77376,-20.01951,-6.60201,-12.93445,-0.48305,0.9613,25.62,0.0199,39.60,4.67,0.482,0.498,0.080,0.0090,0.0500
13425,-41.73281,-21.74153,-19.99129,-6.59766,-12.90880,-0.48483,0.9606,25.56,0.0198,39.62,4.80,0.482,0.498,0.080,0.0090,0.0500
13450,-41.78948,-21.78629,-20.00320,-6.59801,-12.91243,-0.49275,0.9607,25.51,0.0198,39.85,4.70,0.482,0.498,0.080,0.0090,0.0500
13475,-41.75998,-21.75795,-20.00202,-6.59166,-12.91393,-0.49643,0.9598,25.31,0.0196,40.17,4.50,0.482,0.498,0.080,0.0090,0.0500
13500,-41.70827,-21.77810,-19.93018,-6.57160,-12.84359,-0.51498,0.9568,25.50,0.0198,40.91,3.66,0.482,0.498,0.080,0.0090,0.0500
13525,-41.69093,-21.72450,-19.96644,-6.58536,-12.88272,-0.49836,0.9588,25.73,0.0199,40.91,3.82,0.482,0.498,0.080,0.0090,0.0500
13550,-41.68826,-21.72728,-19.96098,-6.57884,-12.89312,-0.48901,0.9579,25.81,0.0200,40.32,4.18,0.482,0.498,0.080,0.0090,0.0500
13575,-41.72740,-21.75805,-19.96935,-6.57763,-12.88423,-0.50749,0.9577,25.70,0.0199,40.01,4.31,0.482,0.498,0.080,0.0090,0.0500
13600,-41.69483,-21.70653,-19.98830,-6.58558,-12.90585,-0.49686,0.9589,25.93,0.0201,40.62,4.14,0.482,0.498,0.080,0.0090,0.0500
13625,-41.66117,-21.69702,-19.96415,-6.58273,-12.86924,-0.51218,0.9585,26.08,0.0202,40.80,4.14,0.482,0.498,0.080,0.0090,0.0500
13650,-41.67573,-21.67013,-20.00560,-6.60143,-12.91088,-0.49330,0.9612,25.95,0.0201,40.68,4.12,0.482,0.498,0.080,0.0090,0.0500
13675,-41.66493,-21.71207,-19.95286,-6.59515,-12.86217,-0.49554,0.9603,26.10,0.0202,41.15,3.48,0.482,0.498,0.080,0.0090,0.0500
13700,-41.70663,-21.73647,-19.97016,-6.57078,-12.88038,-0.51901,0.9567,25.73,0.0199,40.51,4.01,0.482,0.498,0.080,0.0090,0.0500
13725,-41.72129,-21.72605,-19.99524,-6.60554,-12.90424,-0.48546,0.9618,25.73,0.0199,40.70,3.83,0.482,0.498,0.080,0.0090,0.0500
13750,-41.77039,-21.75972,-20.01067,-6.59427,-12.92284,-0.49355,0.9601,26.03,0.0202,40.29,4.26,0.482,0.498,0.080,0.0090,0.0500
13775,-41.77460,-21.76201,-20.01258,-6.59859,-12.91842,-0.49557,0.9608,26.15,0.0203,40.44,3.90,0.482,0.498,0.080,0.0090,0.0500
13800,-41.74349,-21.76300,-19.98049,-6.58342,-12.90740,-0.48966,0.9586,26.04,0.0202,40.48,4.16,0.482,0.498,0.080,0.0090,0.0500
13825,-41.72508,-21.74641,-19.97867,-6.58453,-12.90030,-0.49384,0.9587,116.05,0.0899,40.25,4.31,0.482,0.498,0.080,0.0090,0.0500
13850,-41.71696,-21.74956,-19.96739,-6.59251,-12.87965,-0.49523,0.9599,26.02,0.0202,40.52,4.03,0.482,0.498,0.080,0.0090,0.0500
13875,-41.67639,-21.71837,-19.95802,-6.57818,-12.87056,-0.50928,0.9578,25.93,0.0201,40.37,4.16,0.482,0.498,0.080,0.0090,0.0500
13900,-41.67596,-21.71506,-19.96090,-6.59084,-12.88489,-0.48517,0.9596,25.86,0.0200,40.76,3.91,0.482,0.498,0.080,0.0090,0.0500
13925,-41.75768,-21.73268,-20.02501,-6.59889,-12.93347,-0.49265,0.9608,25.75,0.0200,40.21,4.03,0.482,0.498,0.080,0.0090,0.0500
13950,-41.72345,-21.75481,-19.96864,-6.58289,-12.88561,-0.50014,0.9585,25.70,0.0199,40.61,3.91,0.482,0.498,0.080,0.0090,0.0500
13975,-41.75450,-21.74440,-20.01010,-6.57863,-12.92682,-0.50466,0.9579,25.76,0.0200,40.19,4.30,0.482,0.498,0.080,0.0090,0.0500
14000,-41.76760,-21.73181,-20.03579,-6.60089,-12.92856,-0.50634,0.9611,25.71,0.0199,40.49,4.09,0.482,0.498,0.076,0.0085,0.0500
14025,-41.69088,-21.72684,-19.96404,-6.57340,-12.88072,-0.50992,0.9571,25.73,0.0199,40.35,4.03,0.482,0.498,0.076,0.0085,0.0500
14050,-41.75578,-21.78469,-19.97109,-6.58043,-12.88177,-0.50889,0.9581,25.65,0.0199,40.37,4.10,0.482,0.498,0.076,0.0085,0.0500
14075,-41.73910,-21.76156,-19.97753,-6.59467,-12.88776,-0.49510,0.9602,25.57,0.0198,40.18,4.24,0.482,0.498,0.076,0.0085,0.0500
14100,-41.75385,-21.78099,-19.97286,-6.56810,-12.89672,-0.50805,0.9563,25.57,0.0198,40.27,4.18,0.482,0.498,0.076,0.0085,0.0500
14125,-41.72175,-21.73206,-19.98969,-6.59185,-12.89538,-0.50247,0.9598,25.70,0.0199,39.99,4.33,0.482,0.498,0.076,0.0085,0.0500
14150,-41.74682,-21.72767,-20.01915,-6.59720,-12.92869,-0.49327,0.9606,25.83,0.0200,39.69,4.77,0.483,0.498,0.076,0.0085,0.0500
14175,-41.70573,-21.76223,-19.94350,-6.58823,-12.85102,-0.50424,0.9593,25.80,0.0200,39.99,4.50,0.483,0.498,0.076,0.0085,0.0500
14200,-41.77023,-21.75750,-20.01273,-6.60597,-12.92143,-0.48534,0.9618,25.45,0.0197,40.34,4.14,0.483,0.498,0.076,0.0085,0.0500
14225,-41.82353,-21.82447,-19.99906,-6.59161,-12.91443,-0.49302,0.9598,25.20,0.0195,39.95,4.27,0.483,0.498,0.076,0.0085,0.0500
14250,-41.79027,-21.80601,-19.98426,-6.59777,-12.87946,-0.50703,0.9607,25.59,0.0198,40.29,4.16,0.483,0.498,0.076,0.0085,0.0500
14275,-41.75618,-21.75387,-20.00232,-6.60627,-12.89649,-0.49956,0.9619,25.54,0.0198,40.58,3.91,0.483,0.498,0.076,0.0085,0.0500
14300,-41.67630,-21.72287,-19.95343,-6.57160,-12.88131,-0.50052,0.9568,25.68,0.0199,40.43,4.05,0.483,0.498,0.076,0.0085,0.0500
14325,-41.74026,-21.81060,-19.92966,-6.56525,-12.84595,-0.51846,0.9559,25.59,0.0198,40.29,4.07,0.483,0.498,0.076,0.0085,0.0500
14350,-41.76521,-21.78084,-19.98437,-6.57511,-12.89539,-0.51387,0.9574,115.46,0.0895,40.12,4.06,0.483,0.498,0.076,0.0085,0.0500
14375,-41.84023,-21.84027,-19.99997,-6.59207,-12.91115,-0.49674,0.9598,115.61,0.0896,40.10,3.98,0.483,0.498,0.076,0.0085,0.0500
14400,-41.86423,-21.85060,-20.01363,-6.58934,-12.90863,-0.51566,0.9594,25.63,0.0199,40.13,4.09,0.483,0.498,0.076,0.0085,0.0500
14425,-41.85170,-21.88714,-19.96456,-6.57923,-12.87987,-0.50546,0.9580,25.43,0.0197,40.19,4.05,0.483,0.498,0.076,0.0085,0.0500
14450,-41.84213,-21.90469,-19.93743,-6.57007,-12.85382,-0.51354,0.9566,115.19,0.0892,40.12,3.95,0.483,0.498,0.076,0.0085,0.0500
14475,-41.87682,-21.93170,-19.94512,-6.56814,-12.86273,-0.51425,0.9563,115.39,0.0894,40.08,3.97,0.483,0.498,0.076,0.0085,0.0500
14500,-41.85066,-21.87851,-19.97215,-6.58129,-12.89697,-0.49388,0.9583,115.57,0.0895,40.16,4.14,0.483,0.498,0.076,0.0085,0.0500
14525,-41.77018,-21.78402,-19.98617,-6.57466,-12.90079,-0.51071,0.9573,115.83,0.0898,40.25,4.00,0.483,0.498,0.076,0.0085,0.0500
14550,-41.82382,-21.82330,-20.00052,-6.60593,-12.89038,-0.50422,0.9618,25.78,0.0200,40.33,4.12,0.483,0.498,0.076,0.0085,0.0500
14575,-41.79867,-21.85318,-19.94549,-6.56178,-12.87524,-0.50847,0.9554,205.68,0.1594,40.04,4.28,0.483,0.498,0.076,0.0085,0.0500
14600,-41.83911,-21.82746,-20.01165,-6.59025,-12.92147,-0.49993,0.9596,115.76,0.0897,40.46,3.94,0.483,0.498,0.076,0.0085,0.0500
14625,-41.75740,-21.79982,-19.95758,-6.57489,-12.87533,-0.50736,0.9573,115.54,0.0895,40.34,4.00,0.483,0.498,0.076,0.0085,0.0500
14650,-41.85930,-21.85436,-20.00495,-6.61032,-12.89375,-0.50087,0.9625,115.65,0.0896,40.24,4.30,0.483,0.498,0.076,0.0085,0.0500
14675,-41.82192,-21.86068,-19.96124,-6.59272,-12.86324,-0.50528,0.9599,115.66,0.0896,40.47,4.03,0.484,0.498,0.076,0.0085,0.0500
14700,-41.85770,-21.82647,-20.03123,-6.59192,-12.93166,-0.50765,0.9598,115.86,0.0898,40.04,4.18,0.484,0.498,0.076,0.0085,0.0500
14725,-41.74902,-21.80880,-19.94022,-6.58327,-12.84184,-0.51511,0.9585,26.01,0.0202,40.50,3.77,0.484,0.498,0.076,0.0085,0.0500
14750,-41.83791,-21.83503,-20.00288,-6.58101,-12.91177,-0.51010,0.9582,26.04,0.0202,39.92,4.05,0.484,0.498,0.076,0.0085,0.0500
14775,-41.74446,-21.80682,-19.93765,-6.58766,-12.84760,-0.50239,0.9592,116.09,0.0899,39.77,4.29,0.484,0.498,0.076,0.0085,0.0500
14800,-41.85520,-21.89010,-19.96511,-6.58144,-12.87242,-0.51125,0.9583,115.99,0.0899,40.26,4.08,0.484,0.498,0.076,0.0085,0.0500
14825,-41.84194,-21.86549,-19.97645,-6.57869,-12.88933,-0.50844,0.9579,26.06,0.0202,40.05,4.11,0.484,0.498,0.076,0.0085,0.0500
14850,-41.85025,-21.88433,-19.96592,-6.58152,-12.87372,-0.51068,0.9583,116.11,0.0900,39.94,4.07,0.484,0.498,0.076,0.0085,0.0500
14875,-41.88977,-21.90813,-19.98164,-6.58507,-12.90150,-0.49507,0.9588,116.20,0.0900,40.49,3.85,0.484,0.498,0.076,0.0085,0.0500
14900,-41.81250,-21.84179,-19.97071,-6.57096,-12.90013,-0.49961,0.9568,116.22,0.0900,40.63,3.58,0.484,0.498,0.076,0.0085,0.0500
14925,-41.88667,-21.87606,-20.01061,-6.60134,-12.90972,-0.49955,0.9612,116.33,0.0901,40.24,4.03,0.484,0.498,0.076,0.0085,0.0500
14950,-41.86380,-21.90409,-19.95971,-6.57290,-12.88658,-0.50023,0.9570,206.36,0.1599,40.35,4.05,0.484,0.498,0.076,0.0085,0.0500
14975,-41.89903,-21.96248,-19.93655,-6.58305,-12.84023,-0.51328,0.9585,116.48,0.0902,40.28,4.08,0.484,0.498,0.076,0.0085,0.0500
15000,-41.91622,-21.97740,-19.93882,-6.58670,-12.86207,-0.49005,0.9590,116.40,0.0902,39.92,4.37,0.484,0.498,0.080,0.0090,0.0500
15025,-41.89867,-21.93412,-19.96456,-6.57378,-12.88308,-0.50770,0.9572,206.11,0.1597,40.14,4.14,0.484,0.498,0.080,0.0090,0.0500
15050,-41.88325,-21.91781,-19.96544,-6.57187,-12.87270,-0.52087,0.9569,116.21,0.0900,39.69,4.60,0.484,0.498,0.080,0.0090,0.0500
15075,-41.90877,-21.95228,-19.95649,-6.58311,-12.87227,-0.50111,0.9585,116.29,0.0901,40.35,4.01,0.484,0.498,0.080,0.0090,0.0500
15100,-41.92275,-21.94383,-19.97891,-6.58060,-12.89240,-0.50592,0.9582,206.02,0.1596,40.36,4.15,0.484,0.498,0.080,0.0090,0.0500
15125,-41.95452,-21.98588,-19.96864,-6.58404,-12.87667,-0.50793,0.9587,206.36,0.1599,39.63,4.57,0.484,0.498,0.080,0.0090,0.0500
15150,-41.97412,-21.95792,-20.01620,-6.59716,-12.92569,-0.49335,0.9606,206.17,0.1597,39.79,4.66,0.484,0.498,0.080,0.0090,0.0500
15175,-41.99069,-22.03202,-19.95867,-6.59484,-12.86278,-0.50105,0.9602,206.17,0.1597,39.86,4.23,0.484,0.498,0.080,0.0090,0.0500
15200,-41.95631,-22.00761,-19.94870,-6.55330,-12.87652,-0.51887,0.9542,206.34,0.1599,39.48,4.54,0.484,0.498,0.080,0.0090,0.0500
15225,-41.98274,-22.02860,-19.95414,-6.59735,-12.86162,-0.49517,0.9606,116.42,0.0902,39.97,4.17,0.484,0.498,0.080,0.0090,0.0500
15250,-41.91592,-21.97527,-19.94065,-6.57313,-12.85666,-0.51086,0.9571,116.54,0.0903,39.75,4.06,0.484,0.498,0.080,0.0090,0.0500
15275,-41.94642,-22.00457,-19.94186,-6.57876,-12.84179,-0.52131,0.9579,26.36,0.0204,39.93,3.90,0.484,0.498,0.080,0.0090,0.0500
15300,-41.93323,-21.98944,-19.94379,-6.56841,-12.86465,-0.51072,0.9564,116.52,0.0903,39.51,4.35,0.484,0.498,0.080,0.0090,0.0500
15325,-41.95578,-22.01421,-19.94158,-6.58552,-12.84613,-0.50993,0.9589,116.52,0.0903,39.76,4.36,0.484,0.498,0.080,0.0090,0.0500
15350,-42.02199,-22.04653,-19.97545,-6.57850,-12.89289,-0.50406,0.9579,116.49,0.0903,39.57,4.44,0.484,0.498,0.080,0.0090,0.0500
15375,-41.96421,-21.97815,-19.98606,-6.60286,-12.87856,-0.50464,0.9614,116.38,0.0902,39.35,4.42,0.484,0.498,0.080,0.0090,0.0500
15400,-41.98652,-21.99680,-19.98972,-6.60372,-12.89315,-0.49285,0.9615,116.61,0.0904,39.62,4.06,0.484,0.498,0.080,0.0090,0.0500
15425,-41.91574,-21.96622,-19.94952,-6.57109,-12.87489,-0.50354,0.9568,116.48,0.0903,39.92,4.20,0.484,0.498,0.080,0.0090,0.0500
15450,-41.90472,-21.98312,-19.92160,-6.57917,-12.83624,-0.50620,0.9579,116.63,0.0904,39.41,4.54,0.484,0.498,0.080,0.0090,0.0500
15475,-41.93248,-21.95126,-19.98122,-6.57169,-12.90761,-0.50192,0.9569,116.66,0.0904,40.16,4.11,0.484,0.498,0.080,0.0090,0.0500
15500,-41.93432,-21.94695,-19.98738,-6.58374,-12.89260,-0.51104,0.9586,26.64,0.0206,39.80,4.08,0.484,0.498,0.080,0.0090,0.0500
15525,-41.98178,-22.00685,-19.97493,-6.56615,-12.88391,-0.52487,0.9561,26.55,0.0206,39.63,4.34,0.484,0.498,0.080,0.0090,0.0500
15550,-41.95916,-21.99639,-19.96277,-6.57105,-12.87716,-0.51456,0.9568,116.56,0.0903,39.78,4.25,0.484,0.498,0.080,0.0090,0.0500
15575,-42.00101,-22.02855,-19.97246,-6.57010,-12.90432,-0.49803,0.9566,26.71,0.0207,40.00,3.88,0.484,0.498,0.080,0.0090,0.0500
15600,-41.94059,-21.95738,-19.98322,-6.58918,-12.88871,-0.50533,0.9594,26.76,0.0207,39.86,4.14,0.484,0.498,0.080,0.0090,0.0500
15625,-41.95674,-21.98862,-19.96812,-6.58848,-12.87892,-0.50072,0.9593,26.65,0.0207,39.93,4.03,0.484,0.498,0.080,0.0090,0.0500
15650,-41.99179,-22.00200,-19.98978,-6.58370,-12.89788,-0.50821,0.9586,116.43,0.0902,39.62,4.24,0.484,0.498,0.080,0.0090,0.0500
15675,-42.00118,-22.03780,-19.96338,-6.56988,-12.88990,-0.50361,0.9566,26.37,0.0204,40.25,3.79,0.484,0.498,0.080,0.0090,0.0500
15700,-41.99766,-22.01559,-19.98207,-6.58334,-12.88626,-0.51247,0.9586,26.53,0.0206,40.10,3.94,0.484,0.498,0.080,0.0090,0.0500
15725,-42.03932,-22.03682,-20.00250,-6.57897,-12.92071,-0.50283,0.9579,26.63,0.0206,40.29,3.78,0.484,0.498,0.080,0.0090,0.0500
15750,-41.94980,-21.98886,-19.96094,-6.57885,-12.86811,-0.51397,0.9579,116.91,0.0906,39.89,4.27,0.484,0.498,0.080,0.0090,0.0500
15775,-41.98392,-21.97088,-20.01304,-6.59074,-12.92681,-0.49549,0.9596,116.76,0.0905,40.09,4.31,0.484,0.498,0.080,0.0090,0.0500
15800,-41.93552,-21.96196,-19.97356,-6.58355,-12.89022,-0.49979,0.9586,116.73,0.0904,40.35,3.97,0.484,0.498,0.080,0.0090,0.0500
15825,-41.92019,-21.97952,-19.94066,-6.56910,-12.86276,-0.50880,0.9565,116.68,0.0904,40.08,4.21,0.484,0.498,0.080,0.0090,0.0500
15850,-42.05053,-22.03152,-20.01901,-6.58825,-12.91799,-0.51277,0.9593,26.74,0.0207,40.27,3.83,0.484,0.498,0.080,0.0090,0.0500
15875,-41.94898,-22.02607,-19.92290,-6.54727,-12.86249,-0.51315,0.9533,26.81,0.0208,40.45,3.78,0.484,0.498,0.080,0.0090,0.0500
15900,-41.95748,-21.97139,-19.98609,-6.59248,-12.89761,-0.49601,0.9599,26.34,0.0204,40.40,3.79,0.484,0.498,0.080,0.0090,0.0500
15925,-41.94867,-22.02322,-19.92545,-6.57015,-12.84268,-0.51262,0.9566,26.26,0.0203,40.49,3.57,0.484,0.498,0.080,0.0090,0.0500
15950,-41.96805,-22.01213,-19.95592,-6.56837,-12.88192,-0.50563,0.9564,26.27,0.0204,40.08,3.83,0.484,0.498,0.080,0.0090,0.0500
15975,-42.01576,-22.01357,-20.00219,-6.59171,-12.91916,-0.49132,0.9598,26.39,0.0204,40.32,3.59,0.484,0.498,0.080,0.0090,0.0500
16000,-42.00394,-22.02322,-19.98072,-6.57692,-12.89635,-0.50746,0.9576,26.34,0.0204,40.25,4.01,0.484,0.498,0.076,0.0085,0.0500
16025,-41.98415,-22.00534,-19.97880,-6.58587,-12.88927,-0.50367,0.9589,26.36,0.0204,40.65,3.55,0.484,0.498,0.076,0.0085,0.0500
16050,-42.03831,-22.01684,-20.02147,-6.59100,-12.92460,-0.50587,0.9597,26.25,0.0203,40.37,3.75,0.484,0.498,0.076,0.0085,0.0500
16075,-41.92977,-21.96561,-19.96416,-6.57452,-12.86980,-0.51984,0.9573,26.08,0.0202,40.65,3.74,0.484,0.498,0.076,0.0085,0.0500
16100,-41.98753,-21.98482,-20.00270,-6.60758,-12.89147,-0.50365,0.9621,26.12,0.0202,40.42,3.89,0.484,0.498,0.076,0.0085,0.0500
16125,-41.97418,-21.98715,-19.98702,-6.60378,-12.87545,-0.50780,0.9615,25.95,0.0201,40.74,3.34,0.485,0.498,0.076,0.0085,0.0500
16150,-42.01832,-22.01352,-20.00480,-6.60152,-12.91490,-0.48838,0.9612,25.69,0.0199,40.95,3.31,0.485,0.498,0.076,0.0085,0.0500
16175,-41.94287,-21.99208,-19.95079,-6.56761,-12.87408,-0.50910,0.9563,25.67,0.0199,40.89,3.42,0.485,0.498,0.076,0.0085,0.0500
16200,-42.00262,-21.97724,-20.02538,-6.59313,-12.92918,-0.50307,0.9600,25.75,0.0200,40.78,3.46,0.485,0.498,0.076,0.0085,0.0500
16225,-41.99529,-22.02567,-19.96962,-6.58475,-12.87771,-0.50717,0.9588,25.76,0.0200,40.79,3.44,0.485,0.498,0.076,0.0085,0.0500
16250,-41.97411,-22.02879,-19.94532,-6.57866,-12.87267,-0.49399,0.9579,25.76,0.0200,40.71,3.49,0.485,0.498,0.076,0.0085,0.0500
16275,-42.00378,-22.01297,-19.99081,-6.58553,-12.90364,-0.50164,0.9589,25.83,0.0200,40.65,3.58,0.485,0.498,0.076,0.0085,0.0500
16300,-41.99017,-22.03952,-19.95066,-6.58588,-12.84478,-0.52000,0.9589,25.77,0.0200,40.84,3.57,0.485,0.498,0.076,0.0085,0.0500
16325,-42.07186,-22.07566,-19.99620,-6.61035,-12.88261,-0.50324,0.9625,25.76,0.0200,40.36,3.80,0.485,0.498,0.076,0.0085,0.0500
16350,-42.04119,-22.04860,-19.99260,-6.57416,-12.90232,-0.51611,0.9572,25.65,0.0199,40.45,3.72,0.485,0.498,0.076,0.0085,0.0500
16375,-41.99450,-22.05600,-19.93850,-6.57158,-12.85056,-0.51635,0.9568,25.69,0.0199,40.24,3.87,0.485,0.498,0.076,0.0085,0.0500
16400,-42.03611,-22.03267,-20.00343,-6.58890,-12.91012,-0.50441,0.9594,115.67,0.0896,39.91,3.98,0.485,0.498,0.076,0.0085,0.0500
16425,-41.96795,-22.00899,-19.95896,-6.55757,-12.88598,-0.51540,0.9548,115.86,0.0897,39.91,3.95,0.485,0.498,0.076,0.0085,0.0500
16450,-42.02560,-22.06596,-19.95964,-6.58250,-12.85935,-0.51778,0.9584,115.77,0.0897,40.21,3.73,0.485,0.498,0.076,0.0085,0.0500
16475,-42.11626,-22.08830,-20.02796,-6.58894,-12.92596,-0.51305,0.9594,115.75,0.0897,40.54,3.54,0.485,0.498,0.076,0.0085,0.0500
16500,-42.04840,-22.09306,-19.95535,-6.58236,-12.86738,-0.50561,0.9584,115.37,0.0894,40.28,3.59,0.485,0.498,0.076,0.0085,0.0500
16525,-42.02526,-22.06728,-19.95799,-6.57516,-12.87891,-0.50392,0.9574,25.48,0.0197,40.73,3.37,0.485,0.498,0.076,0.0085,0.0500
16550,-42.06532,-22.08280,-19.98252,-6.59595,-12.87631,-0.51026,0.9604,115.28,0.0893,40.54,3.41,0.485,0.498,0.076,0.0085,0.0500
16575,-42.09178,-22.12185,-19.96993,-6.57425,-12.89083,-0.50484,0.9572,115.27,0.0893,40.51,3.38,0.485,0.498,0.076,0.0085,0.0500
16600,-42.09975,-22.12027,-19.97948,-6.58626,-12.87505,-0.51818,0.9590,115.15,0.0892,40.90,3.19,0.485,0.498,0.076,0.0085,0.0500
16625,-42.09757,-22.06960,-20.02797,-6.58934,-12.93298,-0.50565,0.9594,115.32,0.0893,40.93,3.32,0.485,0.498,0.076,0.0085,0.0500
16650,-42.03096,-22.06755,-19.96341,-6.56383,-12.86787,-0.53172,0.9557,115.43,0.0894,40.38,3.53,0.485,0.498,0.076,0.0085,0.0500
16675,-42.07123,-22.08211,-19.98911,-6.59016,-12.88064,-0.51831,0.9595,115.37,0.0894,41.03,2.94,0.485,0.498,0.076,0.0085,0.0500
16700,-42.13691,-22.16598,-19.97093,-6.57317,-12.88517,-0.51259,0.9571,115.38,0.0894,40.27,3.58,0.485,0.498,0.076,0.0085,0.0500
16725,-42.05852,-22.11835,-19.94018,-6.55290,-12.86491,-0.52236,0.9541,25.45,0.0197,40.56,3.27,0.485,0.498,0.076,0.0085,0.0500
16750,-42.06172,-22.07175,-19.98997,-6.57745,-12.88732,-0.52520,0.9577,115.39,0.0894,39.58,4.04,0.485,0.498,0.076,0.0085,0.0500
16775,-42.09873,-22.09953,-19.99920,-6.57355,-12.90760,-0.51804,0.9571,25.25,0.0196,40.07,3.77,0.485,0.498,0.076,0.0085,0.0500
16800,-42.07944,-22.09214,-19.98730,-6.56950,-12.89431,-0.52349,0.9565,115.43,0.0894,40.18,3.59,0.485,0.498,0.076,0.0085,0.0500
16825,-42.10265,-22.10031,-20.00233,-6.58506,-12.90088,-0.51640,0.9588,115.22,0.0892,40.46,3.57,0.485,0.498,0.076,0.0085,0.0500
16850,-42.14121,-22.14535,-19.99586,-6.59507,-12.88262,-0.51817,0.9603,25.11,0.0194,40.74,3.10,0.485,0.498,0.076,0.0085,0.0500
16875,-42.11995,-22.09098,-20.02897,-6.59568,-12.92040,-0.51289,0.9604,115.13,0.0892,40.28,3.52,0.485,0.498,0.076,0.0085,0.0500
16900,-42.10591,-22.11669,-19.98922,-6.57418,-12.90918,-0.50585,0.9572,24.79,0.0192,40.40,3.13,0.485,0.498,0.076,0.0085,0.0500
16925,-42.16310,-22.15785,-20.00524,-6.59414,-12.90466,-0.50644,0.9601,24.67,0.0191,40.27,3.37,0.485,0.498,0.076,0.0085,0.0500
16950,-42.14626,-22.16836,-19.97790,-6.57240,-12.88976,-0.51574,0.9570,114.89,0.0890,40.30,3.48,0.485,0.498,0.076,0.0085,0.0500
16975,-42.19931,-22.16746,-20.03185,-6.58830,-12.92623,-0.51732,0.9593,24.80,0.0192,40.10,3.77,0.485,0.498,0.076,0.0085,0.0500
17000,-42.16222,-22.18602,-19.97620,-6.56621,-12.88004,-0.52995,0.9561,114.70,0.0888,40.30,3.56,0.485,0.498,0.080,0.0089,0.0500
17025,-42.14063,-22.18005,-19.96058,-6.58868,-12.86640,-0.50551,0.9593,24.39,0.0189,40.26,3.61,0.485,0.498,0.080,0.0089,0.0500
17050,-42.12037,-22.18421,-19.93616,-6.55627,-12.87525,-0.50464,0.9546,24.58,0.0190,40.31,3.47,0.485,0.498,0.080,0.0089,0.0500
17075,-42.13939,-22.17174,-19.96765,-6.56871,-12.88095,-0.51798,0.9564,114.56,0.0887,40.55,3.31,0.485,0.498,0.080,0.0089,0.0500
17100,-42.19106,-22.21501,-19.97604,-6.58525,-12.88621,-0.50459,0.9588,114.46,0.0887,40.53,3.28,0.485,0.498,0.080,0.0089,0.0500
17125,-42.21348,-22.19870,-20.01478,-6.57396,-12.92305,-0.51777,0.9572,24.13,0.0187,40.54,3.32,0.485,0.498,0.080,0.0089,0.0500
17150,-42.18134,-22.16703,-20.01431,-6.58190,-12.92731,-0.50510,0.9583,23.99,0.0186,40.38,3.35,0.485,0.498,0.080,0.0089,0.0500
17175,-42.18279,-22.24171,-19.94108,-6.56658,-12.85395,-0.52055,0.9561,23.92,0.0185,40.75,2.88,0.485,0.498,0.080,0.0089,0.0500
17200,-42.13846,-22.15651,-19.98195,-6.57112,-12.89589,-0.51494,0.9568,113.99,0.0883,40.21,3.32,0.485,0.498,0.080,0.0089,0.0500
17225,-42.19120,-22.18372,-20.00749,-6.59193,-12.91094,-0.50462,0.9598,114.24,0.0885,40.54,3.27,0.485,0.498,0.080,0.0089,0.0500
17250,-42.25117,-22.24034,-20.01083,-6.59300,-12.90103,-0.51680,0.9600,114.13,0.0884,40.19,3.52,0.485,0.498,0.080,0.0089,0.0500
17275,-42.19248,-22.22244,-19.97004,-6.56723,-12.88280,-0.52001,0.9562,114.33,0.0886,40.23,3.31,0.485,0.498,0.080,0.0089,0.0500
17300,-42.17088,-22.19777,-19.97311,-6.58253,-12.86674,-0.52384,0.9584,114.38,0.0886,40.50,3.21,0.485,0.498,0.080,0.0089,0.0500
17325,-42.18985,-22.20580,-19.98406,-6.59120,-12.88968,-0.50318,0.9597,114.51,0.0887,40.64,3.02,0.485,0.498,0.080,0.0089,0.0500
17350,-42.24637,-22.25241,-19.99396,-6.58457,-12.90814,-0.50125,0.9587,114.48,0.0887,40.71,3.01,0.485,0.498,0.080,0.0089,0.0500
17375,-42.24016,-22.21236,-20.02780,-6.58786,-12.93008,-0.50987,0.9592,24.45,0.0189,39.86,3.62,0.485,0.498,0.080,0.0089,0.0500
17400,-42.19949,-22.20245,-19.99704,-6.58598,-12.88822,-0.52284,0.9589,24.47,0.0190,39.73,3.77,0.485,0.498,0.080,0.0089,0.0500
17425,-42.23431,-22.22847,-20.00584,-6.59969,-12.90904,-0.49710,0.9609,24.24,0.0188,40.70,3.11,0.485,0.498,0.080,0.0089,0.0500
17450,-42.20660,-22.22366,-19.98294,-6.57291,-12.89637,-0.51366,0.9570,24.40,0.0189,40.74,2.91,0.485,0.498,0.080,0.0089,0.0500
17475,-42.22320,-22.21402,-20.00918,-6.57998,-12.91986,-0.50934,0.9581,24.35,0.0189,40.41,3.11,0.485,0.498,0.080,0.0089,0.0500
17500,-42.30514,-22.30071,-20.00443,-6.60919,-12.90252,-0.49273,0.9623,24.61,0.0191,40.29,3.28,0.485,0.498,0.080,0.0089,0.0500
17525,-42.28779,-22.30264,-19.98515,-6.58501,-12.89472,-0.50542,0.9588,24.77,0.0192,40.27,3.32,0.485,0.498,0.080,0.0089,0.0500
17550,-42.25405,-22.26477,-19.98928,-6.61007,-12.87999,-0.49923,0.9624,24.99,0.0194,40.53,3.09,0.485,0.498,0.080,0.0089,0.0500
17575,-42.26647,-22.27230,-19.99417,-6.59058,-12.90857,-0.49502,0.9596,25.07,0.0194,39.88,3.62,0.485,0.498,0.080,0.0089,0.0500
17600,-42.28955,-22.30849,-19.98106,-6.57977,-12.88488,-0.51641,0.9580,25.30,0.0196,39.95,3.62,0.485,0.498,0.080,0.0089,0.0500
17625,-42.25042,-22.27165,-19.97877,-6.59689,-12.88044,-0.50143,0.9605,25.09,0.0194,40.87,2.79,0.485,0.498,0.080,0.0089,0.0500
17650,-42.23506,-22.24386,-19.99120,-6.58539,-12.90073,-0.50508,0.9589,25.17,0.0195,40.34,3.26,0.485,0.498,0.080,0.0089,0.0500
17675,-42.27113,-22.29359,-19.97754,-6.56725,-12.88875,-0.52154,0.9562,25.20,0.0195,40.30,3.22,0.485,0.498,0.080,0.0089,0.0500
17700,-42.27735,-22.29515,-19.98220,-6.57380,-12.88135,-0.52706,0.9572,25.25,0.0196,40.63,2.96,0.485,0.498,0.080,0.0089,0.0500
17725,-42.26417,-22.27566,-19.98850,-6.60209,-12.86935,-0.51707,0.9613,25.19,0.0195,40.35,3.10,0.485,0.498,0.080,0.0089,0.0500
17750,-42.26994,-22.32927,-19.94068,-6.55590,-12.85550,-0.52928,0.9546,25.31,0.0196,40.26,3.12,0.485,0.498,0.080,0.0089,0.0500
17775,-42.21098,-22.24421,-19.96678,-6.59261,-12.87228,-0.50188,0.9599,25.01,0.0194,40.22,3.23,0.485,0.498,0.080,0.0089,0.0500
17800,-42.20281,-22.23916,-19.96365,-6.57885,-12.85250,-0.53230,0.9579,25.29,0.0196,39.81,3.49,0.485,0.498,0.080,0.0089,0.0500
17825,-42.22541,-22.21837,-20.00703,-6.59351,-12.89840,-0.51512,0.9600,25.38,0.0197,40.02,3.40,0.485,0.498,0.080,0.0089,0.0500
17850,-42.19863,-22.20912,-19.98951,-6.56713,-12.91331,-0.50907,0.9562,25.73,0.0199,40.14,3.34,0.485,0.498,0.080,0.0089,0.0500
17875,-42.23272,-22.25031,-19.98240,-6.58872,-12.87491,-0.51877,0.9593,25.90,0.0201,40.38,3.27,0.485,0.498,0.080,0.0089,0.0500
17900,-42.26287,-22.27906,-19.98381,-6.58545,-12.88179,-0.51657,0.9589,25.89,0.0201,40.25,3.22,0.485,0.498,0.080,0.0089,0.0500
17925,-42.28059,-22.28806,-19.99253,-6.59978,-12.88363,-0.50911,0.9609,25.99,0.0201,40.05,3.32,0.485,0.498,0.080,0.0089,0.0500
17950,-42.29521,-22.29319,-20.00202,-6.59049,-12.89691,-0.51462,0.9596,25.93,0.0201,40.25,3.20,0.485,0.498,0.080,0.0089,0.0500
17975,-42.22628,-22.27477,-19.95151,-6.58486,-12.86125,-0.50540,0.9588,25.95,0.0201,40.46,3.17,0.485,0.498,0.080,0.0089,0.0500
18000,-42.26935,-22.30126,-19.96809,-6.58624,-12.87064,-0.51121,0.9590,25.80,0.0200,41.11,2.61,0.485,0.498,0.076,0.0085,0.0500
18025,-42.32953,-22.34514,-19.98440,-6.58791,-12.88419,-0.51229,0.9592,25.85,0.0200,41.07,2.65,0.485,0.498,0.076,0.0085,0.0500
18050,-42.29085,-22.33188,-19.95898,-6.56221,-12.87854,-0.51822,0.9555,26.01,0.0201,41.08,2.62,0.485,0.498,0.076,0.0085,0.0500
18075,-42.32790,-22.36291,-19.96499,-6.57458,-12.85907,-0.53134,0.9573,25.95,0.0201,40.78,2.92,0.485,0.498,0.076,0.0085,0.0500
18100,-42.29194,-22.36106,-19.93088,-6.55365,-12.84045,-0.53678,0.9542,26.07,0.0202,40.95,2.64,0.485,0.498,0.076,0.0085,0.0500
18125,-42.29560,-22.32333,-19.97227,-6.55081,-12.88171,-0.53975,0.9538,26.01,0.0202,40.87,2.84,0.485,0.498,0.076,0.0085,0.0500
18150,-42.28455,-22.29452,-19.99003,-6.57657,-12.89335,-0.52011,0.9576,26.20,0.0203,40.65,3.03,0.486,0.498,0.076,0.0085,0.0500
18175,-42.35042,-22.33038,-20.02004,-6.59921,-12.90314,-0.51770,0.9609,26.47,0.0205,40.57,3.09,0.486,0.498,0.076,0.0085,0.0500
18200,-42.38316,-22.42148,-19.96168,-6.57167,-12.88078,-0.50923,0.9569,26.29,0.0204,40.23,3.39,0.486,0.498,0.076,0.0085,0.0500
18225,-42.35960,-22.35740,-20.00220,-6.58915,-12.89943,-0.51362,0.9594,26.28,0.0204,40.82,3.04,0.486,0.498,0.076,0.0085,0.0500
18250,-42.35171,-22.40158,-19.95013,-6.56804,-12.84504,-0.53705,0.9563,26.16,0.0203,40.09,3.56,0.486,0.498,0.076,0.0085,0.0500
18275,-42.34663,-22.37262,-19.97401,-6.57208,-12.87160,-0.53034,0.9569,26.26,0.0203,40.36,3.42,0.486,0.498,0.076,0.0085,0.0500
18300,-42.32048,-22.33539,-19.98509,-6.58918,-12.88781,-0.50810,0.9594,26.27,0.0204,40.49,3.37,0.486,0.498,0.076,0.0085,0.0500
18325,-42.38538,-22.35833,-20.02705,-6.59751,-12.90502,-0.52452,0.9606,26.35,0.0204,40.46,3.36,0.486,0.498,0.076,0.0085,0.0500
18350,-42.37052,-22.38532,-19.98521,-6.58657,-12.88778,-0.51085,0.9590,26.23,0.0203,40.44,3.32,0.486,0.498,0.076,0.0085,0.0500
18375,-42.38140,-22.37625,-20.00515,-6.57871,-12.88422,-0.54222,0.9579,26.06,0.0202,40.32,3.50,0.486,0.498,0.076,0.0085,0.0500
18400,-42.33914,-22.36171,-19.97743,-6.56802,-12.87199,-0.53742,0.9563,26.10,0.0202,39.94,3.64,0.486,0.498,0.076,0.0085,0.0500
18425,-42.36696,-22.35226,-20.01470,-6.58199,-12.91011,-0.52260,0.9584,26.22,0.0203,40.31,3.41,0.486,0.498,0.076,0.0085,0.0500
18450,-42.29323,-22.29483,-19.99840,-6.58318,-12.89980,-0.51542,0.9585,26.26,0.0203,39.84,3.64,0.486,0.498,0.076,0.0085,0.0500
18475,-42.28633,-22.32438,-19.96196,-6.56509,-12.86891,-0.52796,0.9559,26.45,0.0205,40.55,3.12,0.486,0.498,0.076,0.0085,0.0500
18500,-42.34745,-22.35772,-19.98973,-6.57860,-12.91188,-0.49924,0.9579,26.24,0.0203,40.57,3.12,0.486,0.498,0.076,0.0085,0.0500
18525,-42.35894,-22.37883,-19.98010,-6.58516,-12.86831,-0.52663,0.9588,25.95,0.0201,40.39,3.22,0.486,0.498,0.076,0.0085,0.0500
18550,-42.38109,-22.39180,-19.98928,-6.58549,-12.88091,-0.52288,0.9589,25.84,0.0200,40.52,3.07,0.486,0.498,0.076,0.0085,0.0500
18575,-42.46246,-22.39803,-20.06444,-6.60497,-12.93717,-0.52230,0.9617,25.77,0.0200,40.42,3.08,0.486,0.498,0.076,0.0085,0.0500
18600,-42.40133,-22.42069,-19.98064,-6.56902,-12.88297,-0.52864,0.9565,25.56,0.0198,41.29,2.44,0.486,0.498,0.076,0.0085,0.0500
18625,-42.35987,-22.39538,-19.96449,-6.58223,-12.87532,-0.50694,0.9584,25.71,0.0199,40.99,2.76,0.486,0.498,0.076,0.0085,0.0500
18650,-42.35473,-22.37248,-19.98225,-6.57896,-12.87765,-0.52564,0.9579,25.66,0.0199,40.33,3.37,0.486,0.498,0.076,0.0085,0.0500
18675,-42.45585,-22.43118,-20.02467,-6.58377,-12.93617,-0.50473,0.9586,25.81,0.0200,40.70,3.06,0.486,0.498,0.076,0.0085,0.0500
18700,-42.37964,-22.38345,-19.99619,-6.57268,-12.88722,-0.53628,0.9570,25.68,0.0199,41.03,2.73,0.486,0.498,0.076,0.0085,0.0500
18725,-42.37836,-22.37609,-20.00228,-6.57983,-12.90647,-0.51597,0.9580,25.48,0.0197,40.33,3.47,0.486,0.498,0.076,0.0085,0.0500
18750,-42.41253,-22.46728,-19.94524,-6.57286,-12.85218,-0.52020,0.9570,25.48,0.0197,41.07,2.68,0.486,0.498,0.076,0.0085,0.0500
18775,-42.39689,-22.44775,-19.94914,-6.55577,-12.85798,-0.53539,0.9545,25.49,0.0197,40.91,2.90,0.486,0.498,0.076,0.0085,0.0500
18800,-42.41082,-22.45618,-19.95464,-6.58766,-12.84420,-0.52278,0.9592,25.36,0.0196,40.23,3.36,0.486,0.498,0.076,0.0085,0.0500
18825,-42.44037,-22.41831,-20.02206,-6.56872,-12.92244,-0.53090,0.9564,25.49,0.0198,41.51,2.21,0.486,0.498,0.076,0.0085,0.0500
18850,-42.47901,-22.47789,-20.00112,-6.59372,-12.87813,-0.52926,0.9601,25.57,0.0198,41.13,2.45,0.486,0.498,0.076,0.0085,0.0500
18875,-42.45358,-22.47195,-19.98163,-6.57742,-12.89325,-0.51096,0.9577,25.44,0.0197,40.34,3.13,0.486,0.498,0.076,0.0085,0.0500
18900,-42.44986,-22.44463,-20.00524,-6.58779,-12.90630,-0.51115,0.9592,25.49,0.0198,40.94,2.72,0.486,0.498,0.076,0.0085,0.0500
18925,-42.41815,-22.43977,-19.97838,-6.58008,-12.89278,-0.50551,0.9581,25.58,0.0198,40.66,2.96,0.486,0.498,0.076,0.0085,0.0500
18950,-42.35820,-22.34117,-20.01703,-6.58238,-12.91118,-0.52347,0.9584,25.41,0.0197,40.91,2.76,0.486,0.498,0.076,0.0085,0.0500
18975,-42.40515,-22.41879,-19.98636,-6.58089,-12.88410,-0.52138,0.9582,25.52,0.0198,40.64,3.01,0.486,0.498,0.076,0.0085,0.0500
19000,-42.42669,-22.44730,-19.97939,-6.57578,-12.87495,-0.52867,0.9575,25.55,0.0198,40.60,3.05,0.486,0.498,0.072,0.0081,0.0500
19025,-42.31690,-22.34329,-19.97362,-6.57893,-12.86854,-0.52615,0.9579,25.49,0.0197,40.50,3.24,0.486,0.498,0.072,0.0081,0.0500
19050,-42.44240,-22.44613,-19.99627,-6.58653,-12.89525,-0.51449,0.9590,25.55,0.0198,41.65,2.06,0.486,0.498,0.072,0.0081,0.0500
19075,-42.44207,-22.45192,-19.99014,-6.57715,-12.88631,-0.52669,0.9577,25.62,0.0199,41.06,2.56,0.486,0.498,0.072,0.0081,0.0500
19100,-42.45547,-22.45882,-19.99665,-6.58331,-12.88457,-0.52878,0.9585,25.74,0.0199,40.93,2.53,0.486,0.498,0.072,0.0081,0.0500
19125,-42.43669,-22.41124,-20.02546,-6.58149,-12.91819,-0.52578,0.9583,25.93,0.0201,40.72,2.79,0.486,0.498,0.072,0.0081,0.0500
19150,-42.43234,-22.43767,-19.99468,-6.57361,-12.90273,-0.51834,0.9571,25.81,0.0200,41.25,2.48,0.486,0.498,0.072,0.0081,0.0500
19175,-42.36095,-22.42883,-19.93213,-6.57319,-12.83281,-0.52613,0.9571,25.48,0.0197,41.02,2.49,0.486,0.498,0.072,0.0081,0.0500
19200,-42.44381,-22.47781,-19.96600,-6.57320,-12.87182,-0.52098,0.9571,25.47,0.0197,41.25,1.89,0.486,0.498,0.072,0.0081,0.0500
19225,-42.48365,-22.50872,-19.97493,-6.57226,-12.87808,-0.52459,0.9569,25.46,0.0197,41.55,1.84,0.486,0.498,0.072,0.0081,0.0500
19250,-42.55013,-22.54433,-20.00580,-6.58241,-12.88807,-0.53532,0.9584,25.82,0.0200,41.47,1.75,0.486,0.498,0.072,0.0081,0.0500
19275,-42.60721,-22.59042,-20.01678,-6.60962,-12.90978,-0.49738,0.9624,25.71,0.0199,41.65,1.51,0.486,0.498,0.072,0.0081,0.0500
19300,-42.60906,-22.58901,-20.02005,-6.58833,-12.89971,-0.53201,0.9593,25.54,0.0198,41.42,1.74,0.486,0.498,0.072,0.0081,0.0500
19325,-42.55286,-22.55112,-20.00174,-6.58111,-12.89919,-0.52143,0.9582,25.39,0.0197,41.55,1.44,0.486,0.498,0.072,0.0081,0.0500
19350,-42.53939,-22.54154,-19.99785,-6.55679,-12.90504,-0.53602,0.9547,25.42,0.0197,41.27,1.78,0.486,0.498,0.072,0.0081,0.0500
19375,-42.57485,-22.56777,-20.00708,-6.59007,-12.90084,-0.51617,0.9595,25.74,0.0199,41.55,1.50,0.486,0.498,0.072,0.0081,0.0500
19400,-42.50554,-22.49805,-20.00749,-6.59416,-12.90085,-0.51248,0.9601,25.62,0.0198,41.26,1.75,0.486,0.498,0.072,0.0081,0.0500
19425,-42.49764,-22.50346,-19.99419,-6.57522,-12.89744,-0.52153,0.9574,25.86,0.0200,41.00,2.05,0.486,0.498,0.072,0.0081,0.0500
19450,-42.50789,-22.46591,-20.04197,-6.58103,-12.91886,-0.54209,0.9582,25.77,0.0200,41.32,1.72,0.486,0.498,0.072,0.0081,0.0500
19475,-42.50890,-22.49087,-20.01803,-6.58313,-12.90996,-0.52495,0.9585,25.67,0.0199,41.27,1.75,0.486,0.498,0.072,0.0081,0.0500
19500,-42.47123,-22.50059,-19.97064,-6.57247,-12.84949,-0.54868,0.9570,25.63,0.0199,41.53,1.56,0.486,0.498,0.072,0.0081,0.0500
19525,-42.58416,-22.55227,-20.03190,-6.59152,-12.92601,-0.51438,0.9597,25.50,0.0198,41.48,1.51,0.486,0.498,0.072,0.0081,0.0500
19550,-42.54625,-22.56441,-19.98184,-6.57823,-12.87162,-0.53198,0.9578,25.47,0.0197,41.45,1.49,0.486,0.498,0.072,0.0081,0.0500
19575,-42.59307,-22.54621,-20.04686,-6.59764,-12.92873,-0.52050,0.9606,25.34,0.0196,41.59,1.47,0.486,0.498,0.072,0.0081,0.0500
19600,-42.46653,-22.48017,-19.98636,-6.58138,-12.87671,-0.52827,0.9583,24.77,0.0192,41.53,1.54,0.486,0.498,0.072,0.0081,0.0500
19625,-42.49974,-22.46947,-20.03027,-6.59179,-12.91102,-0.52746,0.9598,25.67,0.0199,41.03,2.08,0.486,0.498,0.072,0.0081,0.0500
19650,-42.43800,-22.45069,-19.98730,-6.57879,-12.87821,-0.53031,0.9579,25.73,0.0199,41.08,2.39,0.486,0.498,0.072,0.0081,0.0500
19675,-42.41880,-22.47008,-19.94872,-6.57396,-12.85617,-0.51859,0.9572,25.76,0.0200,40.91,2.15,0.486,0.498,0.072,0.0081,0.0500
19700,-42.52596,-22.51962,-20.00633,-6.60317,-12.87134,-0.53182,0.9614,25.78,0.0200,41.01,2.53,0.486,0.498,0.072,0.0081,0.0500
19725,-42.51028,-22.49477,-20.01551,-6.59307,-12.90413,-0.51831,0.9600,25.69,0.0199,41.40,2.36,0.486,0.498,0.072,0.0081,0.0500
19750,-42.47798,-22.50675,-19.97123,-6.59476,-12.85217,-0.52430,0.9602,25.62,0.0198,41.07,2.56,0.486,0.498,0.072,0.0081,0.0500
19775,-42.53372,-22.53578,-19.99794,-6.58323,-12.90766,-0.50705,0.9585,25.57,0.0198,41.09,2.34,0.487,0.498,0.072,0.0081,0.0500
19800,-42.60111,-22.57342,-20.02769,-6.59139,-12.91378,-0.52251,0.9597,25.26,0.0196,41.43,2.27,0.487,0.498,0.072,0.0081,0.0500
19825,-42.51527,-22.54012,-19.97515,-6.56918,-12.87928,-0.52669,0.9565,25.28,0.0196,41.46,2.32,0.487,0.498,0.072,0.0081,0.0500
19850,-42.52298,-22.55261,-19.97037,-6.56479,-12.88185,-0.52373,0.9559,25.04,0.0194,41.10,2.48,0.487,0.498,0.072,0.0081,0.0500
19875,-42.58365,-22.54959,-20.03406,-6.59290,-12.91338,-0.52777,0.9599,25.20,0.0195,41.07,2.17,0.487,0.498,0.072,0.0081,0.0500
19900,-42.57721,-22.59284,-19.98437,-6.55347,-12.88620,-0.54470,0.9542,25.14,0.0195,41.15,2.31,0.487,0.498,0.072,0.0081,0.0500
19925,-42.62981,-22.62295,-20.00685,-6.59200,-12.88017,-0.53469,0.9598,25.33,0.0196,41.00,2.47,0.487,0.498,0.072,0.0081,0.0500
19950,-42.63166,-22.62359,-20.00808,-6.58160,-12.89252,-0.53395,0.9583,25.43,0.0197,41.40,2.20,0.487,0.498,0.072,0.0081,0.0500
19975,-42.56462,-22.55259,-20.01203,-6.58845,-12.89717,-0.52641,0.9593,25.30,0.0196,40.79,2.70,0.487,0.498,0.072,0.0081,0.0500
20000,-42.58647,-22.56854,-20.01792,-6.59065,-12.90162,-0.52565,0.9596,25.49,0.0198,41.01,2.51,0.487,0.498,0.075,0.0085,0.0500
20025,-42.49316,-22.52487,-19.96829,-6.56648,-12.87059,-0.53121,0.9561,25.48,0.0197,41.26,2.26,0.487,0.498,0.075,0.0085,0.0500
20050,-42.60588,-22.61257,-19.99331,-6.57262,-12.88662,-0.53407,0.9570,25.49,0.0198,41.10,2.46,0.487,0.498,0.075,0.0085,0.0500
20075,-42.57028,-22.57410,-19.99618,-6.57945,-12.88986,-0.52687,0.9580,25.71,0.0199,41.01,2.54,0.487,0.498,0.075,0.0085,0.0500
20100,-42.62065,-22.61003,-20.01062,-6.60134,-12.89137,-0.51792,0.9612,25.64,0.0199,41.30,2.17,0.487,0.498,0.075,0.0085,0.0500
20125,-42.62101,-22.60983,-20.01118,-6.60156,-12.88918,-0.52044,0.9612,25.60,0.0198,41.19,2.13,0.487,0.498,0.075,0.0085,0.0500
20150,-42.58736,-22.60252,-19.98484,-6.58993,-12.86779,-0.52711,0.9595,25.52,0.0198,41.25,2.30,0.487,0.498,0.075,0.0085,0.0500
20175,-42.67094,-22.66329,-20.00765,-6.58010,-12.89573,-0.53182,0.9581,25.26,0.0196,41.43,2.32,0.487,0.498,0.075,0.0085,0.0500
20200,-42.62718,-22.63467,-19.99251,-6.57549,-12.87969,-0.53732,0.9574,25.23,0.0195,41.30,2.30,0.487,0.498,0.075,0.0085,0.0500
20225,-42.66711,-22.67381,-19.99330,-6.56285,-12.88077,-0.54969,0.9556,24.96,0.0193,41.30,2.30,0.487,0.498,0.075,0.0085,0.0500
20250,-42.62848,-22.64087,-19.98761,-6.57363,-12.87617,-0.53781,0.9571,24.98,0.0194,41.35,2.27,0.487,0.498,0.075,0.0085,0.0500
20275,-42.71068,-22.71678,-19.99390,-6.59454,-12.87226,-0.52710,0.9602,24.97,0.0193,41.23,2.50,0.487,0.498,0.075,0.0085,0.0500
20300,-42.77441,-22.71554,-20.05887,-6.59687,-12.93485,-0.52715,0.9605,24.87,0.0193,41.29,2.20,0.487,0.498,0.075,0.0085,0.0500
20325,-42.62298,-22.63802,-19.98495,-6.58876,-12.87363,-0.52256,0.9593,24.75,0.0192,41.40,2.26,0.487,0.498,0.075,0.0085,0.0500
20350,-42.66060,-22.65022,-20.01037,-6.59266,-12.90061,-0.51709,0.9599,24.91,0.0193,41.33,2.29,0.487,0.498,0.075,0.0085,0.0500
20375,-42.59647,-22.58992,-20.00656,-6.59327,-12.89730,-0.51599,0.9600,24.85,0.0193,41.26,2.41,0.487,0.498,0.075,0.0085,0.0500
20400,-42.55661,-22.56421,-19.99241,-6.58955,-12.85580,-0.54706,0.9595,24.85,0.0193,41.41,1.95,0.487,0.498,0.075,0.0085,0.0500
20425,-42.62851,-22.59253,-20.03598,-6.59033,-12.92471,-0.52095,0.9596,24.52,0.0190,41.55,2.04,0.487,0.498,0.075,0.0085,0.0500
20450,-42.58762,-22.60714,-19.98048,-6.58998,-12.86282,-0.52769,0.9595,24.37,0.0189,41.22,2.09,0.487,0.498,0.075,0.0085,0.0500
20475,-42.57829,-22.62111,-19.95718,-6.57698,-12.86110,-0.51910,0.9576,24.27,0.0188,41.14,2.21,0.487,0.498,0.075,0.0085,0.0500
20500,-42.60446,-22.59424,-20.01022,-6.58358,-12.88724,-0.53940,0.9586,24.48,0.0190,41.38,2.12,0.487,0.498,0.075,0.0085,0.0500
20525,-42.57934,-22.60982,-19.96952,-6.57349,-12.87317,-0.52286,0.9571,24.46,0.0190,41.06,2.33,0.487,0.498,0.075,0.0085,0.0500
20550,-42.60893,-22.64306,-19.96587,-6.57476,-12.86046,-0.53066,0.9573,24.57,0.0190,40.69,2.57,0.487,0.498,0.075,0.0085,0.0500
20575,-42.67248,-22.69937,-19.97311,-6.58445,-12.86771,-0.52095,0.9587,24.54,0.0190,40.67,2.57,0.487,0.498,0.075,0.0085,0.0500
20600,-42.70209,-22.70142,-20.00068,-6.59702,-12.88140,-0.52225,0.9605,24.45,0.0189,40.96,2.42,0.487,0.498,0.075,0.0085,0.0500
20625,-42.62952,-22.64583,-19.98369,-6.56718,-12.88580,-0.53071,0.9562,24.62,0.0191,41.23,2.10,0.487,0.498,0.075,0.0085,0.0500
20650,-42.57153,-22.61637,-19.95516,-6.56843,-12.84860,-0.53813,0.9564,24.62,0.0191,40.93,2.38,0.487,0.498,0.075,0.0085,0.0500
20675,-42.63331,-22.63550,-19.99781,-6.59282,-12.88746,-0.51753,0.9599,24.63,0.0191,40.91,2.23,0.487,0.498,0.075,0.0085,0.0500
20700,-42.64376,-22.67805,-19.96571,-6.57390,-12.84807,-0.54374,0.9572,24.89,0.0193,40.93,2.23,0.487,0.498,0.075,0.0085,0.0500
20725,-42.67107,-22.70862,-19.96245,-6.57409,-12.85539,-0.53298,0.9572,24.89,0.0193,41.14,2.14,0.487,0.498,0.075,0.0085,0.0500
20750,-42.61150,-22.64656,-19.96495,-6.55784,-12.86923,-0.53788,0.9548,25.15,0.0195,40.67,2.48,0.487,0.498,0.075,0.0085,0.0500
20775,-42.74380,-22.73995,-20.00385,-6.58657,-12.89540,-0.52188,0.9590,25.13,0.0195,40.87,2.48,0.487,0.498,0.075,0.0085,0.0500
20800,-42.72918,-22.73923,-19.98994,-6.58302,-12.87232,-0.53460,0.9585,24.95,0.0193,40.57,2.44,0.487,0.498,0.075,0.0085,0.0500
20825,-42.73001,-22.77937,-19.95064,-6.58573,-12.83664,-0.52827,0.9589,24.87,0.0193,40.64,2.47,0.487,0.498,0.075,0.0085,0.0500
20850,-42.69273,-22.71893,-19.97381,-6.59967,-12.84846,-0.52568,0.9609,24.80,0.0192,41.22,1.88,0.487,0.498,0.075,0.0085,0.0500
20875,-42.68168,-22.70984,-19.97184,-6.55896,-12.86747,-0.54542,0.9550,24.77,0.0192,40.98,2.17,0.487,0.498,0.075,0.0085,0.0500
20900,-42.66133,-22.69296,-19.96837,-6.58744,-12.85612,-0.52481,0.9592,24.65,0.0191,41.27,1.91,0.487,0.498,0.075,0.0085,0.0500
20925,-42.62838,-22.66971,-19.95867,-6.59216,-12.83507,-0.53143,0.9598,24.62,0.0191,40.88,2.21,0.487,0.498,0.075,0.0085,0.0500
20950,-42.71102,-22.73335,-19.97767,-6.58825,-12.85114,-0.53828,0.9593,24.64,0.0191,40.65,2.80,0.487,0.498,0.075,0.0085,0.0500
20975,-42.70906,-22.69748,-20.01158,-6.59151,-12.90668,-0.51339,0.9597,24.60,0.0191,41.37,1.78,0.487,0.498,0.075,0.0085,0.0500
21000,-42.66440,-22.67688,-19.98752,-6.59499,-12.88348,-0.50905,0.9602,24.93,0.0193,41.26,2.10,0.487,0.498,0.072,0.0080,0.0500
21025,-42.66455,-22.66440,-20.00014,-6.59314,-12.87625,-0.53075,0.9600,24.81,0.0192,40.92,2.16,0.487,0.498,0.072,0.0080,0.0500
21050,-42.65898,-22.70002,-19.95896,-6.57506,-12.85752,-0.52638,0.9573,24.76,0.0192,41.06,2.23,0.487,0.498,0.072,0.0080,0.0500
21075,-42.64523,-22.64153,-20.00370,-6.57971,-12.88713,-0.53686,0.9580,24.90,0.0193,41.04,2.10,0.487,0.498,0.072,0.0080,0.0500
21100,-42.66640,-22.63967,-20.02673,-6.60213,-12.88826,-0.53635,0.9613,24.95,0.0193,40.76,2.43,0.487,0.498,0.072,0.0080,0.0500
21125,-42.66419,-22.67474,-19.98945,-6.56996,-12.88536,-0.53413,0.9566,24.82,0.0192,40.71,2.43,0.487,0.498,0.072,0.0080,0.0500
21150,-42.74058,-22.79722,-19.94335,-6.57315,-12.84503,-0.52517,0.9571,24.95,0.0193,40.86,2.45,0.487,0.498,0.072,0.0080,0.0500
21175,-42.79406,-22.78781,-20.00625,-6.59612,-12.88595,-0.52418,0.9604,24.89,0.0193,40.78,2.47,0.487,0.498,0.072,0.0080,0.0500
21200,-42.76684,-22.78811,-19.97873,-6.58678,-12.85613,-0.53582,0.9591,25.04,0.0194,40.67,2.29,0.487,0.498,0.072,0.0080,0.0500
21225,-42.72786,-22.77994,-19.94792,-6.58600,-12.83166,-0.53026,0.9589,22.94,0.0178,40.78,2.38,0.487,0.498,0.072,0.0080,0.0500
21250,-42.73051,-22.73610,-19.99441,-6.59823,-12.88635,-0.50983,0.9607,22.73,0.0176,40.88,2.25,0.487,0.498,0.072,0.0080,0.0500
21275,-42.70273,-22.74700,-19.95573,-6.57176,-12.84885,-0.53511,0.9569,22.47,0.0174,40.83,2.26,0.487,0.498,0.072,0.0080,0.0500
21300,-42.65337,-22.68728,-19.96609,-6.58646,-12.87426,-0.50538,0.9590,22.56,0.0175,40.88,2.30,0.487,0.498,0.072,0.0080,0.0500
21325,-42.66053,-22.68932,-19.97121,-6.59312,-12.86979,-0.50829,0.9600,22.48,0.0174,40.79,2.22,0.487,0.498,0.072,0.0080,0.0500
21350,-42.64416,-22.66426,-19.97989,-6.56860,-12.86227,-0.54902,0.9564,22.62,0.0175,41.12,2.39,0.487,0.498,0.072,0.0080,0.0500
21375,-42.69411,-22.71911,-19.97500,-6.57360,-12.85589,-0.54551,0.9571,22.52,0.0174,40.73,2.38,0.487,0.498,0.072,0.0080,0.0500
21400,-42.75019,-22.75871,-19.99147,-6.58330,-12.86418,-0.54399,0.9585,22.58,0.0175,40.62,2.49,0.487,0.498,0.072,0.0080,0.0500
21425,-42.75966,-22.76925,-19.99041,-6.56470,-12.89280,-0.53291,0.9558,22.45,0.0174,40.43,2.48,0.487,0.498,0.072,0.0080,0.0500
21450,-42.76901,-22.78826,-19.98075,-6.57886,-12.88004,-0.52186,0.9579,24.55,0.0190,40.55,2.39,0.487,0.498,0.072,0.0080,0.0500
21475,-42.75866,-22.77211,-19.98655,-6.56942,-12.86737,-0.54976,0.9565,24.64,0.0191,40.79,2.10,0.487,0.498,0.072,0.0080,0.0500
21500,-42.78907,-22.79255,-19.99652,-6.57791,-12.87760,-0.54102,0.9578,24.65,0.0191,40.50,2.35,0.487,0.498,0.072,0.0080,0.0500
21525,-42.80282,-22.80667,-19.99615,-6.57317,-12.89074,-0.53224,0.9571,24.54,0.0190,40.84,2.19,0.487,0.498,0.072,0.0080,0.0500
21550,-42.81256,-22.81211,-20.00045,-6.58225,-12.88131,-0.53688,0.9584,24.50,0.0190,40.78,2.10,0.487,0.498,0.072,0.0080,0.0500
21575,-42.74160,-22.76301,-19.97858,-6.58322,-12.86589,-0.52948,0.9585,22.46,0.0174,40.83,2.07,0.487,0.498,0.072,0.0080,0.0500
21600,-42.73396,-22.75581,-19.97815,-6.56688,-12.87436,-0.53690,0.9562,22.51,0.0174,40.65,2.30,0.487,0.498,0.072,0.0080,0.0500
21625,-42.80896,-22.80492,-20.00404,-6.58159,-12.88748,-0.53496,0.9583,22.43,0.0174,40.77,2.06,0.487,0.498,0.072,0.0080,0.0500
21650,-42.74156,-22.78705,-19.95451,-6.56448,-12.84439,-0.54563,0.9558,22.59,0.0175,40.80,2.03,0.487,0.498,0.072,0.0080,0.0500
21675,-42.69544,-22.73447,-19.96098,-6.59354,-12.86033,-0.50711,0.9600,22.63,0.0175,40.77,2.14,0.487,0.498,0.072,0.0080,0.0500
21700,-42.83110,-22.81634,-20.01476,-6.58593,-12.90702,-0.52181,0.9589,22.75,0.0176,40.67,2.30,0.487,0.498,0.072,0.0080,0.0500
21725,-42.78625,-22.77141,-20.01483,-6.58114,-12.89079,-0.54291,0.9582,22.83,0.0177,40.64,2.30,0.487,0.498,0.072,0.0080,0.0500
21750,-42.77220,-22.77587,-19.99632,-6.56935,-12.89192,-0.53505,0.9565,22.66,0.0176,40.37,2.54,0.487,0.498,0.072,0.0080,0.0500
21775,-42.71630,-22.74261,-19.97369,-6.58041,-12.85475,-0.53853,0.9581,22.59,0.0175,40.77,2.23,0.487,0.498,0.072,0.0080,0.0500
21800,-42.68380,-22.72506,-19.95874,-6.57161,-12.85260,-0.53453,0.9568,22.62,0.0175,40.52,2.32,0.487,0.498,0.072,0.0080,0.0500
21825,-42.81595,-22.82295,-19.99300,-6.55674,-12.89812,-0.53814,0.9547,22.58,0.0175,40.99,1.78,0.487,0.498,0.072,0.0080,0.0500
21850,-42.77140,-22.78751,-19.98388,-6.55711,-12.89489,-0.53189,0.9547,22.89,0.0177,40.77,2.12,0.487,0.498,0.072,0.0080,0.0500
21875,-42.86517,-22.87019,-19.99498,-6.56208,-12.90181,-0.53109,0.9555,22.99,0.0178,40.74,2.15,0.487,0.498,0.072,0.0080,0.0500
21900,-42.83022,-22.86004,-19.97017,-6.55148,-12.87451,-0.54418,0.9539,23.01,0.0178,40.70,2.04,0.487,0.498,0.072,0.0080,0.0500
21925,-42.85831,-22.87868,-19.97963,-6.57204,-12.86931,-0.53828,0.9569,115.51,0.0895,40.81,2.00,0.487,0.498,0.072,0.0080,0.0500
21950,-42.91561,-22.87702,-20.03860,-6.57800,-12.92778,-0.53282,0.9578,25.62,0.0198,40.89,2.04,0.487,0.498,0.072,0.0080,0.0500
21975,-42.89795,-22.87140,-20.02655,-6.59286,-12.90463,-0.52906,0.9599,25.67,0.0199,40.85,2.05,0.487,0.498,0.072,0.0080,0.0500
22000,-42.82286,-22.87784,-19.94502,-6.57709,-12.82457,-0.54337,0.9576,25.50,0.0198,40.95,2.20,0.487,0.498,0.068,0.0076,0.0500
22025,-42.88049,-22.84047,-20.04002,-6.60424,-12.92050,-0.51528,0.9616,25.48,0.0197,40.64,2.23,0.487,0.498,0.068,0.0076,0.0500
22050,-42.84836,-22.84298,-20.00538,-6.60362,-12.88331,-0.51845,0.9615,25.38,0.0197,41.07,2.11,0.487,0.498,0.068,0.0076,0.0500
22075,-42.90288,-22.85861,-20.04427,-6.59809,-12.92912,-0.51706,0.9607,25.37,0.0197,40.91,2.10,0.487,0.498,0.068,0.0076,0.0500
22100,-42.83691,-22.83583,-20.00108,-6.58592,-12.87947,-0.53569,0.9589,25.57,0.0198,40.88,2.24,0.487,0.498,0.068,0.0076,0.0500
22125,-42.82860,-22.83925,-19.98935,-6.56321,-12.89333,-0.53281,0.9556,23.03,0.0178,40.87,2.15,0.487,0.498,0.068,0.0076,0.0500
22150,-42.89588,-22.84207,-20.05382,-6.60147,-12.93853,-0.51382,0.9612,25.28,0.0196,41.19,2.09,0.487,0.498,0.068,0.0076,0.0500
22175,-42.81351,-22.82392,-19.98959,-6.59324,-12.87313,-0.52322,0.9600,25.44,0.0197,41.27,1.96,0.487,0.498,0.068,0.0076,0.0500
22200,-42.81094,-22.83097,-19.97998,-6.58356,-12.85841,-0.53801,0.9586,25.44,0.0197,41.00,2.28,0.487,0.498,0.068,0.0076,0.0500
22225,-42.86771,-22.85833,-20.00938,-6.60334,-12.89435,-0.51169,0.9615,25.51,0.0198,40.94,2.19,0.487,0.498,0.068,0.0076,0.0500
22250,-42.88261,-22.89977,-19.98284,-6.56252,-12.87108,-0.54923,0.9555,25.42,0.0197,41.26,1.75,0.487,0.498,0.068,0.0076,0.0500
22275,-42.95789,-22.97755,-19.98034,-6.57650,-12.86071,-0.54313,0.9576,25.08,0.0194,41.02,2.17,0.487,0.498,0.068,0.0076,0.0500
22300,-42.88833,-22.90465,-19.98368,-6.59523,-12.87030,-0.51816,0.9603,24.96,0.0193,41.26,1.88,0.487,0.498,0.068,0.0076,0.0500
22325,-42.96443,-22.98368,-19.98074,-6.59324,-12.84980,-0.53771,0.9600,25.03,0.0194,41.08,1.97,0.487,0.498,0.068,0.0076,0.0500
22350,-42.97142,-22.93990,-20.03153,-6.60149,-12.91365,-0.51638,0.9612,24.95,0.0193,41.32,1.89,0.487,0.498,0.068,0.0076,0.0500
22375,-42.95640,-22.93409,-20.02231,-6.60593,-12.89096,-0.52542,0.9618,24.84,0.0192,41.32,1.89,0.488,0.498,0.068,0.0076,0.0500
22400,-42.98560,-23.00115,-19.98445,-6.58615,-12.86313,-0.53516,0.9590,22.42,0.0174,41.55,1.62,0.488,0.498,0.068,0.0076,0.0500
22425,-42.97514,-22.98472,-19.99042,-6.59523,-12.86093,-0.53426,0.9603,25.00,0.0194,41.33,1.90,0.488,0.498,0.068,0.0076,0.0500
22450,-42.89876,-22.94475,-19.95400,-6.58028,-12.84870,-0.52503,0.9581,25.03,0.0194,41.34,1.91,0.488,0.498,0.068,0.0076,0.0500
22475,-42.98301,-22.98998,-19.99302,-6.58715,-12.88150,-0.52437,0.9591,24.98,0.0194,40.58,2.63,0.488,0.498,0.068,0.0076,0.0500
22500,-42.97562,-22.98680,-19.98883,-6.57490,-12.86857,-0.54536,0.9573,22.36,0.0173,40.88,2.37,0.488,0.498,0.068,0.0076,0.0500
22525,-42.96967,-22.95143,-20.01824,-6.57899,-12.89830,-0.54096,0.9579,22.19,0.0172,40.67,2.55,0.488,0.498,0.068,0.0076,0.0500
22550,-42.97193,-22.99763,-19.97429,-6.56734,-12.86857,-0.53839,0.9562,22.33,0.0173,41.02,1.93,0.488,0.498,0.068,0.0076,0.0500
22575,-42.95791,-22.96599,-19.99192,-6.60586,-12.86566,-0.52040,0.9618,22.60,0.0175,40.74,2.36,0.488,0.498,0.068,0.0076,0.0500
22600,-42.97308,-23.00075,-19.97233,-6.58723,-12.85828,-0.52681,0.9591,22.59,0.0175,40.72,2.35,0.488,0.498,0.068,0.0076,0.0500
22625,-43.03872,-23.03557,-20.00315,-6.59407,-12.87783,-0.53126,0.9601,22.62,0.0175,40.96,2.11,0.488,0.498,0.068,0.0076,0.0500
22650,-42.97109,-22.98642,-19.98467,-6.58117,-12.88382,-0.51969,0.9582,22.72,0.0176,40.69,2.39,0.488,0.498,0.068,0.0076,0.0500
22675,-42.98227,-22.98256,-19.99971,-6.59801,-12.87250,-0.52919,0.9607,22.60,0.0175,41.02,2.12,0.488,0.498,0.068,0.0076,0.0500
22700,-42.95366,-22.98335,-19.97031,-6.59781,-12.84981,-0.52270,0.9607,22.48,0.0174,40.96,2.19,0.488,0.498,0.068,0.0076,0.0500
22725,-42.99295,-22.99442,-19.99853,-6.58658,-12.87838,-0.53358,0.9590,22.37,0.0173,41.27,1.82,0.488,0.498,0.068,0.0076,0.0500
22750,-42.96942,-22.99053,-19.97889,-6.57448,-12.87631,-0.52810,0.9573,22.23,0.0172,40.89,2.04,0.488,0.498,0.068,0.0076,0.0500
22775,-42.92068,-22.98266,-19.93802,-6.56446,-12.84594,-0.52762,0.9558,22.08,0.0171,41.11,1.91,0.488,0.498,0.068,0.0076,0.0500
22800,-42.91365,-22.95409,-19.95956,-6.58496,-12.86261,-0.51199,0.9588,21.99,0.0170,41.03,1.87,0.488,0.498,0.068,0.0076,0.0500
22825,-43.02273,-23.03010,-19.99263,-6.55891,-12.87770,-0.55602,0.9550,22.10,0.0171,41.00,1.86,0.488,0.498,0.068,0.0076,0.0500
22850,-42.96258,-22.98654,-19.97604,-6.56955,-12.86246,-0.54403,0.9565,22.04,0.0171,41.04,1.82,0.488,0.498,0.068,0.0076,0.0500
22875,-42.93316,-22.98569,-19.94747,-6.55567,-12.84471,-0.54709,0.9545,22.02,0.0171,41.03,1.87,0.488,0.498,0.068,0.0076,0.0500
22900,-43.01802,-22.98489,-20.03312,-6.59261,-12.90907,-0.53145,0.9599,21.98,0.0170,41.00,1.86,0.488,0.498,0.068,0.0076,0.0500
22925,-42.95520,-22.95958,-19.99562,-6.60630,-12.85796,-0.53136,0.9619,22.04,0.0171,40.82,2.18,0.488,0.498,0.068,0.0076,0.0500
22950,-42.98324,-23.01813,-19.96511,-6.58158,-12.84174,-0.54179,0.9583,22.02,0.0171,40.66,2.19,0.488,0.498,0.068,0.0076,0.0500
22975,-42.99059,-22.99156,-19.99902,-6.58404,-12.87805,-0.53693,0.9587,22.17,0.0172,40.81,2.18,0.488,0.498,0.068,0.0076,0.0500
23000,-42.91876,-22.91833,-20.00043,-6.57980,-12.88233,-0.53830,0.9580,22.18,0.0172,40.82,2.22,0.488,0.498,0.071,0.0080,0.0500
23025,-42.91277,-22.90561,-20.00717,-6.57183,-12.89680,-0.53853,0.9569,22.28,0.0173,40.81,2.26,0.488,0.498,0.071,0.0080,0.0500
23050,-42.93412,-22.96344,-19.97068,-6.55355,-12.86711,-0.55002,0.9542,22.21,0.0172,40.58,2.46,0.488,0.498,0.071,0.0080,0.0500
23075,-42.93658,-22.95136,-19.98522,-6.56986,-12.88529,-0.53007,0.9566,22.03,0.0171,40.80,2.22,0.488,0.498,0.071,0.0080,0.0500
23100,-42.98413,-22.99177,-19.99236,-6.57797,-12.88777,-0.52662,0.9578,24.23,0.0188,40.81,2.11,0.488,0.498,0.071,0.0080,0.0500
23125,-43.01440,-22.98743,-20.02697,-6.57899,-12.90754,-0.54044,0.9579,24.04,0.0186,40.77,2.15,0.488,0.498,0.071,0.0080,0.0500
23150,-42.90394,-22.93907,-19.96488,-6.57165,-12.84866,-0.54457,0.9569,24.07,0.0186,40.80,2.16,0.488,0.498,0.071,0.0080,0.0500
23175,-42.95417,-22.94288,-20.01129,-6.59354,-12.89730,-0.52045,0.9600,24.15,0.0187,40.80,2.11,0.488,0.498,0.071,0.0080,0.0500
23200,-43.01138,-22.97480,-20.03658,-6.59577,-12.91798,-0.52283,0.9604,21.67,0.0168,41.12,1.86,0.488,0.498,0.071,0.0080,0.0500
23225,-43.01442,-23.01406,-20.00037,-6.57512,-12.88469,-0.54056,0.9574,23.95,0.0186,40.99,2.04,0.488,0.498,0.071,0.0080,0.0500
23250,-43.01249,-23.01821,-19.99428,-6.58329,-12.88796,-0.52302,0.9585,23.91,0.0185,41.07,1.89,0.488,0.498,0.071,0.0080,0.0500
23275,-43.04771,-23.03209,-20.01562,-6.59355,-12.90636,-0.51571,0.9600,23.89,0.0185,41.10,1.99,0.488,0.498,0.071,0.0080,0.0500
23300,-43.01732,-23.04256,-19.97476,-6.58106,-12.85811,-0.53559,0.9582,23.75,0.0184,41.09,1.99,0.488,0.498,0.071,0.0080,0.0500
23325,-43.00122,-23.00325,-19.99797,-6.59487,-12.88628,-0.51682,0.9602,23.80,0.0184,41.07,1.99,0.488,0.498,0.071,0.0080,0.0500
23350,-42.97066,-23.00302,-19.96764,-6.57996,-12.86676,-0.52092,0.9581,23.84,0.0185,41.13,1.91,0.488,0.498,0.071,0.0080,0.0500
23375,-42.92813,-22.97438,-19.95375,-6.57756,-12.83827,-0.53792,0.9577,24.06,0.0186,41.11,1.92,0.488,0.498,0.071,0.0080,0.0500
23400,-43.01576,-23.01836,-19.99740,-6.59181,-12.88815,-0.51744,0.9598,24.02,0.0186,40.94,2.09,0.488,0.498,0.071,0.0080,0.0500
23425,-42.96579,-23.00542,-19.96037,-6.57022,-12.86074,-0.52941,0.9566,24.02,0.0186,40.90,2.16,0.488,0.498,0.071,0.0080,0.0500
23450,-43.09266,-23.07461,-20.01806,-6.59361,-12.91896,-0.50549,0.9600,24.13,0.0187,40.88,1.86,0.488,0.498,0.071,0.0080,0.0500
23475,-43.03186,-23.07761,-19.95425,-6.57514,-12.84496,-0.53414,0.9574,24.14,0.0187,41.08,2.00,0.488,0.498,0.071,0.0080,0.0500
23500,-43.07585,-23.06199,-20.01387,-6.60061,-12.88885,-0.52440,0.9611,24.15,0.0187,40.68,2.36,0.488,0.498,0.071,0.0080,0.0500
23525,-43.06238,-23.07865,-19.98373,-6.59893,-12.84966,-0.53514,0.9608,24.27,0.0188,40.85,2.36,0.488,0.498,0.071,0.0080,0.0500
23550,-43.09939,-23.10665,-19.99274,-6.58769,-12.87317,-0.53188,0.9592,24.30,0.0188,40.88,2.33,0.488,0.498,0.071,0.0080,0.0500
23575,-43.12154,-23.11739,-20.00415,-6.59216,-12.87841,-0.53358,0.9598,24.63,0.0191,40.66,2.62,0.488,0.498,0.071,0.0080,0.0500
23600,-43.10524,-23.11911,-19.98612,-6.57521,-12.87926,-0.53166,0.9574,24.40,0.0189,40.69,2.59,0.488,0.498,0.071,0.0080,0.0500
23625,-43.13035,-23.15550,-19.97485,-6.58105,-12.86892,-0.52488,0.9582,24.36,0.0189,40.92,2.37,0.488,0.498,0.071,0.0080,0.0500
23650,-43.12330,-23.11976,-20.00354,-6.60256,-12.89747,-0.50352,0.9614,24.38,0.0189,40.98,2.38,0.488,0.498,0.071,0.0080,0.0500
23675,-43.12991,-23.13667,-19.99324,-6.59589,-12.87166,-0.52570,0.9604,24.45,0.0189,41.04,2.36,0.488,0.498,0.071,0.0080,0.0500
23700,-43.08621,-23.08285,-20.00336,-6.57841,-12.90073,-0.52422,0.9578,24.50,0.0190,40.85,2.42,0.488,0.498,0.071,0.0080,0.0500
23725,-43.01791,-23.04341,-19.97450,-6.59494,-12.84874,-0.53081,0.9602,24.39,0.0189,40.82,2.41,0.488,0.498,0.071,0.0080,0.0500
23750,-43.09892,-23.09773,-20.00120,-6.57796,-12.89027,-0.53297,0.9578,24.16,0.0187,41.03,2.39,0.488,0.498,0.071,0.0080,0.0500
23775,-43.03246,-23.06440,-19.96806,-6.57714,-12.84305,-0.54786,0.9577,24.33,0.0188,40.66,2.53,0.488,0.498,0.071,0.0080,0.0500
23800,-43.08238,-23.10687,-19.97550,-6.57707,-12.86356,-0.53487,0.9576,24.16,0.0187,40.96,2.36,0.488,0.498,0.071,0.0080,0.0500
23825,-43.09185,-23.09735,-19.99450,-6.59034,-12.86261,-0.54156,0.9596,21.96,0.0170,40.80,2.40,0.488,0.498,0.071,0.0080,0.0500
23850,-43.08132,-23.11935,-19.96197,-6.58040,-12.85192,-0.52965,0.9581,24.21,0.0188,40.47,2.61,0.488,0.498,0.071,0.0080,0.0500
23875,-43.09622,-23.13095,-19.96527,-6.57366,-12.84500,-0.54661,0.9571,24.37,0.0189,40.56,2.67,0.488,0.498,0.071,0.0080,0.0500
23900,-43.13655,-23.11958,-20.01696,-6.59808,-12.87277,-0.54612,0.9607,24.61,0.0191,40.55,2.78,0.488,0.498,0.071,0.0080,0.0500
23925,-43.04551,-23.05263,-19.99288,-6.57300,-12.88239,-0.53749,0.9570,24.43,0.0189,40.55,2.61,0.488,0.498,0.071,0.0080,0.0500
23950,-43.02253,-23.04139,-19.98113,-6.59440,-12.85920,-0.52754,0.9602,21.98,0.0170,40.81,2.48,0.488,0.498,0.071,0.0080,0.0500
23975,-43.07123,-23.06433,-20.00690,-6.58969,-12.87983,-0.53738,0.9595,22.05,0.0171,40.77,2.54,0.488,0.498,0.071,0.0080,0.0500
24000,-43.10296,-23.09586,-20.00710,-6.58915,-12.87148,-0.54647,0.9594,21.99,0.0170,41.17,2.25,0.488,0.498,0.068,0.0076,0.0500
24025,-43.07262,-23.10313,-19.96949,-6.57007,-12.85481,-0.54461,0.9566,22.03,0.0171,41.27,2.06,0.488,0.498,0.068,0.0076,0.0500
24050,-43.11131,-23.12636,-19.98495,-6.57038,-12.87589,-0.53868,0.9567,24.12,0.0187,41.12,2.11,0.488,0.498,0.068,0.0076,0.0500
24075,-43.08390,-23.12819,-19.95570,-6.57449,-12.84622,-0.53499,0.9573,21.92,0.0170,41.07,2.02,0.488,0.498,0.068,0.0076,0.0500
24100,-43.11187,-23.12874,-19.98313,-6.57371,-12.87332,-0.53611,0.9572,21.92,0.0170,41.26,1.82,0.488,0.498,0.068,0.0076,0.0500
24125,-43.19605,-23.15890,-20.03715,-6.60009,-12.89996,-0.53710,0.9610,24.23,0.0188,41.34,1.69,0.488,0.498,0.068,0.0076,0.0500
24150,-43.07381,-23.08123,-19.99258,-6.57133,-12.89040,-0.53086,0.9568,24.35,0.0189,41.49,1.80,0.488,0.498,0.068,0.0076,0.0500
24175,-43.09865,-23.09044,-20.00820,-6.58482,-12.88280,-0.54059,0.9588,22.09,0.0171,41.07,2.07,0.488,0.498,0.068,0.0076,0.0500
24200,-43.10145,-23.09839,-20.00306,-6.59444,-12.88857,-0.52005,0.9602,22.04,0.0171,40.49,2.61,0.488,0.498,0.068,0.0076,0.0500
24225,-43.11281,-23.13294,-19.97987,-6.59480,-12.85935,-0.52572,0.9602,22.22,0.0172,41.10,2.02,0.488,0.498,0.068,0.0076,0.0500
24250,-43.05322,-23.07839,-19.97483,-6.59016,-12.85646,-0.52821,0.9595,24.45,0.0189,41.07,2.01,0.488,0.498,0.068,0.0076,0.0500
24275,-43.01639,-23.04239,-19.97400,-6.55435,-12.86991,-0.54974,0.9543,22.34,0.0173,41.16,1.87,0.488,0.498,0.068,0.0076,0.0500
24300,-42.95446,-23.02273,-19.93173,-6.55366,-12.83511,-0.54296,0.9542,22.43,0.0174,41.13,1.90,0.488,0.498,0.068,0.0076,0.0500
24325,-43.03486,-23.03876,-19.99611,-6.58368,-12.87285,-0.53958,0.9586,24.57,0.0190,40.85,2.07,0.488,0.498,0.068,0.0076,0.0500
24350,-43.11031,-23.10268,-20.00764,-6.60505,-12.88519,-0.51739,0.9617,22.32,0.0173,40.88,2.01,0.488,0.498,0.068,0.0076,0.0500
24375,-43.09280,-23.14494,-19.94786,-6.57881,-12.83794,-0.53112,0.9579,22.12,0.0171,40.91,2.04,0.488,0.498,0.068,0.0076,0.0500
24400,-43.08821,-23.12510,-19.96311,-6.56541,-12.86076,-0.53693,0.9559,24.40,0.0189,40.99,2.02,0.488,0.498,0.068,0.0076,0.0500
24425,-43.10065,-23.12769,-19.97297,-6.56724,-12.86404,-0.54169,0.9562,24.53,0.0190,41.22,1.86,0.488,0.498,0.068,0.0076,0.0500
24450,-43.08958,-23.09050,-19.99909,-6.59475,-12.87134,-0.53299,0.9602,24.40,0.0189,41.40,1.81,0.488,0.498,0.068,0.0076,0.0500
24475,-43.13718,-23.13887,-19.99831,-6.57519,-12.88151,-0.54160,0.9574,24.34,0.0189,41.00,2.14,0.488,0.498,0.068,0.0076,0.0500
24500,-43.08450,-23.09041,-19.99409,-6.58078,-12.87827,-0.53504,0.9582,24.46,0.0189,40.83,2.23,0.488,0.498,0.068,0.0076,0.0500
24525,-43.11741,-23.12399,-19.99342,-6.58559,-12.88574,-0.52208,0.9589,24.60,0.0191,41.34,1.75,0.488,0.498,0.068,0.0076,0.0500
24550,-43.09465,-23.10778,-19.98687,-6.58241,-12.86329,-0.54118,0.9584,24.44,0.0189,40.78,2.33,0.488,0.498,0.068,0.0076,0.0500
24575,-43.01998,-23.05797,-19.96201,-6.56188,-12.86165,-0.53848,0.9554,24.46,0.0189,40.85,2.21,0.489,0.498,0.068,0.0076,0.0500
24600,-43.10026,-23.10712,-19.99315,-6.58331,-12.86993,-0.53991,0.9585,24.44,0.0189,40.84,2.29,0.489,0.498,0.068,0.0076,0.0500
24625,-43.14566,-23.13806,-20.00760,-6.57379,-12.87780,-0.55600,0.9572,24.32,0.0188,40.59,2.49,0.489,0.498,0.068,0.0076,0.0500
24650,-43.09804,-23.13198,-19.96606,-6.57801,-12.85070,-0.53736,0.9578,24.23,0.0188,41.09,1.99,0.489,0.498,0.068,0.0076,0.0500
24675,-43.17144,-23.16716,-20.00427,-6.58034,-12.89649,-0.52745,0.9581,24.30,0.0188,41.09,2.04,0.489,0.498,0.068,0.0076,0.0500
24700,-43.21328,-23.21968,-19.99361,-6.58657,-12.87938,-0.52766,0.9590,24.39,0.0189,41.38,1.68,0.489,0.498,0.068,0.0076,0.0500
24725,-43.16848,-23.13044,-20.03803,-6.59664,-12.91466,-0.52674,0.9605,24.23,0.0188,41.39,1.77,0.489,0.498,0.068,0.0076,0.0500
24750,-43.19048,-23.16808,-20.02240,-6.57055,-12.89727,-0.55457,0.9567,24.12,0.0187,41.39,1.79,0.489,0.498,0.068,0.0076,0.0500
24775,-43.20315,-23.20878,-19.99437,-6.57152,-12.88112,-0.54173,0.9568,24.01,0.0186,41.32,1.85,0.489,0.498,0.068,0.0076,0.0500
24800,-43.18061,-23.20861,-19.97200,-6.56664,-12.85765,-0.54771,0.9561,24.14,0.0187,41.42,1.80,0.489,0.498,0.068,0.0076,0.0500
24825,-43.25246,-23.24083,-20.01163,-6.58636,-12.88665,-0.53862,0.9590,24.37,0.0189,41.44,1.77,0.489,0.498,0.068,0.0076,0.0500
24850,-43.23307,-23.20806,-20.02501,-6.60088,-12.89705,-0.52707,0.9611,24.43,0.0189,41.46,1.65,0.489,0.498,0.068,0.0076,0.0500
24875,-43.21838,-23.22302,-19.99536,-6.57589,-12.86978,-0.54968,0.9575,24.34,0.0189,41.41,1.80,0.489,0.498,0.068,0.0076,0.0500
24900,-43.21165,-23.16537,-20.04629,-6.60941,-12.90835,-0.52852,0.9624,24.23,0.0188,41.16,2.02,0.489,0.498,0.068,0.0076,0.0500
24925,-43.27131,-23.25791,-20.01340,-6.58813,-12.88141,-0.54386,0.9593,24.18,0.0187,41.08,2.03,0.489,0.498,0.068,0.0076,0.0500
24950,-43.27225,-23.24439,-20.02786,-6.57919,-12.89724,-0.55143,0.9579,23.98,0.0186,41.42,1.81,0.489,0.498,0.068,0.0076,0.0500
24975,-43.21354,-23.23268,-19.98086,-6.60470,-12.84057,-0.53559,0.9617,24.18,0.0187,41.18,2.03,0.489,0.498,0.068,0.0076,0.0500
24999,-43.19030,-23.17273,-20.01757,-6.58981,-12.89778,-0.52999,0.9595,24.15,0.0187,41.46,1.91,0.489,0.498,0.071,0.0080,0.0500
